[{"code": "1505", "hourtmin": "Varias", "hourgust": null, "hourtmax": "11:45", "sun": "1,2", "altitude": "445", "prec": "0,0", "latitude": 430641, "hourpresmax": "00", "province": "LUGO", "tmed": "11,8", "tmin": "9,0", "avgspeed": "6,1", "presmax": "966,7", "presmin": "962,5", "hourpresmin": "Varias", "date": "1985-05-01", "name": "LUGO AEROPUERTO", "gust": null, "tmax": "14,6", "longitude": 72727}, {"code": "1505", "hourtmin": "02:00", "hourgust": null, "hourtmax": "12:10", "sun": "0,0", "altitude": "445", "prec": "0,0", "latitude": 430641, "hourpresmax": "00", "province": "LUGO", "tmed": "12,4", "tmin": "9,0", "avgspeed": "6,7", "presmax": "964,0", "presmin": "961,3", "hourpresmin": "18", "date": "1985-05-02", "name": "LUGO AEROPUERTO", "gust": null, "tmax": "15,8", "longitude": 72727}, {"code": "1505", "hourtmin": "05:00", "hourgust": null, "hourtmax": "11:00", "sun": "1,0", "altitude": "445", "prec": "Ip", "latitude": 430641, "hourpresmax": "22", "province": "LUGO", "tmed": "10,6", "tmin": "6,4", "avgspeed": "4,7", "presmax": "962,9", "presmin": "961,1", "hourpresmin": "18", "date": "1985-05-03", "name": "LUGO AEROPUERTO", "gust": null, "tmax": "14,8", "longitude": 72727}, {"code": "1505", "hourtmin": "23:59", "hourgust": null, "hourtmax": "13:15", "sun": "8,0", "altitude": "445", "prec": "2,1", "latitude": 430641, "hourpresmax": "00", "province": "LUGO", "tmed": "12,1", "tmin": "7,2", "avgspeed": "3,6", "presmax": "962,7", "presmin": "960,7", "hourpresmin": "13", "date": "1985-05-04", "name": "LUGO AEROPUERTO", "gust": null, "tmax": "17,0", "longitude": 72727}, {"code": "1505", "hourtmin": "09:45", "hourgust": null, "hourtmax": "14:15", "sun": "4,5", "altitude": "445", "prec": "9,4", "latitude": 430641, "hourpresmax": "00", "province": "LUGO", "tmed": "6,3", "tmin": "2,6", "avgspeed": "8,6", "presmax": "961,7", "presmin": "957,7", "hourpresmin": "Varias", "date": "1985-05-05", "name": "LUGO AEROPUERTO", "gust": null, "tmax": "10,0", "longitude": 72727}, {"code": "1505", "hourtmin": "03:45", "hourgust": null, "hourtmax": "14:30", "sun": "8,2", "altitude": "445", "prec": "0,7", "latitude": 430641, "hourpresmax": "24", "province": "LUGO", "tmed": "6,6", "tmin": "0,2", "avgspeed": "2,8", "presmax": "963,1", "presmin": "957,7", "hourpresmin": "00", "date": "1985-05-06", "name": "LUGO AEROPUERTO", "gust": null, "tmax": "13,0", "longitude": 72727}, {"code": "1505", "hourtmin": "00:30", "hourgust": null, "hourtmax": "15:30", "sun": "2,6", "altitude": "445", "prec": "0,9", "latitude": 430641, "hourpresmax": "24", "province": "LUGO", "tmed": "7,0", "tmin": "1,4", "avgspeed": "3,3", "presmax": "971,7", "presmin": "963,1", "hourpresmin": "00", "date": "1985-05-07", "name": "LUGO AEROPUERTO", "gust": null, "tmax": "12,6", "longitude": 72727}, {"code": "1505", "hourtmin": "03:40", "hourgust": null, "hourtmax": "16:00", "sun": "7,3", "altitude": "445", "prec": "2,7", "latitude": 430641, "hourpresmax": "07", "province": "LUGO", "tmed": "9,1", "tmin": "0,6", "avgspeed": "1,4", "presmax": "972,4", "presmin": "971,1", "hourpresmin": "18", "date": "1985-05-08", "name": "LUGO AEROPUERTO", "gust": null, "tmax": "17,6", "longitude": 72727}, {"code": "1505", "hourtmin": "23:59", "hourgust": null, "hourtmax": "12:10", "sun": "1,2", "altitude": "445", "prec": "1,4", "latitude": 430641, "hourpresmax": "Varias", "province": "LUGO", "tmed": "9,2", "tmin": "4,0", "avgspeed": "2,2", "presmax": "972,5", "presmin": "971,1", "hourpresmin": "09", "date": "1985-05-09", "name": "LUGO AEROPUERTO", "gust": null, "tmax": "14,4", "longitude": 72727}, {"code": "1505", "hourtmin": "Varias", "hourgust": null, "hourtmax": "12:40", "sun": "4,1", "altitude": "445", "prec": "2,3", "latitude": 430641, "hourpresmax": "00", "province": "LUGO", "tmed": "6,1", "tmin": "0,0", "avgspeed": "3,6", "presmax": "972,5", "presmin": "967,3", "hourpresmin": "Varias", "date": "1985-05-10", "name": "LUGO AEROPUERTO", "gust": null, "tmax": "12,2", "longitude": 72727}, {"code": "1505", "hourtmin": "01:30", "hourgust": null, "hourtmax": "14:20", "sun": "0,1", "altitude": "445", "prec": "1,4", "latitude": 430641, "hourpresmax": "00", "province": "LUGO", "tmed": "6,2", "tmin": "1,8", "avgspeed": "1,9", "presmax": "967,6", "presmin": "962,3", "hourpresmin": "24", "date": "1985-05-11", "name": "LUGO AEROPUERTO", "gust": null, "tmax": "10,6", "longitude": 72727}, {"code": "1505", "hourtmin": "00:00", "hourgust": null, "hourtmax": "14:10", "sun": "0,1", "altitude": "445", "prec": "0,7", "latitude": 430641, "hourpresmax": "Varias", "province": "LUGO", "tmed": "8,6", "tmin": "5,0", "avgspeed": "1,9", "presmax": "962,3", "presmin": "960,0", "hourpresmin": "Varias", "date": "1985-05-12", "name": "LUGO AEROPUERTO", "gust": null, "tmax": "12,2", "longitude": 72727}, {"code": "1505", "hourtmin": "Varias", "hourgust": null, "hourtmax": "14:30", "sun": "1,9", "altitude": "445", "prec": "0,0", "latitude": 430641, "hourpresmax": "00", "province": "LUGO", "tmed": "9,9", "tmin": "6,4", "avgspeed": "1,9", "presmax": "962,3", "presmin": "960,1", "hourpresmin": "18", "date": "1985-05-13", "name": "LUGO AEROPUERTO", "gust": null, "tmax": "13,4", "longitude": 72727}, {"code": "1505", "hourtmin": "05:00", "hourgust": null, "hourtmax": "14:05", "sun": "4,9", "altitude": "445", "prec": "3,5", "latitude": 430641, "hourpresmax": "09", "province": "LUGO", "tmed": "8,4", "tmin": "1,6", "avgspeed": "1,7", "presmax": "962,0", "presmin": "959,9", "hourpresmin": "18", "date": "1985-05-14", "name": "LUGO AEROPUERTO", "gust": null, "tmax": "15,2", "longitude": 72727}, {"code": "1505", "hourtmin": "13:45", "hourgust": null, "hourtmax": "14:50", "sun": "2,0", "altitude": "445", "prec": "12,6", "latitude": 430641, "hourpresmax": "24", "province": "LUGO", "tmed": "8,3", "tmin": "4,6", "avgspeed": "1,9", "presmax": "962,1", "presmin": "955,7", "hourpresmin": "08", "date": "1985-05-15", "name": "LUGO AEROPUERTO", "gust": null, "tmax": "12,0", "longitude": 72727}, {"code": "1505", "hourtmin": "23:59", "hourgust": null, "hourtmax": "16:45", "sun": "5,8", "altitude": "445", "prec": "0,0", "latitude": 430641, "hourpresmax": "24", "province": "LUGO", "tmed": "11,3", "tmin": "5,2", "avgspeed": "3,3", "presmax": "965,2", "presmin": "961,3", "hourpresmin": "03", "date": "1985-05-16", "name": "LUGO AEROPUERTO", "gust": null, "tmax": "17,4", "longitude": 72727}, {"code": "1505", "hourtmin": "02:45", "hourgust": null, "hourtmax": "14:00", "sun": "10,8", "altitude": "445", "prec": "0,0", "latitude": 430641, "hourpresmax": "24", "province": "LUGO", "tmed": "11,4", "tmin": "4,0", "avgspeed": "4,4", "presmax": "966,7", "presmin": "964,7", "hourpresmin": "18", "date": "1985-05-17", "name": "LUGO AEROPUERTO", "gust": null, "tmax": "18,8", "longitude": 72727}, {"code": "1505", "hourtmin": "05:00", "hourgust": null, "hourtmax": "Varias", "sun": "12,5", "altitude": "445", "prec": "0,0", "latitude": 430641, "hourpresmax": "00", "province": "LUGO", "tmed": "11,4", "tmin": "2,2", "avgspeed": "4,4", "presmax": "966,7", "presmin": "963,5", "hourpresmin": "18", "date": "1985-05-18", "name": "LUGO AEROPUERTO", "gust": null, "tmax": "20,6", "longitude": 72727}, {"code": "1505", "hourtmin": "23:59", "hourgust": null, "hourtmax": "15:50", "sun": "10,5", "altitude": "445", "prec": "0,0", "latitude": 430641, "hourpresmax": "00", "province": "LUGO", "tmed": "14,6", "tmin": "6,6", "avgspeed": "2,5", "presmax": "964,7", "presmin": "962,1", "hourpresmin": "Varias", "date": "1985-05-19", "name": "LUGO AEROPUERTO", "gust": null, "tmax": "22,6", "longitude": 72727}, {"code": "1505", "hourtmin": "00:00", "hourgust": null, "hourtmax": "14:00", "sun": "1,0", "altitude": "445", "prec": "0,0", "latitude": 430641, "hourpresmax": "24", "province": "LUGO", "tmed": "10,9", "tmin": "6,6", "avgspeed": "2,5", "presmax": "964,9", "presmin": "963,2", "hourpresmin": "Varias", "date": "1985-05-20", "name": "LUGO AEROPUERTO", "gust": null, "tmax": "15,2", "longitude": 72727}, {"code": "1505", "hourtmin": "23:59", "hourgust": null, "hourtmax": "16:00", "sun": "1,8", "altitude": "445", "prec": "0,0", "latitude": 430641, "hourpresmax": "09", "province": "LUGO", "tmed": "11,4", "tmin": "7,4", "avgspeed": "2,5", "presmax": "965,5", "presmin": "963,2", "hourpresmin": "Varias", "date": "1985-05-21", "name": "LUGO AEROPUERTO", "gust": null, "tmax": "15,4", "longitude": 72727}, {"code": "1505", "hourtmin": "05:30", "hourgust": null, "hourtmax": "15:30", "sun": "12,1", "altitude": "445", "prec": "0,0", "latitude": 430641, "hourpresmax": "00", "province": "LUGO", "tmed": "9,6", "tmin": "1,0", "avgspeed": "3,9", "presmax": "963,2", "presmin": "956,8", "hourpresmin": "Varias", "date": "1985-05-22", "name": "LUGO AEROPUERTO", "gust": null, "tmax": "18,2", "longitude": 72727}, {"code": "1505", "hourtmin": "06:15", "hourgust": null, "hourtmax": "14:40", "sun": "2,4", "altitude": "445", "prec": "0,0", "latitude": 430641, "hourpresmax": "24", "province": "LUGO", "tmed": "12,7", "tmin": "7,2", "avgspeed": "2,2", "presmax": "960,7", "presmin": "956,9", "hourpresmin": "Varias", "date": "1985-05-23", "name": "LUGO AEROPUERTO", "gust": null, "tmax": "18,2", "longitude": 72727}, {"code": "1505", "hourtmin": "Varias", "hourgust": null, "hourtmax": "Varias", "sun": "1,5", "altitude": "445", "prec": "0,0", "latitude": 430641, "hourpresmax": "Varias", "province": "LUGO", "tmed": "13,1", "tmin": "7,8", "avgspeed": "1,7", "presmax": "961,6", "presmin": "959,6", "hourpresmin": "Varias", "date": "1985-05-24", "name": "LUGO AEROPUERTO", "gust": null, "tmax": "18,4", "longitude": 72727}, {"code": "1505", "hourtmin": "05:15", "hourgust": null, "hourtmax": "16:15", "sun": "9,3", "altitude": "445", "prec": "Ip", "latitude": 430641, "hourpresmax": "00", "province": "LUGO", "tmed": "15,1", "tmin": "8,0", "avgspeed": "4,2", "presmax": "960,9", "presmin": "956,9", "hourpresmin": "Varias", "date": "1985-05-25", "name": "LUGO AEROPUERTO", "gust": null, "tmax": "22,2", "longitude": 72727}, {"code": "1505", "hourtmin": "21:30", "hourgust": null, "hourtmax": "15:45", "sun": "4,2", "altitude": "445", "prec": "4,4", "latitude": 430641, "hourpresmax": "Varias", "province": "LUGO", "tmed": "14,5", "tmin": "11,0", "avgspeed": "2,8", "presmax": "957,3", "presmin": "955,9", "hourpresmin": "06", "date": "1985-05-26", "name": "LUGO AEROPUERTO", "gust": null, "tmax": "18,0", "longitude": 72727}, {"code": "1505", "hourtmin": "23:59", "hourgust": null, "hourtmax": "11:15", "sun": "2,4", "altitude": "445", "prec": "1,8", "latitude": 430641, "hourpresmax": "24", "province": "LUGO", "tmed": "12,2", "tmin": "8,4", "avgspeed": "2,2", "presmax": "967,5", "presmin": "957,3", "hourpresmin": "Varias", "date": "1985-05-27", "name": "LUGO AEROPUERTO", "gust": null, "tmax": "16,0", "longitude": 72727}, {"code": "1505", "hourtmin": "02:00", "hourgust": null, "hourtmax": "12:15", "sun": "10,0", "altitude": "445", "prec": "0,0", "latitude": 430641, "hourpresmax": "00", "province": "LUGO", "tmed": "12,2", "tmin": "7,0", "avgspeed": "4,4", "presmax": "967,5", "presmin": "965,9", "hourpresmin": "Varias", "date": "1985-05-28", "name": "LUGO AEROPUERTO", "gust": null, "tmax": "17,4", "longitude": 72727}, {"code": "1505", "hourtmin": "06:00", "hourgust": null, "hourtmax": "Varias", "sun": "7,5", "altitude": "445", "prec": "6,0", "latitude": 430641, "hourpresmax": "00", "province": "LUGO", "tmed": "13,5", "tmin": "7,0", "avgspeed": "3,1", "presmax": "965,9", "presmin": "962,3", "hourpresmin": "18", "date": "1985-05-29", "name": "LUGO AEROPUERTO", "gust": null, "tmax": "20,0", "longitude": 72727}, {"code": "1505", "hourtmin": "06:00", "hourgust": null, "hourtmax": "16:00", "sun": "3,0", "altitude": "445", "prec": "9,3", "latitude": 430641, "hourpresmax": "00", "province": "LUGO", "tmed": "16,8", "tmin": "11,4", "avgspeed": "1,4", "presmax": "962,5", "presmin": "959,7", "hourpresmin": "18", "date": "1985-05-30", "name": "LUGO AEROPUERTO", "gust": null, "tmax": "22,2", "longitude": 72727}, {"code": "1505", "hourtmin": "04:05", "hourgust": null, "hourtmax": "16:00", "sun": "0,0", "altitude": "445", "prec": "3,4", "latitude": 430641, "hourpresmax": "Varias", "province": "LUGO", "tmed": "15,8", "tmin": "10,0", "avgspeed": "1,4", "presmax": "962,5", "presmin": "960,8", "hourpresmin": "Varias", "date": "1985-05-31", "name": "LUGO AEROPUERTO", "gust": null, "tmax": "21,6", "longitude": 72727}, {"code": "1505", "hourtmin": "21:30", "hourgust": null, "hourtmax": "11:45", "sun": "4,6", "altitude": "445", "prec": "16,4", "latitude": 430641, "hourpresmax": "17", "province": "LUGO", "tmed": "17,3", "tmin": "12,0", "avgspeed": "1,9", "presmax": "962,7", "presmin": "960,5", "hourpresmin": "14", "date": "1985-06-01", "name": "LUGO AEROPUERTO", "gust": null, "tmax": "22,6", "longitude": 72727}, {"code": "1505", "hourtmin": "23:59", "hourgust": null, "hourtmax": "11:15", "sun": "2,2", "altitude": "445", "prec": "15,2", "latitude": 430641, "hourpresmax": "Varias", "province": "LUGO", "tmed": "15,1", "tmin": "10,0", "avgspeed": "1,7", "presmax": "961,2", "presmin": "960,7", "hourpresmin": "Varias", "date": "1985-06-02", "name": "LUGO AEROPUERTO", "gust": null, "tmax": "20,2", "longitude": 72727}, {"code": "1505", "hourtmin": "01:00", "hourgust": null, "hourtmax": "17:45", "sun": "2,1", "altitude": "445", "prec": "1,2", "latitude": 430641, "hourpresmax": "24", "province": "LUGO", "tmed": "13,3", "tmin": "8,0", "avgspeed": "1,7", "presmax": "961,5", "presmin": "958,9", "hourpresmin": "09", "date": "1985-06-03", "name": "LUGO AEROPUERTO", "gust": null, "tmax": "18,6", "longitude": 72727}, {"code": "1505", "hourtmin": "06:00", "hourgust": null, "hourtmax": "14:00", "sun": "5,5", "altitude": "445", "prec": "7,1", "latitude": 430641, "hourpresmax": "Varias", "province": "LUGO", "tmed": "13,8", "tmin": "6,0", "avgspeed": "2,2", "presmax": "961,5", "presmin": "958,0", "hourpresmin": "24", "date": "1985-06-04", "name": "LUGO AEROPUERTO", "gust": null, "tmax": "21,6", "longitude": 72727}, {"code": "1505", "hourtmin": "06:25", "hourgust": null, "hourtmax": "14:00", "sun": "4,8", "altitude": "445", "prec": "1,5", "latitude": 430641, "hourpresmax": "Varias", "province": "LUGO", "tmed": "16,0", "tmin": "12,0", "avgspeed": "3,6", "presmax": "961,3", "presmin": "956,8", "hourpresmin": "09", "date": "1985-06-05", "name": "LUGO AEROPUERTO", "gust": null, "tmax": "20,0", "longitude": 72727}, {"code": "1505", "hourtmin": "07:00", "hourgust": null, "hourtmax": "16:00", "sun": "7,5", "altitude": "445", "prec": "1,6", "latitude": 430641, "hourpresmax": "18", "province": "LUGO", "tmed": "15,6", "tmin": "11,8", "avgspeed": "5,0", "presmax": "964,7", "presmin": "960,0", "hourpresmin": "05", "date": "1985-06-06", "name": "LUGO AEROPUERTO", "gust": null, "tmax": "19,4", "longitude": 72727}, {"code": "1505", "hourtmin": "23:59", "hourgust": null, "hourtmax": "13:15", "sun": "1,5", "altitude": "445", "prec": "22,1", "latitude": 430641, "hourpresmax": "21", "province": "LUGO", "tmed": "14,6", "tmin": "10,2", "avgspeed": "3,3", "presmax": "969,1", "presmin": "964,4", "hourpresmin": "Varias", "date": "1985-06-07", "name": "LUGO AEROPUERTO", "gust": null, "tmax": "19,0", "longitude": 72727}, {"code": "1505", "hourtmin": "02:00", "hourgust": null, "hourtmax": "Varias", "sun": "2,0", "altitude": "445", "prec": "0,0", "latitude": 430641, "hourpresmax": "Varias", "province": "LUGO", "tmed": "13,5", "tmin": "9,0", "avgspeed": "3,6", "presmax": "970,9", "presmin": "968,8", "hourpresmin": "00", "date": "1985-06-08", "name": "LUGO AEROPUERTO", "gust": null, "tmax": "18,0", "longitude": 72727}, {"code": "1505", "hourtmin": "04:05", "hourgust": null, "hourtmax": "13:15", "sun": "10,4", "altitude": "445", "prec": "0,0", "latitude": 430641, "hourpresmax": "Varias", "province": "LUGO", "tmed": "11,6", "tmin": "4,6", "avgspeed": "2,8", "presmax": "972,3", "presmin": "970,9", "hourpresmin": "00", "date": "1985-06-09", "name": "LUGO AEROPUERTO", "gust": null, "tmax": "18,6", "longitude": 72727}, {"code": "1505", "hourtmin": "04:30", "hourgust": null, "hourtmax": "13:15", "sun": "10,5", "altitude": "445", "prec": "0,0", "latitude": 430641, "hourpresmax": "Varias", "province": "LUGO", "tmed": "11,3", "tmin": "3,6", "avgspeed": "4,4", "presmax": "972,8", "presmin": "971,1", "hourpresmin": "Varias", "date": "1985-06-10", "name": "LUGO AEROPUERTO", "gust": null, "tmax": "19,0", "longitude": 72727}, {"code": "1505", "hourtmin": "01:15", "hourgust": null, "hourtmax": "12:30", "sun": "13,6", "altitude": "445", "prec": "0,0", "latitude": 430641, "hourpresmax": "00", "province": "LUGO", "tmed": "16,4", "tmin": "9,6", "avgspeed": "3,3", "presmax": "971,6", "presmin": "965,2", "hourpresmin": "24", "date": "1985-06-11", "name": "LUGO AEROPUERTO", "gust": null, "tmax": "23,2", "longitude": 72727}, {"code": "1505", "hourtmin": "Varias", "hourgust": null, "hourtmax": "Varias", "sun": "6,7", "altitude": "445", "prec": "0,0", "latitude": 430641, "hourpresmax": "00", "province": "LUGO", "tmed": "15,2", "tmin": "9,8", "avgspeed": "1,7", "presmax": "965,2", "presmin": "961,3", "hourpresmin": "16", "date": "1985-06-12", "name": "LUGO AEROPUERTO", "gust": null, "tmax": "20,6", "longitude": 72727}, {"code": "1505", "hourtmin": "03:15", "hourgust": null, "hourtmax": "Varias", "sun": "5,1", "altitude": "445", "prec": "0,0", "latitude": 430641, "hourpresmax": "Varias", "province": "LUGO", "tmed": "15,0", "tmin": "10,8", "avgspeed": "3,3", "presmax": "961,9", "presmin": "960,3", "hourpresmin": "Varias", "date": "1985-06-13", "name": "LUGO AEROPUERTO", "gust": null, "tmax": "19,2", "longitude": 72727}, {"code": "1505", "hourtmin": "23:59", "hourgust": null, "hourtmax": "13:15", "sun": "10,4", "altitude": "445", "prec": "0,0", "latitude": 430641, "hourpresmax": "24", "province": "LUGO", "tmed": "16,2", "tmin": "11,0", "avgspeed": "1,9", "presmax": "965,3", "presmin": "961,9", "hourpresmin": "00", "date": "1985-06-14", "name": "LUGO AEROPUERTO", "gust": null, "tmax": "21,4", "longitude": 72727}, {"code": "1505", "hourtmin": "04:00", "hourgust": null, "hourtmax": "Varias", "sun": "4,0", "altitude": "445", "prec": "Ip", "latitude": 430641, "hourpresmax": "Varias", "province": "LUGO", "tmed": "15,3", "tmin": "9,0", "avgspeed": "1,9", "presmax": "965,9", "presmin": "965,3", "hourpresmin": "Varias", "date": "1985-06-15", "name": "LUGO AEROPUERTO", "gust": null, "tmax": "21,6", "longitude": 72727}, {"code": "1505", "hourtmin": "23:59", "hourgust": null, "hourtmax": "16:15", "sun": "0,0", "altitude": "445", "prec": "0,0", "latitude": 430641, "hourpresmax": "Varias", "province": "LUGO", "tmed": "13,1", "tmin": "11,2", "avgspeed": "3,9", "presmax": "966,3", "presmin": "964,3", "hourpresmin": "Varias", "date": "1985-06-16", "name": "LUGO AEROPUERTO", "gust": null, "tmax": "15,0", "longitude": 72727}, {"code": "1505", "hourtmin": "05:00", "hourgust": null, "hourtmax": "14:45", "sun": "9,7", "altitude": "445", "prec": "0,0", "latitude": 430641, "hourpresmax": "Varias", "province": "LUGO", "tmed": "17,4", "tmin": "10,6", "avgspeed": "1,9", "presmax": "967,1", "presmin": "965,9", "hourpresmin": "18", "date": "1985-06-17", "name": "LUGO AEROPUERTO", "gust": null, "tmax": "24,2", "longitude": 72727}, {"code": "1505", "hourtmin": "03:15", "hourgust": null, "hourtmax": "13:30", "sun": "0,4", "altitude": "445", "prec": "0,0", "latitude": 430641, "hourpresmax": "00", "province": "LUGO", "tmed": "14,2", "tmin": "11,6", "avgspeed": "4,4", "presmax": "967,1", "presmin": "962,5", "hourpresmin": "Varias", "date": "1985-06-18", "name": "LUGO AEROPUERTO", "gust": null, "tmax": "16,8", "longitude": 72727}, {"code": "1505", "hourtmin": "03:15", "hourgust": null, "hourtmax": "14:00", "sun": "9,3", "altitude": "445", "prec": "0,0", "latitude": 430641, "hourpresmax": "24", "province": "LUGO", "tmed": "15,3", "tmin": "9,0", "avgspeed": "3,6", "presmax": "968,0", "presmin": "962,4", "hourpresmin": "03", "date": "1985-06-19", "name": "LUGO AEROPUERTO", "gust": null, "tmax": "21,6", "longitude": 72727}, {"code": "1505", "hourtmin": "04:00", "hourgust": null, "hourtmax": "Varias", "sun": "11,6", "altitude": "445", "prec": "0,0", "latitude": 430641, "hourpresmax": "07", "province": "LUGO", "tmed": "15,8", "tmin": "5,6", "avgspeed": "2,8", "presmax": "968,8", "presmin": "964,9", "hourpresmin": "24", "date": "1985-06-20", "name": "LUGO AEROPUERTO", "gust": null, "tmax": "26,0", "longitude": 72727}, {"code": "1505", "hourtmin": "22:30", "hourgust": null, "hourtmax": "14:00", "sun": "3,6", "altitude": "445", "prec": "1,6", "latitude": 430641, "hourpresmax": "24", "province": "LUGO", "tmed": "15,2", "tmin": "10,6", "avgspeed": "5,6", "presmax": "965,1", "presmin": "961,9", "hourpresmin": "07", "date": "1985-06-21", "name": "LUGO AEROPUERTO", "gust": null, "tmax": "19,8", "longitude": 72727}, {"code": "1505", "hourtmin": "04:00", "hourgust": null, "hourtmax": "15:15", "sun": "0,7", "altitude": "445", "prec": "0,7", "latitude": 430641, "hourpresmax": "12", "province": "LUGO", "tmed": "13,4", "tmin": "10,0", "avgspeed": "1,9", "presmax": "966,9", "presmin": "965,1", "hourpresmin": "Varias", "date": "1985-06-22", "name": "LUGO AEROPUERTO", "gust": null, "tmax": "16,8", "longitude": 72727}, {"code": "1505", "hourtmin": "05:00", "hourgust": null, "hourtmax": "16:00", "sun": "0,5", "altitude": "445", "prec": "0,1", "latitude": 430641, "hourpresmax": "24", "province": "LUGO", "tmed": "14,8", "tmin": "10,4", "avgspeed": "3,9", "presmax": "967,5", "presmin": "963,7", "hourpresmin": "10", "date": "1985-06-23", "name": "LUGO AEROPUERTO", "gust": null, "tmax": "19,2", "longitude": 72727}, {"code": "1505", "hourtmin": "01:00", "hourgust": null, "hourtmax": "14:00", "sun": "6,5", "altitude": "445", "prec": "0,0", "latitude": 430641, "hourpresmax": "22", "province": "LUGO", "tmed": "15,1", "tmin": "8,6", "avgspeed": "2,8", "presmax": "970,9", "presmin": "967,5", "hourpresmin": "00", "date": "1985-06-24", "name": "LUGO AEROPUERTO", "gust": null, "tmax": "21,6", "longitude": 72727}, {"code": "1505", "hourtmin": "05:30", "hourgust": null, "hourtmax": "13:40", "sun": "12,0", "altitude": "445", "prec": "0,0", "latitude": 430641, "hourpresmax": "00", "province": "LUGO", "tmed": "14,6", "tmin": "6,6", "avgspeed": "2,8", "presmax": "970,8", "presmin": "969,3", "hourpresmin": "21", "date": "1985-06-25", "name": "LUGO AEROPUERTO", "gust": null, "tmax": "22,6", "longitude": 72727}, {"code": "1505", "hourtmin": "01:15", "hourgust": null, "hourtmax": "12:40", "sun": "8,2", "altitude": "445", "prec": "0,0", "latitude": 430641, "hourpresmax": "22", "province": "LUGO", "tmed": "18,0", "tmin": "11,4", "avgspeed": "3,9", "presmax": "974,0", "presmin": "969,3", "hourpresmin": "02", "date": "1985-06-26", "name": "LUGO AEROPUERTO", "gust": null, "tmax": "24,6", "longitude": 72727}, {"code": "1505", "hourtmin": "23:45", "hourgust": null, "hourtmax": "14:45", "sun": "9,0", "altitude": "445", "prec": "0,0", "latitude": 430641, "hourpresmax": "00", "province": "LUGO", "tmed": "14,4", "tmin": "10,2", "avgspeed": "6,4", "presmax": "973,9", "presmin": "971,1", "hourpresmin": "24", "date": "1985-06-27", "name": "LUGO AEROPUERTO", "gust": null, "tmax": "18,6", "longitude": 72727}, {"code": "1505", "hourtmin": "04:45", "hourgust": null, "hourtmax": "13:50", "sun": "11,4", "altitude": "445", "prec": "0,0", "latitude": 430641, "hourpresmax": "00", "province": "LUGO", "tmed": "14,7", "tmin": "8,2", "avgspeed": "4,4", "presmax": "971,1", "presmin": "965,3", "hourpresmin": "17", "date": "1985-06-28", "name": "LUGO AEROPUERTO", "gust": null, "tmax": "21,2", "longitude": 72727}, {"code": "1505", "hourtmin": "04:00", "hourgust": null, "hourtmax": "14:15", "sun": "7,6", "altitude": "445", "prec": "0,0", "latitude": 430641, "hourpresmax": "00", "province": "LUGO", "tmed": "19,6", "tmin": "11,2", "avgspeed": "2,5", "presmax": "965,5", "presmin": "962,7", "hourpresmin": "17", "date": "1985-06-29", "name": "LUGO AEROPUERTO", "gust": null, "tmax": "28,0", "longitude": 72727}, {"code": "1505", "hourtmin": "05:00", "hourgust": null, "hourtmax": "16:50", "sun": "9,5", "altitude": "445", "prec": "0,0", "latitude": 430641, "hourpresmax": "23", "province": "LUGO", "tmed": "18,8", "tmin": "9,4", "avgspeed": "2,2", "presmax": "967,3", "presmin": "963,3", "hourpresmin": "03", "date": "1985-06-30", "name": "LUGO AEROPUERTO", "gust": null, "tmax": "28,2", "longitude": 72727}, {"code": "1505", "hourtmin": "01:15", "hourgust": null, "hourtmax": "15:15", "sun": "7,6", "altitude": "445", "prec": "1,1", "latitude": 430641, "hourpresmax": "00", "province": "LUGO", "tmed": "19,5", "tmin": "11,0", "avgspeed": "1,7", "presmax": "967,1", "presmin": "964,0", "hourpresmin": "24", "date": "1985-07-01", "name": "LUGO AEROPUERTO", "gust": null, "tmax": "28,0", "longitude": 72727}, {"code": "1505", "hourtmin": "04:15", "hourgust": null, "hourtmax": "11:45", "sun": "1,4", "altitude": "445", "prec": "0,8", "latitude": 430641, "hourpresmax": "Varias", "province": "LUGO", "tmed": "16,6", "tmin": "13,0", "avgspeed": "2,2", "presmax": "964,0", "presmin": "961,5", "hourpresmin": "Varias", "date": "1985-07-02", "name": "LUGO AEROPUERTO", "gust": null, "tmax": "20,2", "longitude": 72727}, {"code": "1505", "hourtmin": "04:15", "hourgust": null, "hourtmax": "14:00", "sun": "0,0", "altitude": "445", "prec": "9,9", "latitude": 430641, "hourpresmax": "24", "province": "LUGO", "tmed": "14,7", "tmin": "13,4", "avgspeed": "1,7", "presmax": "965,3", "presmin": "963,5", "hourpresmin": "04", "date": "1985-07-03", "name": "LUGO AEROPUERTO", "gust": null, "tmax": "16,0", "longitude": 72727}, {"code": "1505", "hourtmin": "23:59", "hourgust": null, "hourtmax": "16:30", "sun": "4,1", "altitude": "445", "prec": "0,0", "latitude": 430641, "hourpresmax": "22", "province": "LUGO", "tmed": "18,1", "tmin": "13,0", "avgspeed": "1,4", "presmax": "968,7", "presmin": "965,3", "hourpresmin": "Varias", "date": "1985-07-04", "name": "LUGO AEROPUERTO", "gust": null, "tmax": "23,2", "longitude": 72727}, {"code": "1505", "hourtmin": "Varias", "hourgust": null, "hourtmax": "Varias", "sun": "0,6", "altitude": "445", "prec": "0,0", "latitude": 430641, "hourpresmax": "22", "province": "LUGO", "tmed": "15,3", "tmin": "11,8", "avgspeed": "3,6", "presmax": "971,9", "presmin": "968,3", "hourpresmin": "Varias", "date": "1985-07-05", "name": "LUGO AEROPUERTO", "gust": null, "tmax": "18,8", "longitude": 72727}, {"code": "1505", "hourtmin": "Varias", "hourgust": null, "hourtmax": "Varias", "sun": "2,6", "altitude": "445", "prec": "0,0", "latitude": 430641, "hourpresmax": "00", "province": "LUGO", "tmed": "17,0", "tmin": "14,2", "avgspeed": "5,6", "presmax": "971,6", "presmin": "968,7", "hourpresmin": "Varias", "date": "1985-07-06", "name": "LUGO AEROPUERTO", "gust": null, "tmax": "19,8", "longitude": 72727}, {"code": "1505", "hourtmin": "Varias", "hourgust": null, "hourtmax": "13:30", "sun": "12,2", "altitude": "445", "prec": "0,6", "latitude": 430641, "hourpresmax": "00", "province": "LUGO", "tmed": "21,6", "tmin": "14,8", "avgspeed": "2,5", "presmax": "970,4", "presmin": "966,4", "hourpresmin": "17", "date": "1985-07-07", "name": "LUGO AEROPUERTO", "gust": null, "tmax": "28,4", "longitude": 72727}, {"code": "1505", "hourtmin": "23:59", "hourgust": null, "hourtmax": "10:00", "sun": "3,0", "altitude": "445", "prec": "3,5", "latitude": 430641, "hourpresmax": "00", "province": "LUGO", "tmed": "19,0", "tmin": "14,0", "avgspeed": "3,1", "presmax": "967,5", "presmin": "965,2", "hourpresmin": "Varias", "date": "1985-07-08", "name": "LUGO AEROPUERTO", "gust": null, "tmax": "24,0", "longitude": 72727}, {"code": "1505", "hourtmin": "01:00", "hourgust": null, "hourtmax": "14:00", "sun": "11,4", "altitude": "445", "prec": "0,0", "latitude": 430641, "hourpresmax": "24", "province": "LUGO", "tmed": "18,5", "tmin": "12,0", "avgspeed": "4,4", "presmax": "968,4", "presmin": "965,9", "hourpresmin": "00", "date": "1985-07-09", "name": "LUGO AEROPUERTO", "gust": null, "tmax": "25,0", "longitude": 72727}, {"code": "1505", "hourtmin": "02:30", "hourgust": null, "hourtmax": "15:00", "sun": "12,7", "altitude": "445", "prec": "0,0", "latitude": 430641, "hourpresmax": "00", "province": "LUGO", "tmed": "17,2", "tmin": "10,4", "avgspeed": "4,4", "presmax": "968,5", "presmin": "966,9", "hourpresmin": "21", "date": "1985-07-10", "name": "LUGO AEROPUERTO", "gust": null, "tmax": "24,0", "longitude": 72727}, {"code": "1505", "hourtmin": "05:25", "hourgust": null, "hourtmax": "13:15", "sun": "13,2", "altitude": "445", "prec": "0,0", "latitude": 430641, "hourpresmax": "00", "province": "LUGO", "tmed": "19,9", "tmin": "13,6", "avgspeed": "4,4", "presmax": "967,3", "presmin": "965,3", "hourpresmin": "18", "date": "1985-07-11", "name": "LUGO AEROPUERTO", "gust": null, "tmax": "26,2", "longitude": 72727}, {"code": "1505", "hourtmin": "06:00", "hourgust": null, "hourtmax": "16:00", "sun": "9,8", "altitude": "445", "prec": "0,0", "latitude": 430641, "hourpresmax": "00", "province": "LUGO", "tmed": "22,2", "tmin": "11,4", "avgspeed": "1,4", "presmax": "965,6", "presmin": "963,7", "hourpresmin": "17", "date": "1985-07-12", "name": "LUGO AEROPUERTO", "gust": null, "tmax": "33,0", "longitude": 72727}, {"code": "1505", "hourtmin": "23:59", "hourgust": null, "hourtmax": "13:00", "sun": "9,0", "altitude": "445", "prec": "0,1", "latitude": 430641, "hourpresmax": "24", "province": "LUGO", "tmed": "19,9", "tmin": "12,4", "avgspeed": "4,2", "presmax": "965,9", "presmin": "960,4", "hourpresmin": "11", "date": "1985-07-13", "name": "LUGO AEROPUERTO", "gust": null, "tmax": "27,4", "longitude": 72727}, {"code": "1505", "hourtmin": "01:00", "hourgust": null, "hourtmax": "15:10", "sun": "2,5", "altitude": "445", "prec": "0,0", "latitude": 430641, "hourpresmax": "24", "province": "LUGO", "tmed": "16,2", "tmin": "10,0", "avgspeed": "1,9", "presmax": "970,4", "presmin": "965,9", "hourpresmin": "Varias", "date": "1985-07-14", "name": "LUGO AEROPUERTO", "gust": null, "tmax": "22,4", "longitude": 72727}, {"code": "1505", "hourtmin": "Varias", "hourgust": null, "hourtmax": "13:15", "sun": "0,9", "altitude": "445", "prec": "0,0", "latitude": 430641, "hourpresmax": "24", "province": "LUGO", "tmed": "15,9", "tmin": "13,4", "avgspeed": "5,3", "presmax": "970,8", "presmin": "969,3", "hourpresmin": "Varias", "date": "1985-07-15", "name": "LUGO AEROPUERTO", "gust": null, "tmax": "18,4", "longitude": 72727}, {"code": "1505", "hourtmin": "02:00", "hourgust": null, "hourtmax": "16:00", "sun": "7,0", "altitude": "445", "prec": "0,0", "latitude": 430641, "hourpresmax": "12", "province": "LUGO", "tmed": "17,4", "tmin": "13,2", "avgspeed": "3,1", "presmax": "971,7", "presmin": "970,5", "hourpresmin": "Varias", "date": "1985-07-16", "name": "LUGO AEROPUERTO", "gust": null, "tmax": "21,6", "longitude": 72727}, {"code": "1505", "hourtmin": "23:59", "hourgust": null, "hourtmax": "15:30", "sun": "8,9", "altitude": "445", "prec": "0,0", "latitude": 430641, "hourpresmax": "00", "province": "LUGO", "tmed": "18,2", "tmin": "13,0", "avgspeed": "3,9", "presmax": "971,1", "presmin": "968,1", "hourpresmin": "18", "date": "1985-07-17", "name": "LUGO AEROPUERTO", "gust": null, "tmax": "23,4", "longitude": 72727}, {"code": "1505", "hourtmin": "06:05", "hourgust": null, "hourtmax": "15:45", "sun": "4,9", "altitude": "445", "prec": "0,3", "latitude": 430641, "hourpresmax": "00", "province": "LUGO", "tmed": "16,6", "tmin": "9,4", "avgspeed": "2,5", "presmax": "969,2", "presmin": "966,1", "hourpresmin": "Varias", "date": "1985-07-18", "name": "LUGO AEROPUERTO", "gust": null, "tmax": "23,8", "longitude": 72727}, {"code": "1505", "hourtmin": "Varias", "hourgust": null, "hourtmax": "17:15", "sun": "6,0", "altitude": "445", "prec": "0,0", "latitude": 430641, "hourpresmax": "00", "province": "LUGO", "tmed": "19,1", "tmin": "15,8", "avgspeed": "3,1", "presmax": "966,9", "presmin": "966,0", "hourpresmin": "Varias", "date": "1985-07-19", "name": "LUGO AEROPUERTO", "gust": null, "tmax": "22,4", "longitude": 72727}, {"code": "1505", "hourtmin": "23:59", "hourgust": null, "hourtmax": "14:15", "sun": "7,0", "altitude": "445", "prec": "0,0", "latitude": 430641, "hourpresmax": "24", "province": "LUGO", "tmed": "15,9", "tmin": "11,4", "avgspeed": "5,0", "presmax": "970,9", "presmin": "966,4", "hourpresmin": "00", "date": "1985-07-20", "name": "LUGO AEROPUERTO", "gust": null, "tmax": "20,4", "longitude": 72727}, {"code": "1505", "hourtmin": "05:00", "hourgust": null, "hourtmax": "14:35", "sun": "12,3", "altitude": "445", "prec": "0,0", "latitude": 430641, "hourpresmax": "24", "province": "LUGO", "tmed": "16,3", "tmin": "8,0", "avgspeed": "4,7", "presmax": "971,9", "presmin": "970,9", "hourpresmin": "00", "date": "1985-07-21", "name": "LUGO AEROPUERTO", "gust": null, "tmax": "24,6", "longitude": 72727}, {"code": "1505", "hourtmin": "01:15", "hourgust": null, "hourtmax": "14:15", "sun": "11,6", "altitude": "445", "prec": "0,0", "latitude": 430641, "hourpresmax": "Varias", "province": "LUGO", "tmed": "19,6", "tmin": "13,0", "avgspeed": "3,6", "presmax": "971,9", "presmin": "970,8", "hourpresmin": "Varias", "date": "1985-07-22", "name": "LUGO AEROPUERTO", "gust": null, "tmax": "26,2", "longitude": 72727}, {"code": "1505", "hourtmin": "05:00", "hourgust": null, "hourtmax": "14:45", "sun": "8,8", "altitude": "445", "prec": "0,0", "latitude": 430641, "hourpresmax": "00", "province": "LUGO", "tmed": "21,1", "tmin": "16,2", "avgspeed": "3,6", "presmax": "971,5", "presmin": "968,8", "hourpresmin": "Varias", "date": "1985-07-23", "name": "LUGO AEROPUERTO", "gust": null, "tmax": "26,0", "longitude": 72727}, {"code": "1505", "hourtmin": "Varias", "hourgust": null, "hourtmax": "14:15", "sun": "9,9", "altitude": "445", "prec": "0,0", "latitude": 430641, "hourpresmax": "00", "province": "LUGO", "tmed": "23,6", "tmin": "15,0", "avgspeed": "1,9", "presmax": "968,8", "presmin": "963,6", "hourpresmin": "Varias", "date": "1985-07-24", "name": "LUGO AEROPUERTO", "gust": null, "tmax": "32,2", "longitude": 72727}, {"code": "1505", "hourtmin": "23:59", "hourgust": null, "hourtmax": "14:15", "sun": "3,8", "altitude": "445", "prec": "0,1", "latitude": 430641, "hourpresmax": "24", "province": "LUGO", "tmed": "19,5", "tmin": "15,4", "avgspeed": "2,5", "presmax": "964,9", "presmin": "963,3", "hourpresmin": "15", "date": "1985-07-25", "name": "LUGO AEROPUERTO", "gust": null, "tmax": "23,6", "longitude": 72727}, {"code": "1505", "hourtmin": "23:59", "hourgust": null, "hourtmax": "15:30", "sun": "8,2", "altitude": "445", "prec": "0,0", "latitude": 430641, "hourpresmax": "24", "province": "LUGO", "tmed": "17,0", "tmin": "10,6", "avgspeed": "2,8", "presmax": "966,3", "presmin": "964,9", "hourpresmin": "Varias", "date": "1985-07-26", "name": "LUGO AEROPUERTO", "gust": null, "tmax": "23,4", "longitude": 72727}, {"code": "1505", "hourtmin": "05:00", "hourgust": null, "hourtmax": "14:15", "sun": "12,0", "altitude": "445", "prec": "0,8", "latitude": 430641, "hourpresmax": "00", "province": "LUGO", "tmed": "16,4", "tmin": "6,4", "avgspeed": "3,3", "presmax": "966,3", "presmin": "960,7", "hourpresmin": "18", "date": "1985-07-27", "name": "LUGO AEROPUERTO", "gust": null, "tmax": "26,4", "longitude": 72727}, {"code": "1505", "hourtmin": "21:00", "hourgust": null, "hourtmax": "11:00", "sun": "1,0", "altitude": "445", "prec": "9,3", "latitude": 430641, "hourpresmax": "00", "province": "LUGO", "tmed": "16,1", "tmin": "12,8", "avgspeed": "7,2", "presmax": "961,7", "presmin": "957,3", "hourpresmin": "Varias", "date": "1985-07-28", "name": "LUGO AEROPUERTO", "gust": null, "tmax": "19,4", "longitude": 72727}, {"code": "1505", "hourtmin": "05:30", "hourgust": null, "hourtmax": "14:00", "sun": "1,0", "altitude": "445", "prec": "2,4", "latitude": 430641, "hourpresmax": "Varias", "province": "LUGO", "tmed": "15,2", "tmin": "10,6", "avgspeed": "2,2", "presmax": "963,5", "presmin": "961,1", "hourpresmin": "Varias", "date": "1985-07-29", "name": "LUGO AEROPUERTO", "gust": null, "tmax": "19,8", "longitude": 72727}, {"code": "1505", "hourtmin": "23:59", "hourgust": null, "hourtmax": "15:30", "sun": "4,1", "altitude": "445", "prec": "0,2", "latitude": 430641, "hourpresmax": "23", "province": "LUGO", "tmed": "15,2", "tmin": "10,0", "avgspeed": "2,2", "presmax": "965,9", "presmin": "963,2", "hourpresmin": "06", "date": "1985-07-30", "name": "LUGO AEROPUERTO", "gust": null, "tmax": "20,4", "longitude": 72727}, {"code": "1505", "hourtmin": "06:30", "hourgust": null, "hourtmax": "Varias", "sun": "9,1", "altitude": "445", "prec": "0,0", "latitude": 430641, "hourpresmax": "24", "province": "LUGO", "tmed": "14,9", "tmin": "7,0", "avgspeed": "2,2", "presmax": "967,5", "presmin": "964,5", "hourpresmin": "17", "date": "1985-07-31", "name": "LUGO AEROPUERTO", "gust": null, "tmax": "22,8", "longitude": 72727}, {"code": "1505", "hourtmin": "01:00", "hourgust": null, "hourtmax": "13:30", "sun": "4,8", "altitude": "445", "prec": "0,0", "latitude": 430641, "hourpresmax": "21", "province": "LUGO", "tmed": "14,4", "tmin": "9,0", "avgspeed": "4,7", "presmax": "971,1", "presmin": "967,5", "hourpresmin": "Varias", "date": "1985-08-01", "name": "LUGO AEROPUERTO", "gust": null, "tmax": "19,8", "longitude": 72727}, {"code": "1505", "hourtmin": "05:00", "hourgust": null, "hourtmax": "14:45", "sun": "12,2", "altitude": "445", "prec": "0,0", "latitude": 430641, "hourpresmax": "24", "province": "LUGO", "tmed": "17,0", "tmin": "7,0", "avgspeed": "1,4", "presmax": "970,8", "presmin": "967,9", "hourpresmin": "18", "date": "1985-08-02", "name": "LUGO AEROPUERTO", "gust": null, "tmax": "27,0", "longitude": 72727}, {"code": "1505", "hourtmin": "23:59", "hourgust": null, "hourtmax": "14:50", "sun": "6,7", "altitude": "445", "prec": "0,0", "latitude": 430641, "hourpresmax": "Varias", "province": "LUGO", "tmed": "16,8", "tmin": "9,4", "avgspeed": "1,4", "presmax": "970,5", "presmin": "969,6", "hourpresmin": "00", "date": "1985-08-03", "name": "LUGO AEROPUERTO", "gust": null, "tmax": "24,2", "longitude": 72727}, {"code": "1505", "hourtmin": "02:00", "hourgust": null, "hourtmax": "16:10", "sun": "9,2", "altitude": "445", "prec": "1,5", "latitude": 430641, "hourpresmax": "00", "province": "LUGO", "tmed": "18,0", "tmin": "7,4", "avgspeed": "3,1", "presmax": "970,5", "presmin": "966,0", "hourpresmin": "18", "date": "1985-08-04", "name": "LUGO AEROPUERTO", "gust": null, "tmax": "28,6", "longitude": 72727}, {"code": "1505", "hourtmin": "23:59", "hourgust": null, "hourtmax": "15:15", "sun": "9,2", "altitude": "445", "prec": "0,0", "latitude": 430641, "hourpresmax": "24", "province": "LUGO", "tmed": "15,0", "tmin": "10,4", "avgspeed": "6,4", "presmax": "970,8", "presmin": "964,3", "hourpresmin": "03", "date": "1985-08-05", "name": "LUGO AEROPUERTO", "gust": null, "tmax": "19,6", "longitude": 72727}, {"code": "1505", "hourtmin": "04:05", "hourgust": null, "hourtmax": "14:15", "sun": "7,8", "altitude": "445", "prec": "0,0", "latitude": 430641, "hourpresmax": "24", "province": "LUGO", "tmed": "13,5", "tmin": "7,0", "avgspeed": "1,7", "presmax": "972,4", "presmin": "970,8", "hourpresmin": "00", "date": "1985-08-06", "name": "LUGO AEROPUERTO", "gust": null, "tmax": "20,0", "longitude": 72727}, {"code": "1505", "hourtmin": "04:15", "hourgust": null, "hourtmax": "16:00", "sun": "12,0", "altitude": "445", "prec": "0,0", "latitude": 430641, "hourpresmax": "00", "province": "LUGO", "tmed": "14,8", "tmin": "3,0", "avgspeed": "1,7", "presmax": "972,4", "presmin": "966,7", "hourpresmin": "18", "date": "1985-08-07", "name": "LUGO AEROPUERTO", "gust": null, "tmax": "26,6", "longitude": 72727}, {"code": "1505", "hourtmin": "05:35", "hourgust": null, "hourtmax": "14:15", "sun": "11,0", "altitude": "445", "prec": "0,0", "latitude": 430641, "hourpresmax": "00", "province": "LUGO", "tmed": "19,3", "tmin": "8,4", "avgspeed": "3,3", "presmax": "967,3", "presmin": "961,3", "hourpresmin": "18", "date": "1985-08-08", "name": "LUGO AEROPUERTO", "gust": null, "tmax": "30,2", "longitude": 72727}, {"code": "1505", "hourtmin": "23:59", "hourgust": null, "hourtmax": "12:30", "sun": "2,4", "altitude": "445", "prec": "1,5", "latitude": 430641, "hourpresmax": "24", "province": "LUGO", "tmed": "15,5", "tmin": "9,0", "avgspeed": "5,0", "presmax": "965,5", "presmin": "961,7", "hourpresmin": "15", "date": "1985-08-09", "name": "LUGO AEROPUERTO", "gust": null, "tmax": "22,0", "longitude": 72727}, {"code": "1505", "hourtmin": "05:15", "hourgust": null, "hourtmax": "17:30", "sun": "9,5", "altitude": "445", "prec": "0,0", "latitude": 430641, "hourpresmax": "08", "province": "LUGO", "tmed": "15,1", "tmin": "8,6", "avgspeed": "1,7", "presmax": "967,3", "presmin": "964,8", "hourpresmin": "Varias", "date": "1985-08-10", "name": "LUGO AEROPUERTO", "gust": null, "tmax": "21,6", "longitude": 72727}, {"code": "1505", "hourtmin": "00:30", "hourgust": null, "hourtmax": "Varias", "sun": "3,2", "altitude": "445", "prec": "1,3", "latitude": 430641, "hourpresmax": "23", "province": "LUGO", "tmed": "16,2", "tmin": "11,4", "avgspeed": "3,3", "presmax": "965,6", "presmin": "961,9", "hourpresmin": "Varias", "date": "1985-08-11", "name": "LUGO AEROPUERTO", "gust": null, "tmax": "21,0", "longitude": 72727}, {"code": "1505", "hourtmin": "06:00", "hourgust": null, "hourtmax": "16:00", "sun": "12,2", "altitude": "445", "prec": "0,0", "latitude": 430641, "hourpresmax": "Varias", "province": "LUGO", "tmed": "16,5", "tmin": "10,0", "avgspeed": "3,3", "presmax": "965,6", "presmin": "964,8", "hourpresmin": "18", "date": "1985-08-12", "name": "LUGO AEROPUERTO", "gust": null, "tmax": "23,0", "longitude": 72727}, {"code": "1505", "hourtmin": "06:00", "hourgust": null, "hourtmax": "14:25", "sun": "10,6", "altitude": "445", "prec": "1,0", "latitude": 430641, "hourpresmax": "00", "province": "LUGO", "tmed": "15,8", "tmin": "7,0", "avgspeed": "5,0", "presmax": "965,5", "presmin": "962,1", "hourpresmin": "18", "date": "1985-08-13", "name": "LUGO AEROPUERTO", "gust": null, "tmax": "24,6", "longitude": 72727}, {"code": "1505", "hourtmin": "06:30", "hourgust": null, "hourtmax": "14:10", "sun": "0,4", "altitude": "445", "prec": "1,5", "latitude": 430641, "hourpresmax": "24", "province": "LUGO", "tmed": "15,7", "tmin": "12,8", "avgspeed": "1,9", "presmax": "968,1", "presmin": "962,5", "hourpresmin": "00", "date": "1985-08-14", "name": "LUGO AEROPUERTO", "gust": null, "tmax": "18,6", "longitude": 72727}, {"code": "1505", "hourtmin": "05:00", "hourgust": null, "hourtmax": "14:10", "sun": "9,4", "altitude": "445", "prec": "0,0", "latitude": 430641, "hourpresmax": "22", "province": "LUGO", "tmed": "15,9", "tmin": "9,6", "avgspeed": "2,5", "presmax": "969,7", "presmin": "968,1", "hourpresmin": "Varias", "date": "1985-08-15", "name": "LUGO AEROPUERTO", "gust": null, "tmax": "22,2", "longitude": 72727}, {"code": "1505", "hourtmin": "05:45", "hourgust": null, "hourtmax": "13:15", "sun": "12,4", "altitude": "445", "prec": "0,0", "latitude": 430641, "hourpresmax": "11", "province": "LUGO", "tmed": "13,5", "tmin": "4,6", "avgspeed": "3,9", "presmax": "970,1", "presmin": "969,1", "hourpresmin": "Varias", "date": "1985-08-16", "name": "LUGO AEROPUERTO", "gust": null, "tmax": "22,4", "longitude": 72727}, {"code": "1505", "hourtmin": "05:00", "hourgust": null, "hourtmax": "15:30", "sun": "12,1", "altitude": "445", "prec": "0,0", "latitude": 430641, "hourpresmax": "00", "province": "LUGO", "tmed": "20,2", "tmin": "8,2", "avgspeed": "1,7", "presmax": "970,0", "presmin": "965,9", "hourpresmin": "16", "date": "1985-08-17", "name": "LUGO AEROPUERTO", "gust": null, "tmax": "32,2", "longitude": 72727}, {"code": "1505", "hourtmin": "05:30", "hourgust": null, "hourtmax": "14:30", "sun": "11,9", "altitude": "445", "prec": "0,0", "latitude": 430641, "hourpresmax": "00", "province": "LUGO", "tmed": "19,4", "tmin": "9,4", "avgspeed": "2,2", "presmax": "967,6", "presmin": "965,7", "hourpresmin": "Varias", "date": "1985-08-18", "name": "LUGO AEROPUERTO", "gust": null, "tmax": "29,4", "longitude": 72727}, {"code": "1505", "hourtmin": "05:00", "hourgust": null, "hourtmax": "16:00", "sun": "7,9", "altitude": "445", "prec": "0,1", "latitude": 430641, "hourpresmax": "Varias", "province": "LUGO", "tmed": "20,5", "tmin": "14,2", "avgspeed": "1,9", "presmax": "970,1", "presmin": "966,7", "hourpresmin": "02", "date": "1985-08-19", "name": "LUGO AEROPUERTO", "gust": null, "tmax": "26,8", "longitude": 72727}, {"code": "1505", "hourtmin": "23:00", "hourgust": null, "hourtmax": "15:30", "sun": "9,4", "altitude": "445", "prec": "0,0", "latitude": 430641, "hourpresmax": "00", "province": "LUGO", "tmed": "21,1", "tmin": "12,6", "avgspeed": "2,2", "presmax": "969,9", "presmin": "967,5", "hourpresmin": "16", "date": "1985-08-20", "name": "LUGO AEROPUERTO", "gust": null, "tmax": "29,6", "longitude": 72727}, {"code": "1505", "hourtmin": "Varias", "hourgust": null, "hourtmax": "14:10", "sun": "9,0", "altitude": "445", "prec": "0,0", "latitude": 430641, "hourpresmax": "24", "province": "LUGO", "tmed": "20,6", "tmin": "12,2", "avgspeed": "2,2", "presmax": "972,4", "presmin": "967,7", "hourpresmin": "05", "date": "1985-08-21", "name": "LUGO AEROPUERTO", "gust": null, "tmax": "29,0", "longitude": 72727}, {"code": "1505", "hourtmin": "06:00", "hourgust": null, "hourtmax": "12:45", "sun": "6,1", "altitude": "445", "prec": "0,0", "latitude": 430641, "hourpresmax": "Varias", "province": "LUGO", "tmed": "18,8", "tmin": "12,2", "avgspeed": "3,3", "presmax": "973,9", "presmin": "972,4", "hourpresmin": "00", "date": "1985-08-22", "name": "LUGO AEROPUERTO", "gust": null, "tmax": "25,4", "longitude": 72727}, {"code": "1505", "hourtmin": "23:15", "hourgust": null, "hourtmax": "Varias", "sun": "6,9", "altitude": "445", "prec": "0,0", "latitude": 430641, "hourpresmax": "00", "province": "LUGO", "tmed": "17,0", "tmin": "9,6", "avgspeed": "3,3", "presmax": "973,6", "presmin": "967,9", "hourpresmin": "24", "date": "1985-08-23", "name": "LUGO AEROPUERTO", "gust": null, "tmax": "24,4", "longitude": 72727}, {"code": "1505", "hourtmin": "23:59", "hourgust": null, "hourtmax": "13:10", "sun": "6,3", "altitude": "445", "prec": "3,3", "latitude": 430641, "hourpresmax": "24", "province": "LUGO", "tmed": "14,7", "tmin": "9,4", "avgspeed": "5,6", "presmax": "968,9", "presmin": "963,5", "hourpresmin": "07", "date": "1985-08-24", "name": "LUGO AEROPUERTO", "gust": null, "tmax": "20,0", "longitude": 72727}, {"code": "1505", "hourtmin": "04:00", "hourgust": null, "hourtmax": "16:00", "sun": "8,9", "altitude": "445", "prec": "1,2", "latitude": 430641, "hourpresmax": "24", "province": "LUGO", "tmed": "13,6", "tmin": "8,2", "avgspeed": "2,2", "presmax": "971,7", "presmin": "967,6", "hourpresmin": "Varias", "date": "1985-08-25", "name": "LUGO AEROPUERTO", "gust": null, "tmax": "19,0", "longitude": 72727}, {"code": "1505", "hourtmin": "06:15", "hourgust": null, "hourtmax": "15:30", "sun": "9,3", "altitude": "445", "prec": "0,0", "latitude": 430641, "hourpresmax": "07", "province": "LUGO", "tmed": "11,9", "tmin": "1,6", "avgspeed": "1,7", "presmax": "973,7", "presmin": "971,7", "hourpresmin": "Varias", "date": "1985-08-26", "name": "LUGO AEROPUERTO", "gust": null, "tmax": "22,2", "longitude": 72727}, {"code": "1505", "hourtmin": "05:30", "hourgust": null, "hourtmax": "16:00", "sun": "11,2", "altitude": "445", "prec": "0,0", "latitude": 430641, "hourpresmax": "00", "province": "LUGO", "tmed": "17,1", "tmin": "4,0", "avgspeed": "1,7", "presmax": "973,3", "presmin": "968,0", "hourpresmin": "17", "date": "1985-08-27", "name": "LUGO AEROPUERTO", "gust": null, "tmax": "30,2", "longitude": 72727}, {"code": "1505", "hourtmin": "05:45", "hourgust": null, "hourtmax": "16:00", "sun": "10,3", "altitude": "445", "prec": "0,0", "latitude": 430641, "hourpresmax": "00", "province": "LUGO", "tmed": "19,4", "tmin": "6,6", "avgspeed": "1,1", "presmax": "970,3", "presmin": "966,7", "hourpresmin": "17", "date": "1985-08-28", "name": "LUGO AEROPUERTO", "gust": null, "tmax": "32,2", "longitude": 72727}, {"code": "1505", "hourtmin": "07:00", "hourgust": null, "hourtmax": "14:00", "sun": "9,9", "altitude": "445", "prec": "0,0", "latitude": 430641, "hourpresmax": "24", "province": "LUGO", "tmed": "18,4", "tmin": "7,6", "avgspeed": "1,9", "presmax": "972,0", "presmin": "967,6", "hourpresmin": "Varias", "date": "1985-08-29", "name": "LUGO AEROPUERTO", "gust": null, "tmax": "29,2", "longitude": 72727}, {"code": "1505", "hourtmin": "Varias", "hourgust": null, "hourtmax": "15:45", "sun": "10,0", "altitude": "445", "prec": "0,0", "latitude": 430641, "hourpresmax": "22", "province": "LUGO", "tmed": "19,8", "tmin": "12,4", "avgspeed": "1,4", "presmax": "972,8", "presmin": "970,7", "hourpresmin": "14", "date": "1985-08-30", "name": "LUGO AEROPUERTO", "gust": null, "tmax": "27,2", "longitude": 72727}, {"code": "1505", "hourtmin": "02:35", "hourgust": null, "hourtmax": "16:00", "sun": "8,0", "altitude": "445", "prec": "0,0", "latitude": 430641, "hourpresmax": "00", "province": "LUGO", "tmed": "18,4", "tmin": "10,6", "avgspeed": "3,3", "presmax": "972,7", "presmin": "969,6", "hourpresmin": "18", "date": "1985-08-31", "name": "LUGO AEROPUERTO", "gust": null, "tmax": "26,2", "longitude": 72727}, {"code": "1505", "hourtmin": "22:00", "hourgust": null, "hourtmax": "17:15", "sun": "8,5", "altitude": "445", "prec": "0,0", "latitude": 430641, "hourpresmax": "00", "province": "LUGO", "tmed": "16,7", "tmin": "10,4", "avgspeed": "3,6", "presmax": "970,6", "presmin": "968,3", "hourpresmin": "24", "date": "1985-09-01", "name": "LUGO AEROPUERTO", "gust": null, "tmax": "23,0", "longitude": 72727}, {"code": "1505", "hourtmin": "05:55", "hourgust": null, "hourtmax": "Varias", "sun": "8,0", "altitude": "445", "prec": "0,7", "latitude": 430641, "hourpresmax": "00", "province": "LUGO", "tmed": "17,4", "tmin": "7,8", "avgspeed": "3,3", "presmax": "968,3", "presmin": "964,6", "hourpresmin": "Varias", "date": "1985-09-02", "name": "LUGO AEROPUERTO", "gust": null, "tmax": "27,0", "longitude": 72727}, {"code": "1505", "hourtmin": "23:59", "hourgust": null, "hourtmax": "14:15", "sun": "5,6", "altitude": "445", "prec": "0,1", "latitude": 430641, "hourpresmax": "24", "province": "LUGO", "tmed": "15,7", "tmin": "9,4", "avgspeed": "2,8", "presmax": "974,6", "presmin": "966,7", "hourpresmin": "00", "date": "1985-09-03", "name": "LUGO AEROPUERTO", "gust": null, "tmax": "22,0", "longitude": 72727}, {"code": "1505", "hourtmin": "06:10", "hourgust": null, "hourtmax": "14:00", "sun": "9,4", "altitude": "445", "prec": "0,0", "latitude": 430641, "hourpresmax": "00", "province": "LUGO", "tmed": "15,0", "tmin": "5,0", "avgspeed": "3,1", "presmax": "974,6", "presmin": "973,5", "hourpresmin": "18", "date": "1985-09-04", "name": "LUGO AEROPUERTO", "gust": null, "tmax": "25,0", "longitude": 72727}, {"code": "1505", "hourtmin": "00:30", "hourgust": null, "hourtmax": "13:30", "sun": "9,5", "altitude": "445", "prec": "0,0", "latitude": 430641, "hourpresmax": "00", "province": "LUGO", "tmed": "17,9", "tmin": "11,0", "avgspeed": "3,9", "presmax": "973,8", "presmin": "972,9", "hourpresmin": "Varias", "date": "1985-09-05", "name": "LUGO AEROPUERTO", "gust": null, "tmax": "24,8", "longitude": 72727}, {"code": "1505", "hourtmin": "04:40", "hourgust": null, "hourtmax": "12:30", "sun": "7,5", "altitude": "445", "prec": "0,0", "latitude": 430641, "hourpresmax": "00", "province": "LUGO", "tmed": "16,5", "tmin": "10,2", "avgspeed": "3,3", "presmax": "973,5", "presmin": "969,1", "hourpresmin": "24", "date": "1985-09-06", "name": "LUGO AEROPUERTO", "gust": null, "tmax": "22,8", "longitude": 72727}, {"code": "1505", "hourtmin": "06:15", "hourgust": null, "hourtmax": "14:00", "sun": "9,4", "altitude": "445", "prec": "0,0", "latitude": 430641, "hourpresmax": "00", "province": "LUGO", "tmed": "21,2", "tmin": "11,0", "avgspeed": "1,9", "presmax": "969,1", "presmin": "964,7", "hourpresmin": "18", "date": "1985-09-07", "name": "LUGO AEROPUERTO", "gust": null, "tmax": "31,4", "longitude": 72727}, {"code": "1505", "hourtmin": "05:30", "hourgust": null, "hourtmax": "13:30", "sun": "9,6", "altitude": "445", "prec": "0,0", "latitude": 430641, "hourpresmax": "09", "province": "LUGO", "tmed": "20,5", "tmin": "10,4", "avgspeed": "2,2", "presmax": "967,7", "presmin": "965,5", "hourpresmin": "18", "date": "1985-09-08", "name": "LUGO AEROPUERTO", "gust": null, "tmax": "30,6", "longitude": 72727}, {"code": "1505", "hourtmin": "05:00", "hourgust": null, "hourtmax": "14:15", "sun": "8,0", "altitude": "445", "prec": "Ip", "latitude": 430641, "hourpresmax": "00", "province": "LUGO", "tmed": "21,4", "tmin": "11,2", "avgspeed": "3,3", "presmax": "967,0", "presmin": "963,4", "hourpresmin": "19", "date": "1985-09-09", "name": "LUGO AEROPUERTO", "gust": null, "tmax": "31,6", "longitude": 72727}, {"code": "1505", "hourtmin": "05:35", "hourgust": null, "hourtmax": "14:00", "sun": "8,5", "altitude": "445", "prec": "0,0", "latitude": 430641, "hourpresmax": "Varias", "province": "LUGO", "tmed": "19,1", "tmin": "10,6", "avgspeed": "1,7", "presmax": "965,6", "presmin": "964,2", "hourpresmin": "00", "date": "1985-09-10", "name": "LUGO AEROPUERTO", "gust": null, "tmax": "27,6", "longitude": 72727}, {"code": "1505", "hourtmin": "06:30", "hourgust": null, "hourtmax": "15:30", "sun": "7,0", "altitude": "445", "prec": "0,5", "latitude": 430641, "hourpresmax": "24", "province": "LUGO", "tmed": "22,0", "tmin": "9,4", "avgspeed": "1,1", "presmax": "967,8", "presmin": "965,1", "hourpresmin": "Varias", "date": "1985-09-11", "name": "LUGO AEROPUERTO", "gust": null, "tmax": "34,6", "longitude": 72727}, {"code": "1505", "hourtmin": "04:30", "hourgust": null, "hourtmax": "14:30", "sun": "8,6", "altitude": "445", "prec": "0,0", "latitude": 430641, "hourpresmax": "24", "province": "LUGO", "tmed": "24,0", "tmin": "13,8", "avgspeed": "1,9", "presmax": "972,2", "presmin": "967,5", "hourpresmin": "19", "date": "1985-09-12", "name": "LUGO AEROPUERTO", "gust": null, "tmax": "34,2", "longitude": 72727}, {"code": "1505", "hourtmin": "19:30", "hourgust": null, "hourtmax": "00:00", "sun": "0,0", "altitude": "445", "prec": "0,0", "latitude": 430641, "hourpresmax": "Varias", "province": "LUGO", "tmed": "15,3", "tmin": "13,8", "avgspeed": "6,7", "presmax": "973,8", "presmin": "972,2", "hourpresmin": "Varias", "date": "1985-09-13", "name": "LUGO AEROPUERTO", "gust": null, "tmax": "16,8", "longitude": 72727}, {"code": "1505", "hourtmin": "21:45", "hourgust": null, "hourtmax": "13:45", "sun": "4,4", "altitude": "445", "prec": "0,0", "latitude": 430641, "hourpresmax": "00", "province": "LUGO", "tmed": "17,4", "tmin": "11,4", "avgspeed": "3,9", "presmax": "972,3", "presmin": "967,8", "hourpresmin": "17", "date": "1985-09-14", "name": "LUGO AEROPUERTO", "gust": null, "tmax": "23,4", "longitude": 72727}, {"code": "1505", "hourtmin": "02:30", "hourgust": null, "hourtmax": "11:00", "sun": "5,2", "altitude": "445", "prec": "0,0", "latitude": 430641, "hourpresmax": "22", "province": "LUGO", "tmed": "14,1", "tmin": "8,0", "avgspeed": "5,0", "presmax": "970,6", "presmin": "968,6", "hourpresmin": "06", "date": "1985-09-15", "name": "LUGO AEROPUERTO", "gust": null, "tmax": "20,2", "longitude": 72727}, {"code": "1505", "hourtmin": "06:00", "hourgust": null, "hourtmax": "12:30", "sun": "10,5", "altitude": "445", "prec": "0,0", "latitude": 430641, "hourpresmax": "22", "province": "LUGO", "tmed": "15,5", "tmin": "9,0", "avgspeed": "4,4", "presmax": "970,9", "presmin": "969,6", "hourpresmin": "03", "date": "1985-09-16", "name": "LUGO AEROPUERTO", "gust": null, "tmax": "22,0", "longitude": 72727}, {"code": "1505", "hourtmin": "05:00", "hourgust": null, "hourtmax": "14:00", "sun": "9,2", "altitude": "445", "prec": "0,0", "latitude": 430641, "hourpresmax": "00", "province": "LUGO", "tmed": "17,3", "tmin": "6,0", "avgspeed": "1,4", "presmax": "970,3", "presmin": "966,6", "hourpresmin": "18", "date": "1985-09-17", "name": "LUGO AEROPUERTO", "gust": null, "tmax": "28,6", "longitude": 72727}, {"code": "1505", "hourtmin": "06:05", "hourgust": null, "hourtmax": "14:15", "sun": "6,6", "altitude": "445", "prec": "0,0", "latitude": 430641, "hourpresmax": "00", "province": "LUGO", "tmed": "17,2", "tmin": "5,0", "avgspeed": "3,1", "presmax": "968,1", "presmin": "965,1", "hourpresmin": "18", "date": "1985-09-18", "name": "LUGO AEROPUERTO", "gust": null, "tmax": "29,4", "longitude": 72727}, {"code": "1505", "hourtmin": "06:05", "hourgust": null, "hourtmax": "14:00", "sun": "5,8", "altitude": "445", "prec": "0,0", "latitude": 430641, "hourpresmax": "24", "province": "LUGO", "tmed": "18,5", "tmin": "9,4", "avgspeed": "1,1", "presmax": "966,4", "presmin": "964,1", "hourpresmin": "15", "date": "1985-09-19", "name": "LUGO AEROPUERTO", "gust": null, "tmax": "27,6", "longitude": 72727}, {"code": "1505", "hourtmin": "02:50", "hourgust": null, "hourtmax": "15:30", "sun": "6,4", "altitude": "445", "prec": "0,0", "latitude": 430641, "hourpresmax": "11", "province": "LUGO", "tmed": "19,5", "tmin": "10,2", "avgspeed": "1,9", "presmax": "968,2", "presmin": "965,4", "hourpresmin": "17", "date": "1985-09-20", "name": "LUGO AEROPUERTO", "gust": null, "tmax": "28,8", "longitude": 72727}, {"code": "1505", "hourtmin": "07:30", "hourgust": null, "hourtmax": "15:00", "sun": "6,1", "altitude": "445", "prec": "0,0", "latitude": 430641, "hourpresmax": "24", "province": "LUGO", "tmed": "18,6", "tmin": "8,6", "avgspeed": "1,7", "presmax": "968,6", "presmin": "966,0", "hourpresmin": "15", "date": "1985-09-21", "name": "LUGO AEROPUERTO", "gust": null, "tmax": "28,6", "longitude": 72727}, {"code": "1505", "hourtmin": "07:45", "hourgust": null, "hourtmax": "16:15", "sun": "7,3", "altitude": "445", "prec": "0,0", "latitude": 430641, "hourpresmax": "07", "province": "LUGO", "tmed": "17,2", "tmin": "7,0", "avgspeed": "1,9", "presmax": "969,0", "presmin": "967,3", "hourpresmin": "15", "date": "1985-09-22", "name": "LUGO AEROPUERTO", "gust": null, "tmax": "27,4", "longitude": 72727}, {"code": "1505", "hourtmin": "04:00", "hourgust": null, "hourtmax": "15:10", "sun": "6,7", "altitude": "445", "prec": "0,1", "latitude": 430641, "hourpresmax": "00", "province": "LUGO", "tmed": "19,4", "tmin": "12,4", "avgspeed": "1,1", "presmax": "968,8", "presmin": "965,8", "hourpresmin": "17", "date": "1985-09-23", "name": "LUGO AEROPUERTO", "gust": null, "tmax": "26,4", "longitude": 72727}, {"code": "1505", "hourtmin": "23:59", "hourgust": null, "hourtmax": "15:45", "sun": "4,4", "altitude": "445", "prec": "0,0", "latitude": 430641, "hourpresmax": "24", "province": "LUGO", "tmed": "18,1", "tmin": "11,2", "avgspeed": "1,9", "presmax": "968,1", "presmin": "966,3", "hourpresmin": "06", "date": "1985-09-24", "name": "LUGO AEROPUERTO", "gust": null, "tmax": "25,0", "longitude": 72727}, {"code": "1505", "hourtmin": "01:30", "hourgust": null, "hourtmax": "14:00", "sun": "6,6", "altitude": "445", "prec": "0,0", "latitude": 430641, "hourpresmax": "Varias", "province": "LUGO", "tmed": "16,5", "tmin": "10,4", "avgspeed": "2,8", "presmax": "968,5", "presmin": "967,1", "hourpresmin": "18", "date": "1985-09-25", "name": "LUGO AEROPUERTO", "gust": null, "tmax": "22,6", "longitude": 72727}, {"code": "1505", "hourtmin": "05:30", "hourgust": null, "hourtmax": "15:30", "sun": "7,6", "altitude": "445", "prec": "0,0", "latitude": 430641, "hourpresmax": "00", "province": "LUGO", "tmed": "20,0", "tmin": "10,4", "avgspeed": "1,1", "presmax": "967,7", "presmin": "965,2", "hourpresmin": "18", "date": "1985-09-26", "name": "LUGO AEROPUERTO", "gust": null, "tmax": "29,6", "longitude": 72727}, {"code": "1505", "hourtmin": "06:05", "hourgust": null, "hourtmax": "15:35", "sun": "9,0", "altitude": "445", "prec": "0,0", "latitude": 430641, "hourpresmax": "24", "province": "LUGO", "tmed": "18,9", "tmin": "7,4", "avgspeed": "1,7", "presmax": "968,3", "presmin": "965,6", "hourpresmin": "18", "date": "1985-09-27", "name": "LUGO AEROPUERTO", "gust": null, "tmax": "30,4", "longitude": 72727}, {"code": "1505", "hourtmin": "06:15", "hourgust": null, "hourtmax": "13:45", "sun": "5,5", "altitude": "445", "prec": "0,0", "latitude": 430641, "hourpresmax": "24", "province": "LUGO", "tmed": "20,6", "tmin": "9,8", "avgspeed": "4,4", "presmax": "971,7", "presmin": "967,9", "hourpresmin": "03", "date": "1985-09-28", "name": "LUGO AEROPUERTO", "gust": null, "tmax": "31,4", "longitude": 72727}, {"code": "1505", "hourtmin": "06:10", "hourgust": null, "hourtmax": "15:50", "sun": "6,5", "altitude": "445", "prec": "0,0", "latitude": 430641, "hourpresmax": "Varias", "province": "LUGO", "tmed": "20,5", "tmin": "10,0", "avgspeed": "1,4", "presmax": "972,5", "presmin": "970,6", "hourpresmin": "Varias", "date": "1985-09-29", "name": "LUGO AEROPUERTO", "gust": null, "tmax": "31,0", "longitude": 72727}, {"code": "1505", "hourtmin": "07:30", "hourgust": null, "hourtmax": "Varias", "sun": "0,8", "altitude": "445", "prec": "2,1", "latitude": 430641, "hourpresmax": "Varias", "province": "LUGO", "tmed": "21,5", "tmin": "12,0", "avgspeed": "2,5", "presmax": "971,4", "presmin": "966,6", "hourpresmin": "19", "date": "1985-09-30", "name": "LUGO AEROPUERTO", "gust": null, "tmax": "31,0", "longitude": 72727}, {"code": "1505", "hourtmin": "23:59", "hourgust": null, "hourtmax": "13:30", "sun": "8,7", "altitude": "445", "prec": "0,0", "latitude": 430641, "hourpresmax": "Varias", "province": "LUGO", "tmed": "18,5", "tmin": "12,0", "avgspeed": "3,1", "presmax": "967,9", "presmin": "965,2", "hourpresmin": "02", "date": "1985-10-01", "name": "LUGO AEROPUERTO", "gust": null, "tmax": "25,0", "longitude": 72727}, {"code": "1505", "hourtmin": "02:00", "hourgust": null, "hourtmax": "14:00", "sun": "6,5", "altitude": "445", "prec": "1,8", "latitude": 430641, "hourpresmax": "00", "province": "LUGO", "tmed": "16,5", "tmin": "9,4", "avgspeed": "4,7", "presmax": "967,3", "presmin": "962,9", "hourpresmin": "24", "date": "1985-10-02", "name": "LUGO AEROPUERTO", "gust": null, "tmax": "23,6", "longitude": 72727}, {"code": "1505", "hourtmin": "21:00", "hourgust": null, "hourtmax": "14:00", "sun": "6,8", "altitude": "445", "prec": "10,0", "latitude": 430641, "hourpresmax": "24", "province": "LUGO", "tmed": "17,0", "tmin": "11,2", "avgspeed": "8,3", "presmax": "963,7", "presmin": "959,9", "hourpresmin": "15", "date": "1985-10-03", "name": "LUGO AEROPUERTO", "gust": null, "tmax": "22,8", "longitude": 72727}, {"code": "1505", "hourtmin": "23:00", "hourgust": null, "hourtmax": "13:35", "sun": "5,0", "altitude": "445", "prec": "1,4", "latitude": 430641, "hourpresmax": "24", "province": "LUGO", "tmed": "13,9", "tmin": "10,4", "avgspeed": "6,4", "presmax": "967,3", "presmin": "963,5", "hourpresmin": "06", "date": "1985-10-04", "name": "LUGO AEROPUERTO", "gust": null, "tmax": "17,4", "longitude": 72727}, {"code": "1505", "hourtmin": "06:00", "hourgust": null, "hourtmax": "13:45", "sun": "8,5", "altitude": "445", "prec": "0,0", "latitude": 430641, "hourpresmax": "Varias", "province": "LUGO", "tmed": "14,8", "tmin": "10,0", "avgspeed": "3,6", "presmax": "967,3", "presmin": "966,3", "hourpresmin": "18", "date": "1985-10-05", "name": "LUGO AEROPUERTO", "gust": null, "tmax": "19,6", "longitude": 72727}, {"code": "1505", "hourtmin": "05:45", "hourgust": null, "hourtmax": "16:00", "sun": "7,5", "altitude": "445", "prec": "0,0", "latitude": 430641, "hourpresmax": "00", "province": "LUGO", "tmed": "15,6", "tmin": "9,8", "avgspeed": "6,1", "presmax": "967,0", "presmin": "965,6", "hourpresmin": "Varias", "date": "1985-10-06", "name": "LUGO AEROPUERTO", "gust": null, "tmax": "21,4", "longitude": 72727}, {"code": "1505", "hourtmin": "23:59", "hourgust": null, "hourtmax": "10:00", "sun": "2,7", "altitude": "445", "prec": "4,0", "latitude": 430641, "hourpresmax": "24", "province": "LUGO", "tmed": "14,2", "tmin": "8,4", "avgspeed": "3,6", "presmax": "975,5", "presmin": "966,3", "hourpresmin": "00", "date": "1985-10-07", "name": "LUGO AEROPUERTO", "gust": null, "tmax": "20,0", "longitude": 72727}, {"code": "1505", "hourtmin": "07:00", "hourgust": null, "hourtmax": "14:00", "sun": "1,4", "altitude": "445", "prec": "0,0", "latitude": 430641, "hourpresmax": "11", "province": "LUGO", "tmed": "11,7", "tmin": "7,4", "avgspeed": "1,7", "presmax": "975,9", "presmin": "971,7", "hourpresmin": "24", "date": "1985-10-08", "name": "LUGO AEROPUERTO", "gust": null, "tmax": "16,0", "longitude": 72727}, {"code": "1505", "hourtmin": "05:00", "hourgust": null, "hourtmax": "12:35", "sun": "1,4", "altitude": "445", "prec": "0,0", "latitude": 430641, "hourpresmax": "00", "province": "LUGO", "tmed": "12,3", "tmin": "7,6", "avgspeed": "1,4", "presmax": "971,7", "presmin": "969,8", "hourpresmin": "15", "date": "1985-10-09", "name": "LUGO AEROPUERTO", "gust": null, "tmax": "17,0", "longitude": 72727}, {"code": "1505", "hourtmin": "07:00", "hourgust": null, "hourtmax": "14:15", "sun": "8,0", "altitude": "445", "prec": "0,0", "latitude": 430641, "hourpresmax": "24", "province": "LUGO", "tmed": "15,2", "tmin": "5,2", "avgspeed": "1,1", "presmax": "972,1", "presmin": "969,4", "hourpresmin": "18", "date": "1985-10-10", "name": "LUGO AEROPUERTO", "gust": null, "tmax": "25,2", "longitude": 72727}, {"code": "1505", "hourtmin": "06:30", "hourgust": null, "hourtmax": "15:15", "sun": "8,9", "altitude": "445", "prec": "0,0", "latitude": 430641, "hourpresmax": "24", "province": "LUGO", "tmed": "16,0", "tmin": "5,2", "avgspeed": "0,6", "presmax": "973,9", "presmin": "971,7", "hourpresmin": "18", "date": "1985-10-11", "name": "LUGO AEROPUERTO", "gust": null, "tmax": "26,8", "longitude": 72727}, {"code": "1505", "hourtmin": "04:00", "hourgust": null, "hourtmax": "14:45", "sun": "9,0", "altitude": "445", "prec": "0,0", "latitude": 430641, "hourpresmax": "24", "province": "LUGO", "tmed": "16,8", "tmin": "6,4", "avgspeed": "1,1", "presmax": "974,9", "presmin": "973,2", "hourpresmin": "15", "date": "1985-10-12", "name": "LUGO AEROPUERTO", "gust": null, "tmax": "27,2", "longitude": 72727}, {"code": "1505", "hourtmin": "09:00", "hourgust": null, "hourtmax": "15:10", "sun": "8,0", "altitude": "445", "prec": "0,0", "latitude": 430641, "hourpresmax": "10", "province": "LUGO", "tmed": "16,2", "tmin": "5,0", "avgspeed": "0,8", "presmax": "975,9", "presmin": "973,8", "hourpresmin": "17", "date": "1985-10-13", "name": "LUGO AEROPUERTO", "gust": null, "tmax": "27,4", "longitude": 72727}, {"code": "1505", "hourtmin": "07:00", "hourgust": null, "hourtmax": "13:50", "sun": "7,0", "altitude": "445", "prec": "0,0", "latitude": 430641, "hourpresmax": "Varias", "province": "LUGO", "tmed": "14,0", "tmin": "4,4", "avgspeed": "2,5", "presmax": "975,5", "presmin": "972,7", "hourpresmin": "17", "date": "1985-10-14", "name": "LUGO AEROPUERTO", "gust": null, "tmax": "23,6", "longitude": 72727}, {"code": "1505", "hourtmin": "07:00", "hourgust": null, "hourtmax": "13:30", "sun": "7,8", "altitude": "445", "prec": "0,0", "latitude": 430641, "hourpresmax": "00", "province": "LUGO", "tmed": "13,8", "tmin": "4,2", "avgspeed": "2,2", "presmax": "973,6", "presmin": "971,1", "hourpresmin": "15", "date": "1985-10-15", "name": "LUGO AEROPUERTO", "gust": null, "tmax": "23,5", "longitude": 72727}, {"code": "1505", "hourtmin": "07:00", "hourgust": null, "hourtmax": "13:50", "sun": "8,2", "altitude": "445", "prec": "0,0", "latitude": 430641, "hourpresmax": "00", "province": "LUGO", "tmed": "13,0", "tmin": "4,6", "avgspeed": "3,3", "presmax": "972,3", "presmin": "969,9", "hourpresmin": "15", "date": "1985-10-16", "name": "LUGO AEROPUERTO", "gust": null, "tmax": "21,5", "longitude": 72727}, {"code": "1505", "hourtmin": "23:59", "hourgust": null, "hourtmax": "14:30", "sun": "6,6", "altitude": "445", "prec": "0,0", "latitude": 430641, "hourpresmax": "00", "province": "LUGO", "tmed": "15,3", "tmin": "7,2", "avgspeed": "1,1", "presmax": "970,6", "presmin": "967,7", "hourpresmin": "18", "date": "1985-10-17", "name": "LUGO AEROPUERTO", "gust": null, "tmax": "23,4", "longitude": 72727}, {"code": "1505", "hourtmin": "06:45", "hourgust": null, "hourtmax": "13:45", "sun": "5,9", "altitude": "445", "prec": "0,0", "latitude": 430641, "hourpresmax": "Varias", "province": "LUGO", "tmed": "15,0", "tmin": "5,4", "avgspeed": "1,4", "presmax": "969,4", "presmin": "967,7", "hourpresmin": "Varias", "date": "1985-10-18", "name": "LUGO AEROPUERTO", "gust": null, "tmax": "24,6", "longitude": 72727}, {"code": "1505", "hourtmin": "06:00", "hourgust": null, "hourtmax": "15:15", "sun": "5,3", "altitude": "445", "prec": "0,0", "latitude": 430641, "hourpresmax": "00", "province": "LUGO", "tmed": "14,4", "tmin": "5,8", "avgspeed": "0,8", "presmax": "968,3", "presmin": "963,5", "hourpresmin": "18", "date": "1985-10-19", "name": "LUGO AEROPUERTO", "gust": null, "tmax": "23,0", "longitude": 72727}, {"code": "1505", "hourtmin": "07:00", "hourgust": null, "hourtmax": "14:15", "sun": "3,5", "altitude": "445", "prec": "0,0", "latitude": 430641, "hourpresmax": "24", "province": "LUGO", "tmed": "12,4", "tmin": "5,8", "avgspeed": "1,7", "presmax": "968,2", "presmin": "964,2", "hourpresmin": "Varias", "date": "1985-10-20", "name": "LUGO AEROPUERTO", "gust": null, "tmax": "19,0", "longitude": 72727}, {"code": "1505", "hourtmin": "Varias", "hourgust": null, "hourtmax": "14:00", "sun": "6,0", "altitude": "445", "prec": "0,0", "latitude": 430641, "hourpresmax": "24", "province": "LUGO", "tmed": "13,4", "tmin": "8,2", "avgspeed": "1,7", "presmax": "971,5", "presmin": "968,2", "hourpresmin": "00", "date": "1985-10-21", "name": "LUGO AEROPUERTO", "gust": null, "tmax": "18,6", "longitude": 72727}, {"code": "1505", "hourtmin": "07:15", "hourgust": null, "hourtmax": "13:30", "sun": "6,0", "altitude": "445", "prec": "0,0", "latitude": 430641, "hourpresmax": "00", "province": "LUGO", "tmed": "12,6", "tmin": "6,4", "avgspeed": "1,9", "presmax": "971,5", "presmin": "969,6", "hourpresmin": "Varias", "date": "1985-10-22", "name": "LUGO AEROPUERTO", "gust": null, "tmax": "18,8", "longitude": 72727}, {"code": "1505", "hourtmin": "05:50", "hourgust": null, "hourtmax": "15:10", "sun": "6,3", "altitude": "445", "prec": "0,0", "latitude": 430641, "hourpresmax": "00", "province": "LUGO", "tmed": "13,2", "tmin": "5,4", "avgspeed": "1,4", "presmax": "969,6", "presmin": "966,6", "hourpresmin": "16", "date": "1985-10-23", "name": "LUGO AEROPUERTO", "gust": null, "tmax": "21,0", "longitude": 72727}, {"code": "1505", "hourtmin": "Varias", "hourgust": null, "hourtmax": "14:00", "sun": "2,8", "altitude": "445", "prec": "0,0", "latitude": 430641, "hourpresmax": "22", "province": "LUGO", "tmed": "12,5", "tmin": "7,0", "avgspeed": "2,8", "presmax": "968,7", "presmin": "966,6", "hourpresmin": "15", "date": "1985-10-24", "name": "LUGO AEROPUERTO", "gust": null, "tmax": "18,0", "longitude": 72727}, {"code": "1505", "hourtmin": "23:59", "hourgust": null, "hourtmax": "15:30", "sun": "5,6", "altitude": "445", "prec": "0,0", "latitude": 430641, "hourpresmax": "00", "province": "LUGO", "tmed": "11,4", "tmin": "4,8", "avgspeed": "2,8", "presmax": "968,5", "presmin": "967,1", "hourpresmin": "15", "date": "1985-10-25", "name": "LUGO AEROPUERTO", "gust": null, "tmax": "18,0", "longitude": 72727}, {"code": "1505", "hourtmin": "06:00", "hourgust": null, "hourtmax": "14:00", "sun": "7,4", "altitude": "445", "prec": "0,0", "latitude": 430641, "hourpresmax": "24", "province": "LUGO", "tmed": "9,3", "tmin": "0,2", "avgspeed": "1,9", "presmax": "969,5", "presmin": "968,1", "hourpresmin": "Varias", "date": "1985-10-26", "name": "LUGO AEROPUERTO", "gust": null, "tmax": "18,4", "longitude": 72727}, {"code": "1505", "hourtmin": "03:35", "hourgust": null, "hourtmax": "14:00", "sun": "8,4", "altitude": "445", "prec": "0,0", "latitude": 430641, "hourpresmax": "Varias", "province": "LUGO", "tmed": "12,0", "tmin": "4,4", "avgspeed": "3,6", "presmax": "971,8", "presmin": "969,5", "hourpresmin": "00", "date": "1985-10-27", "name": "LUGO AEROPUERTO", "gust": null, "tmax": "19,6", "longitude": 72727}, {"code": "1505", "hourtmin": "22:30", "hourgust": null, "hourtmax": "12:30", "sun": "7,8", "altitude": "445", "prec": "0,0", "latitude": 430641, "hourpresmax": "00", "province": "LUGO", "tmed": "11,0", "tmin": "5,2", "avgspeed": "4,7", "presmax": "971,8", "presmin": "967,4", "hourpresmin": "24", "date": "1985-10-28", "name": "LUGO AEROPUERTO", "gust": null, "tmax": "16,8", "longitude": 72727}, {"code": "1505", "hourtmin": "03:45", "hourgust": null, "hourtmax": "13:15", "sun": "7,4", "altitude": "445", "prec": "0,0", "latitude": 430641, "hourpresmax": "00", "province": "LUGO", "tmed": "8,1", "tmin": "1,4", "avgspeed": "3,1", "presmax": "967,4", "presmin": "962,4", "hourpresmin": "24", "date": "1985-10-29", "name": "LUGO AEROPUERTO", "gust": null, "tmax": "14,8", "longitude": 72727}, {"code": "1505", "hourtmin": "05:55", "hourgust": null, "hourtmax": "14:15", "sun": "5,4", "altitude": "445", "prec": "0,0", "latitude": 430641, "hourpresmax": "Varias", "province": "LUGO", "tmed": "7,9", "tmin": "-1,4", "avgspeed": "0,8", "presmax": "962,4", "presmin": "960,1", "hourpresmin": "18", "date": "1985-10-30", "name": "LUGO AEROPUERTO", "gust": null, "tmax": "17,2", "longitude": 72727}, {"code": "1505", "hourtmin": "07:00", "hourgust": null, "hourtmax": "14:00", "sun": "2,0", "altitude": "445", "prec": "0,0", "latitude": 430641, "hourpresmax": "24", "province": "LUGO", "tmed": "9,7", "tmin": "4,8", "avgspeed": "1,4", "presmax": "961,4", "presmin": "959,0", "hourpresmin": "16", "date": "1985-10-31", "name": "LUGO AEROPUERTO", "gust": null, "tmax": "14,6", "longitude": 72727}, {"code": "1505", "hourtmin": "07:00", "hourgust": null, "hourtmax": "14:40", "sun": "4,7", "altitude": "445", "prec": "0,4", "latitude": 430641, "hourpresmax": "Varias", "province": "LUGO", "tmed": "8,0", "tmin": "0,4", "avgspeed": "1,1", "presmax": "963,0", "presmin": "961,0", "hourpresmin": "24", "date": "1985-11-01", "name": "LUGO AEROPUERTO", "gust": null, "tmax": "15,6", "longitude": 72727}, {"code": "1505", "hourtmin": "Varias", "hourgust": null, "hourtmax": "14:05", "sun": "4,0", "altitude": "445", "prec": "4,3", "latitude": 430641, "hourpresmax": "00", "province": "LUGO", "tmed": "12,8", "tmin": "7,0", "avgspeed": "4,2", "presmax": "961,0", "presmin": "955,3", "hourpresmin": "Varias", "date": "1985-11-02", "name": "LUGO AEROPUERTO", "gust": null, "tmax": "18,6", "longitude": 72727}, {"code": "1505", "hourtmin": "03:00", "hourgust": null, "hourtmax": "13:35", "sun": "3,2", "altitude": "445", "prec": "4,4", "latitude": 430641, "hourpresmax": "18", "province": "LUGO", "tmed": "13,7", "tmin": "10,6", "avgspeed": "5,3", "presmax": "956,9", "presmin": "953,9", "hourpresmin": "06", "date": "1985-11-03", "name": "LUGO AEROPUERTO", "gust": null, "tmax": "16,8", "longitude": 72727}, {"code": "1505", "hourtmin": "00:00", "hourgust": null, "hourtmax": "14:00", "sun": "0,0", "altitude": "445", "prec": "2,0", "latitude": 430641, "hourpresmax": "00", "province": "LUGO", "tmed": "15,2", "tmin": "11,6", "avgspeed": "9,4", "presmax": "955,3", "presmin": "946,7", "hourpresmin": "09", "date": "1985-11-04", "name": "LUGO AEROPUERTO", "gust": null, "tmax": "18,8", "longitude": 72727}, {"code": "1505", "hourtmin": "20:00", "hourgust": null, "hourtmax": "16:00", "sun": "0,0", "altitude": "445", "prec": "19,5", "latitude": 430641, "hourpresmax": "24", "province": "LUGO", "tmed": "15,5", "tmin": "13,6", "avgspeed": "6,4", "presmax": "961,6", "presmin": "951,3", "hourpresmin": "06", "date": "1985-11-05", "name": "LUGO AEROPUERTO", "gust": null, "tmax": "17,4", "longitude": 72727}, {"code": "1505", "hourtmin": "Varias", "hourgust": null, "hourtmax": "13:00", "sun": "0,0", "altitude": "445", "prec": "9,6", "latitude": 430641, "hourpresmax": "06", "province": "LUGO", "tmed": "15,9", "tmin": "13,6", "avgspeed": "6,1", "presmax": "962,2", "presmin": "959,9", "hourpresmin": "14", "date": "1985-11-06", "name": "LUGO AEROPUERTO", "gust": null, "tmax": "18,2", "longitude": 72727}, {"code": "1505", "hourtmin": "Varias", "hourgust": null, "hourtmax": "15:10", "sun": "0,0", "altitude": "445", "prec": "0,0", "latitude": 430641, "hourpresmax": "12", "province": "LUGO", "tmed": "18,0", "tmin": "16,0", "avgspeed": "5,3", "presmax": "964,7", "presmin": "961,5", "hourpresmin": "Varias", "date": "1985-11-07", "name": "LUGO AEROPUERTO", "gust": null, "tmax": "20,0", "longitude": 72727}, {"code": "1505", "hourtmin": "23:59", "hourgust": null, "hourtmax": "13:15", "sun": "1,1", "altitude": "445", "prec": "28,0", "latitude": 430641, "hourpresmax": "00", "province": "LUGO", "tmed": "16,0", "tmin": "13,4", "avgspeed": "8,6", "presmax": "963,4", "presmin": "957,0", "hourpresmin": "16", "date": "1985-11-08", "name": "LUGO AEROPUERTO", "gust": null, "tmax": "18,6", "longitude": 72727}, {"code": "1505", "hourtmin": "23:59", "hourgust": null, "hourtmax": "Varias", "sun": "0,0", "altitude": "445", "prec": "21,3", "latitude": 430641, "hourpresmax": "24", "province": "LUGO", "tmed": "11,6", "tmin": "9,8", "avgspeed": "5,3", "presmax": "961,2", "presmin": "957,2", "hourpresmin": "07", "date": "1985-11-09", "name": "LUGO AEROPUERTO", "gust": null, "tmax": "13,4", "longitude": 72727}, {"code": "1505", "hourtmin": "23:59", "hourgust": null, "hourtmax": "14:45", "sun": "1,1", "altitude": "445", "prec": "1,5", "latitude": 430641, "hourpresmax": "22", "province": "LUGO", "tmed": "9,8", "tmin": "7,2", "avgspeed": "3,1", "presmax": "966,7", "presmin": "961,2", "hourpresmin": "00", "date": "1985-11-10", "name": "LUGO AEROPUERTO", "gust": null, "tmax": "12,4", "longitude": 72727}, {"code": "1505", "hourtmin": "05:30", "hourgust": null, "hourtmax": "12:30", "sun": "0,0", "altitude": "445", "prec": "0,0", "latitude": 430641, "hourpresmax": "00", "province": "LUGO", "tmed": "8,0", "tmin": "6,4", "avgspeed": "5,0", "presmax": "965,9", "presmin": "956,3", "hourpresmin": "21", "date": "1985-11-11", "name": "LUGO AEROPUERTO", "gust": null, "tmax": "9,5", "longitude": 72727}, {"code": "1505", "hourtmin": "Varias", "hourgust": null, "hourtmax": "14:00", "sun": "1,2", "altitude": "445", "prec": "0,6", "latitude": 430641, "hourpresmax": "24", "province": "LUGO", "tmed": "6,8", "tmin": "4,0", "avgspeed": "3,6", "presmax": "965,9", "presmin": "956,6", "hourpresmin": "Varias", "date": "1985-11-12", "name": "LUGO AEROPUERTO", "gust": null, "tmax": "9,5", "longitude": 72727}, {"code": "1505", "hourtmin": "23:59", "hourgust": null, "hourtmax": "Varias", "sun": "4,0", "altitude": "445", "prec": "0,0", "latitude": 430641, "hourpresmax": "24", "province": "LUGO", "tmed": "6,0", "tmin": "0,4", "avgspeed": "1,9", "presmax": "970,3", "presmin": "965,9", "hourpresmin": "00", "date": "1985-11-13", "name": "LUGO AEROPUERTO", "gust": null, "tmax": "11,6", "longitude": 72727}, {"code": "1505", "hourtmin": "07:10", "hourgust": null, "hourtmax": "14:35", "sun": "5,2", "altitude": "445", "prec": "0,0", "latitude": 430641, "hourpresmax": "12", "province": "LUGO", "tmed": "3,7", "tmin": "-3,0", "avgspeed": "1,4", "presmax": "972,6", "presmin": "970,3", "hourpresmin": "00", "date": "1985-11-14", "name": "LUGO AEROPUERTO", "gust": null, "tmax": "10,4", "longitude": 72727}, {"code": "1505", "hourtmin": "03:00", "hourgust": null, "hourtmax": "13:40", "sun": "8,5", "altitude": "445", "prec": "0,0", "latitude": 430641, "hourpresmax": "Varias", "province": "LUGO", "tmed": "4,6", "tmin": "-1,8", "avgspeed": "4,4", "presmax": "972,1", "presmin": "970,2", "hourpresmin": "15", "date": "1985-11-15", "name": "LUGO AEROPUERTO", "gust": null, "tmax": "11,0", "longitude": 72727}, {"code": "1505", "hourtmin": "03:10", "hourgust": null, "hourtmax": "15:40", "sun": "8,0", "altitude": "445", "prec": "0,0", "latitude": 430641, "hourpresmax": "24", "province": "LUGO", "tmed": "6,2", "tmin": "0,0", "avgspeed": "2,8", "presmax": "973,5", "presmin": "971,7", "hourpresmin": "Varias", "date": "1985-11-16", "name": "LUGO AEROPUERTO", "gust": null, "tmax": "12,4", "longitude": 72727}, {"code": "1505", "hourtmin": "Varias", "hourgust": null, "hourtmax": "14:00", "sun": "7,7", "altitude": "445", "prec": "0,0", "latitude": 430641, "hourpresmax": "Varias", "province": "LUGO", "tmed": "5,5", "tmin": "-1,6", "avgspeed": "2,8", "presmax": "974,0", "presmin": "972,5", "hourpresmin": "Varias", "date": "1985-11-17", "name": "LUGO AEROPUERTO", "gust": null, "tmax": "12,6", "longitude": 72727}, {"code": "1505", "hourtmin": "04:00", "hourgust": null, "hourtmax": "13:30", "sun": "5,3", "altitude": "445", "prec": "0,0", "latitude": 430641, "hourpresmax": "00", "province": "LUGO", "tmed": "6,6", "tmin": "0,6", "avgspeed": "3,6", "presmax": "973,0", "presmin": "967,1", "hourpresmin": "18", "date": "1985-11-18", "name": "LUGO AEROPUERTO", "gust": null, "tmax": "12,6", "longitude": 72727}, {"code": "1505", "hourtmin": "23:59", "hourgust": null, "hourtmax": "12:15", "sun": "2,5", "altitude": "445", "prec": "0,0", "latitude": 430641, "hourpresmax": "00", "province": "LUGO", "tmed": "3,3", "tmin": "-1,8", "avgspeed": "4,4", "presmax": "967,3", "presmin": "965,2", "hourpresmin": "24", "date": "1985-11-19", "name": "LUGO AEROPUERTO", "gust": null, "tmax": "8,4", "longitude": 72727}, {"code": "1505", "hourtmin": "02:00", "hourgust": null, "hourtmax": "16:15", "sun": "0,1", "altitude": "445", "prec": "Ip", "latitude": 430641, "hourpresmax": "24", "province": "LUGO", "tmed": "1,5", "tmin": "-2,6", "avgspeed": "1,4", "presmax": "967,7", "presmin": "965,0", "hourpresmin": "Varias", "date": "1985-11-20", "name": "LUGO AEROPUERTO", "gust": null, "tmax": "5,6", "longitude": 72727}, {"code": "1505", "hourtmin": "03:00", "hourgust": null, "hourtmax": "16:00", "sun": "4,5", "altitude": "445", "prec": "0,0", "latitude": 430641, "hourpresmax": "24", "province": "LUGO", "tmed": "3,7", "tmin": "-1,8", "avgspeed": "2,2", "presmax": "970,2", "presmin": "967,7", "hourpresmin": "Varias", "date": "1985-11-21", "name": "LUGO AEROPUERTO", "gust": null, "tmax": "9,2", "longitude": 72727}, {"code": "1505", "hourtmin": "07:00", "hourgust": null, "hourtmax": "16:00", "sun": "5,9", "altitude": "445", "prec": "0,0", "latitude": 430641, "hourpresmax": "09", "province": "LUGO", "tmed": "3,4", "tmin": "-3,6", "avgspeed": "0,0", "presmax": "971,9", "presmin": "970,2", "hourpresmin": "Varias", "date": "1985-11-22", "name": "LUGO AEROPUERTO", "gust": null, "tmax": "10,5", "longitude": 72727}, {"code": "1505", "hourtmin": "07:00", "hourgust": null, "hourtmax": "16:00", "sun": "4,9", "altitude": "445", "prec": "0,0", "latitude": 430641, "hourpresmax": "00", "province": "LUGO", "tmed": "3,6", "tmin": "-3,2", "avgspeed": "0,6", "presmax": "971,7", "presmin": "967,0", "hourpresmin": "24", "date": "1985-11-23", "name": "LUGO AEROPUERTO", "gust": null, "tmax": "10,5", "longitude": 72727}, {"code": "1505", "hourtmin": "09:00", "hourgust": null, "hourtmax": "16:00", "sun": "0,0", "altitude": "445", "prec": "0,0", "latitude": 430641, "hourpresmax": "00", "province": "LUGO", "tmed": "0,6", "tmin": "-5,6", "avgspeed": "0,0", "presmax": "967,1", "presmin": "958,0", "hourpresmin": "24", "date": "1985-11-24", "name": "LUGO AEROPUERTO", "gust": null, "tmax": "6,8", "longitude": 72727}, {"code": "1505", "hourtmin": "02:45", "hourgust": null, "hourtmax": "13:15", "sun": "4,3", "altitude": "445", "prec": "0,0", "latitude": 430641, "hourpresmax": "00", "province": "LUGO", "tmed": "5,8", "tmin": "0,2", "avgspeed": "3,3", "presmax": "958,0", "presmin": "948,7", "hourpresmin": "24", "date": "1985-11-25", "name": "LUGO AEROPUERTO", "gust": null, "tmax": "11,4", "longitude": 72727}, {"code": "1505", "hourtmin": "08:00", "hourgust": null, "hourtmax": "14:15", "sun": "0,7", "altitude": "445", "prec": "0,0", "latitude": 430641, "hourpresmax": "24", "province": "LUGO", "tmed": "4,5", "tmin": "0,4", "avgspeed": "3,3", "presmax": "952,7", "presmin": "948,2", "hourpresmin": "06", "date": "1985-11-26", "name": "LUGO AEROPUERTO", "gust": null, "tmax": "8,6", "longitude": 72727}, {"code": "1505", "hourtmin": "23:59", "hourgust": null, "hourtmax": "13:30", "sun": "6,7", "altitude": "445", "prec": "0,0", "latitude": 430641, "hourpresmax": "24", "province": "LUGO", "tmed": "3,4", "tmin": "-2,8", "avgspeed": "2,5", "presmax": "964,1", "presmin": "952,7", "hourpresmin": "00", "date": "1985-11-27", "name": "LUGO AEROPUERTO", "gust": null, "tmax": "9,5", "longitude": 72727}, {"code": "1505", "hourtmin": "06:30", "hourgust": null, "hourtmax": "15:00", "sun": "3,3", "altitude": "445", "prec": "7,8", "latitude": 430641, "hourpresmax": "12", "province": "LUGO", "tmed": "2,0", "tmin": "-5,5", "avgspeed": "0,6", "presmax": "966,3", "presmin": "963,3", "hourpresmin": "24", "date": "1985-11-28", "name": "LUGO AEROPUERTO", "gust": null, "tmax": "9,5", "longitude": 72727}, {"code": "1505", "hourtmin": "00:00", "hourgust": null, "hourtmax": "14:00", "sun": "0,0", "altitude": "445", "prec": "3,4", "latitude": 430641, "hourpresmax": "00", "province": "LUGO", "tmed": "7,2", "tmin": "2,8", "avgspeed": "6,4", "presmax": "963,3", "presmin": "960,1", "hourpresmin": "24", "date": "1985-11-29", "name": "LUGO AEROPUERTO", "gust": null, "tmax": "11,6", "longitude": 72727}, {"code": "1505", "hourtmin": "02:00", "hourgust": null, "hourtmax": "14:40", "sun": "2,6", "altitude": "445", "prec": "0,2", "latitude": 430641, "hourpresmax": "21", "province": "LUGO", "tmed": "12,6", "tmin": "10,0", "avgspeed": "5,8", "presmax": "961,9", "presmin": "959,7", "hourpresmin": "Varias", "date": "1985-11-30", "name": "LUGO AEROPUERTO", "gust": null, "tmax": "15,2", "longitude": 72727}, {"code": "1505", "hourtmin": "07:00", "hourgust": null, "hourtmax": "12:50", "sun": "0,5", "altitude": "445", "prec": "0,0", "latitude": 430641, "hourpresmax": "24", "province": "LUGO", "tmed": "15,7", "tmin": "14,4", "avgspeed": "6,7", "presmax": "964,6", "presmin": "957,2", "hourpresmin": "18", "date": "1985-12-01", "name": "LUGO AEROPUERTO", "gust": null, "tmax": "17,0", "longitude": 72727}, {"code": "1505", "hourtmin": "01:00", "hourgust": null, "hourtmax": "13:05", "sun": "5,0", "altitude": "445", "prec": "0,0", "latitude": 430641, "hourpresmax": "24", "province": "LUGO", "tmed": "19,7", "tmin": "16,0", "avgspeed": "8,3", "presmax": "965,0", "presmin": "962,3", "hourpresmin": "15", "date": "1985-12-02", "name": "LUGO AEROPUERTO", "gust": null, "tmax": "23,4", "longitude": 72727}, {"code": "1505", "hourtmin": "21:30", "hourgust": null, "hourtmax": "05:15", "sun": "0,0", "altitude": "445", "prec": "0,9", "latitude": 430641, "hourpresmax": "12", "province": "LUGO", "tmed": "14,1", "tmin": "10,8", "avgspeed": "5,3", "presmax": "967,0", "presmin": "964,3", "hourpresmin": "03", "date": "1985-12-03", "name": "LUGO AEROPUERTO", "gust": null, "tmax": "17,4", "longitude": 72727}, {"code": "1505", "hourtmin": "23:59", "hourgust": null, "hourtmax": "14:30", "sun": "2,5", "altitude": "445", "prec": "17,1", "latitude": 430641, "hourpresmax": "00", "province": "LUGO", "tmed": "14,7", "tmin": "8,8", "avgspeed": "3,9", "presmax": "965,4", "presmin": "955,8", "hourpresmin": "21", "date": "1985-12-04", "name": "LUGO AEROPUERTO", "gust": null, "tmax": "20,6", "longitude": 72727}, {"code": "1505", "hourtmin": "23:30", "hourgust": null, "hourtmax": "13:15", "sun": "1,2", "altitude": "445", "prec": "3,6", "latitude": 430641, "hourpresmax": "24", "province": "LUGO", "tmed": "8,9", "tmin": "6,6", "avgspeed": "3,1", "presmax": "969,2", "presmin": "953,5", "hourpresmin": "06", "date": "1985-12-05", "name": "LUGO AEROPUERTO", "gust": null, "tmax": "11,2", "longitude": 72727}, {"code": "1505", "hourtmin": "06:00", "hourgust": null, "hourtmax": "13:15", "sun": "0,8", "altitude": "445", "prec": "0,5", "latitude": 430641, "hourpresmax": "12", "province": "LUGO", "tmed": "9,7", "tmin": "6,6", "avgspeed": "4,7", "presmax": "971,3", "presmin": "968,2", "hourpresmin": "24", "date": "1985-12-06", "name": "LUGO AEROPUERTO", "gust": null, "tmax": "12,8", "longitude": 72727}, {"code": "1505", "hourtmin": "23:59", "hourgust": null, "hourtmax": "Varias", "sun": "0,1", "altitude": "445", "prec": "8,9", "latitude": 430641, "hourpresmax": "00", "province": "LUGO", "tmed": "8,8", "tmin": "7,2", "avgspeed": "3,3", "presmax": "968,2", "presmin": "961,9", "hourpresmin": "Varias", "date": "1985-12-07", "name": "LUGO AEROPUERTO", "gust": null, "tmax": "10,4", "longitude": 72727}, {"code": "1505", "hourtmin": "23:59", "hourgust": null, "hourtmax": "00:00", "sun": "4,1", "altitude": "445", "prec": "4,3", "latitude": 430641, "hourpresmax": "24", "province": "LUGO", "tmed": "4,9", "tmin": "2,6", "avgspeed": "3,1", "presmax": "966,6", "presmin": "960,7", "hourpresmin": "06", "date": "1985-12-08", "name": "LUGO AEROPUERTO", "gust": null, "tmax": "7,2", "longitude": 72727}, {"code": "1505", "hourtmin": "09:00", "hourgust": null, "hourtmax": "10:00", "sun": "0,3", "altitude": "445", "prec": "0,6", "latitude": 430641, "hourpresmax": "11", "province": "LUGO", "tmed": "3,3", "tmin": "-1,4", "avgspeed": "0,3", "presmax": "968,5", "presmin": "966,6", "hourpresmin": "00", "date": "1985-12-09", "name": "LUGO AEROPUERTO", "gust": null, "tmax": "8,0", "longitude": 72727}, {"code": "1505", "hourtmin": "Varias", "hourgust": null, "hourtmax": "15:30", "sun": "0,3", "altitude": "445", "prec": "2,3", "latitude": 430641, "hourpresmax": "24", "province": "LUGO", "tmed": "8,5", "tmin": "6,0", "avgspeed": "3,9", "presmax": "969,2", "presmin": "965,2", "hourpresmin": "Varias", "date": "1985-12-10", "name": "LUGO AEROPUERTO", "gust": null, "tmax": "11,0", "longitude": 72727}, {"code": "1505", "hourtmin": "23:59", "hourgust": null, "hourtmax": "14:00", "sun": "5,8", "altitude": "445", "prec": "0,0", "latitude": 430641, "hourpresmax": "24", "province": "LUGO", "tmed": "6,8", "tmin": "1,0", "avgspeed": "0,3", "presmax": "975,5", "presmin": "969,2", "hourpresmin": "00", "date": "1985-12-11", "name": "LUGO AEROPUERTO", "gust": null, "tmax": "12,6", "longitude": 72727}, {"code": "1505", "hourtmin": "03:00", "hourgust": null, "hourtmax": "14:45", "sun": "3,3", "altitude": "445", "prec": "0,0", "latitude": 430641, "hourpresmax": "24", "province": "LUGO", "tmed": "4,8", "tmin": "-0,2", "avgspeed": "0,3", "presmax": "979,5", "presmin": "975,5", "hourpresmin": "00", "date": "1985-12-12", "name": "LUGO AEROPUERTO", "gust": null, "tmax": "9,8", "longitude": 72727}, {"code": "1505", "hourtmin": "09:00", "hourgust": null, "hourtmax": "16:00", "sun": "0,0", "altitude": "445", "prec": "0,0", "latitude": 430641, "hourpresmax": "Varias", "province": "LUGO", "tmed": "1,5", "tmin": "-2,2", "avgspeed": "0,0", "presmax": "980,3", "presmin": "977,4", "hourpresmin": "24", "date": "1985-12-13", "name": "LUGO AEROPUERTO", "gust": null, "tmax": "5,2", "longitude": 72727}, {"code": "1505", "hourtmin": "07:30", "hourgust": null, "hourtmax": "14:30", "sun": "1,1", "altitude": "445", "prec": "0,0", "latitude": 430641, "hourpresmax": "00", "province": "LUGO", "tmed": "1,9", "tmin": "-2,6", "avgspeed": "0,3", "presmax": "977,4", "presmin": "974,6", "hourpresmin": "16", "date": "1985-12-14", "name": "LUGO AEROPUERTO", "gust": null, "tmax": "6,4", "longitude": 72727}, {"code": "1505", "hourtmin": "02:00", "hourgust": null, "hourtmax": "15:15", "sun": "6,5", "altitude": "445", "prec": "0,0", "latitude": 430641, "hourpresmax": "23", "province": "LUGO", "tmed": "4,7", "tmin": "-3,2", "avgspeed": "0,3", "presmax": "978,0", "presmin": "975,7", "hourpresmin": "00", "date": "1985-12-15", "name": "LUGO AEROPUERTO", "gust": null, "tmax": "12,6", "longitude": 72727}, {"code": "1505", "hourtmin": "09:00", "hourgust": null, "hourtmax": "15:15", "sun": "6,7", "altitude": "445", "prec": "0,0", "latitude": 430641, "hourpresmax": "12", "province": "LUGO", "tmed": "5,6", "tmin": "-2,8", "avgspeed": "1,1", "presmax": "979,4", "presmin": "977,8", "hourpresmin": "Varias", "date": "1985-12-16", "name": "LUGO AEROPUERTO", "gust": null, "tmax": "14,0", "longitude": 72727}, {"code": "1505", "hourtmin": "07:00", "hourgust": null, "hourtmax": "16:00", "sun": "4,3", "altitude": "445", "prec": "0,0", "latitude": 430641, "hourpresmax": "00", "province": "LUGO", "tmed": "3,3", "tmin": "-3,4", "avgspeed": "0,0", "presmax": "977,8", "presmin": "974,4", "hourpresmin": "18", "date": "1985-12-17", "name": "LUGO AEROPUERTO", "gust": null, "tmax": "10,0", "longitude": 72727}, {"code": "1505", "hourtmin": "06:00", "hourgust": null, "hourtmax": "15:30", "sun": "0,0", "altitude": "445", "prec": "0,1", "latitude": 430641, "hourpresmax": "00", "province": "LUGO", "tmed": "4,7", "tmin": "-2,0", "avgspeed": "1,7", "presmax": "974,7", "presmin": "972,6", "hourpresmin": "Varias", "date": "1985-12-18", "name": "LUGO AEROPUERTO", "gust": null, "tmax": "11,4", "longitude": 72727}, {"code": "1505", "hourtmin": "23:59", "hourgust": null, "hourtmax": "13:30", "sun": "4,4", "altitude": "445", "prec": "0,0", "latitude": 430641, "hourpresmax": "24", "province": "LUGO", "tmed": "8,0", "tmin": "2,6", "avgspeed": "3,1", "presmax": "972,9", "presmin": "971,7", "hourpresmin": "15", "date": "1985-12-19", "name": "LUGO AEROPUERTO", "gust": null, "tmax": "13,4", "longitude": 72727}, {"code": "1505", "hourtmin": "08:30", "hourgust": null, "hourtmax": "15:00", "sun": "3,8", "altitude": "445", "prec": "0,0", "latitude": 430641, "hourpresmax": "12", "province": "LUGO", "tmed": "5,0", "tmin": "-1,0", "avgspeed": "1,1", "presmax": "974,6", "presmin": "972,6", "hourpresmin": "21", "date": "1985-12-20", "name": "LUGO AEROPUERTO", "gust": null, "tmax": "11,0", "longitude": 72727}, {"code": "1505", "hourtmin": "06:00", "hourgust": null, "hourtmax": "14:15", "sun": "4,8", "altitude": "445", "prec": "9,8", "latitude": 430641, "hourpresmax": "00", "province": "LUGO", "tmed": "7,0", "tmin": "2,0", "avgspeed": "5,6", "presmax": "973,9", "presmin": "961,2", "hourpresmin": "24", "date": "1985-12-21", "name": "LUGO AEROPUERTO", "gust": null, "tmax": "12,0", "longitude": 72727}, {"code": "1505", "hourtmin": "18:30", "hourgust": null, "hourtmax": "03:00", "sun": "0,3", "altitude": "445", "prec": "8,0", "latitude": 430641, "hourpresmax": "24", "province": "LUGO", "tmed": "7,2", "tmin": "3,4", "avgspeed": "6,9", "presmax": "966,7", "presmin": "957,8", "hourpresmin": "06", "date": "1985-12-22", "name": "LUGO AEROPUERTO", "gust": null, "tmax": "11,0", "longitude": 72727}, {"code": "1505", "hourtmin": "03:35", "hourgust": null, "hourtmax": "23:15", "sun": "0,9", "altitude": "445", "prec": "13,7", "latitude": 430641, "hourpresmax": "06", "province": "LUGO", "tmed": "7,9", "tmin": "3,4", "avgspeed": "7,2", "presmax": "969,0", "presmin": "960,3", "hourpresmin": "24", "date": "1985-12-23", "name": "LUGO AEROPUERTO", "gust": null, "tmax": "12,4", "longitude": 72727}, {"code": "1505", "hourtmin": "23:59", "hourgust": null, "hourtmax": "01:40", "sun": "0,0", "altitude": "445", "prec": "20,0", "latitude": 430641, "hourpresmax": "03", "province": "LUGO", "tmed": "11,6", "tmin": "8,6", "avgspeed": "4,4", "presmax": "960,7", "presmin": "956,9", "hourpresmin": "17", "date": "1985-12-24", "name": "LUGO AEROPUERTO", "gust": null, "tmax": "14,6", "longitude": 72727}, {"code": "1505", "hourtmin": "23:00", "hourgust": null, "hourtmax": "00:00", "sun": "0,0", "altitude": "445", "prec": "20,0", "latitude": 430641, "hourpresmax": "24", "province": "LUGO", "tmed": "5,9", "tmin": "3,2", "avgspeed": "7,2", "presmax": "957,8", "presmin": "953,8", "hourpresmin": "Varias", "date": "1985-12-25", "name": "LUGO AEROPUERTO", "gust": null, "tmax": "8,6", "longitude": 72727}, {"code": "1505", "hourtmin": "10:00", "hourgust": null, "hourtmax": "12:45", "sun": "0,7", "altitude": "445", "prec": "19,0", "latitude": 430641, "hourpresmax": "Varias", "province": "LUGO", "tmed": "5,8", "tmin": "3,6", "avgspeed": "5,3", "presmax": "957,8", "presmin": "955,0", "hourpresmin": "24", "date": "1985-12-26", "name": "LUGO AEROPUERTO", "gust": null, "tmax": "8,0", "longitude": 72727}, {"code": "1505", "hourtmin": "08:00", "hourgust": null, "hourtmax": "14:00", "sun": "0,0", "altitude": "445", "prec": "4,5", "latitude": 430641, "hourpresmax": "00", "province": "LUGO", "tmed": "5,4", "tmin": "3,6", "avgspeed": "0,8", "presmax": "955,0", "presmin": "947,7", "hourpresmin": "24", "date": "1985-12-27", "name": "LUGO AEROPUERTO", "gust": null, "tmax": "7,2", "longitude": 72727}, {"code": "1505", "hourtmin": "22:00", "hourgust": null, "hourtmax": "14:00", "sun": "0,0", "altitude": "445", "prec": "3,1", "latitude": 430641, "hourpresmax": "24", "province": "LUGO", "tmed": "4,1", "tmin": "1,2", "avgspeed": "0,3", "presmax": "951,1", "presmin": "945,3", "hourpresmin": "Varias", "date": "1985-12-28", "name": "LUGO AEROPUERTO", "gust": null, "tmax": "7,0", "longitude": 72727}, {"code": "1505", "hourtmin": "02:00", "hourgust": null, "hourtmax": "14:00", "sun": "7,2", "altitude": "445", "prec": "0,0", "latitude": 430641, "hourpresmax": "24", "province": "LUGO", "tmed": "3,6", "tmin": "0,2", "avgspeed": "5,0", "presmax": "957,8", "presmin": "951,1", "hourpresmin": "00", "date": "1985-12-29", "name": "LUGO AEROPUERTO", "gust": null, "tmax": "7,0", "longitude": 72727}, {"code": "1505", "hourtmin": "09:00", "hourgust": null, "hourtmax": "15:00", "sun": "8,3", "altitude": "445", "prec": "4,5", "latitude": 430641, "hourpresmax": "11", "province": "LUGO", "tmed": "2,7", "tmin": "-1,4", "avgspeed": "1,7", "presmax": "962,3", "presmin": "957,8", "hourpresmin": "Varias", "date": "1985-12-30", "name": "LUGO AEROPUERTO", "gust": null, "tmax": "6,8", "longitude": 72727}, {"code": "1505", "hourtmin": "00:00", "hourgust": null, "hourtmax": "14:00", "sun": "0,0", "altitude": "445", "prec": "10,9", "latitude": 430641, "hourpresmax": "21", "province": "LUGO", "tmed": "4,5", "tmin": "2,0", "avgspeed": "3,9", "presmax": "961,6", "presmin": "955,1", "hourpresmin": "Varias", "date": "1985-12-31", "name": "LUGO AEROPUERTO", "gust": null, "tmax": "7,0", "longitude": 72727}]