[{"province": "LUGO", "hourtmax": null, "presmin": null, "code": "1505", "name": "LUGO AEROPUERTO", "presmax": null, "gust": null, "altitude": "445", "longitude": 72727, "hourpresmax": null, "date": "2002-07-01", "hourpresmin": null, "hourtmin": null, "avgspeed": "2,8", "latitude": 430641, "sun": null, "hourgust": null}, {"province": "LUGO", "hourtmax": null, "presmin": null, "code": "1505", "name": "LUGO AEROPUERTO", "presmax": null, "gust": null, "altitude": "445", "longitude": 72727, "hourpresmax": null, "date": "2002-07-02", "hourpresmin": null, "hourtmin": null, "avgspeed": "3,1", "latitude": 430641, "sun": null, "hourgust": null}, {"province": "LUGO", "hourtmax": null, "presmin": null, "code": "1505", "name": "LUGO AEROPUERTO", "presmax": null, "gust": null, "altitude": "445", "longitude": 72727, "hourpresmax": null, "date": "2002-07-03", "hourpresmin": null, "hourtmin": null, "avgspeed": "3,3", "latitude": 430641, "sun": null, "hourgust": null}, {"province": "LUGO", "hourtmax": null, "presmin": null, "code": "1505", "name": "LUGO AEROPUERTO", "presmax": null, "gust": null, "altitude": "445", "longitude": 72727, "hourpresmax": null, "date": "2002-07-04", "hourpresmin": null, "hourtmin": null, "avgspeed": "2,8", "latitude": 430641, "sun": null, "hourgust": null}, {"province": "LUGO", "hourtmax": null, "presmin": null, "code": "1505", "name": "LUGO AEROPUERTO", "presmax": null, "gust": null, "altitude": "445", "longitude": 72727, "hourpresmax": null, "date": "2002-07-05", "hourpresmin": null, "hourtmin": null, "avgspeed": "3,9", "latitude": 430641, "sun": null, "hourgust": null}, {"province": "LUGO", "hourtmax": null, "presmin": null, "code": "1505", "name": "LUGO AEROPUERTO", "presmax": null, "gust": null, "altitude": "445", "longitude": 72727, "hourpresmax": null, "date": "2002-07-06", "hourpresmin": null, "hourtmin": null, "avgspeed": "1,9", "latitude": 430641, "sun": null, "hourgust": null}, {"province": "LUGO", "hourtmax": null, "presmin": null, "code": "1505", "name": "LUGO AEROPUERTO", "presmax": null, "gust": null, "altitude": "445", "longitude": 72727, "hourpresmax": null, "date": "2002-07-07", "hourpresmin": null, "hourtmin": null, "avgspeed": "1,9", "latitude": 430641, "sun": null, "hourgust": null}, {"province": "LUGO", "hourtmax": null, "presmin": null, "code": "1505", "name": "LUGO AEROPUERTO", "presmax": null, "gust": null, "altitude": "445", "longitude": 72727, "hourpresmax": null, "date": "2002-07-08", "hourpresmin": null, "hourtmin": null, "avgspeed": "3,1", "latitude": 430641, "sun": null, "hourgust": null}, {"province": "LUGO", "hourtmax": null, "presmin": null, "code": "1505", "name": "LUGO AEROPUERTO", "presmax": null, "gust": null, "altitude": "445", "longitude": 72727, "hourpresmax": null, "date": "2002-07-09", "hourpresmin": null, "hourtmin": null, "avgspeed": "2,5", "latitude": 430641, "sun": null, "hourgust": null}, {"province": "LUGO", "hourtmax": null, "presmin": null, "code": "1505", "name": "LUGO AEROPUERTO", "presmax": null, "gust": null, "altitude": "445", "longitude": 72727, "hourpresmax": null, "date": "2002-07-10", "hourpresmin": null, "hourtmin": null, "avgspeed": "2,8", "latitude": 430641, "sun": null, "hourgust": null}, {"province": "LUGO", "hourtmax": null, "presmin": null, "code": "1505", "name": "LUGO AEROPUERTO", "presmax": null, "gust": null, "altitude": "445", "longitude": 72727, "hourpresmax": null, "date": "2002-07-11", "hourpresmin": null, "hourtmin": null, "avgspeed": "2,2", "latitude": 430641, "sun": null, "hourgust": null}, {"province": "LUGO", "hourtmax": null, "presmin": null, "code": "1505", "name": "LUGO AEROPUERTO", "presmax": null, "gust": null, "altitude": "445", "longitude": 72727, "hourpresmax": null, "date": "2002-07-12", "hourpresmin": null, "hourtmin": null, "avgspeed": "3,1", "latitude": 430641, "sun": null, "hourgust": null}, {"province": "LUGO", "hourtmax": null, "presmin": null, "code": "1505", "name": "LUGO AEROPUERTO", "presmax": null, "gust": null, "altitude": "445", "longitude": 72727, "hourpresmax": null, "date": "2002-07-13", "hourpresmin": null, "hourtmin": null, "avgspeed": "3,1", "latitude": 430641, "sun": null, "hourgust": null}, {"province": "LUGO", "hourtmax": null, "presmin": null, "code": "1505", "name": "LUGO AEROPUERTO", "presmax": null, "gust": null, "altitude": "445", "longitude": 72727, "hourpresmax": null, "date": "2002-07-14", "hourpresmin": null, "hourtmin": null, "avgspeed": "3,3", "latitude": 430641, "sun": null, "hourgust": null}, {"province": "LUGO", "hourtmax": null, "presmin": null, "code": "1505", "name": "LUGO AEROPUERTO", "presmax": null, "gust": null, "altitude": "445", "longitude": 72727, "hourpresmax": null, "date": "2002-07-15", "hourpresmin": null, "hourtmin": null, "avgspeed": "3,1", "latitude": 430641, "sun": null, "hourgust": null}, {"province": "LUGO", "hourtmax": null, "presmin": null, "code": "1505", "name": "LUGO AEROPUERTO", "presmax": null, "gust": null, "altitude": "445", "longitude": 72727, "hourpresmax": null, "date": "2002-07-16", "hourpresmin": null, "hourtmin": null, "avgspeed": "2,5", "latitude": 430641, "sun": null, "hourgust": null}, {"province": "LUGO", "hourtmax": null, "presmin": null, "code": "1505", "name": "LUGO AEROPUERTO", "presmax": null, "gust": null, "altitude": "445", "longitude": 72727, "hourpresmax": null, "date": "2002-07-17", "hourpresmin": null, "hourtmin": null, "avgspeed": "2,5", "latitude": 430641, "sun": null, "hourgust": null}, {"province": "LUGO", "hourtmax": null, "presmin": null, "code": "1505", "name": "LUGO AEROPUERTO", "presmax": null, "gust": null, "altitude": "445", "longitude": 72727, "hourpresmax": null, "date": "2002-07-18", "hourpresmin": null, "hourtmin": null, "avgspeed": "1,9", "latitude": 430641, "sun": null, "hourgust": null}, {"province": "LUGO", "hourtmax": null, "presmin": null, "code": "1505", "name": "LUGO AEROPUERTO", "presmax": null, "gust": null, "altitude": "445", "longitude": 72727, "hourpresmax": null, "date": "2002-07-19", "hourpresmin": null, "hourtmin": null, "avgspeed": "2,2", "latitude": 430641, "sun": null, "hourgust": null}, {"province": "LUGO", "hourtmax": null, "presmin": null, "code": "1505", "name": "LUGO AEROPUERTO", "presmax": null, "gust": null, "altitude": "445", "longitude": 72727, "hourpresmax": null, "date": "2002-07-20", "hourpresmin": null, "hourtmin": null, "avgspeed": "2,5", "latitude": 430641, "sun": null, "hourgust": null}, {"code": "1505", "hourtmin": "Varias", "hourgust": "17:55", "hourtmax": "15:45", "sun": "9,3", "altitude": "445", "prec": "Ip", "latitude": 430641, "hourpresmax": "09", "province": "LUGO", "tmed": "12,4", "tmin": "3,5", "avgspeed": "1,1", "presmax": "966,9", "presmin": "964,6", "hourpresmin": "18", "date": "2002-08-01", "name": "LUGO AEROPUERTO", "tmax": "21,3", "longitude": 72727, "gust": "6,1", "dir": "33"}, {"code": "1505", "hourtmin": "02:50", "hourgust": "Varias", "hourtmax": "17:10", "sun": null, "altitude": "445", "prec": "0,2", "latitude": 430641, "hourpresmax": "00", "province": "LUGO", "tmed": "12,8", "tmin": "5,2", "avgspeed": "0,8", "presmax": "965,8", "presmin": "963,8", "hourpresmin": "Varias", "date": "2002-08-02", "name": "LUGO AEROPUERTO", "gust": "5,3", "tmax": "20,5", "longitude": 72727, "dir": "99"}, {"code": "1505", "hourtmin": "23:30", "hourgust": "18:20", "hourtmax": "15:00", "sun": null, "altitude": "445", "prec": "0,0", "latitude": 430641, "hourpresmax": "22", "province": "LUGO", "tmed": "17,3", "tmin": "11,4", "avgspeed": "1,1", "presmax": "965,0", "presmin": "963,4", "hourpresmin": "05", "date": "2002-08-03", "name": "LUGO AEROPUERTO", "gust": "5,6", "tmax": "23,2", "longitude": 72727, "dir": "33"}, {"code": "1505", "hourtmin": "06:20", "hourgust": "17:10", "hourtmax": "16:45", "sun": null, "altitude": "445", "prec": "0,0", "latitude": 430641, "hourpresmax": "10", "province": "LUGO", "tmed": "17,8", "tmin": "10,7", "avgspeed": "1,9", "presmax": "965,0", "presmin": "963,7", "hourpresmin": "Varias", "date": "2002-08-04", "name": "LUGO AEROPUERTO", "gust": "6,9", "tmax": "24,8", "longitude": 72727, "dir": "03"}, {"code": "1505", "hourtmin": "23:55", "hourgust": null, "hourtmax": "16:20", "sun": "1,3", "altitude": "445", "prec": "0,0", "latitude": 430641, "hourpresmax": "24", "province": "LUGO", "tmed": "15,4", "tmin": "9,8", "avgspeed": "1,4", "presmax": "968,9", "presmin": "963,7", "hourpresmin": "Varias", "date": "2002-08-05", "name": "LUGO AEROPUERTO", "gust": null, "tmax": "21,1", "longitude": 72727}, {"code": "1505", "hourtmin": "01:00", "hourgust": "19:55", "hourtmax": "13:50", "sun": "4,8", "altitude": "445", "prec": "0,0", "latitude": 430641, "hourpresmax": "Varias", "province": "LUGO", "tmed": "16,2", "tmin": "9,9", "avgspeed": "1,7", "presmax": "972,2", "presmin": "968,9", "hourpresmin": "00", "date": "2002-08-06", "name": "LUGO AEROPUERTO", "tmax": "22,4", "longitude": 72727, "gust": "8,1", "dir": "04"}, {"code": "1505", "hourtmin": "00:00", "hourgust": "Varias", "hourtmax": "13:10", "sun": "8,0", "altitude": "445", "prec": "Ip", "latitude": 430641, "hourpresmax": "00", "province": "LUGO", "tmed": "17,4", "tmin": "12,1", "avgspeed": "2,5", "presmax": "971,9", "presmin": "970,2", "hourpresmin": "17", "date": "2002-08-07", "name": "LUGO AEROPUERTO", "tmax": "22,8", "longitude": 72727, "gust": "9,4", "dir": "03"}, {"code": "1505", "hourtmin": "01:50", "hourgust": "12:00", "hourtmax": "14:55", "sun": "6,0", "altitude": "445", "prec": "0,6", "latitude": 430641, "hourpresmax": "00", "province": "LUGO", "tmed": "15,6", "tmin": "10,1", "avgspeed": "1,9", "presmax": "970,3", "presmin": "968,2", "hourpresmin": "24", "date": "2002-08-08", "name": "LUGO AEROPUERTO", "tmax": "21,0", "longitude": 72727, "gust": "7,8", "dir": "03"}, {"code": "1505", "hourtmin": "00:45", "hourgust": "13:30", "hourtmax": "15:30", "sun": null, "altitude": "445", "prec": "7,0", "latitude": 430641, "hourpresmax": "00", "province": "LUGO", "tmed": "13,8", "tmin": "10,4", "avgspeed": "1,4", "presmax": "968,2", "presmin": "961,4", "hourpresmin": "24", "date": "2002-08-09", "name": "LUGO AEROPUERTO", "gust": "5,6", "tmax": "17,2", "longitude": 72727, "dir": "31"}, {"code": "1505", "hourtmin": "23:59", "hourgust": "17:50", "hourtmax": "14:50", "sun": null, "altitude": "445", "prec": "1,5", "latitude": 430641, "hourpresmax": "24", "province": "LUGO", "tmed": "14,4", "tmin": "8,0", "avgspeed": "1,4", "presmax": "967,9", "presmin": "959,7", "hourpresmin": "05", "date": "2002-08-10", "name": "LUGO AEROPUERTO", "gust": "7,5", "tmax": "20,8", "longitude": 72727, "dir": "02"}, {"code": "1505", "hourtmin": "05:30", "hourgust": "16:00", "hourtmax": "14:40", "sun": null, "altitude": "445", "prec": "0,0", "latitude": 430641, "hourpresmax": "21", "province": "LUGO", "tmed": "16,0", "tmin": "6,6", "avgspeed": "0,8", "presmax": "969,9", "presmin": "967,9", "hourpresmin": "Varias", "date": "2002-08-11", "name": "LUGO AEROPUERTO", "gust": "6,1", "tmax": "25,4", "longitude": 72727, "dir": "31"}, {"code": "1505", "hourtmin": "23:59", "hourgust": "16:40", "hourtmax": "12:50", "sun": "11,2", "altitude": "445", "prec": "0,0", "latitude": 430641, "hourpresmax": "Varias", "province": "LUGO", "tmed": "17,7", "tmin": "12,9", "avgspeed": "3,1", "presmax": "969,9", "presmin": "968,9", "hourpresmin": "Varias", "date": "2002-08-12", "name": "LUGO AEROPUERTO", "tmax": "22,5", "longitude": 72727, "gust": "11,4", "dir": "03"}, {"code": "1505", "hourtmin": "05:30", "hourgust": "17:20", "hourtmax": "15:00", "sun": "12,2", "altitude": "445", "prec": "0,0", "latitude": 430641, "hourpresmax": "00", "province": "LUGO", "tmed": "19,2", "tmin": "10,9", "avgspeed": "1,1", "presmax": "968,9", "presmin": "965,3", "hourpresmin": "15", "date": "2002-08-13", "name": "LUGO AEROPUERTO", "tmax": "27,5", "longitude": 72727, "gust": "6,4", "dir": "02"}, {"code": "1505", "hourtmin": "06:30", "hourgust": "17:30", "hourtmax": "15:20", "sun": "9,6", "altitude": "445", "prec": "0,0", "latitude": 430641, "hourpresmax": "24", "province": "LUGO", "tmed": "22,2", "tmin": "11,3", "avgspeed": "1,1", "presmax": "966,6", "presmin": "963,7", "hourpresmin": "17", "date": "2002-08-14", "name": "LUGO AEROPUERTO", "tmax": "33,1", "longitude": 72727, "gust": "7,2", "dir": "03"}, {"code": "1505", "hourtmin": "23:59", "hourgust": "16:10", "hourtmax": "14:10", "sun": "8,9", "altitude": "445", "prec": "0,0", "latitude": 430641, "hourpresmax": "Varias", "province": "LUGO", "tmed": "20,0", "tmin": "12,6", "avgspeed": "1,1", "presmax": "968,5", "presmin": "966,6", "hourpresmin": "00", "date": "2002-08-15", "name": "LUGO AEROPUERTO", "tmax": "27,4", "longitude": 72727, "gust": "7,5", "dir": "01"}, {"code": "1505", "hourtmin": "00:00", "hourgust": "12:10", "hourtmax": "15:20", "sun": "7,7", "altitude": "445", "prec": "0,0", "latitude": 430641, "hourpresmax": "00", "province": "LUGO", "tmed": "20,2", "tmin": "12,7", "avgspeed": "1,1", "presmax": "968,5", "presmin": "964,5", "hourpresmin": "Varias", "date": "2002-08-16", "name": "LUGO AEROPUERTO", "tmax": "27,8", "longitude": 72727, "gust": "6,1", "dir": "16"}, {"code": "1505", "hourtmin": "05:50", "hourgust": "14:20", "hourtmax": "Varias", "sun": null, "altitude": "445", "prec": "0,0", "latitude": 430641, "hourpresmax": "00", "province": "LUGO", "tmed": "19,5", "tmin": "9,5", "avgspeed": "1,1", "presmax": "965,7", "presmin": "961,0", "hourpresmin": "15", "date": "2002-08-17", "name": "LUGO AEROPUERTO", "gust": "6,4", "tmax": "29,5", "longitude": 72727, "dir": "32"}, {"code": "1505", "hourtmin": "03:00", "hourgust": "Varias", "hourtmax": "15:20", "sun": null, "altitude": "445", "prec": "1,3", "latitude": 430641, "hourpresmax": "22", "province": "LUGO", "tmed": "18,7", "tmin": "13,1", "avgspeed": "0,8", "presmax": "963,7", "presmin": "961,1", "hourpresmin": "05", "date": "2002-08-18", "name": "LUGO AEROPUERTO", "gust": "6,1", "tmax": "24,3", "longitude": 72727, "dir": "34"}, {"code": "1505", "hourtmin": "21:50", "hourgust": "01:00", "hourtmax": "12:45", "sun": null, "altitude": "445", "prec": "0,3", "latitude": 430641, "hourpresmax": "24", "province": "LUGO", "tmed": "18,4", "tmin": "13,7", "avgspeed": "0,0", "presmax": "966,1", "presmin": "962,3", "hourpresmin": "Varias", "date": "2002-08-19", "name": "LUGO AEROPUERTO", "gust": "5,0", "tmax": "23,0", "longitude": 72727, "dir": "03"}, {"code": "1505", "hourtmin": "00:00", "hourgust": "13:30", "hourtmax": "14:30", "sun": "7,5", "altitude": "445", "prec": "0,0", "latitude": 430641, "hourpresmax": "21", "province": "LUGO", "tmed": "20,0", "tmin": "14,0", "avgspeed": "0,8", "presmax": "968,3", "presmin": "965,9", "hourpresmin": "Varias", "date": "2002-08-20", "name": "LUGO AEROPUERTO", "tmax": "26,0", "longitude": 72727, "gust": "5,6", "dir": "33"}, {"code": "1505", "hourtmin": "Varias", "hourgust": "17:20", "hourtmax": "14:00", "sun": "6,3", "altitude": "445", "prec": "0,0", "latitude": 430641, "hourpresmax": "00", "province": "LUGO", "tmed": "19,3", "tmin": "13,0", "avgspeed": "0,8", "presmax": "968,1", "presmin": "965,1", "hourpresmin": "Varias", "date": "2002-08-21", "name": "LUGO AEROPUERTO", "tmax": "25,6", "longitude": 72727, "gust": "6,9", "dir": "03"}, {"code": "1505", "hourtmin": "00:00", "hourgust": "17:20", "hourtmax": "Varias", "sun": "5,1", "altitude": "445", "prec": "0,0", "latitude": 430641, "hourpresmax": "00", "province": "LUGO", "tmed": "17,8", "tmin": "13,2", "avgspeed": "1,7", "presmax": "966,1", "presmin": "963,5", "hourpresmin": "18", "date": "2002-08-22", "name": "LUGO AEROPUERTO", "tmax": "22,5", "longitude": 72727, "gust": "8,6", "dir": "03"}, {"code": "1505", "hourtmin": "06:30", "hourgust": "16:30", "hourtmax": "13:15", "sun": "5,7", "altitude": "445", "prec": "0,0", "latitude": 430641, "hourpresmax": "24", "province": "LUGO", "tmed": "17,3", "tmin": "11,8", "avgspeed": "1,9", "presmax": "965,5", "presmin": "963,3", "hourpresmin": "04", "date": "2002-08-23", "name": "LUGO AEROPUERTO", "tmax": "22,8", "longitude": 72727, "gust": "11,1", "dir": "03"}, {"code": "1505", "hourtmin": "Varias", "hourgust": "15:30", "hourtmax": "14:10", "sun": null, "altitude": "445", "prec": "0,0", "latitude": 430641, "hourpresmax": "Varias", "province": "LUGO", "tmed": "18,4", "tmin": "13,9", "avgspeed": "2,8", "presmax": "968,7", "presmin": "965,1", "hourpresmin": "04", "date": "2002-08-24", "name": "LUGO AEROPUERTO", "gust": "11,7", "tmax": "23,0", "longitude": 72727, "dir": "03"}, {"code": "1505", "hourtmin": "23:59", "hourgust": "15:20", "hourtmax": "12:50", "sun": null, "altitude": "445", "prec": "0,0", "latitude": 430641, "hourpresmax": "21", "province": "LUGO", "tmed": "17,2", "tmin": "13,0", "avgspeed": "3,3", "presmax": "970,5", "presmin": "968,3", "hourpresmin": "04", "date": "2002-08-25", "name": "LUGO AEROPUERTO", "gust": "10,0", "tmax": "21,5", "longitude": 72727, "dir": "04"}, {"code": "1505", "hourtmin": "22:50", "hourgust": "13:20", "hourtmax": "12:30", "sun": "6,4", "altitude": "445", "prec": "0,0", "latitude": 430641, "hourpresmax": "24", "province": "LUGO", "tmed": "14,4", "tmin": "7,9", "avgspeed": "1,7", "presmax": "970,5", "presmin": "969,1", "hourpresmin": "05", "date": "2002-08-26", "name": "LUGO AEROPUERTO", "tmax": "21,0", "longitude": 72727, "gust": "7,5", "dir": "34"}, {"code": "1505", "hourtmin": "00:50", "hourgust": "13:50", "hourtmax": "13:15", "sun": "0,4", "altitude": "445", "prec": "3,9", "latitude": 430641, "hourpresmax": "21", "province": "LUGO", "tmed": "12,2", "tmin": "7,9", "avgspeed": "0,6", "presmax": "972,2", "presmin": "970,5", "hourpresmin": "Varias", "date": "2002-08-27", "name": "LUGO AEROPUERTO", "tmax": "16,5", "longitude": 72727, "gust": "5,8", "dir": "02"}, {"code": "1505", "hourtmin": "Varias", "hourgust": "13:50", "hourtmax": "13:30", "sun": "6,2", "altitude": "445", "prec": "0,0", "latitude": 430641, "hourpresmax": "00", "province": "LUGO", "tmed": "15,8", "tmin": "11,2", "avgspeed": "1,7", "presmax": "972,1", "presmin": "969,0", "hourpresmin": "18", "date": "2002-08-28", "name": "LUGO AEROPUERTO", "tmax": "20,5", "longitude": 72727, "gust": "12,2", "dir": "04"}, {"code": "1505", "hourtmin": "06:00", "hourgust": "16:20", "hourtmax": "13:10", "sun": "11,4", "altitude": "445", "prec": "0,0", "latitude": 430641, "hourpresmax": "10", "province": "LUGO", "tmed": "15,0", "tmin": "6,9", "avgspeed": "1,4", "presmax": "970,5", "presmin": "968,6", "hourpresmin": "Varias", "date": "2002-08-29", "name": "LUGO AEROPUERTO", "tmax": "23,2", "longitude": 72727, "gust": "8,3", "dir": "03"}, {"code": "1505", "hourtmin": "Varias", "hourgust": "17:00", "hourtmax": "15:00", "sun": "7,7", "altitude": "445", "prec": "0,0", "latitude": 430641, "hourpresmax": "Varias", "province": "LUGO", "tmed": "20,4", "tmin": "11,0", "avgspeed": "1,4", "presmax": "969,9", "presmin": "966,2", "hourpresmin": "15", "date": "2002-08-30", "name": "LUGO AEROPUERTO", "tmax": "29,8", "longitude": 72727, "gust": "9,7", "dir": "03"}, {"code": "1505", "hourtmin": "Varias", "hourgust": "Varias", "hourtmax": "Varias", "sun": "11,2", "altitude": "445", "prec": "0,0", "latitude": 430641, "hourpresmax": "24", "province": "LUGO", "tmed": "18,4", "tmin": "14,7", "avgspeed": "2,2", "presmax": "972,3", "presmin": "969,9", "hourpresmin": "00", "date": "2002-08-31", "name": "LUGO AEROPUERTO", "tmax": "22,0", "longitude": 72727, "gust": "10,8", "dir": "02"}, {"code": "1505", "hourtmin": "05:50", "hourgust": "15:30", "hourtmax": "14:00", "sun": "10,7", "altitude": "445", "prec": "0,0", "latitude": 430641, "hourpresmax": "00", "province": "LUGO", "tmed": "17,8", "tmin": "11,3", "avgspeed": "1,9", "presmax": "972,3", "presmin": "967,1", "hourpresmin": "24", "date": "2002-09-01", "name": "LUGO AEROPUERTO", "tmax": "24,2", "longitude": 72727, "gust": "10,3", "dir": "01"}, {"code": "1505", "hourtmin": "23:59", "hourgust": "13:20", "hourtmax": "14:10", "sun": "8,0", "altitude": "445", "prec": "0,0", "latitude": 430641, "hourpresmax": "00", "province": "LUGO", "tmed": "20,7", "tmin": "13,0", "avgspeed": "0,8", "presmax": "967,1", "presmin": "963,8", "hourpresmin": "16", "date": "2002-09-02", "name": "LUGO AEROPUERTO", "tmax": "28,4", "longitude": 72727, "gust": "7,8", "dir": "04"}, {"code": "1505", "hourtmin": "06:00", "hourgust": "15:40", "hourtmax": "14:45", "sun": "3,9", "altitude": "445", "prec": "0,0", "latitude": 430641, "hourpresmax": "24", "province": "LUGO", "tmed": "17,4", "tmin": "10,6", "avgspeed": "0,8", "presmax": "967,7", "presmin": "965,0", "hourpresmin": "Varias", "date": "2002-09-03", "name": "LUGO AEROPUERTO", "tmax": "24,3", "longitude": 72727, "gust": "8,9", "dir": "32"}, {"code": "1505", "hourtmin": "Varias", "hourgust": "16:35", "hourtmax": "14:05", "sun": "1,4", "altitude": "445", "prec": "1,4", "latitude": 430641, "hourpresmax": "24", "province": "LUGO", "tmed": "15,2", "tmin": "12,0", "avgspeed": "1,4", "presmax": "969,1", "presmin": "966,2", "hourpresmin": "16", "date": "2002-09-04", "name": "LUGO AEROPUERTO", "tmax": "18,5", "longitude": 72727, "gust": "7,5", "dir": "28"}, {"code": "1505", "hourtmin": "23:59", "hourgust": "16:50", "hourtmax": "15:30", "sun": "2,8", "altitude": "445", "prec": "1,1", "latitude": 430641, "hourpresmax": "11", "province": "LUGO", "tmed": "14,0", "tmin": "7,6", "avgspeed": "0,8", "presmax": "972,2", "presmin": "969,1", "hourpresmin": "00", "date": "2002-09-05", "name": "LUGO AEROPUERTO", "tmax": "20,3", "longitude": 72727, "gust": "6,1", "dir": "33"}, {"code": "1505", "hourtmin": "06:00", "hourgust": "17:40", "hourtmax": "15:10", "sun": "6,3", "altitude": "445", "prec": "0,0", "latitude": 430641, "hourpresmax": "00", "province": "LUGO", "tmed": "15,5", "tmin": "6,9", "avgspeed": "1,4", "presmax": "971,7", "presmin": "967,5", "hourpresmin": "Varias", "date": "2002-09-06", "name": "LUGO AEROPUERTO", "tmax": "24,1", "longitude": 72727, "gust": "6,7", "dir": "34"}, {"code": "1505", "hourtmin": "Varias", "hourgust": "08:10", "hourtmax": "14:45", "sun": null, "altitude": "445", "prec": "16,6", "latitude": 430641, "hourpresmax": "00", "province": "LUGO", "tmed": "14,8", "tmin": "10,7", "avgspeed": "1,4", "presmax": "967,7", "presmin": "962,5", "hourpresmin": "24", "date": "2002-09-07", "name": "LUGO AEROPUERTO", "gust": "7,2", "tmax": "19,0", "longitude": 72727, "dir": "19"}, {"code": "1505", "hourtmin": "Varias", "hourgust": "16:10", "hourtmax": "15:15", "sun": null, "altitude": "445", "prec": "6,0", "latitude": 430641, "hourpresmax": "00", "province": "LUGO", "tmed": "12,8", "tmin": "9,7", "avgspeed": "0,0", "presmax": "962,5", "presmin": "956,3", "hourpresmin": "16", "date": "2002-09-08", "name": "LUGO AEROPUERTO", "gust": "5,0", "tmax": "15,8", "longitude": 72727, "dir": "33"}, {"code": "1505", "hourtmin": "23:59", "hourgust": "09:50", "hourtmax": "14:00", "sun": "8,1", "altitude": "445", "prec": "0,1", "latitude": 430641, "hourpresmax": "24", "province": "LUGO", "tmed": "13,8", "tmin": "7,7", "avgspeed": "2,5", "presmax": "967,9", "presmin": "958,9", "hourpresmin": "00", "date": "2002-09-09", "name": "LUGO AEROPUERTO", "tmax": "19,9", "longitude": 72727, "gust": "7,8", "dir": "19"}, {"code": "1505", "hourtmin": "05:30", "hourgust": "11:50", "hourtmax": "15:20", "sun": "8,9", "altitude": "445", "prec": "0,0", "latitude": 430641, "hourpresmax": "Varias", "province": "LUGO", "tmed": "14,4", "tmin": "4,2", "avgspeed": "1,1", "presmax": "969,8", "presmin": "967,9", "hourpresmin": "00", "date": "2002-09-10", "name": "LUGO AEROPUERTO", "tmax": "24,5", "longitude": 72727, "gust": "8,1", "dir": "20"}, {"code": "1505", "hourtmin": "05:40", "hourgust": "17:00", "hourtmax": "15:40", "sun": "8,8", "altitude": "445", "prec": "Ip", "latitude": 430641, "hourpresmax": "00", "province": "LUGO", "tmed": "16,4", "tmin": "5,4", "avgspeed": "0,8", "presmax": "969,8", "presmin": "965,8", "hourpresmin": "16", "date": "2002-09-11", "name": "LUGO AEROPUERTO", "tmax": "27,4", "longitude": 72727, "gust": "6,1", "dir": "03"}, {"code": "1505", "hourtmin": "04:40", "hourgust": "16:30", "hourtmax": "Varias", "sun": "6,1", "altitude": "445", "prec": "Ip", "latitude": 430641, "hourpresmax": "Varias", "province": "LUGO", "tmed": "17,0", "tmin": "8,1", "avgspeed": "1,1", "presmax": "966,2", "presmin": "962,5", "hourpresmin": "Varias", "date": "2002-09-12", "name": "LUGO AEROPUERTO", "tmax": "25,9", "longitude": 72727, "gust": "5,6", "dir": "03"}, {"code": "1505", "hourtmin": "04:30", "hourgust": "16:30", "hourtmax": "14:30", "sun": null, "altitude": "445", "prec": "0,0", "latitude": 430641, "hourpresmax": "00", "province": "LUGO", "tmed": "17,2", "tmin": "9,0", "avgspeed": "1,1", "presmax": "963,1", "presmin": "959,8", "hourpresmin": "Varias", "date": "2002-09-13", "name": "LUGO AEROPUERTO", "gust": "6,7", "tmax": "25,5", "longitude": 72727, "dir": "02"}, {"code": "1505", "hourtmin": "Varias", "hourgust": "17:20", "hourtmax": "13:30", "sun": null, "altitude": "445", "prec": "0,0", "latitude": 430641, "hourpresmax": "Varias", "province": "LUGO", "tmed": "19,1", "tmin": "9,6", "avgspeed": "0,3", "presmax": "962,6", "presmin": "959,7", "hourpresmin": "05", "date": "2002-09-14", "name": "LUGO AEROPUERTO", "gust": "7,2", "tmax": "28,6", "longitude": 72727, "dir": "30"}, {"code": "1505", "hourtmin": "05:00", "hourgust": "17:50", "hourtmax": "11:00", "sun": null, "altitude": "445", "prec": "3,0", "latitude": 430641, "hourpresmax": "00", "province": "LUGO", "tmed": "16,2", "tmin": "10,3", "avgspeed": "1,1", "presmax": "962,5", "presmin": "960,2", "hourpresmin": "Varias", "date": "2002-09-15", "name": "LUGO AEROPUERTO", "gust": "5,3", "tmax": "22,0", "longitude": 72727, "dir": "03"}, {"code": "1505", "hourtmin": "23:59", "hourgust": "11:10", "hourtmax": "13:10", "sun": "3,4", "altitude": "445", "prec": "13,5", "latitude": 430641, "hourpresmax": "00", "province": "LUGO", "tmed": "18,9", "tmin": "14,0", "avgspeed": "0,6", "presmax": "960,5", "presmin": "956,7", "hourpresmin": "Varias", "date": "2002-09-16", "name": "LUGO AEROPUERTO", "tmax": "23,8", "longitude": 72727, "gust": "8,3", "dir": "12"}, {"code": "1505", "hourtmin": "Varias", "hourgust": "12:00", "hourtmax": "13:30", "sun": "3,6", "altitude": "445", "prec": "3,4", "latitude": 430641, "hourpresmax": "Varias", "province": "LUGO", "tmed": "18,0", "tmin": "12,4", "avgspeed": "0,6", "presmax": "957,3", "presmin": "953,7", "hourpresmin": "24", "date": "2002-09-17", "name": "LUGO AEROPUERTO", "tmax": "23,6", "longitude": 72727, "gust": "6,4", "dir": "12"}, {"code": "1505", "hourtmin": "00:00", "hourgust": "16:00", "hourtmax": "14:10", "sun": "4,0", "altitude": "445", "prec": "1,3", "latitude": 430641, "hourpresmax": "Varias", "province": "LUGO", "tmed": "18,0", "tmin": "14,0", "avgspeed": "3,1", "presmax": "959,7", "presmin": "953,3", "hourpresmin": "Varias", "date": "2002-09-18", "name": "LUGO AEROPUERTO", "tmax": "22,0", "longitude": 72727, "gust": "10,3", "dir": "20"}, {"code": "1505", "hourtmin": "23:30", "hourgust": "09:30", "hourtmax": "14:30", "sun": "8,6", "altitude": "445", "prec": "4,3", "latitude": 430641, "hourpresmax": "22", "province": "LUGO", "tmed": "19,1", "tmin": "13,2", "avgspeed": "1,9", "presmax": "962,6", "presmin": "959,7", "hourpresmin": "00", "date": "2002-09-19", "name": "LUGO AEROPUERTO", "tmax": "25,0", "longitude": 72727, "gust": "9,2", "dir": "16"}, {"code": "1505", "hourtmin": "00:00", "hourgust": "15:20", "hourtmax": "15:00", "sun": "3,9", "altitude": "445", "prec": "4,3", "latitude": 430641, "hourpresmax": "22", "province": "LUGO", "tmed": "18,3", "tmin": "13,4", "avgspeed": "0,6", "presmax": "964,2", "presmin": "962,2", "hourpresmin": "06", "date": "2002-09-20", "name": "LUGO AEROPUERTO", "tmax": "23,2", "longitude": 72727, "gust": "6,7", "dir": "13"}, {"code": "1505", "hourtmin": "03:15", "hourgust": "12:40", "hourtmax": "Varias", "sun": null, "altitude": "445", "prec": "3,9", "latitude": 430641, "hourpresmax": "00", "province": "LUGO", "tmed": "17,4", "tmin": "13,2", "avgspeed": "0,6", "presmax": "963,3", "presmin": "960,7", "hourpresmin": "16", "date": "2002-09-21", "name": "LUGO AEROPUERTO", "gust": "5,0", "tmax": "21,5", "longitude": 72727, "dir": "16"}, {"code": "1505", "hourtmin": "Varias", "hourgust": "14:20", "hourtmax": "Varias", "sun": null, "altitude": "445", "prec": "0,1", "latitude": 430641, "hourpresmax": "Varias", "province": "LUGO", "tmed": "16,4", "tmin": "13,0", "avgspeed": "1,1", "presmax": "962,7", "presmin": "961,3", "hourpresmin": "Varias", "date": "2002-09-22", "name": "LUGO AEROPUERTO", "gust": "8,3", "tmax": "19,7", "longitude": 72727, "dir": "04"}, {"code": "1505", "hourtmin": "23:59", "hourgust": "15:20", "hourtmax": "Varias", "sun": "9,3", "altitude": "445", "prec": "0,0", "latitude": 430641, "hourpresmax": "10", "province": "LUGO", "tmed": "13,6", "tmin": "6,9", "avgspeed": "1,4", "presmax": "962,7", "presmin": "961,8", "hourpresmin": "13", "date": "2002-09-23", "name": "LUGO AEROPUERTO", "tmax": "20,2", "longitude": 72727, "gust": "9,2", "dir": "02"}, {"code": "1505", "hourtmin": "04:00", "hourgust": "Varias", "hourtmax": "13:00", "sun": "8,8", "altitude": "445", "prec": "0,0", "latitude": 430641, "hourpresmax": "10", "province": "LUGO", "tmed": "13,2", "tmin": "6,5", "avgspeed": "1,7", "presmax": "964,3", "presmin": "961,0", "hourpresmin": "15", "date": "2002-09-24", "name": "LUGO AEROPUERTO", "tmax": "20,0", "longitude": 72727, "gust": "7,8", "dir": "02"}, {"code": "1505", "hourtmin": "Varias", "hourgust": "17:00", "hourtmax": "13:15", "sun": "9,5", "altitude": "445", "prec": "Ip", "latitude": 430641, "hourpresmax": "24", "province": "LUGO", "tmed": "11,5", "tmin": "3,5", "avgspeed": "1,1", "presmax": "966,7", "presmin": "962,7", "hourpresmin": "04", "date": "2002-09-25", "name": "LUGO AEROPUERTO", "tmax": "19,5", "longitude": 72727, "gust": "7,5", "dir": "04"}, {"code": "1505", "hourtmin": "06:15", "hourgust": "14:50", "hourtmax": "14:00", "sun": "7,4", "altitude": "445", "prec": "0,0", "latitude": 430641, "hourpresmax": "23", "province": "LUGO", "tmed": "12,8", "tmin": "4,3", "avgspeed": "0,6", "presmax": "969,7", "presmin": "966,7", "hourpresmin": "00", "date": "2002-09-26", "name": "LUGO AEROPUERTO", "tmax": "21,2", "longitude": 72727, "gust": "5,6", "dir": "03"}, {"code": "1505", "hourtmin": "06:30", "hourgust": "16:50", "hourtmax": "15:50", "sun": "8,8", "altitude": "445", "prec": "0,0", "latitude": 430641, "hourpresmax": "Varias", "province": "LUGO", "tmed": "13,3", "tmin": "1,6", "avgspeed": "0,3", "presmax": "969,5", "presmin": "966,7", "hourpresmin": "17", "date": "2002-09-27", "name": "LUGO AEROPUERTO", "tmax": "25,0", "longitude": 72727, "gust": "4,4", "dir": "04"}, {"code": "1505", "hourtmin": "06:30", "hourgust": "14:30", "hourtmax": "15:50", "sun": null, "altitude": "445", "prec": "0,0", "latitude": 430641, "hourpresmax": "10", "province": "LUGO", "tmed": "16,6", "tmin": "6,7", "avgspeed": "0,8", "presmax": "968,5", "presmin": "966,6", "hourpresmin": "16", "date": "2002-09-28", "name": "LUGO AEROPUERTO", "gust": "5,0", "tmax": "26,6", "longitude": 72727, "dir": "21"}, {"code": "1505", "hourtmin": "06:15", "hourgust": "13:20", "hourtmax": "13:45", "sun": null, "altitude": "445", "prec": "0,1", "latitude": 430641, "hourpresmax": "00", "province": "LUGO", "tmed": "17,6", "tmin": "11,2", "avgspeed": "0,8", "presmax": "968,1", "presmin": "967,3", "hourpresmin": "Varias", "date": "2002-09-29", "name": "LUGO AEROPUERTO", "gust": "8,6", "tmax": "24,0", "longitude": 72727, "dir": "23"}, {"code": "1505", "hourtmin": "Varias", "hourgust": "17:00", "hourtmax": "15:00", "sun": "1,3", "altitude": "445", "prec": "0,1", "latitude": 430641, "hourpresmax": "09", "province": "LUGO", "tmed": "18,0", "tmin": "13,5", "avgspeed": "1,4", "presmax": "967,7", "presmin": "966,7", "hourpresmin": "18", "date": "2002-09-30", "name": "LUGO AEROPUERTO", "tmax": "22,4", "longitude": 72727, "gust": "10,8", "dir": "12"}, {"code": "1505", "hourtmin": "06:45", "hourgust": "11:10", "hourtmax": "Varias", "sun": "7,2", "altitude": "445", "prec": "Ip", "latitude": 430641, "hourpresmax": "00", "province": "LUGO", "tmed": "16,0", "tmin": "9,4", "avgspeed": "0,6", "presmax": "967,1", "presmin": "965,4", "hourpresmin": "15", "date": "2002-10-01", "name": "LUGO AEROPUERTO", "tmax": "22,5", "longitude": 72727, "gust": "6,1", "dir": "04"}, {"code": "1505", "hourtmin": "06:15", "hourgust": "22:50", "hourtmax": "14:00", "sun": "4,3", "altitude": "445", "prec": "Ip", "latitude": 430641, "hourpresmax": "21", "province": "LUGO", "tmed": "15,1", "tmin": "7,8", "avgspeed": "0,8", "presmax": "971,7", "presmin": "966,6", "hourpresmin": "02", "date": "2002-10-02", "name": "LUGO AEROPUERTO", "tmax": "22,4", "longitude": 72727, "gust": "5,6", "dir": "11"}, {"code": "1505", "hourtmin": "03:00", "hourgust": "15:20", "hourtmax": "14:30", "sun": "4,6", "altitude": "445", "prec": "0,0", "latitude": 430641, "hourpresmax": "Varias", "province": "LUGO", "tmed": "15,5", "tmin": "9,8", "avgspeed": "1,1", "presmax": "973,8", "presmin": "971,5", "hourpresmin": "Varias", "date": "2002-10-03", "name": "LUGO AEROPUERTO", "tmax": "21,2", "longitude": 72727, "gust": "6,4", "dir": "02"}, {"code": "1505", "hourtmin": "05:00", "hourgust": "Varias", "hourtmax": "14:00", "sun": "6,9", "altitude": "445", "prec": "0,0", "latitude": 430641, "hourpresmax": "10", "province": "LUGO", "tmed": "15,9", "tmin": "10,5", "avgspeed": "1,4", "presmax": "973,9", "presmin": "971,9", "hourpresmin": "15", "date": "2002-10-04", "name": "LUGO AEROPUERTO", "tmax": "21,3", "longitude": 72727, "gust": "7,5", "dir": "03"}, {"code": "1505", "hourtmin": "06:45", "hourgust": "00:20", "hourtmax": "15:30", "sun": null, "altitude": "445", "prec": "0,0", "latitude": 430641, "hourpresmax": "00", "province": "LUGO", "tmed": "15,4", "tmin": "8,4", "avgspeed": "0,0", "presmax": "972,5", "presmin": "970,1", "hourpresmin": "Varias", "date": "2002-10-05", "name": "LUGO AEROPUERTO", "gust": "2,5", "tmax": "22,3", "longitude": 72727, "dir": "01"}, {"code": "1505", "hourtmin": "Varias", "hourgust": "13:10", "hourtmax": "14:30", "sun": null, "altitude": "445", "prec": "Ip", "latitude": 430641, "hourpresmax": "00", "province": "LUGO", "tmed": "17,2", "tmin": "9,8", "avgspeed": "0,3", "presmax": "970,1", "presmin": "963,7", "hourpresmin": "24", "date": "2002-10-06", "name": "LUGO AEROPUERTO", "gust": "4,2", "tmax": "24,6", "longitude": 72727, "dir": "33"}, {"code": "1505", "hourtmin": "05:00", "hourgust": "Varias", "hourtmax": "Varias", "sun": "2,2", "altitude": "445", "prec": "16,1", "latitude": 430641, "hourpresmax": "00", "province": "LUGO", "tmed": "14,8", "tmin": "7,8", "avgspeed": "0,3", "presmax": "963,7", "presmin": "960,2", "hourpresmin": "17", "date": "2002-10-07", "name": "LUGO AEROPUERTO", "tmax": "21,8", "longitude": 72727, "gust": "3,9", "dir": "33"}, {"code": "1505", "hourtmin": "22:30", "hourgust": "20:30", "hourtmax": "11:30", "sun": "0,0", "altitude": "445", "prec": "17,3", "latitude": 430641, "hourpresmax": "00", "province": "LUGO", "tmed": "12,7", "tmin": "8,0", "avgspeed": "0,3", "presmax": "960,3", "presmin": "952,9", "hourpresmin": "24", "date": "2002-10-08", "name": "LUGO AEROPUERTO", "tmax": "17,4", "longitude": 72727, "gust": "6,1", "dir": "32"}, {"code": "1505", "hourtmin": "21:50", "hourgust": "11:20", "hourtmax": "15:10", "sun": "4,9", "altitude": "445", "prec": "0,9", "latitude": 430641, "hourpresmax": "24", "province": "LUGO", "tmed": "9,2", "tmin": "5,0", "avgspeed": "0,8", "presmax": "956,1", "presmin": "952,5", "hourpresmin": "05", "date": "2002-10-09", "name": "LUGO AEROPUERTO", "tmax": "13,5", "longitude": 72727, "gust": "8,9", "dir": "35"}, {"code": "1505", "hourtmin": "07:00", "hourgust": "Varias", "hourtmax": "14:40", "sun": "7,1", "altitude": "445", "prec": "0,0", "latitude": 430641, "hourpresmax": "24", "province": "LUGO", "tmed": "9,6", "tmin": "2,6", "avgspeed": "0,3", "presmax": "963,7", "presmin": "956,1", "hourpresmin": "00", "date": "2002-10-10", "name": "LUGO AEROPUERTO", "tmax": "16,5", "longitude": 72727, "gust": "3,9", "dir": "33"}, {"code": "1505", "hourtmin": "05:30", "hourgust": "09:50", "hourtmax": "Varias", "sun": "0,0", "altitude": "445", "prec": "1,8", "latitude": 430641, "hourpresmax": "24", "province": "LUGO", "tmed": "8,0", "tmin": "1,5", "avgspeed": "1,1", "presmax": "967,7", "presmin": "963,7", "hourpresmin": "Varias", "date": "2002-10-11", "name": "LUGO AEROPUERTO", "tmax": "14,6", "longitude": 72727, "gust": "7,8", "dir": "15"}, {"code": "1505", "hourtmin": "04:40", "hourgust": "23:50", "hourtmax": "16:20", "sun": "6,2", "altitude": "445", "prec": "0,0", "latitude": 430641, "hourpresmax": "09", "province": "LUGO", "tmed": "14,0", "tmin": "9,0", "avgspeed": "0,8", "presmax": "968,6", "presmin": "964,5", "hourpresmin": "24", "date": "2002-10-12", "name": "LUGO AEROPUERTO", "tmax": "19,0", "longitude": 72727, "gust": "5,8", "dir": "22"}, {"code": "1505", "hourtmin": "22:10", "hourgust": "04:40", "hourtmax": "08:40", "sun": "0,0", "altitude": "445", "prec": "46,4", "latitude": 430641, "hourpresmax": "00", "province": "LUGO", "tmed": "12,3", "tmin": "9,0", "avgspeed": "1,7", "presmax": "964,5", "presmin": "960,7", "hourpresmin": "08", "date": "2002-10-13", "name": "LUGO AEROPUERTO", "tmax": "15,6", "longitude": 72727, "gust": "10,0", "dir": "14"}, {"code": "1505", "hourtmin": "00:30", "hourgust": "18:40", "hourtmax": "14:20", "sun": "0,8", "altitude": "445", "prec": "26,0", "latitude": 430641, "hourpresmax": "00", "province": "LUGO", "tmed": "13,8", "tmin": "9,0", "avgspeed": "2,8", "presmax": "962,1", "presmin": "955,3", "hourpresmin": "15", "date": "2002-10-14", "name": "LUGO AEROPUERTO", "tmax": "18,5", "longitude": 72727, "gust": "14,4", "dir": "20"}, {"code": "1505", "hourtmin": "05:15", "hourgust": "22:10", "hourtmax": "13:15", "sun": "1,2", "altitude": "445", "prec": "9,7", "latitude": 430641, "hourpresmax": "08", "province": "LUGO", "tmed": "14,8", "tmin": "12,9", "avgspeed": "3,1", "presmax": "960,3", "presmin": "953,7", "hourpresmin": "22", "date": "2002-10-15", "name": "LUGO AEROPUERTO", "tmax": "16,8", "longitude": 72727, "gust": "12,8", "dir": "21"}, {"code": "1505", "hourtmin": "23:00", "hourgust": "Varias", "hourtmax": "Varias", "sun": "1,6", "altitude": "445", "prec": "7,9", "latitude": 430641, "hourpresmax": "24", "province": "LUGO", "tmed": "11,1", "tmin": "8,2", "avgspeed": "2,2", "presmax": "959,3", "presmin": "953,7", "hourpresmin": "03", "date": "2002-10-16", "name": "LUGO AEROPUERTO", "tmax": "14,0", "longitude": 72727, "gust": "8,9", "dir": "99"}, {"code": "1505", "hourtmin": "23:59", "hourgust": "13:00", "hourtmax": "15:20", "sun": "8,3", "altitude": "445", "prec": "0,1", "latitude": 430641, "hourpresmax": "21", "province": "LUGO", "tmed": "9,6", "tmin": "3,4", "avgspeed": "0,6", "presmax": "968,5", "presmin": "959,3", "hourpresmin": "00", "date": "2002-10-17", "name": "LUGO AEROPUERTO", "tmax": "15,9", "longitude": 72727, "gust": "5,0", "dir": "28"}, {"code": "1505", "hourtmin": "08:50", "hourgust": "12:30", "hourtmax": "15:10", "sun": "6,8", "altitude": "445", "prec": "0,1", "latitude": 430641, "hourpresmax": "00", "province": "LUGO", "tmed": "7,6", "tmin": "-0,5", "avgspeed": "0,3", "presmax": "968,3", "presmin": "964,2", "hourpresmin": "24", "date": "2002-10-18", "name": "LUGO AEROPUERTO", "tmax": "15,8", "longitude": 72727, "gust": "3,1", "dir": "04"}, {"code": "1505", "hourtmin": "00:30", "hourgust": "23:40", "hourtmax": "14:45", "sun": "6,8", "altitude": "445", "prec": "Ip", "latitude": 430641, "hourpresmax": "00", "province": "LUGO", "tmed": "14,6", "tmin": "5,5", "avgspeed": "1,4", "presmax": "964,2", "presmin": "953,0", "hourpresmin": "24", "date": "2002-10-19", "name": "LUGO AEROPUERTO", "tmax": "23,7", "longitude": 72727, "gust": "11,7", "dir": "14"}, {"code": "1505", "hourtmin": "22:30", "hourgust": "06:40", "hourtmax": "05:10", "sun": "2,0", "altitude": "445", "prec": "8,8", "latitude": 430641, "hourpresmax": "00", "province": "LUGO", "tmed": "18,2", "tmin": "12,7", "avgspeed": "4,4", "presmax": "953,0", "presmin": "948,1", "hourpresmin": "07", "date": "2002-10-20", "name": "LUGO AEROPUERTO", "tmax": "23,6", "longitude": 72727, "gust": "15,8", "dir": "17"}, {"code": "1505", "hourtmin": "06:50", "hourgust": "Varias", "hourtmax": "12:30", "sun": "3,2", "altitude": "445", "prec": "22,6", "latitude": 430641, "hourpresmax": "Varias", "province": "LUGO", "tmed": "13,7", "tmin": "11,8", "avgspeed": "4,2", "presmax": "949,5", "presmin": "947,8", "hourpresmin": "07", "date": "2002-10-21", "name": "LUGO AEROPUERTO", "tmax": "15,6", "longitude": 72727, "gust": "13,3", "dir": "20"}, {"code": "1505", "hourtmin": "23:59", "hourgust": "01:30", "hourtmax": "13:30", "sun": "1,4", "altitude": "445", "prec": "16,4", "latitude": 430641, "hourpresmax": "24", "province": "LUGO", "tmed": "13,6", "tmin": "10,8", "avgspeed": "3,1", "presmax": "961,0", "presmin": "949,5", "hourpresmin": "00", "date": "2002-10-22", "name": "LUGO AEROPUERTO", "tmax": "16,4", "longitude": 72727, "gust": "12,5", "dir": "19"}, {"code": "1505", "hourtmin": "07:00", "hourgust": "22:40", "hourtmax": "12:30", "sun": "3,8", "altitude": "445", "prec": "3,6", "latitude": 430641, "hourpresmax": "12", "province": "LUGO", "tmed": "12,2", "tmin": "9,0", "avgspeed": "1,7", "presmax": "967,4", "presmin": "961,0", "hourpresmin": "00", "date": "2002-10-23", "name": "LUGO AEROPUERTO", "tmax": "15,5", "longitude": 72727, "gust": "7,8", "dir": "16"}, {"code": "1505", "hourtmin": "04:00", "hourgust": "06:50", "hourtmax": "12:30", "sun": "0,0", "altitude": "445", "prec": "14,7", "latitude": 430641, "hourpresmax": "00", "province": "LUGO", "tmed": "13,8", "tmin": "11,5", "avgspeed": "2,5", "presmax": "965,4", "presmin": "960,9", "hourpresmin": "08", "date": "2002-10-24", "name": "LUGO AEROPUERTO", "tmax": "16,0", "longitude": 72727, "gust": "10,8", "dir": "15"}, {"code": "1505", "hourtmin": "Varias", "hourgust": "13:10", "hourtmax": "13:15", "sun": "3,3", "altitude": "445", "prec": "0,1", "latitude": 430641, "hourpresmax": "24", "province": "LUGO", "tmed": "16,7", "tmin": "14,6", "avgspeed": "4,2", "presmax": "968,9", "presmin": "961,7", "hourpresmin": "05", "date": "2002-10-25", "name": "LUGO AEROPUERTO", "tmax": "18,8", "longitude": 72727, "gust": "14,2", "dir": "21"}, {"code": "1505", "hourtmin": "02:00", "hourgust": "13:40", "hourtmax": "15:30", "sun": "8,5", "altitude": "445", "prec": "0,3", "latitude": 430641, "hourpresmax": "Varias", "province": "LUGO", "tmed": "17,2", "tmin": "14,0", "avgspeed": "2,8", "presmax": "972,1", "presmin": "968,9", "hourpresmin": "00", "date": "2002-10-26", "name": "LUGO AEROPUERTO", "tmax": "20,5", "longitude": 72727, "gust": "10,0", "dir": "21"}, {"code": "1505", "hourtmin": "Varias", "hourgust": "04:50", "hourtmax": "14:45", "sun": "0,2", "altitude": "445", "prec": "1,9", "latitude": 430641, "hourpresmax": "19", "province": "LUGO", "tmed": "12,8", "tmin": "10,0", "avgspeed": "1,4", "presmax": "977,5", "presmin": "971,4", "hourpresmin": "01", "date": "2002-10-27", "name": "LUGO AEROPUERTO", "tmax": "15,5", "longitude": 72727, "gust": "8,6", "dir": "16"}, {"code": "1505", "hourtmin": "06:00", "hourgust": "14:40", "hourtmax": "14:00", "sun": "5,4", "altitude": "445", "prec": "0,0", "latitude": 430641, "hourpresmax": "00", "province": "LUGO", "tmed": "13,5", "tmin": "5,0", "avgspeed": "1,4", "presmax": "976,1", "presmin": "968,3", "hourpresmin": "24", "date": "2002-10-28", "name": "LUGO AEROPUERTO", "tmax": "22,0", "longitude": 72727, "gust": "6,9", "dir": "21"}, {"code": "1505", "hourtmin": "06:00", "hourgust": "21:20", "hourtmax": "13:55", "sun": "2,9", "altitude": "445", "prec": "14,1", "latitude": 430641, "hourpresmax": "00", "province": "LUGO", "tmed": "15,0", "tmin": "6,4", "avgspeed": "1,4", "presmax": "968,3", "presmin": "960,1", "hourpresmin": "24", "date": "2002-10-29", "name": "LUGO AEROPUERTO", "tmax": "23,5", "longitude": 72727, "gust": "10,3", "dir": "14"}, {"code": "1505", "hourtmin": "23:59", "hourgust": "14:20", "hourtmax": "12:05", "sun": "3,0", "altitude": "445", "prec": "2,2", "latitude": 430641, "hourpresmax": "24", "province": "LUGO", "tmed": "13,8", "tmin": "10,2", "avgspeed": "1,1", "presmax": "967,1", "presmin": "959,4", "hourpresmin": "04", "date": "2002-10-30", "name": "LUGO AEROPUERTO", "tmax": "17,3", "longitude": 72727, "gust": "7,2", "dir": "30"}, {"code": "1505", "hourtmin": "01:30", "hourgust": "12:10", "hourtmax": "12:45", "sun": "4,3", "altitude": "445", "prec": "0,0", "latitude": 430641, "hourpresmax": "12", "province": "LUGO", "tmed": "12,5", "tmin": "7,5", "avgspeed": "0,6", "presmax": "969,0", "presmin": "967,1", "hourpresmin": "00", "date": "2002-10-31", "name": "LUGO AEROPUERTO", "tmax": "17,5", "longitude": 72727, "gust": "5,6", "dir": "19"}, {"code": "1505", "hourtmin": "02:50", "hourgust": "10:55", "hourtmax": "Varias", "sun": "2,7", "altitude": "445", "prec": "0,0", "latitude": 430641, "hourpresmax": "Varias", "province": "LUGO", "tmed": "15,2", "tmin": "12,3", "avgspeed": "2,5", "presmax": "971,5", "presmin": "968,6", "hourpresmin": "04", "date": "2002-11-01", "name": "LUGO AEROPUERTO", "tmax": "18,2", "longitude": 72727, "gust": "10,0", "dir": "18"}, {"code": "1505", "hourtmin": "17:00", "hourgust": "10:10", "hourtmax": "12:00", "sun": "0,0", "altitude": "445", "prec": "13,0", "latitude": 430641, "hourpresmax": "00", "province": "LUGO", "tmed": "17,0", "tmin": "15,7", "avgspeed": "4,2", "presmax": "971,0", "presmin": "967,7", "hourpresmin": "17", "date": "2002-11-02", "name": "LUGO AEROPUERTO", "tmax": "18,2", "longitude": 72727, "gust": "12,8", "dir": "21"}, {"code": "1505", "hourtmin": "23:59", "hourgust": "00:18", "hourtmax": "00:00", "sun": "2,6", "altitude": "445", "prec": "0,0", "latitude": 430641, "hourpresmax": "19", "province": "LUGO", "tmed": "10,6", "tmin": "5,0", "avgspeed": "2,2", "presmax": "974,6", "presmin": "968,2", "hourpresmin": "00", "date": "2002-11-03", "name": "LUGO AEROPUERTO", "tmax": "16,2", "longitude": 72727, "gust": "7,8", "dir": "13"}, {"code": "1505", "hourtmin": "00:00", "hourgust": "13:30", "hourtmax": "15:15", "sun": "0,7", "altitude": "445", "prec": "1,0", "latitude": 430641, "hourpresmax": "12", "province": "LUGO", "tmed": "9,6", "tmin": "5,0", "avgspeed": "0,0", "presmax": "974,7", "presmin": "973,8", "hourpresmin": "05", "date": "2002-11-04", "name": "LUGO AEROPUERTO", "tmax": "14,2", "longitude": 72727, "gust": "3,1", "dir": "04"}, {"code": "1505", "hourtmin": "Varias", "hourgust": "08:00", "hourtmax": "Varias", "sun": "0,0", "altitude": "445", "prec": "0,3", "latitude": 430641, "hourpresmax": "23", "province": "LUGO", "tmed": "11,4", "tmin": "8,8", "avgspeed": "1,1", "presmax": "975,1", "presmin": "973,4", "hourpresmin": "Varias", "date": "2002-11-05", "name": "LUGO AEROPUERTO", "tmax": "14,0", "longitude": 72727, "gust": "5,3", "dir": "16"}, {"code": "1505", "hourtmin": "23:59", "hourgust": "14:50", "hourtmax": "13:05", "sun": "0,4", "altitude": "445", "prec": "1,4", "latitude": 430641, "hourpresmax": "22", "province": "LUGO", "tmed": "10,8", "tmin": "5,5", "avgspeed": "0,8", "presmax": "981,1", "presmin": "974,7", "hourpresmin": "Varias", "date": "2002-11-06", "name": "LUGO AEROPUERTO", "tmax": "16,0", "longitude": 72727, "gust": "7,8", "dir": "29"}, {"code": "1505", "hourtmin": "23:59", "hourgust": "12:30", "hourtmax": "15:20", "sun": "5,4", "altitude": "445", "prec": "0,2", "latitude": 430641, "hourpresmax": "Varias", "province": "LUGO", "tmed": "7,4", "tmin": "1,2", "avgspeed": "0,8", "presmax": "981,4", "presmin": "979,0", "hourpresmin": "Varias", "date": "2002-11-07", "name": "LUGO AEROPUERTO", "tmax": "13,5", "longitude": 72727, "gust": "3,6", "dir": "34"}, {"code": "1505", "hourtmin": "03:20", "hourgust": "19:50", "hourtmax": "15:30", "sun": "1,0", "altitude": "445", "prec": "1,0", "latitude": 430641, "hourpresmax": "00", "province": "LUGO", "tmed": "7,4", "tmin": "0,0", "avgspeed": "0,8", "presmax": "979,3", "presmin": "971,8", "hourpresmin": "22", "date": "2002-11-08", "name": "LUGO AEROPUERTO", "tmax": "14,7", "longitude": 72727, "gust": "6,9", "dir": "19"}, {"code": "1505", "hourtmin": "05:15", "hourgust": "Varias", "hourtmax": "13:05", "sun": "0,4", "altitude": "445", "prec": "1,3", "latitude": 430641, "hourpresmax": "11", "province": "LUGO", "tmed": "12,2", "tmin": "8,9", "avgspeed": "1,1", "presmax": "972,6", "presmin": "971,0", "hourpresmin": "04", "date": "2002-11-09", "name": "LUGO AEROPUERTO", "tmax": "15,5", "longitude": 72727, "gust": "6,7", "dir": "18"}, {"code": "1505", "hourtmin": "23:59", "hourgust": "16:20", "hourtmax": "13:20", "sun": "0,4", "altitude": "445", "prec": "2,2", "latitude": 430641, "hourpresmax": "00", "province": "LUGO", "tmed": "13,5", "tmin": "11,8", "avgspeed": "3,1", "presmax": "971,4", "presmin": "964,7", "hourpresmin": "24", "date": "2002-11-10", "name": "LUGO AEROPUERTO", "tmax": "15,2", "longitude": 72727, "gust": "8,9", "dir": "22"}, {"code": "1505", "hourtmin": "23:59", "hourgust": "00:00", "hourtmax": "13:25", "sun": "3,3", "altitude": "445", "prec": "1,1", "latitude": 430641, "hourpresmax": "Varias", "province": "LUGO", "tmed": "11,7", "tmin": "7,7", "avgspeed": "0,3", "presmax": "967,8", "presmin": "963,9", "hourpresmin": "24", "date": "2002-11-11", "name": "LUGO AEROPUERTO", "tmax": "15,7", "longitude": 72727, "gust": "7,2", "dir": "21"}, {"code": "1505", "hourtmin": "01:00", "hourgust": "10:30", "hourtmax": "11:15", "sun": "0,7", "altitude": "445", "prec": "28,7", "latitude": 430641, "hourpresmax": "00", "province": "LUGO", "tmed": "9,6", "tmin": "7,6", "avgspeed": "2,8", "presmax": "963,9", "presmin": "955,3", "hourpresmin": "24", "date": "2002-11-12", "name": "LUGO AEROPUERTO", "tmax": "11,6", "longitude": 72727, "gust": "11,4", "dir": "17"}, {"code": "1505", "hourtmin": "21:30", "hourgust": "12:10", "hourtmax": "Varias", "sun": "0,0", "altitude": "445", "prec": "27,0", "latitude": 430641, "hourpresmax": "00", "province": "LUGO", "tmed": "9,1", "tmin": "6,7", "avgspeed": "4,4", "presmax": "955,3", "presmin": "932,2", "hourpresmin": "15", "date": "2002-11-13", "name": "LUGO AEROPUERTO", "tmax": "11,5", "longitude": 72727, "gust": "20,8", "dir": "22"}, {"code": "1505", "hourtmin": "23:00", "hourgust": "03:30", "hourtmax": "13:45", "sun": "5,5", "altitude": "445", "prec": "2,4", "latitude": 430641, "hourpresmax": "00", "province": "LUGO", "tmed": "8,9", "tmin": "6,3", "avgspeed": "1,7", "presmax": "942,9", "presmin": "935,1", "hourpresmin": "17", "date": "2002-11-14", "name": "LUGO AEROPUERTO", "tmax": "11,5", "longitude": 72727, "gust": "8,3", "dir": "15"}, {"code": "1505", "hourtmin": "04:45", "hourgust": "12:00", "hourtmax": "12:15", "sun": "4,0", "altitude": "445", "prec": "8,2", "latitude": 430641, "hourpresmax": "24", "province": "LUGO", "tmed": "7,9", "tmin": "5,0", "avgspeed": "2,2", "presmax": "942,7", "presmin": "936,9", "hourpresmin": "00", "date": "2002-11-15", "name": "LUGO AEROPUERTO", "tmax": "10,8", "longitude": 72727, "gust": "8,3", "dir": "20"}, {"code": "1505", "hourtmin": "23:00", "hourgust": "11:20", "hourtmax": "14:30", "sun": "0,2", "altitude": "445", "prec": "22,4", "latitude": 430641, "hourpresmax": "24", "province": "LUGO", "tmed": "6,9", "tmin": "5,0", "avgspeed": "1,1", "presmax": "955,3", "presmin": "942,7", "hourpresmin": "00", "date": "2002-11-16", "name": "LUGO AEROPUERTO", "tmax": "8,8", "longitude": 72727, "gust": "7,2", "dir": "21"}, {"code": "1505", "hourtmin": "00:00", "hourgust": "23:20", "hourtmax": "15:30", "sun": "1,5", "altitude": "445", "prec": "2,5", "latitude": 430641, "hourpresmax": "21", "province": "LUGO", "tmed": "8,9", "tmin": "6,2", "avgspeed": "0,0", "presmax": "964,7", "presmin": "955,3", "hourpresmin": "00", "date": "2002-11-17", "name": "LUGO AEROPUERTO", "tmax": "11,6", "longitude": 72727, "gust": "5,8", "dir": "18"}, {"code": "1505", "hourtmin": "01:00", "hourgust": "03:20", "hourtmax": "Varias", "sun": "0,2", "altitude": "445", "prec": "17,4", "latitude": 430641, "hourpresmax": "00", "province": "LUGO", "tmed": "9,9", "tmin": "7,5", "avgspeed": "2,2", "presmax": "964,5", "presmin": "954,6", "hourpresmin": "24", "date": "2002-11-18", "name": "LUGO AEROPUERTO", "tmax": "12,3", "longitude": 72727, "gust": "8,3", "dir": "17"}, {"code": "1505", "hourtmin": "23:59", "hourgust": "00:30", "hourtmax": "00:00", "sun": "0,0", "altitude": "445", "prec": "10,3", "latitude": 430641, "hourpresmax": "24", "province": "LUGO", "tmed": "6,8", "tmin": "3,0", "avgspeed": "0,8", "presmax": "957,3", "presmin": "952,2", "hourpresmin": "07", "date": "2002-11-19", "name": "LUGO AEROPUERTO", "tmax": "10,6", "longitude": 72727, "gust": "5,3", "dir": "16"}, {"code": "1505", "hourtmin": "08:10", "hourgust": "18:20", "hourtmax": "Varias", "sun": "6,1", "altitude": "445", "prec": "21,0", "latitude": 430641, "hourpresmax": "01", "province": "LUGO", "tmed": "6,1", "tmin": "1,2", "avgspeed": "3,6", "presmax": "957,4", "presmin": "940,5", "hourpresmin": "20", "date": "2002-11-20", "name": "LUGO AEROPUERTO", "tmax": "11,0", "longitude": 72727, "gust": "13,9", "dir": "14"}, {"code": "1505", "hourtmin": "Varias", "hourgust": "Varias", "hourtmax": "14:20", "sun": "1,1", "altitude": "445", "prec": "33,1", "latitude": 430641, "hourpresmax": "18", "province": "LUGO", "tmed": "7,8", "tmin": "5,3", "avgspeed": "3,3", "presmax": "951,5", "presmin": "942,2", "hourpresmin": "01", "date": "2002-11-21", "name": "LUGO AEROPUERTO", "tmax": "10,2", "longitude": 72727, "gust": "12,2", "dir": "22"}, {"code": "1505", "hourtmin": "03:10", "hourgust": "02:58", "hourtmax": "16:20", "sun": "0,5", "altitude": "445", "prec": "19,1", "latitude": 430641, "hourpresmax": "09", "province": "LUGO", "tmed": "7,2", "tmin": "4,6", "avgspeed": "2,8", "presmax": "951,8", "presmin": "948,5", "hourpresmin": "18", "date": "2002-11-22", "name": "LUGO AEROPUERTO", "tmax": "9,7", "longitude": 72727, "gust": "11,1", "dir": "22"}, {"code": "1505", "hourtmin": "23:59", "hourgust": "Varias", "hourtmax": "Varias", "sun": "0,0", "altitude": "445", "prec": "20,3", "latitude": 430641, "hourpresmax": "22", "province": "LUGO", "tmed": "6,4", "tmin": "4,8", "avgspeed": "3,1", "presmax": "953,0", "presmin": "948,5", "hourpresmin": "Varias", "date": "2002-11-23", "name": "LUGO AEROPUERTO", "tmax": "8,0", "longitude": 72727, "gust": "9,4", "dir": "22"}, {"code": "1505", "hourtmin": "08:15", "hourgust": "00:30", "hourtmax": "14:10", "sun": "0,0", "altitude": "445", "prec": "0,3", "latitude": 430641, "hourpresmax": "00", "province": "LUGO", "tmed": "4,5", "tmin": "0,6", "avgspeed": "0,3", "presmax": "952,9", "presmin": "948,3", "hourpresmin": "15", "date": "2002-11-24", "name": "LUGO AEROPUERTO", "tmax": "8,4", "longitude": 72727, "gust": "4,4", "dir": "22"}, {"code": "1505", "hourtmin": "Varias", "hourgust": "20:40", "hourtmax": "14:20", "sun": "0,8", "altitude": "445", "prec": "0,0", "latitude": 430641, "hourpresmax": "Varias", "province": "LUGO", "tmed": "4,8", "tmin": "0,0", "avgspeed": "0,6", "presmax": "959,7", "presmin": "950,7", "hourpresmin": "00", "date": "2002-11-25", "name": "LUGO AEROPUERTO", "tmax": "9,5", "longitude": 72727, "gust": "4,7", "dir": "18"}, {"code": "1505", "hourtmin": "01:05", "hourgust": "13:40", "hourtmax": "12:30", "sun": "0,5", "altitude": "445", "prec": "Ip", "latitude": 430641, "hourpresmax": "00", "province": "LUGO", "tmed": "8,8", "tmin": "4,2", "avgspeed": "2,2", "presmax": "959,5", "presmin": "957,3", "hourpresmin": "Varias", "date": "2002-11-26", "name": "LUGO AEROPUERTO", "tmax": "13,5", "longitude": 72727, "gust": "9,2", "dir": "20"}, {"code": "1505", "hourtmin": "20:10", "hourgust": "12:10", "hourtmax": "11:45", "sun": "2,4", "altitude": "445", "prec": "13,6", "latitude": 430641, "hourpresmax": "24", "province": "LUGO", "tmed": "12,2", "tmin": "8,4", "avgspeed": "3,6", "presmax": "959,0", "presmin": "955,4", "hourpresmin": "14", "date": "2002-11-27", "name": "LUGO AEROPUERTO", "tmax": "16,1", "longitude": 72727, "gust": "13,6", "dir": "19"}, {"code": "1505", "hourtmin": "Varias", "hourgust": "22:30", "hourtmax": "13:40", "sun": "4,4", "altitude": "445", "prec": "12,3", "latitude": 430641, "hourpresmax": "20", "province": "LUGO", "tmed": "9,5", "tmin": "6,9", "avgspeed": "3,1", "presmax": "969,9", "presmin": "958,6", "hourpresmin": "01", "date": "2002-11-28", "name": "LUGO AEROPUERTO", "tmax": "12,1", "longitude": 72727, "gust": "11,4", "dir": "14"}, {"code": "1505", "hourtmin": "Varias", "hourgust": "02:30", "hourtmax": "13:15", "sun": "0,0", "altitude": "445", "prec": "4,8", "latitude": 430641, "hourpresmax": "24", "province": "LUGO", "tmed": "8,4", "tmin": "6,4", "avgspeed": "0,8", "presmax": "978,5", "presmin": "968,7", "hourpresmin": "01", "date": "2002-11-29", "name": "LUGO AEROPUERTO", "tmax": "10,5", "longitude": 72727, "gust": "9,7", "dir": "30"}, {"code": "1505", "hourtmin": "Varias", "hourgust": "19:00", "hourtmax": "11:20", "sun": "0,0", "altitude": "445", "prec": "6,7", "latitude": 430641, "hourpresmax": "11", "province": "LUGO", "tmed": "10,2", "tmin": "8,9", "avgspeed": "1,9", "presmax": "979,5", "presmin": "975,4", "hourpresmin": "24", "date": "2002-11-30", "name": "LUGO AEROPUERTO", "tmax": "11,5", "longitude": 72727, "gust": "8,1", "dir": "21"}, {"code": "1505", "hourtmin": "18:15", "hourgust": "16:10", "hourtmax": "Varias", "sun": "0,0", "altitude": "445", "prec": "16,8", "latitude": 430641, "hourpresmax": "00", "province": "LUGO", "tmed": "9,7", "tmin": "5,9", "avgspeed": "1,9", "presmax": "975,4", "presmin": "968,2", "hourpresmin": "13", "date": "2002-12-01", "name": "LUGO AEROPUERTO", "tmax": "13,5", "longitude": 72727, "gust": "11,1", "dir": "35"}, {"code": "1505", "hourtmin": "Varias", "hourgust": "14:50", "hourtmax": "14:20", "sun": "0,0", "altitude": "445", "prec": "2,6", "latitude": 430641, "hourpresmax": "10", "province": "LUGO", "tmed": "7,7", "tmin": "6,1", "avgspeed": "0,6", "presmax": "972,3", "presmin": "970,2", "hourpresmin": "Varias", "date": "2002-12-02", "name": "LUGO AEROPUERTO", "tmax": "9,3", "longitude": 72727, "gust": "7,2", "dir": "29"}, {"code": "1505", "hourtmin": "Varias", "hourgust": "13:40", "hourtmax": "13:15", "sun": "0,0", "altitude": "445", "prec": "0,6", "latitude": 430641, "hourpresmax": "00", "province": "LUGO", "tmed": "8,8", "tmin": "7,5", "avgspeed": "0,8", "presmax": "970,2", "presmin": "966,9", "hourpresmin": "18", "date": "2002-12-03", "name": "LUGO AEROPUERTO", "tmax": "10,1", "longitude": 72727, "gust": "5,6", "dir": "20"}, {"code": "1505", "hourtmin": "23:59", "hourgust": "13:50", "hourtmax": "13:00", "sun": "0,0", "altitude": "445", "prec": "0,5", "latitude": 430641, "hourpresmax": "24", "province": "LUGO", "tmed": "9,9", "tmin": "7,4", "avgspeed": "1,4", "presmax": "975,3", "presmin": "967,0", "hourpresmin": "02", "date": "2002-12-04", "name": "LUGO AEROPUERTO", "tmax": "12,4", "longitude": 72727, "gust": "6,9", "dir": "33"}, {"code": "1505", "hourtmin": "Varias", "hourgust": "20:40", "hourtmax": "14:15", "sun": "5,8", "altitude": "445", "prec": "2,2", "latitude": 430641, "hourpresmax": "00", "province": "LUGO", "tmed": "7,0", "tmin": "4,0", "avgspeed": "1,1", "presmax": "975,3", "presmin": "973,8", "hourpresmin": "Varias", "date": "2002-12-05", "name": "LUGO AEROPUERTO", "tmax": "10,0", "longitude": 72727, "gust": "8,3", "dir": "02"}, {"code": "1505", "hourtmin": "Varias", "hourgust": "15:00", "hourtmax": "15:15", "sun": "1,7", "altitude": "445", "prec": "Ip", "latitude": 430641, "hourpresmax": "11", "province": "LUGO", "tmed": "5,0", "tmin": "0,5", "avgspeed": "1,4", "presmax": "974,3", "presmin": "970,9", "hourpresmin": "24", "date": "2002-12-06", "name": "LUGO AEROPUERTO", "tmax": "9,5", "longitude": 72727, "gust": "9,2", "dir": "03"}, {"code": "1505", "hourtmin": "23:59", "hourgust": "14:10", "hourtmax": "14:10", "sun": "1,6", "altitude": "445", "prec": "0,1", "latitude": 430641, "hourpresmax": "00", "province": "LUGO", "tmed": "4,6", "tmin": "-0,8", "avgspeed": "0,8", "presmax": "970,9", "presmin": "965,3", "hourpresmin": "24", "date": "2002-12-07", "name": "LUGO AEROPUERTO", "tmax": "10,0", "longitude": 72727, "gust": "5,8", "dir": "02"}, {"code": "1505", "hourtmin": "08:00", "hourgust": "22:00", "hourtmax": "15:30", "sun": "1,9", "altitude": "445", "prec": "0,0", "latitude": 430641, "hourpresmax": "00", "province": "LUGO", "tmed": "1,1", "tmin": "-3,3", "avgspeed": "0,0", "presmax": "965,3", "presmin": "960,5", "hourpresmin": "24", "date": "2002-12-08", "name": "LUGO AEROPUERTO", "tmax": "5,5", "longitude": 72727, "gust": "3,6", "dir": "29"}, {"code": "1505", "hourtmin": "08:00", "hourgust": "03:30", "hourtmax": "13:10", "sun": "0,0", "altitude": "445", "prec": "7,8", "latitude": 430641, "hourpresmax": "00", "province": "LUGO", "tmed": "5,0", "tmin": "2,5", "avgspeed": "0,0", "presmax": "960,5", "presmin": "950,2", "hourpresmin": "24", "date": "2002-12-09", "name": "LUGO AEROPUERTO", "tmax": "7,5", "longitude": 72727, "gust": "3,9", "dir": "15"}, {"code": "1505", "hourtmin": "08:40", "hourgust": "21:30", "hourtmax": "13:50", "sun": "2,3", "altitude": "445", "prec": "5,5", "latitude": 430641, "hourpresmax": "24", "province": "LUGO", "tmed": "5,7", "tmin": "0,6", "avgspeed": "1,1", "presmax": "952,9", "presmin": "947,3", "hourpresmin": "07", "date": "2002-12-10", "name": "LUGO AEROPUERTO", "tmax": "10,8", "longitude": 72727, "gust": "7,8", "dir": "21"}, {"code": "1505", "hourtmin": "09:10", "hourgust": "18:40", "hourtmax": "13:15", "sun": "3,6", "altitude": "445", "prec": "0,6", "latitude": 430641, "hourpresmax": "24", "province": "LUGO", "tmed": "6,6", "tmin": "4,2", "avgspeed": "1,7", "presmax": "960,1", "presmin": "952,9", "hourpresmin": "00", "date": "2002-12-11", "name": "LUGO AEROPUERTO", "tmax": "8,9", "longitude": 72727, "gust": "8,3", "dir": "22"}, {"code": "1505", "hourtmin": "01:20", "hourgust": "12:40", "hourtmax": "12:30", "sun": "3,1", "altitude": "445", "prec": "0,1", "latitude": 430641, "hourpresmax": "Varias", "province": "LUGO", "tmed": "7,1", "tmin": "4,4", "avgspeed": "2,8", "presmax": "968,6", "presmin": "959,5", "hourpresmin": "02", "date": "2002-12-12", "name": "LUGO AEROPUERTO", "tmax": "9,8", "longitude": 72727, "gust": "11,7", "dir": "22"}, {"code": "1505", "hourtmin": "09:15", "hourgust": "21:40", "hourtmax": "Varias", "sun": "0,0", "altitude": "445", "prec": "4,6", "latitude": 430641, "hourpresmax": "00", "province": "LUGO", "tmed": "4,6", "tmin": "-0,2", "avgspeed": "0,3", "presmax": "968,6", "presmin": "952,3", "hourpresmin": "24", "date": "2002-12-13", "name": "LUGO AEROPUERTO", "tmax": "9,5", "longitude": 72727, "gust": "8,9", "dir": "12"}, {"code": "1505", "hourtmin": "Varias", "hourgust": "06:31", "hourtmax": "05:00", "sun": "0,2", "altitude": "445", "prec": "3,8", "latitude": 430641, "hourpresmax": "Varias", "province": "LUGO", "tmed": "9,8", "tmin": "6,7", "avgspeed": "4,4", "presmax": "967,8", "presmin": "947,0", "hourpresmin": "Varias", "date": "2002-12-14", "name": "LUGO AEROPUERTO", "tmax": "12,8", "longitude": 72727, "gust": "17,8", "dir": "21"}, {"code": "1505", "hourtmin": "00:40", "hourgust": "12:29", "hourtmax": "13:20", "sun": "2,1", "altitude": "445", "prec": "0,0", "latitude": 430641, "hourpresmax": "10", "province": "LUGO", "tmed": "9,1", "tmin": "6,0", "avgspeed": "3,9", "presmax": "969,5", "presmin": "967,8", "hourpresmin": "Varias", "date": "2002-12-15", "name": "LUGO AEROPUERTO", "tmax": "12,2", "longitude": 72727, "gust": "11,4", "dir": "18"}, {"code": "1505", "hourtmin": "Varias", "hourgust": "23:10", "hourtmax": "15:10", "sun": "0,0", "altitude": "445", "prec": "2,5", "latitude": 430641, "hourpresmax": "00", "province": "LUGO", "tmed": "7,2", "tmin": "2,0", "avgspeed": "1,1", "presmax": "967,8", "presmin": "960,2", "hourpresmin": "24", "date": "2002-12-16", "name": "LUGO AEROPUERTO", "tmax": "12,4", "longitude": 72727, "gust": "5,6", "dir": "16"}, {"code": "1505", "hourtmin": "23:59", "hourgust": "Varias", "hourtmax": "11:35", "sun": "1,3", "altitude": "445", "prec": "6,5", "latitude": 430641, "hourpresmax": "00", "province": "LUGO", "tmed": "14,4", "tmin": "10,9", "avgspeed": "2,2", "presmax": "960,2", "presmin": "955,7", "hourpresmin": "Varias", "date": "2002-12-17", "name": "LUGO AEROPUERTO", "tmax": "18,0", "longitude": 72727, "gust": "9,2", "dir": "99"}, {"code": "1505", "hourtmin": "02:30", "hourgust": "13:40", "hourtmax": "13:05", "sun": "0,5", "altitude": "445", "prec": "0,5", "latitude": 430641, "hourpresmax": "Varias", "province": "LUGO", "tmed": "11,4", "tmin": "6,3", "avgspeed": "0,0", "presmax": "962,1", "presmin": "958,3", "hourpresmin": "Varias", "date": "2002-12-18", "name": "LUGO AEROPUERTO", "tmax": "16,5", "longitude": 72727, "gust": "4,7", "dir": "17"}, {"code": "1505", "hourtmin": "07:20", "hourgust": "13:40", "hourtmax": "12:40", "sun": "4,5", "altitude": "445", "prec": "Ip", "latitude": 430641, "hourpresmax": "Varias", "province": "LUGO", "tmed": "11,2", "tmin": "4,8", "avgspeed": "0,8", "presmax": "967,9", "presmin": "962,1", "hourpresmin": "Varias", "date": "2002-12-19", "name": "LUGO AEROPUERTO", "tmax": "17,6", "longitude": 72727, "gust": "6,9", "dir": "21"}, {"code": "1505", "hourtmin": "Varias", "hourgust": "14:40", "hourtmax": "14:20", "sun": "2,8", "altitude": "445", "prec": "0,0", "latitude": 430641, "hourpresmax": "Varias", "province": "LUGO", "tmed": "10,6", "tmin": "6,0", "avgspeed": "0,8", "presmax": "970,3", "presmin": "967,8", "hourpresmin": "01", "date": "2002-12-20", "name": "LUGO AEROPUERTO", "tmax": "15,3", "longitude": 72727, "gust": "5,8", "dir": "20"}, {"code": "1505", "hourtmin": "01:15", "hourgust": "12:30", "hourtmax": "Varias", "sun": "0,5", "altitude": "445", "prec": "0,4", "latitude": 430641, "hourpresmax": "00", "province": "LUGO", "tmed": "12,6", "tmin": "10,4", "avgspeed": "2,8", "presmax": "969,9", "presmin": "966,6", "hourpresmin": "24", "date": "2002-12-21", "name": "LUGO AEROPUERTO", "tmax": "14,7", "longitude": 72727, "gust": "11,7", "dir": "18"}, {"code": "1505", "hourtmin": "23:20", "hourgust": "14:00", "hourtmax": "Varias", "sun": "4,7", "altitude": "445", "prec": "0,5", "latitude": 430641, "hourpresmax": "Varias", "province": "LUGO", "tmed": "12,0", "tmin": "6,6", "avgspeed": "1,7", "presmax": "966,6", "presmin": "959,4", "hourpresmin": "24", "date": "2002-12-22", "name": "LUGO AEROPUERTO", "tmax": "17,5", "longitude": 72727, "gust": "8,6", "dir": "16"}, {"code": "1505", "hourtmin": "08:10", "hourgust": "19:20", "hourtmax": "Varias", "sun": "3,4", "altitude": "445", "prec": "4,6", "latitude": 430641, "hourpresmax": "24", "province": "LUGO", "tmed": "12,4", "tmin": "10,5", "avgspeed": "5,3", "presmax": "959,9", "presmin": "953,8", "hourpresmin": "06", "date": "2002-12-23", "name": "LUGO AEROPUERTO", "tmax": "14,4", "longitude": 72727, "gust": "15,3", "dir": "18"}, {"code": "1505", "hourtmin": "03:15", "hourgust": "00:30", "hourtmax": "11:30", "sun": "2,2", "altitude": "445", "prec": "1,5", "latitude": 430641, "hourpresmax": "Varias", "province": "LUGO", "tmed": "12,8", "tmin": "10,9", "avgspeed": "3,6", "presmax": "964,3", "presmin": "959,4", "hourpresmin": "Varias", "date": "2002-12-24", "name": "LUGO AEROPUERTO", "tmax": "14,7", "longitude": 72727, "gust": "13,6", "dir": "19"}, {"code": "1505", "hourtmin": "01:00", "hourgust": "15:00", "hourtmax": "13:30", "sun": "1,1", "altitude": "445", "prec": "30,3", "latitude": 430641, "hourpresmax": "08", "province": "LUGO", "tmed": "13,2", "tmin": "11,4", "avgspeed": "5,0", "presmax": "964,7", "presmin": "957,3", "hourpresmin": "22", "date": "2002-12-25", "name": "LUGO AEROPUERTO", "tmax": "15,0", "longitude": 72727, "gust": "13,3", "dir": "16"}, {"code": "1505", "hourtmin": "21:45", "hourgust": "15:10", "hourtmax": "13:30", "sun": "0,8", "altitude": "445", "prec": "29,8", "latitude": 430641, "hourpresmax": "03", "province": "LUGO", "tmed": "12,8", "tmin": "10,4", "avgspeed": "3,9", "presmax": "958,6", "presmin": "944,7", "hourpresmin": "24", "date": "2002-12-26", "name": "LUGO AEROPUERTO", "tmax": "15,3", "longitude": 72727, "gust": "14,2", "dir": "22"}, {"code": "1505", "hourtmin": "23:45", "hourgust": "13:10", "hourtmax": "00:00", "sun": "0,1", "altitude": "445", "prec": "14,3", "latitude": 430641, "hourpresmax": "24", "province": "LUGO", "tmed": "8,6", "tmin": "6,4", "avgspeed": "3,3", "presmax": "959,3", "presmin": "940,3", "hourpresmin": "09", "date": "2002-12-27", "name": "LUGO AEROPUERTO", "tmax": "10,8", "longitude": 72727, "gust": "15,8", "dir": "21"}, {"code": "1505", "hourtmin": "Varias", "hourgust": "21:40", "hourtmax": "14:30", "sun": "3,3", "altitude": "445", "prec": "0,1", "latitude": 430641, "hourpresmax": "Varias", "province": "LUGO", "tmed": "8,4", "tmin": "5,3", "avgspeed": "1,9", "presmax": "970,1", "presmin": "959,3", "hourpresmin": "00", "date": "2002-12-28", "name": "LUGO AEROPUERTO", "tmax": "11,4", "longitude": 72727, "gust": "8,6", "dir": "17"}, {"code": "1505", "hourtmin": "Varias", "hourgust": "20:00", "hourtmax": "14:15", "sun": "0,9", "altitude": "445", "prec": "6,8", "latitude": 430641, "hourpresmax": "00", "province": "LUGO", "tmed": "10,8", "tmin": "8,5", "avgspeed": "3,9", "presmax": "970,1", "presmin": "960,3", "hourpresmin": "23", "date": "2002-12-29", "name": "LUGO AEROPUERTO", "tmax": "13,2", "longitude": 72727, "gust": "13,6", "dir": "18"}, {"code": "1505", "hourtmin": "23:30", "hourgust": "04:50", "hourtmax": "04:00", "sun": "1,8", "altitude": "445", "prec": "9,7", "latitude": 430641, "hourpresmax": "24", "province": "LUGO", "tmed": "9,3", "tmin": "6,6", "avgspeed": "3,1", "presmax": "968,6", "presmin": "959,0", "hourpresmin": "Varias", "date": "2002-12-30", "name": "LUGO AEROPUERTO", "tmax": "12,0", "longitude": 72727, "gust": "11,7", "dir": "17"}, {"code": "1505", "hourtmin": "00:30", "hourgust": "23:32", "hourtmax": "23:40", "sun": "0,1", "altitude": "445", "prec": "10,5", "latitude": 430641, "hourpresmax": "Varias", "province": "LUGO", "tmed": "9,0", "tmin": "6,5", "avgspeed": "3,3", "presmax": "968,9", "presmin": "963,7", "hourpresmin": "Varias", "date": "2002-12-31", "name": "LUGO AEROPUERTO", "tmax": "11,6", "longitude": 72727, "gust": "13,6", "dir": "18"}]