[{"code": "0201D", "hourtmin": null, "hourgust": "70:40", "hourtmax": null, "sun": null, "altitude": "6", "latitude": 412326, "hourpresmax": null, "province": "BARCELONA", "presmax": null, "presmin": null, "hourpresmin": null, "date": "1994-04-20", "name": "BARCELONA", "gust": "35,3", "longitude": 21200, "avgspeed": null, "dir": "36"}, {"code": "0201D", "hourtmin": "05:20", "hourgust": "17:40", "hourtmax": "Varias", "sun": null, "altitude": "6", "prec": "0,0", "latitude": 412326, "hourpresmax": "Varias", "province": "BARCELONA", "tmed": "12,4", "tmin": "10,0", "avgspeed": "3,9", "presmax": "1010,4", "presmin": "1002,7", "hourpresmin": "02", "date": "1994-04-21", "name": "BARCELONA", "gust": "7,5", "tmax": "14,8", "longitude": 21200, "dir": "17"}, {"code": "0201D", "hourtmin": "05:10", "hourgust": "16:30", "hourtmax": "13:30", "sun": null, "altitude": "6", "prec": "0,0", "latitude": 412326, "hourpresmax": "Varias", "province": "BARCELONA", "tmed": "13,6", "tmin": "10,5", "avgspeed": "3,6", "presmax": "1010,2", "presmin": "1005,8", "hourpresmin": "24", "date": "1994-04-22", "name": "BARCELONA", "gust": "10,0", "tmax": "16,6", "longitude": 21200, "dir": "18"}, {"code": "0201D", "hourtmin": "05:45", "hourgust": "16:50", "hourtmax": "17:55", "sun": null, "altitude": "6", "prec": "1,4", "latitude": 412326, "hourpresmax": "09", "province": "BARCELONA", "tmed": "15,5", "tmin": "12,6", "avgspeed": "4,4", "presmax": "1007,5", "presmin": "1005,1", "hourpresmin": "04", "date": "1994-04-23", "name": "BARCELONA", "gust": "12,5", "tmax": "18,4", "longitude": 21200, "dir": "21"}, {"code": "0201D", "hourtmin": "23:40", "hourgust": "16:00", "hourtmax": "Varias", "sun": null, "altitude": "6", "prec": "6,8", "latitude": 412326, "hourpresmax": "24", "province": "BARCELONA", "tmed": "13,4", "tmin": "10,8", "avgspeed": "3,1", "presmax": "1008,6", "presmin": "1003,4", "hourpresmin": "17", "date": "1994-04-24", "name": "BARCELONA", "gust": "17,5", "tmax": "16,1", "longitude": 21200, "dir": "28"}, {"province": "BARCELONA", "hourtmax": null, "presmin": null, "code": "0201D", "name": "BARCELONA", "presmax": null, "gust": null, "altitude": "6", "longitude": 21200, "hourpresmax": null, "date": "1994-04-25", "hourpresmin": null, "hourtmin": null, "avgspeed": "4,2", "latitude": 412326, "sun": null, "hourgust": null}, {"code": "0201D", "hourtmin": "Varias", "hourgust": "13:15", "hourtmax": "09:30", "sun": null, "altitude": "6", "prec": "0,0", "latitude": 412326, "hourpresmax": "23", "province": "BARCELONA", "tmed": "13,6", "tmin": "10,2", "avgspeed": "3,6", "presmax": "1023,4", "presmin": "1018,6", "hourpresmin": "Varias", "date": "1994-04-26", "name": "BARCELONA", "gust": "8,3", "tmax": "16,9", "longitude": 21200, "dir": "99"}, {"code": "0201D", "hourtmin": "01:00", "hourgust": null, "hourtmax": "09:40", "sun": null, "altitude": "6", "latitude": 412326, "hourpresmax": "10", "province": "BARCELONA", "tmed": "16,8", "tmin": "13,8", "avgspeed": null, "presmax": "1024,7", "presmin": "1022,4", "hourpresmin": "Varias", "date": "1994-04-27", "name": "BARCELONA", "gust": null, "tmax": "19,7", "longitude": 21200}, {"code": "0201D", "hourtmin": "01:45", "hourgust": "14:00", "hourtmax": "10:40", "sun": null, "altitude": "6", "prec": "0,0", "latitude": 412326, "hourpresmax": "10", "province": "BARCELONA", "tmed": "18,0", "tmin": "15,5", "avgspeed": "3,3", "presmax": "1025,6", "presmin": "1022,6", "hourpresmin": "Varias", "date": "1994-04-28", "name": "BARCELONA", "gust": "5,6", "tmax": "20,6", "longitude": 21200, "dir": "18"}, {"code": "0201D", "hourtmin": "05:25", "hourgust": "Varias", "hourtmax": "11:00", "sun": null, "altitude": "6", "prec": "0,0", "latitude": 412326, "hourpresmax": "Varias", "province": "BARCELONA", "tmed": "16,8", "tmin": "14,7", "avgspeed": "2,8", "presmax": "1024,1", "presmin": "1021,1", "hourpresmin": "18", "date": "1994-04-29", "name": "BARCELONA", "gust": "6,4", "tmax": "18,8", "longitude": 21200, "dir": "99"}, {"code": "0201D", "hourtmin": "Varias", "hourgust": "16:20", "hourtmax": "18:30", "sun": null, "altitude": "6", "prec": "0,0", "latitude": 412326, "hourpresmax": "10", "province": "BARCELONA", "tmed": "17,4", "tmin": "14,5", "avgspeed": "3,3", "presmax": "1023,6", "presmin": "1019,9", "hourpresmin": "24", "date": "1994-04-30", "name": "BARCELONA", "gust": "8,1", "tmax": "20,4", "longitude": 21200, "dir": "18"}, {"code": "0201D", "hourtmin": "02:50", "hourgust": "16:50", "hourtmax": "16:00", "sun": null, "altitude": "6", "prec": "0,0", "latitude": 412326, "hourpresmax": "Varias", "province": "BARCELONA", "tmed": "20,2", "tmin": "16,1", "avgspeed": "3,6", "presmax": "1019,9", "presmin": "1015,0", "hourpresmin": "24", "date": "1994-05-01", "name": "BARCELONA", "gust": "13,3", "tmax": "24,4", "longitude": 21200, "dir": "23"}, {"code": "0201D", "hourtmin": "05:40", "hourgust": "12:20", "hourtmax": "10:10", "sun": null, "altitude": "6", "prec": "0,0", "latitude": 412326, "hourpresmax": "Varias", "province": "BARCELONA", "tmed": "18,4", "tmin": "15,5", "avgspeed": "2,5", "presmax": "1015,1", "presmin": "1012,3", "hourpresmin": "Varias", "date": "1994-05-02", "name": "BARCELONA", "gust": "5,0", "tmax": "21,2", "longitude": 21200, "dir": "18"}, {"code": "0201D", "hourtmin": "23:59", "hourgust": "11:50", "hourtmax": "16:10", "sun": null, "altitude": "6", "prec": "0,0", "latitude": 412326, "hourpresmax": "10", "province": "BARCELONA", "tmed": "17,2", "tmin": "15,5", "avgspeed": "2,2", "presmax": "1016,2", "presmin": "1012,5", "hourpresmin": "02", "date": "1994-05-03", "name": "BARCELONA", "gust": "8,1", "tmax": "18,9", "longitude": 21200, "dir": "08"}, {"code": "0201D", "hourtmin": "05:40", "hourgust": "03:40", "hourtmax": "09:30", "sun": null, "altitude": "6", "prec": "0,1", "latitude": 412326, "hourpresmax": "12", "province": "BARCELONA", "tmed": "16,4", "tmin": "14,8", "avgspeed": "3,3", "presmax": "1020,3", "presmin": "1017,6", "hourpresmin": "Varias", "date": "1994-05-05", "name": "BARCELONA", "gust": "7,8", "tmax": "18,1", "longitude": 21200, "dir": "27"}, {"code": "0201D", "hourtmin": "Varias", "hourgust": "14:00", "hourtmax": "16:10", "sun": null, "altitude": "6", "prec": "0,0", "latitude": 412326, "hourpresmax": "00", "province": "BARCELONA", "tmed": "16,8", "tmin": "13,8", "avgspeed": "5,0", "presmax": "1019,5", "presmin": "1013,3", "hourpresmin": "20", "date": "1994-05-06", "name": "BARCELONA", "gust": "9,7", "tmax": "19,9", "longitude": 21200, "dir": "19"}, {"code": "0201D", "hourtmin": "05:10", "hourgust": "10:30", "hourtmax": "12:20", "sun": null, "altitude": "6", "prec": "0,0", "latitude": 412326, "hourpresmax": "10", "province": "BARCELONA", "tmed": "16,0", "tmin": "13,9", "avgspeed": "2,8", "presmax": "1013,9", "presmin": "1009,2", "hourpresmin": "Varias", "date": "1994-05-07", "name": "BARCELONA", "gust": "6,4", "tmax": "18,1", "longitude": 21200, "dir": "18"}, {"code": "0201D", "hourtmin": "21:25", "hourgust": "07:55", "hourtmax": "00:30", "sun": null, "altitude": "6", "prec": "10,0", "latitude": 412326, "hourpresmax": "Varias", "province": "BARCELONA", "tmed": "14,4", "tmin": "13,0", "avgspeed": "4,4", "presmax": "1011,8", "presmin": "1009,3", "hourpresmin": "05", "date": "1994-05-08", "name": "BARCELONA", "gust": "9,2", "tmax": "15,8", "longitude": 21200, "dir": "99"}, {"code": "0201D", "hourtmin": "00:45", "hourgust": "14:45", "hourtmax": "14:20", "sun": null, "altitude": "6", "prec": "0,3", "latitude": 412326, "hourpresmax": "23", "province": "BARCELONA", "tmed": "15,3", "tmin": "13,0", "avgspeed": "2,8", "presmax": "1013,8", "presmin": "1010,3", "hourpresmin": "Varias", "date": "1994-05-09", "name": "BARCELONA", "gust": "6,9", "tmax": "17,6", "longitude": 21200, "dir": "17"}, {"code": "0201D", "hourtmin": "Varias", "hourgust": null, "hourtmax": "16:20", "sun": null, "altitude": "6", "prec": "0,0", "latitude": 412326, "hourpresmax": "Varias", "province": "BARCELONA", "tmed": "17,2", "tmin": "14,7", "avgspeed": null, "presmax": "1013,4", "presmin": "1008,2", "hourpresmin": "24", "date": "1994-05-10", "name": "BARCELONA", "gust": null, "tmax": "19,8", "longitude": 21200}, {"code": "0201D", "hourtmin": "04:10", "hourgust": "11:40", "hourtmax": "Varias", "sun": null, "altitude": "6", "prec": "0,0", "latitude": 412326, "hourpresmax": "00", "province": "BARCELONA", "tmed": "17,0", "tmin": "15,4", "avgspeed": "4,4", "presmax": "1008,2", "presmin": "1002,0", "hourpresmin": "Varias", "date": "1994-05-11", "name": "BARCELONA", "gust": "9,2", "tmax": "18,7", "longitude": 21200, "dir": "18"}, {"code": "0201D", "hourtmin": "Varias", "hourgust": "01:10", "hourtmax": "16:10", "sun": null, "altitude": "6", "prec": "0,0", "latitude": 412326, "hourpresmax": "11", "province": "BARCELONA", "tmed": "16,2", "tmin": "14,3", "avgspeed": "2,8", "presmax": "1007,9", "presmin": "1004,8", "hourpresmin": "00", "date": "1994-05-12", "name": "BARCELONA", "gust": "9,4", "tmax": "18,1", "longitude": 21200, "dir": "08"}, {"code": "0201D", "hourtmin": "02:00", "hourgust": "10:00", "hourtmax": "14:40", "sun": null, "altitude": "6", "prec": "3,6", "latitude": 412326, "hourpresmax": "09", "province": "BARCELONA", "tmed": "16,2", "tmin": "14,1", "avgspeed": "6,7", "presmax": "1005,9", "presmin": "1001,2", "hourpresmin": "Varias", "date": "1994-05-13", "name": "BARCELONA", "gust": "12,5", "tmax": "18,2", "longitude": 21200, "dir": "06"}, {"code": "0201D", "hourtmin": "00:15", "hourgust": "10:50", "hourtmax": "10:00", "sun": null, "altitude": "6", "prec": "0,0", "latitude": 412326, "hourpresmax": "23", "province": "BARCELONA", "tmed": "16,4", "tmin": "13,1", "avgspeed": "6,1", "presmax": "1010,2", "presmin": "1001,1", "hourpresmin": "00", "date": "1994-05-14", "name": "BARCELONA", "gust": "13,1", "tmax": "19,7", "longitude": 21200, "dir": "20"}, {"code": "0201D", "hourtmin": "04:05", "hourgust": "10:40", "hourtmax": "Varias", "sun": null, "altitude": "6", "prec": "0,0", "latitude": 412326, "hourpresmax": "Varias", "province": "BARCELONA", "tmed": "16,1", "tmin": "14,3", "avgspeed": "3,6", "presmax": "1011,5", "presmin": "1009,0", "hourpresmin": "19", "date": "1994-05-15", "name": "BARCELONA", "gust": "10,3", "tmax": "17,9", "longitude": 21200, "dir": "18"}, {"code": "0201D", "hourtmin": "04:50", "hourgust": "14:20", "hourtmax": "17:30", "sun": null, "altitude": "6", "prec": "0,0", "latitude": 412326, "hourpresmax": "00", "province": "BARCELONA", "tmed": "17,8", "tmin": "15,8", "avgspeed": "4,7", "presmax": "1009,3", "presmin": "1005,1", "hourpresmin": "Varias", "date": "1994-05-16", "name": "BARCELONA", "gust": "12,8", "tmax": "19,8", "longitude": 21200, "dir": "18"}, {"code": "0201D", "hourtmin": "13:50", "hourgust": "13:20", "hourtmax": "00:05", "sun": null, "altitude": "6", "prec": "2,5", "latitude": 412326, "hourpresmax": "Varias", "province": "BARCELONA", "tmed": "16,2", "tmin": "14,6", "avgspeed": "1,7", "presmax": "1006,1", "presmin": "1002,2", "hourpresmin": "24", "date": "1994-05-17", "name": "BARCELONA", "gust": "9,4", "tmax": "17,8", "longitude": 21200, "dir": "24"}, {"code": "0201D", "hourtmin": "04:50", "hourgust": "14:30", "hourtmax": "14:10", "sun": null, "altitude": "6", "prec": "0,0", "latitude": 412326, "hourpresmax": "24", "province": "BARCELONA", "tmed": "18,8", "tmin": "13,3", "avgspeed": "2,2", "presmax": "1006,6", "presmin": "1001,1", "hourpresmin": "Varias", "date": "1994-05-18", "name": "BARCELONA", "gust": "17,8", "tmax": "24,4", "longitude": 21200, "dir": "06"}, {"code": "0201D", "hourtmin": "05:50", "hourgust": "12:30", "hourtmax": "11:20", "sun": null, "altitude": "6", "prec": "0,0", "latitude": 412326, "hourpresmax": "08", "province": "BARCELONA", "tmed": "17,9", "tmin": "13,9", "avgspeed": "4,4", "presmax": "1008,1", "presmin": "1002,8", "hourpresmin": "24", "date": "1994-05-19", "name": "BARCELONA", "gust": "15,3", "tmax": "21,9", "longitude": 21200, "dir": "22"}, {"code": "0201D", "hourtmin": "Varias", "hourgust": "Varias", "hourtmax": "11:20", "sun": null, "altitude": "6", "prec": "0,0", "latitude": 412326, "hourpresmax": "10", "province": "BARCELONA", "tmed": "20,5", "tmin": "17,7", "avgspeed": "6,9", "presmax": "1006,5", "presmin": "1002,4", "hourpresmin": "02", "date": "1994-05-20", "name": "BARCELONA", "gust": "14,2", "tmax": "23,3", "longitude": 21200, "dir": "99"}, {"code": "0201D", "hourtmin": "05:25", "hourgust": "Varias", "hourtmax": "13:30", "sun": null, "altitude": "6", "prec": "0,0", "latitude": 412326, "hourpresmax": "Varias", "province": "BARCELONA", "tmed": "20,4", "tmin": "16,3", "avgspeed": "4,4", "presmax": "1010,5", "presmin": "1004,6", "hourpresmin": "02", "date": "1994-05-21", "name": "BARCELONA", "gust": "11,7", "tmax": "24,5", "longitude": 21200, "dir": "18"}, {"code": "0201D", "hourtmin": "02:30", "hourgust": "02:00", "hourtmax": "00:00", "sun": null, "altitude": "6", "prec": "0,0", "latitude": 412326, "hourpresmax": "12", "province": "BARCELONA", "tmed": "17,4", "tmin": "15,3", "avgspeed": "3,6", "presmax": "1012,7", "presmin": "1008,3", "hourpresmin": "19", "date": "1994-05-22", "name": "BARCELONA", "gust": "7,5", "tmax": "19,6", "longitude": 21200, "dir": "04"}, {"code": "0201D", "hourtmin": "01:20", "hourgust": "14:40", "hourtmax": "10:40", "sun": null, "altitude": "6", "prec": "0,0", "latitude": 412326, "hourpresmax": "Varias", "province": "BARCELONA", "tmed": "19,0", "tmin": "16,7", "avgspeed": "1,9", "presmax": "1011,2", "presmin": "1007,1", "hourpresmin": "24", "date": "1994-05-23", "name": "BARCELONA", "gust": "5,8", "tmax": "21,2", "longitude": 21200, "dir": "07"}, {"code": "0201D", "hourtmin": "02:10", "hourgust": "16:10", "hourtmax": "13:50", "sun": null, "altitude": "6", "prec": "0,0", "latitude": 412326, "hourpresmax": "24", "province": "BARCELONA", "tmed": "21,4", "tmin": "17,3", "avgspeed": "2,8", "presmax": "1013,9", "presmin": "1005,1", "hourpresmin": "06", "date": "1994-05-24", "name": "BARCELONA", "gust": "21,4", "tmax": "25,4", "longitude": 21200, "dir": "15"}, {"code": "0201D", "hourtmin": "04:20", "hourgust": "16:40", "hourtmax": "12:10", "sun": null, "altitude": "6", "prec": "0,0", "latitude": 412326, "hourpresmax": "Varias", "province": "BARCELONA", "tmed": "18,4", "tmin": "17,0", "avgspeed": "5,0", "presmax": "1014,0", "presmin": "1009,7", "hourpresmin": "Varias", "date": "1994-05-25", "name": "BARCELONA", "gust": "11,1", "tmax": "19,8", "longitude": 21200, "dir": "19"}, {"code": "0201D", "hourtmin": "Varias", "hourgust": "09:10", "hourtmax": "07:40", "sun": null, "altitude": "6", "prec": "0,0", "latitude": 412326, "hourpresmax": "Varias", "province": "BARCELONA", "tmed": "19,2", "tmin": "17,8", "avgspeed": "3,9", "presmax": "1013,4", "presmin": "1008,5", "hourpresmin": "04", "date": "1994-05-26", "name": "BARCELONA", "gust": "9,4", "tmax": "20,7", "longitude": 21200, "dir": "18"}, {"code": "0201D", "hourtmin": "23:50", "hourgust": "13:30", "hourtmax": "08:10", "sun": null, "altitude": "6", "prec": "0,0", "latitude": 412326, "hourpresmax": "08", "province": "BARCELONA", "tmed": "18,6", "tmin": "17,6", "avgspeed": "4,4", "presmax": "1016,2", "presmin": "1012,2", "hourpresmin": "24", "date": "1994-05-27", "name": "BARCELONA", "gust": "9,2", "tmax": "19,5", "longitude": 21200, "dir": "18"}, {"code": "0201D", "hourtmin": "Varias", "hourgust": "14:50", "hourtmax": "17:50", "sun": null, "altitude": "6", "prec": "0,0", "latitude": 412326, "hourpresmax": "10", "province": "BARCELONA", "tmed": "19,2", "tmin": "17,0", "avgspeed": "4,2", "presmax": "1013,1", "presmin": "1010,5", "hourpresmin": "20", "date": "1994-05-28", "name": "BARCELONA", "gust": "10,8", "tmax": "21,4", "longitude": 21200, "dir": "18"}, {"code": "0201D", "hourtmin": "Varias", "hourgust": "09:10", "hourtmax": "13:50", "sun": null, "altitude": "6", "prec": "0,0", "latitude": 412326, "hourpresmax": "12", "province": "BARCELONA", "tmed": "18,8", "tmin": "17,2", "avgspeed": "3,3", "presmax": "1013,7", "presmin": "1011,2", "hourpresmin": "18", "date": "1994-05-29", "name": "BARCELONA", "gust": "6,9", "tmax": "20,5", "longitude": 21200, "dir": "09"}, {"code": "0201D", "hourtmin": "Varias", "hourgust": "09:35", "hourtmax": "Varias", "sun": null, "altitude": "6", "prec": "0,0", "latitude": 412326, "hourpresmax": "24", "province": "BARCELONA", "tmed": "19,9", "tmin": "18,0", "avgspeed": "2,5", "presmax": "1015,1", "presmin": "1011,4", "hourpresmin": "Varias", "date": "1994-05-30", "name": "BARCELONA", "gust": "5,6", "tmax": "21,8", "longitude": 21200, "dir": "99"}, {"code": "0201D", "hourtmin": "Varias", "hourgust": "23:50", "hourtmax": "12:55", "sun": null, "altitude": "6", "prec": "0,0", "latitude": 412326, "hourpresmax": "23", "province": "BARCELONA", "tmed": "21,4", "tmin": "19,0", "avgspeed": "2,5", "presmax": "1018,2", "presmin": "1014,5", "hourpresmin": "05", "date": "1994-05-31", "name": "BARCELONA", "gust": "6,1", "tmax": "23,8", "longitude": 21200, "dir": "04"}, {"code": "0201D", "hourtmin": "Varias", "hourgust": "Varias", "hourtmax": "07:35", "sun": null, "altitude": "6", "prec": "0,0", "latitude": 412326, "hourpresmax": "02", "province": "BARCELONA", "tmed": "21,3", "tmin": "20,0", "avgspeed": "4,4", "presmax": "1016,8", "presmin": "1010,5", "hourpresmin": "24", "date": "1994-06-01", "name": "BARCELONA", "gust": "10,0", "tmax": "22,6", "longitude": 21200, "dir": "99"}, {"code": "0201D", "hourtmin": "Varias", "hourgust": "Varias", "hourtmax": "Varias", "sun": null, "altitude": "6", "prec": "0,0", "latitude": 412326, "hourpresmax": "24", "province": "BARCELONA", "tmed": "25,2", "tmin": "20,1", "avgspeed": "5,0", "presmax": "1016,8", "presmin": "1007,3", "hourpresmin": "05", "date": "1994-06-02", "name": "BARCELONA", "gust": "14,4", "tmax": "30,4", "longitude": 21200, "dir": "05"}, {"code": "0201D", "hourtmin": "05:05", "hourgust": "14:10", "hourtmax": "09:30", "sun": null, "altitude": "6", "prec": "0,0", "latitude": 412326, "hourpresmax": "24", "province": "BARCELONA", "tmed": "21,0", "tmin": "19,3", "avgspeed": "4,2", "presmax": "1018,1", "presmin": "1014,3", "hourpresmin": "17", "date": "1994-06-03", "name": "BARCELONA", "gust": "9,7", "tmax": "22,6", "longitude": 21200, "dir": "18"}, {"code": "0201D", "hourtmin": "04:40", "hourgust": "14:10", "hourtmax": "15:55", "sun": null, "altitude": "6", "prec": "0,0", "latitude": 412326, "hourpresmax": "Varias", "province": "BARCELONA", "tmed": "20,4", "tmin": "18,2", "avgspeed": "5,8", "presmax": "1019,1", "presmin": "1013,7", "hourpresmin": "17", "date": "1994-06-04", "name": "BARCELONA", "gust": "14,2", "tmax": "22,5", "longitude": 21200, "dir": "18"}, {"code": "0201D", "hourtmin": "Varias", "hourgust": "12:40", "hourtmax": "12:10", "sun": null, "altitude": "6", "prec": "0,0", "latitude": 412326, "hourpresmax": "23", "province": "BARCELONA", "tmed": "20,4", "tmin": "18,8", "avgspeed": "3,3", "presmax": "1018,6", "presmin": "1014,7", "hourpresmin": "Varias", "date": "1994-06-05", "name": "BARCELONA", "gust": "9,2", "tmax": "22,0", "longitude": 21200, "dir": "11"}, {"code": "0201D", "hourtmin": "Varias", "hourgust": "14:10", "hourtmax": "18:20", "sun": null, "altitude": "6", "prec": "0,0", "latitude": 412326, "hourpresmax": "08", "province": "BARCELONA", "tmed": "20,6", "tmin": "18,9", "avgspeed": "4,7", "presmax": "1019,9", "presmin": "1016,3", "hourpresmin": "24", "date": "1994-06-06", "name": "BARCELONA", "gust": "11,9", "tmax": "22,3", "longitude": 21200, "dir": "18"}, {"code": "0201D", "hourtmin": null, "hourgust": "13:40", "hourtmax": null, "sun": null, "altitude": "6", "prec": "0,0", "latitude": 412326, "hourpresmax": "09", "province": "BARCELONA", "avgspeed": "4,2", "presmax": "1017,9", "presmin": "1014,2", "hourpresmin": "24", "date": "1994-06-07", "name": "BARCELONA", "gust": "11,9", "longitude": 21200, "dir": "18"}, {"code": "0201D", "hourtmin": "05:10", "hourgust": "08:30", "hourtmax": "15:00", "sun": null, "altitude": "6", "prec": "2,8", "latitude": 412326, "hourpresmax": "24", "province": "BARCELONA", "tmed": "20,5", "tmin": "19,1", "avgspeed": "4,4", "presmax": "1018,5", "presmin": "1013,6", "hourpresmin": "Varias", "date": "1994-06-08", "name": "BARCELONA", "gust": "9,2", "tmax": "21,9", "longitude": 21200, "dir": "07"}, {"code": "0201D", "hourtmin": "10:10", "hourgust": "Varias", "hourtmax": "07:40", "sun": null, "altitude": "6", "prec": "2,3", "latitude": 412326, "hourpresmax": "Varias", "province": "BARCELONA", "tmed": "21,4", "tmin": "18,5", "avgspeed": "6,9", "presmax": "1021,6", "presmin": "1017,9", "hourpresmin": "01", "date": "1994-06-09", "name": "BARCELONA", "gust": "12,2", "tmax": "24,2", "longitude": 21200, "dir": "99"}, {"code": "0201D", "hourtmin": "22:40", "hourgust": "14:50", "hourtmax": "12:35", "sun": null, "altitude": "6", "prec": "12,8", "latitude": 412326, "hourpresmax": "00", "province": "BARCELONA", "tmed": "16,7", "tmin": "13,6", "avgspeed": "4,4", "presmax": "1017,3", "presmin": "1013,1", "hourpresmin": "18", "date": "1994-06-11", "name": "BARCELONA", "gust": "12,8", "tmax": "19,8", "longitude": 21200, "dir": "18"}, {"code": "0201D", "hourtmin": "05:00", "hourgust": "11:25", "hourtmax": "15:00", "sun": null, "altitude": "6", "prec": "0,0", "latitude": 412326, "hourpresmax": "Varias", "province": "BARCELONA", "tmed": "16,5", "tmin": "12,9", "avgspeed": "3,6", "presmax": "1018,1", "presmin": "1013,4", "hourpresmin": "01", "date": "1994-06-12", "name": "BARCELONA", "gust": "9,4", "tmax": "20,1", "longitude": 21200, "dir": "18"}, {"code": "0201D", "hourtmin": "04:30", "hourgust": "Varias", "hourtmax": "16:40", "sun": null, "altitude": "6", "prec": "0,0", "latitude": 412326, "hourpresmax": "08", "province": "BARCELONA", "tmed": "18,1", "tmin": "14,6", "avgspeed": "5,6", "presmax": "1018,7", "presmin": "1016,1", "hourpresmin": "Varias", "date": "1994-06-13", "name": "BARCELONA", "gust": "11,4", "tmax": "21,6", "longitude": 21200, "dir": "99"}, {"code": "0201D", "hourtmin": "04:25", "hourgust": "15:30", "hourtmax": "16:30", "sun": null, "altitude": "6", "prec": "0,0", "latitude": 412326, "hourpresmax": "07", "province": "BARCELONA", "tmed": "20,2", "tmin": "16,8", "avgspeed": "5,6", "presmax": "1017,8", "presmin": "1015,1", "hourpresmin": "17", "date": "1994-06-14", "name": "BARCELONA", "gust": "12,2", "tmax": "23,5", "longitude": 21200, "dir": "21"}, {"province": "BARCELONA", "hourtmax": null, "presmin": null, "code": "0201D", "name": "BARCELONA", "presmax": null, "gust": null, "altitude": "6", "longitude": 21200, "hourpresmax": null, "date": "1994-06-15", "hourpresmin": null, "hourtmin": null, "avgspeed": "6,1", "latitude": 412326, "sun": null, "hourgust": null}, {"code": "0201D", "hourtmin": "04:50", "hourgust": "14:05", "hourtmax": "15:40", "sun": null, "altitude": "6", "prec": "0,0", "latitude": 412326, "hourpresmax": "Varias", "province": "BARCELONA", "tmed": "20,0", "tmin": "18,1", "avgspeed": "5,3", "presmax": "1015,6", "presmin": "1012,1", "hourpresmin": "17", "date": "1994-06-16", "name": "BARCELONA", "gust": "11,9", "tmax": "21,8", "longitude": 21200, "dir": "18"}, {"code": "0201D", "hourtmin": "Varias", "hourgust": "Varias", "hourtmax": "Varias", "sun": null, "altitude": "6", "prec": "0,0", "latitude": 412326, "hourpresmax": "14", "province": "BARCELONA", "tmed": "22,0", "tmin": "19,8", "avgspeed": "2,8", "presmax": "1013,2", "presmin": "1011,0", "hourpresmin": "05", "date": "1994-06-17", "name": "BARCELONA", "gust": "7,2", "tmax": "24,1", "longitude": 21200, "dir": "18"}, {"code": "0201D", "hourtmin": "04:00", "hourgust": "09:50", "hourtmax": "13:35", "sun": null, "altitude": "6", "prec": "0,0", "latitude": 412326, "hourpresmax": "Varias", "province": "BARCELONA", "tmed": "21,8", "tmin": "20,2", "avgspeed": "3,6", "presmax": "1013,6", "presmin": "1010,0", "hourpresmin": "03", "date": "1994-06-18", "name": "BARCELONA", "gust": "7,5", "tmax": "23,4", "longitude": 21200, "dir": "09"}, {"code": "0201D", "hourtmin": "Varias", "hourgust": "10:10", "hourtmax": "Varias", "sun": null, "altitude": "6", "prec": "0,0", "latitude": 412326, "hourpresmax": "Varias", "province": "BARCELONA", "tmed": "21,0", "tmin": "19,3", "avgspeed": "2,5", "presmax": "1015,6", "presmin": "1012,5", "hourpresmin": "Varias", "date": "1994-06-19", "name": "BARCELONA", "gust": "6,9", "tmax": "22,6", "longitude": 21200, "dir": "16"}, {"code": "0201D", "hourtmin": "Varias", "hourgust": "15:10", "hourtmax": "15:20", "sun": null, "altitude": "6", "prec": "0,0", "latitude": 412326, "hourpresmax": "08", "province": "BARCELONA", "tmed": "22,4", "tmin": "20,3", "avgspeed": "6,9", "presmax": "1016,5", "presmin": "1013,3", "hourpresmin": "17", "date": "1994-06-20", "name": "BARCELONA", "gust": "13,9", "tmax": "24,5", "longitude": 21200, "dir": "19"}, {"code": "0201D", "hourtmin": "04:40", "hourgust": "14:00", "hourtmax": "11:00", "sun": null, "altitude": "6", "prec": "0,0", "latitude": 412326, "hourpresmax": "21", "province": "BARCELONA", "tmed": "22,0", "tmin": "19,8", "avgspeed": "3,3", "presmax": "1021,7", "presmin": "1015,9", "hourpresmin": "Varias", "date": "1994-06-21", "name": "BARCELONA", "gust": "8,3", "tmax": "24,2", "longitude": 21200, "dir": "18"}, {"code": "0201D", "hourtmin": "04:35", "hourgust": "Varias", "hourtmax": "18:55", "sun": null, "altitude": "6", "prec": "0,0", "latitude": 412326, "hourpresmax": "08", "province": "BARCELONA", "tmed": "23,2", "tmin": "20,8", "avgspeed": "3,9", "presmax": "1022,8", "presmin": "1019,4", "hourpresmin": "24", "date": "1994-06-22", "name": "BARCELONA", "gust": "8,3", "tmax": "25,6", "longitude": 21200, "dir": "99"}, {"code": "0201D", "hourtmin": "Varias", "hourgust": "03:10", "hourtmax": "Varias", "sun": null, "altitude": "6", "prec": "0,0", "latitude": 412326, "hourpresmax": "00", "province": "BARCELONA", "tmed": "24,7", "tmin": "22,1", "avgspeed": "2,5", "presmax": "1019,4", "presmin": "1014,2", "hourpresmin": "24", "date": "1994-06-23", "name": "BARCELONA", "gust": "5,8", "tmax": "27,3", "longitude": 21200, "dir": "33"}, {"code": "0201D", "hourtmin": "05:20", "hourgust": "23:59", "hourtmax": "Varias", "sun": null, "altitude": "6", "prec": "0,0", "latitude": 412326, "hourpresmax": null, "province": "BARCELONA", "tmed": "22,7", "tmin": "20,3", "presmax": null, "presmin": null, "hourpresmin": null, "date": "1994-06-24", "name": "BARCELONA", "gust": "9,4", "tmax": "25,1", "longitude": 21200, "avgspeed": "3,3", "dir": "05"}, {"code": "0201D", "hourtmin": "18:20", "hourgust": "18:10", "hourtmax": "09:50", "sun": null, "altitude": "6", "prec": "34,9", "latitude": 412326, "hourpresmax": "24", "province": "BARCELONA", "tmed": "21,2", "tmin": "18,3", "avgspeed": "6,1", "presmax": "1009,5", "presmin": "1005,4", "hourpresmin": "14", "date": "1994-06-25", "name": "BARCELONA", "gust": "16,1", "tmax": "24,1", "longitude": 21200, "dir": "17"}, {"code": "0201D", "hourtmin": "04:30", "hourgust": "00:50", "hourtmax": "Varias", "sun": null, "altitude": "6", "prec": "0,0", "latitude": 412326, "hourpresmax": "Varias", "province": "BARCELONA", "tmed": "19,2", "tmin": "16,7", "avgspeed": "5,3", "presmax": "1017,0", "presmin": "1009,5", "hourpresmin": "Varias", "date": "1994-06-26", "name": "BARCELONA", "gust": "12,2", "tmax": "21,8", "longitude": 21200, "dir": "06"}, {"code": "0201D", "hourtmin": "03:05", "hourgust": "16:50", "hourtmax": "13:40", "sun": null, "altitude": "6", "prec": "0,0", "latitude": 412326, "hourpresmax": "08", "province": "BARCELONA", "tmed": "20,8", "tmin": "18,0", "avgspeed": "3,9", "presmax": "1019,0", "presmin": "1016,3", "hourpresmin": "02", "date": "1994-06-27", "name": "BARCELONA", "gust": "7,2", "tmax": "23,6", "longitude": 21200, "dir": "18"}, {"code": "0201D", "hourtmin": "04:50", "hourgust": "20:30", "hourtmax": "18:20", "sun": null, "altitude": "6", "prec": "0,0", "latitude": 412326, "hourpresmax": "Varias", "province": "BARCELONA", "tmed": "25,4", "tmin": "22,1", "avgspeed": "3,1", "presmax": "1013,7", "presmin": "1007,8", "hourpresmin": "20", "date": "1994-07-02", "name": "BARCELONA", "gust": "11,9", "tmax": "28,7", "longitude": 21200, "dir": "15"}, {"code": "0201D", "hourtmin": "Varias", "hourgust": "16:00", "hourtmax": "18:50", "sun": null, "altitude": "6", "prec": "0,0", "latitude": 412326, "hourpresmax": "10", "province": "BARCELONA", "tmed": "26,3", "tmin": "23,4", "avgspeed": "2,8", "presmax": "1013,2", "presmin": "1010,2", "hourpresmin": "17", "date": "1994-07-03", "name": "BARCELONA", "gust": "9,7", "tmax": "29,2", "longitude": 21200, "dir": "18"}, {"code": "0201D", "hourtmin": "05:00", "hourgust": "11:50", "hourtmax": "12:20", "sun": null, "altitude": "6", "prec": "0,0", "latitude": 412326, "hourpresmax": "23", "province": "BARCELONA", "tmed": "25,4", "tmin": "23,5", "avgspeed": "2,8", "presmax": "1015,0", "presmin": "1012,1", "hourpresmin": "03", "date": "1994-07-04", "name": "BARCELONA", "gust": "9,7", "tmax": "27,4", "longitude": 21200, "dir": "18"}, {"code": "0201D", "hourtmin": "04:35", "hourgust": "11:00", "hourtmax": "12:00", "sun": null, "altitude": "6", "prec": "0,0", "latitude": 412326, "hourpresmax": "Varias", "province": "BARCELONA", "tmed": "26,3", "tmin": "24,2", "avgspeed": "2,8", "presmax": "1015,0", "presmin": "1013,1", "hourpresmin": "Varias", "date": "1994-07-05", "name": "BARCELONA", "gust": "8,3", "tmax": "28,4", "longitude": 21200, "dir": "18"}, {"code": "0201D", "hourtmin": "Varias", "hourgust": "12:50", "hourtmax": "12:10", "sun": null, "altitude": "6", "prec": "0,0", "latitude": 412326, "hourpresmax": "Varias", "province": "BARCELONA", "tmed": "25,8", "tmin": "24,3", "avgspeed": "3,6", "presmax": "1015,5", "presmin": "1011,9", "hourpresmin": "04", "date": "1994-07-06", "name": "BARCELONA", "gust": "8,3", "tmax": "27,4", "longitude": 21200, "dir": "19"}, {"code": "0201D", "hourtmin": "05:35", "hourgust": "13:50", "hourtmax": "Varias", "sun": null, "altitude": "6", "prec": "0,0", "latitude": 412326, "hourpresmax": "09", "province": "BARCELONA", "tmed": "23,3", "tmin": "21,9", "avgspeed": "5,0", "presmax": "1017,7", "presmin": "1014,9", "hourpresmin": "Varias", "date": "1994-07-07", "name": "BARCELONA", "gust": "10,8", "tmax": "24,7", "longitude": 21200, "dir": "18"}, {"code": "0201D", "hourtmin": "00:05", "hourgust": "15:40", "hourtmax": "Varias", "sun": null, "altitude": "6", "prec": "0,0", "latitude": 412326, "hourpresmax": "24", "province": "BARCELONA", "tmed": "24,1", "tmin": "22,7", "avgspeed": "5,3", "presmax": "1016,5", "presmin": "1013,6", "hourpresmin": "16", "date": "1994-07-08", "name": "BARCELONA", "gust": "11,1", "tmax": "25,5", "longitude": 21200, "dir": "18"}, {"code": "0201D", "hourtmin": "05:00", "hourgust": "14:30", "hourtmax": "11:30", "sun": null, "altitude": "6", "prec": "0,0", "latitude": 412326, "hourpresmax": "10", "province": "BARCELONA", "tmed": "24,3", "tmin": "22,8", "avgspeed": "5,6", "presmax": "1017,9", "presmin": "1015,0", "hourpresmin": "Varias", "date": "1994-07-09", "name": "BARCELONA", "gust": "10,8", "tmax": "25,8", "longitude": 21200, "dir": "18"}, {"code": "0201D", "hourtmin": "05:10", "hourgust": "17:00", "hourtmax": "Varias", "sun": null, "altitude": "6", "prec": "0,0", "latitude": 412326, "hourpresmax": "08", "province": "BARCELONA", "tmed": "24,1", "tmin": "22,8", "avgspeed": "4,7", "presmax": "1016,8", "presmin": "1014,3", "hourpresmin": "Varias", "date": "1994-07-10", "name": "BARCELONA", "gust": "8,9", "tmax": "25,4", "longitude": 21200, "dir": "18"}, {"code": "0201D", "hourtmin": "04:40", "hourgust": "17:20", "hourtmax": "Varias", "sun": null, "altitude": "6", "latitude": 412326, "hourpresmax": "11", "province": "BARCELONA", "tmed": "25,4", "tmin": "23,0", "avgspeed": "2,5", "presmax": "1015,6", "presmin": "1013,6", "hourpresmin": "Varias", "date": "1994-07-11", "name": "BARCELONA", "gust": "6,4", "tmax": "27,9", "longitude": 21200, "dir": "06"}, {"code": "0201D", "hourtmin": null, "hourgust": null, "hourtmax": null, "sun": null, "altitude": "6", "prec": "0,0", "latitude": 412326, "hourpresmax": null, "province": "BARCELONA", "presmax": null, "presmin": null, "hourpresmin": null, "date": "1994-07-13", "name": "BARCELONA", "gust": null, "longitude": 21200, "avgspeed": "5,6"}, {"code": "0201D", "hourtmin": "04:40", "hourgust": "12:40", "hourtmax": "17:20", "sun": null, "altitude": "6", "prec": "0,0", "latitude": 412326, "hourpresmax": "Varias", "province": "BARCELONA", "tmed": "25,8", "tmin": "23,3", "avgspeed": "6,1", "presmax": "1018,0", "presmin": "1015,9", "hourpresmin": "02", "date": "1994-07-14", "name": "BARCELONA", "gust": "12,2", "tmax": "28,2", "longitude": 21200, "dir": "18"}, {"code": "0201D", "hourtmin": "04:50", "hourgust": "14:40", "hourtmax": "Varias", "sun": null, "altitude": "6", "prec": "0,0", "latitude": 412326, "hourpresmax": "07", "province": "BARCELONA", "tmed": "25,4", "tmin": "23,1", "avgspeed": "5,0", "presmax": "1018,6", "presmin": "1014,7", "hourpresmin": "Varias", "date": "1994-07-15", "name": "BARCELONA", "gust": "11,7", "tmax": "27,7", "longitude": 21200, "dir": "18"}, {"code": "0201D", "hourtmin": "05:10", "hourgust": "16:50", "hourtmax": "17:10", "sun": null, "altitude": "6", "prec": "0,0", "latitude": 412326, "hourpresmax": "07", "province": "BARCELONA", "tmed": "26,2", "tmin": "23,0", "avgspeed": "2,2", "presmax": "1015,6", "presmin": "1013,0", "hourpresmin": "20", "date": "1994-07-16", "name": "BARCELONA", "gust": "7,8", "tmax": "29,3", "longitude": 21200, "dir": "20"}, {"code": "0201D", "hourtmin": "Varias", "hourgust": "19:20", "hourtmax": "08:15", "sun": null, "altitude": "6", "prec": "0,0", "latitude": 412326, "hourpresmax": "Varias", "province": "BARCELONA", "tmed": "26,5", "tmin": "24,1", "avgspeed": "3,6", "presmax": "1014,6", "presmin": "1011,6", "hourpresmin": "01", "date": "1994-07-17", "name": "BARCELONA", "gust": "6,7", "tmax": "28,9", "longitude": 21200, "dir": "05"}, {"code": "0201D", "hourtmin": "04:50", "hourgust": "03:20", "hourtmax": "13:50", "sun": null, "altitude": "6", "latitude": 412326, "hourpresmax": "24", "province": "BARCELONA", "tmed": "26,0", "tmin": "24,0", "avgspeed": "3,1", "presmax": "1015,0", "presmin": "1011,4", "hourpresmin": "03", "date": "1994-07-18", "name": "BARCELONA", "gust": "10,0", "tmax": "27,9", "longitude": 21200, "dir": "08"}, {"province": "BARCELONA", "hourtmax": null, "presmin": null, "code": "0201D", "name": "BARCELONA", "presmax": null, "gust": null, "altitude": "6", "longitude": 21200, "hourpresmax": null, "date": "1994-07-20", "hourpresmin": null, "hourtmin": null, "avgspeed": "6,1", "latitude": 412326, "sun": null, "hourgust": null}, {"code": "0201D", "hourtmin": "Varias", "hourgust": "13:50", "hourtmax": "13:10", "sun": null, "altitude": "6", "prec": "0,0", "latitude": 412326, "hourpresmax": "21", "province": "BARCELONA", "tmed": "25,0", "tmin": "23,8", "avgspeed": "5,0", "presmax": "1012,3", "presmin": "1009,9", "hourpresmin": "Varias", "date": "1994-07-21", "name": "BARCELONA", "gust": "11,7", "tmax": "26,3", "longitude": 21200, "dir": "18"}, {"code": "0201D", "hourtmin": "05:40", "hourgust": "15:30", "hourtmax": "17:30", "sun": null, "altitude": "6", "latitude": 412326, "hourpresmax": "Varias", "province": "BARCELONA", "tmed": "26,2", "tmin": "24,9", "avgspeed": "4,4", "presmax": "1013,5", "presmin": "1011,0", "hourpresmin": "04", "date": "1994-07-22", "name": "BARCELONA", "gust": "10,0", "tmax": "27,6", "longitude": 21200, "dir": "18"}, {"code": "0201D", "hourtmin": "04:50", "hourgust": "10:30", "hourtmax": "13:50", "sun": null, "altitude": "6", "prec": "0,0", "latitude": 412326, "hourpresmax": "11", "province": "BARCELONA", "tmed": "25,8", "tmin": "23,2", "avgspeed": "2,5", "presmax": "1012,8", "presmin": "1010,8", "hourpresmin": "Varias", "date": "1994-07-24", "name": "BARCELONA", "gust": "6,1", "tmax": "28,3", "longitude": 21200, "dir": "10"}, {"code": "0201D", "hourtmin": "Varias", "hourgust": "11:30", "hourtmax": "15:20", "sun": null, "altitude": "6", "prec": "0,0", "latitude": 412326, "hourpresmax": "Varias", "province": "BARCELONA", "tmed": "25,6", "tmin": "23,6", "avgspeed": "3,9", "presmax": "1015,0", "presmin": "1010,7", "hourpresmin": "Varias", "date": "1994-07-25", "name": "BARCELONA", "gust": "9,2", "tmax": "27,6", "longitude": 21200, "dir": "09"}, {"code": "0201D", "hourtmin": "04:50", "hourgust": "Varias", "hourtmax": "13:45", "sun": null, "altitude": "6", "prec": "0,0", "latitude": 412326, "hourpresmax": "Varias", "province": "BARCELONA", "tmed": "26,4", "tmin": "23,5", "avgspeed": "2,5", "presmax": "1016,9", "presmin": "1014,7", "hourpresmin": "Varias", "date": "1994-07-26", "name": "BARCELONA", "gust": "5,3", "tmax": "29,3", "longitude": 21200, "dir": "99"}, {"code": "0201D", "hourtmin": "04:45", "hourgust": "Varias", "hourtmax": "14:00", "sun": null, "altitude": "6", "prec": "0,1", "latitude": 412326, "hourpresmax": "00", "province": "BARCELONA", "tmed": "27,6", "tmin": "24,6", "avgspeed": "6,1", "presmax": "1014,8", "presmin": "1012,0", "hourpresmin": "17", "date": "1994-07-27", "name": "BARCELONA", "gust": "11,7", "tmax": "30,6", "longitude": 21200, "dir": "99"}, {"code": "0201D", "hourtmin": "05:10", "hourgust": "09:50", "hourtmax": "13:30", "sun": null, "altitude": "6", "prec": "0,0", "latitude": 412326, "hourpresmax": "22", "province": "BARCELONA", "tmed": "26,8", "tmin": "25,0", "avgspeed": "3,6", "presmax": "1013,7", "presmin": "1011,8", "hourpresmin": "Varias", "date": "1994-07-28", "name": "BARCELONA", "gust": "8,9", "tmax": "28,5", "longitude": 21200, "dir": "18"}, {"province": "BARCELONA", "hourtmax": null, "presmin": null, "code": "0201D", "name": "BARCELONA", "presmax": null, "gust": null, "altitude": "6", "longitude": 21200, "hourpresmax": null, "date": "1994-07-29", "hourpresmin": null, "hourtmin": null, "avgspeed": "2,2", "latitude": 412326, "sun": null, "hourgust": null}, {"code": "0201D", "hourtmin": "Varias", "hourgust": "12:10", "hourtmax": "13:00", "sun": null, "altitude": "6", "prec": "0,5", "latitude": 412326, "hourpresmax": "11", "province": "BARCELONA", "tmed": "26,5", "tmin": "24,2", "avgspeed": "2,5", "presmax": "1012,0", "presmin": "1008,8", "hourpresmin": "24", "date": "1994-07-30", "name": "BARCELONA", "gust": "6,9", "tmax": "28,8", "longitude": 21200, "dir": "10"}, {"code": "0201D", "hourtmin": "06:30", "hourgust": "05:40", "hourtmax": "10:20", "sun": null, "altitude": "6", "prec": "0,0", "latitude": 412326, "hourpresmax": "10", "province": "BARCELONA", "tmed": "26,3", "tmin": "24,0", "avgspeed": "3,3", "presmax": "1009,1", "presmin": "1005,8", "hourpresmin": "06", "date": "1994-07-31", "name": "BARCELONA", "gust": "10,8", "tmax": "28,6", "longitude": 21200, "dir": "08"}, {"code": "0201D", "hourtmin": "Varias", "hourgust": "04:10", "hourtmax": "08:40", "sun": null, "altitude": "6", "prec": "0,0", "latitude": 412326, "hourpresmax": "Varias", "province": "BARCELONA", "tmed": "25,8", "tmin": "24,5", "avgspeed": "6,4", "presmax": "1013,3", "presmin": "1008,2", "hourpresmin": "02", "date": "1994-08-01", "name": "BARCELONA", "gust": "13,6", "tmax": "27,0", "longitude": 21200, "dir": "07"}, {"code": "0201D", "hourtmin": "04:50", "hourgust": "12:10", "hourtmax": "15:20", "sun": null, "altitude": "6", "prec": "0,0", "latitude": 412326, "hourpresmax": "Varias", "province": "BARCELONA", "tmed": "25,6", "tmin": "22,9", "avgspeed": "2,5", "presmax": "1015,1", "presmin": "1012,6", "hourpresmin": "03", "date": "1994-08-02", "name": "BARCELONA", "gust": "6,4", "tmax": "28,2", "longitude": 21200, "dir": "12"}, {"province": "BARCELONA", "hourtmax": null, "presmin": null, "code": "0201D", "name": "BARCELONA", "presmax": null, "gust": null, "altitude": "6", "longitude": 21200, "hourpresmax": null, "date": "1994-08-03", "hourpresmin": null, "hourtmin": null, "avgspeed": "2,2", "latitude": 412326, "sun": null, "hourgust": null}, {"code": "0201D", "hourtmin": "Varias", "hourgust": "Varias", "hourtmax": "15:50", "sun": null, "altitude": "6", "prec": "0,0", "latitude": 412326, "hourpresmax": "Varias", "province": "BARCELONA", "tmed": "25,6", "tmin": "22,7", "avgspeed": "2,8", "presmax": "1017,3", "presmin": "1014,1", "hourpresmin": "05", "date": "1994-08-04", "name": "BARCELONA", "gust": "6,1", "tmax": "28,6", "longitude": 21200, "dir": "99"}, {"code": "0201D", "hourtmin": "Varias", "hourgust": "12:45", "hourtmax": "16:15", "sun": null, "altitude": "6", "prec": "0,0", "latitude": 412326, "hourpresmax": "Varias", "province": "BARCELONA", "tmed": "26,4", "tmin": "24,8", "avgspeed": "4,7", "presmax": "1017,4", "presmin": "1015,3", "hourpresmin": "19", "date": "1994-08-05", "name": "BARCELONA", "gust": "8,6", "tmax": "28,0", "longitude": 21200, "dir": "18"}, {"code": "0201D", "hourtmin": "05:20", "hourgust": "17:00", "hourtmax": "Varias", "sun": null, "altitude": "6", "prec": "0,0", "latitude": 412326, "hourpresmax": "Varias", "province": "BARCELONA", "tmed": "26,0", "tmin": "24,1", "avgspeed": "5,3", "presmax": "1016,5", "presmin": "1011,9", "hourpresmin": "Varias", "date": "1994-08-06", "name": "BARCELONA", "gust": "10,3", "tmax": "27,9", "longitude": 21200, "dir": "18"}, {"code": "0201D", "hourtmin": "Varias", "hourgust": "15:40", "hourtmax": "10:10", "sun": null, "altitude": "6", "prec": "0,0", "latitude": 412326, "hourpresmax": "Varias", "province": "BARCELONA", "tmed": "27,1", "tmin": "25,4", "avgspeed": "4,2", "presmax": "1013,2", "presmin": "1010,3", "hourpresmin": "Varias", "date": "1994-08-07", "name": "BARCELONA", "gust": "10,6", "tmax": "28,8", "longitude": 21200, "dir": "19"}, {"code": "0201D", "hourtmin": "Varias", "hourgust": "Varias", "hourtmax": "14:30", "sun": null, "altitude": "6", "prec": "0,0", "latitude": 412326, "hourpresmax": "Varias", "province": "BARCELONA", "tmed": "27,6", "tmin": "25,6", "avgspeed": "4,2", "presmax": "1013,5", "presmin": "1009,8", "hourpresmin": "19", "date": "1994-08-08", "name": "BARCELONA", "gust": "6,7", "tmax": "29,6", "longitude": 21200, "dir": "99"}, {"code": "0201D", "hourtmin": "04:30", "hourgust": "Varias", "hourtmax": "14:00", "sun": null, "altitude": "6", "prec": "0,0", "latitude": 412326, "hourpresmax": "00", "province": "BARCELONA", "tmed": "26,9", "tmin": "24,5", "avgspeed": "3,6", "presmax": "1009,9", "presmin": "1002,3", "hourpresmin": "24", "date": "1994-08-09", "name": "BARCELONA", "gust": "8,3", "tmax": "29,3", "longitude": 21200, "dir": "99"}, {"code": "0201D", "hourtmin": "02:50", "hourgust": "16:10", "hourtmax": "11:50", "sun": null, "altitude": "6", "prec": "0,0", "latitude": 412326, "hourpresmax": "24", "province": "BARCELONA", "tmed": "28,7", "tmin": "25,7", "avgspeed": "6,7", "presmax": "1008,3", "presmin": "1001,8", "hourpresmin": "03", "date": "1994-08-10", "name": "BARCELONA", "gust": "19,2", "tmax": "31,7", "longitude": 21200, "dir": "20"}, {"code": "0201D", "hourtmin": "20:40", "hourgust": "19:30", "hourtmax": "13:40", "sun": null, "altitude": "6", "prec": "0,0", "latitude": 412326, "hourpresmax": "24", "province": "BARCELONA", "tmed": "27,6", "tmin": "23,2", "avgspeed": "6,1", "presmax": "1014,1", "presmin": "1008,3", "hourpresmin": "Varias", "date": "1994-08-11", "name": "BARCELONA", "gust": "18,3", "tmax": "31,9", "longitude": 21200, "dir": "05"}, {"code": "0201D", "hourtmin": "23:25", "hourgust": "12:50", "hourtmax": "14:20", "sun": null, "altitude": "6", "prec": "0,0", "latitude": 412326, "hourpresmax": "08", "province": "BARCELONA", "tmed": "24,8", "tmin": "22,9", "avgspeed": "2,5", "presmax": "1016,7", "presmin": "1012,0", "hourpresmin": "20", "date": "1994-08-12", "name": "BARCELONA", "gust": "6,7", "tmax": "26,7", "longitude": 21200, "dir": "10"}, {"code": "0201D", "hourtmin": "01:00", "hourgust": "19:20", "hourtmax": "08:50", "sun": null, "altitude": "6", "prec": "0,5", "latitude": 412326, "hourpresmax": "23", "province": "BARCELONA", "tmed": "24,8", "tmin": "22,6", "avgspeed": "4,4", "presmax": "1016,5", "presmin": "1009,7", "hourpresmin": "20", "date": "1994-08-13", "name": "BARCELONA", "gust": "14,7", "tmax": "27,0", "longitude": 21200, "dir": "09"}, {"code": "0201D", "hourtmin": "06:20", "hourgust": "05:10", "hourtmax": "15:05", "sun": null, "altitude": "6", "prec": "0,0", "latitude": 412326, "hourpresmax": "10", "province": "BARCELONA", "tmed": "24,4", "tmin": "23,1", "avgspeed": "4,4", "presmax": "1016,7", "presmin": "1010,8", "hourpresmin": "Varias", "date": "1994-08-14", "name": "BARCELONA", "gust": "10,3", "tmax": "25,7", "longitude": 21200, "dir": "08"}, {"code": "0201D", "hourtmin": "Varias", "hourgust": "11:30", "hourtmax": "Varias", "sun": null, "altitude": "6", "prec": "0,1", "latitude": 412326, "hourpresmax": "10", "province": "BARCELONA", "tmed": "24,6", "tmin": "22,4", "avgspeed": "3,6", "presmax": "1017,6", "presmin": "1014,2", "hourpresmin": "00", "date": "1994-08-15", "name": "BARCELONA", "gust": "7,5", "tmax": "26,9", "longitude": 21200, "dir": "07"}, {"code": "0201D", "hourtmin": "Varias", "hourgust": "04:40", "hourtmax": "Varias", "sun": null, "altitude": "6", "prec": "0,0", "latitude": 412326, "hourpresmax": "10", "province": "BARCELONA", "tmed": "25,5", "tmin": "22,8", "avgspeed": "3,3", "presmax": "1016,8", "presmin": "1012,9", "hourpresmin": "19", "date": "1994-08-16", "name": "BARCELONA", "gust": "6,4", "tmax": "28,2", "longitude": 21200, "dir": "34"}, {"code": "0201D", "hourtmin": "05:00", "hourgust": "Varias", "hourtmax": "15:30", "sun": null, "altitude": "6", "prec": "0,0", "latitude": 412326, "hourpresmax": "Varias", "province": "BARCELONA", "tmed": "25,8", "tmin": "23,8", "avgspeed": "3,3", "presmax": "1014,8", "presmin": "1012,3", "hourpresmin": "04", "date": "1994-08-17", "name": "BARCELONA", "gust": "6,7", "tmax": "27,8", "longitude": 21200, "dir": "99"}, {"code": "0201D", "hourtmin": "Varias", "hourgust": "Varias", "hourtmax": "09:00", "sun": null, "altitude": "6", "prec": "0,0", "latitude": 412326, "hourpresmax": "Varias", "province": "BARCELONA", "tmed": "25,6", "tmin": "24,4", "avgspeed": "5,0", "presmax": "1015,7", "presmin": "1012,7", "hourpresmin": "03", "date": "1994-08-18", "name": "BARCELONA", "gust": "11,1", "tmax": "26,7", "longitude": 21200, "dir": "99"}, {"code": "0201D", "hourtmin": "04:55", "hourgust": "15:40", "hourtmax": "13:05", "sun": null, "altitude": "6", "prec": "0,0", "latitude": 412326, "hourpresmax": "00", "province": "BARCELONA", "tmed": "26,2", "tmin": "23,6", "avgspeed": "5,0", "presmax": "1015,3", "presmin": "1010,9", "hourpresmin": "Varias", "date": "1994-08-19", "name": "BARCELONA", "gust": "14,2", "tmax": "28,7", "longitude": 21200, "dir": "21"}, {"code": "0201D", "hourtmin": "04:20", "hourgust": "12:50", "hourtmax": "08:20", "sun": null, "altitude": "6", "latitude": 412326, "hourpresmax": "11", "province": "BARCELONA", "tmed": "25,9", "tmin": "24,4", "avgspeed": "5,0", "presmax": "1012,9", "presmin": "1009,7", "hourpresmin": "16", "date": "1994-08-20", "name": "BARCELONA", "gust": "12,2", "tmax": "27,4", "longitude": 21200, "dir": "17"}, {"code": "0201D", "hourtmin": null, "hourgust": null, "hourtmax": null, "sun": null, "altitude": "6", "prec": "0,0", "latitude": 412326, "hourpresmax": null, "province": "BARCELONA", "presmax": null, "presmin": null, "hourpresmin": null, "date": "1994-08-21", "name": "BARCELONA", "gust": null, "longitude": 21200, "avgspeed": "1,9"}, {"code": "0201D", "hourtmin": "05:40", "hourgust": "16:50", "hourtmax": "12:10", "sun": null, "altitude": "6", "prec": "0,0", "latitude": 412326, "hourpresmax": "Varias", "province": "BARCELONA", "tmed": "26,1", "tmin": "23,8", "avgspeed": "4,4", "presmax": "1014,7", "presmin": "1010,5", "hourpresmin": "17", "date": "1994-08-22", "name": "BARCELONA", "gust": "12,5", "tmax": "28,4", "longitude": 21200, "dir": "08"}, {"code": "0201D", "hourtmin": "05:45", "hourgust": "12:30", "hourtmax": "10:40", "sun": null, "altitude": "6", "prec": "0,0", "latitude": 412326, "hourpresmax": "11", "province": "BARCELONA", "tmed": "25,7", "tmin": "24,0", "avgspeed": "3,9", "presmax": "1013,3", "presmin": "1011,3", "hourpresmin": "01", "date": "1994-08-23", "name": "BARCELONA", "gust": "8,6", "tmax": "27,4", "longitude": 21200, "dir": "09"}, {"code": "0201D", "hourtmin": "Varias", "hourgust": "14:20", "hourtmax": "Varias", "sun": null, "altitude": "6", "prec": "0,1", "latitude": 412326, "hourpresmax": "00", "province": "BARCELONA", "tmed": "25,2", "tmin": "23,6", "avgspeed": "4,7", "presmax": "1012,9", "presmin": "1009,3", "hourpresmin": "18", "date": "1994-08-24", "name": "BARCELONA", "gust": "10,8", "tmax": "26,9", "longitude": 21200, "dir": "18"}, {"code": "0201D", "hourtmin": "Varias", "hourgust": "18:40", "hourtmax": "15:15", "sun": null, "altitude": "6", "prec": "1,1", "latitude": 412326, "hourpresmax": "24", "province": "BARCELONA", "tmed": "24,6", "tmin": "22,5", "avgspeed": "6,1", "presmax": "1011,7", "presmin": "1008,1", "hourpresmin": "Varias", "date": "1994-08-25", "name": "BARCELONA", "gust": "13,6", "tmax": "26,7", "longitude": 21200, "dir": "05"}, {"code": "0201D", "hourtmin": "Varias", "hourgust": "12:30", "hourtmax": "15:30", "sun": null, "altitude": "6", "prec": "0,0", "latitude": 412326, "hourpresmax": "Varias", "province": "BARCELONA", "tmed": "24,2", "tmin": "21,7", "avgspeed": "2,8", "presmax": "1014,6", "presmin": "1011,4", "hourpresmin": "05", "date": "1994-08-26", "name": "BARCELONA", "gust": "7,5", "tmax": "26,8", "longitude": 21200, "dir": "18"}, {"code": "0201D", "hourtmin": "Varias", "hourgust": "14:10", "hourtmax": "15:10", "sun": null, "altitude": "6", "prec": "0,0", "latitude": 412326, "hourpresmax": "09", "province": "BARCELONA", "tmed": "25,2", "tmin": "23,2", "avgspeed": "5,3", "presmax": "1015,6", "presmin": "1012,1", "hourpresmin": "18", "date": "1994-08-27", "name": "BARCELONA", "gust": "12,2", "tmax": "27,2", "longitude": 21200, "dir": "19"}, {"code": "0201D", "hourtmin": "06:10", "hourgust": "17:40", "hourtmax": "12:20", "sun": null, "altitude": "6", "latitude": 412326, "hourpresmax": "09", "province": "BARCELONA", "tmed": "26,0", "tmin": "24,4", "avgspeed": "3,9", "presmax": "1014,0", "presmin": "1011,0", "hourpresmin": "17", "date": "1994-08-28", "name": "BARCELONA", "gust": "10,3", "tmax": "27,7", "longitude": 21200, "dir": "21"}, {"code": "0201D", "hourtmin": null, "hourgust": null, "hourtmax": null, "sun": null, "altitude": "6", "prec": "0,0", "latitude": 412326, "hourpresmax": null, "province": "BARCELONA", "presmax": null, "presmin": null, "hourpresmin": null, "date": "1994-08-29", "name": "BARCELONA", "gust": null, "longitude": 21200, "avgspeed": "5,0"}, {"code": "0201D", "hourtmin": "Varias", "hourgust": "12:00", "hourtmax": "Varias", "sun": null, "altitude": "6", "prec": "0,7", "latitude": 412326, "hourpresmax": "00", "province": "BARCELONA", "tmed": "25,4", "tmin": "23,3", "avgspeed": "5,0", "presmax": "1010,9", "presmin": "1006,6", "hourpresmin": "19", "date": "1994-08-30", "name": "BARCELONA", "gust": "9,2", "tmax": "27,6", "longitude": 21200, "dir": "10"}, {"code": "0201D", "hourtmin": "05:30", "hourgust": "23:59", "hourtmax": "14:00", "sun": null, "altitude": "6", "prec": "6,3", "latitude": 412326, "hourpresmax": "24", "province": "BARCELONA", "tmed": "25,8", "tmin": "23,7", "avgspeed": "3,3", "presmax": "1009,8", "presmin": "1006,9", "hourpresmin": "02", "date": "1994-08-31", "name": "BARCELONA", "gust": "8,6", "tmax": "27,8", "longitude": 21200, "dir": "06"}, {"code": "0201D", "hourtmin": "23:40", "hourgust": "05:20", "hourtmax": "09:20", "sun": null, "altitude": "6", "latitude": 412326, "hourpresmax": "11", "province": "BARCELONA", "tmed": "24,5", "tmin": "22,8", "avgspeed": "4,2", "presmax": "1012,3", "presmin": "1009,0", "hourpresmin": "02", "date": "1994-09-01", "name": "BARCELONA", "gust": "11,9", "tmax": "26,2", "longitude": 21200, "dir": "08"}, {"code": "0201D", "hourtmin": null, "hourgust": null, "hourtmax": null, "sun": null, "altitude": "6", "prec": "0,0", "latitude": 412326, "hourpresmax": null, "province": "BARCELONA", "presmax": null, "presmin": null, "hourpresmin": null, "date": "1994-09-02", "name": "BARCELONA", "gust": null, "longitude": 21200, "avgspeed": null}, {"code": "0201D", "hourtmin": "06:00", "hourgust": "14:10", "hourtmax": "15:10", "sun": null, "altitude": "6", "prec": "0,0", "latitude": 412326, "hourpresmax": "00", "province": "BARCELONA", "tmed": "23,8", "tmin": "20,6", "avgspeed": "4,2", "presmax": "1015,5", "presmin": "1010,3", "hourpresmin": "16", "date": "1994-09-03", "name": "BARCELONA", "gust": "13,1", "tmax": "27,1", "longitude": 21200, "dir": "19"}, {"code": "0201D", "hourtmin": "06:30", "hourgust": "13:40", "hourtmax": "11:20", "sun": null, "altitude": "6", "prec": "0,0", "latitude": 412326, "hourpresmax": "24", "province": "BARCELONA", "tmed": "23,9", "tmin": "22,0", "avgspeed": "4,2", "presmax": "1017,5", "presmin": "1012,3", "hourpresmin": "Varias", "date": "1994-09-04", "name": "BARCELONA", "gust": "10,6", "tmax": "25,8", "longitude": 21200, "dir": "19"}, {"code": "0201D", "hourtmin": "06:15", "hourgust": "14:20", "hourtmax": "12:50", "sun": null, "altitude": "6", "prec": "0,0", "latitude": 412326, "hourpresmax": "10", "province": "BARCELONA", "tmed": "23,1", "tmin": "20,5", "avgspeed": "4,2", "presmax": "1020,2", "presmin": "1017,0", "hourpresmin": "Varias", "date": "1994-09-05", "name": "BARCELONA", "gust": "9,2", "tmax": "25,7", "longitude": 21200, "dir": "17"}, {"code": "0201D", "hourtmin": "04:40", "hourgust": "15:30", "hourtmax": "Varias", "sun": null, "altitude": "6", "prec": "0,0", "latitude": 412326, "hourpresmax": "00", "province": "BARCELONA", "tmed": "24,2", "tmin": "21,5", "avgspeed": "5,8", "presmax": "1018,0", "presmin": "1011,5", "hourpresmin": "Varias", "date": "1994-09-06", "name": "BARCELONA", "gust": "14,4", "tmax": "26,9", "longitude": 21200, "dir": "19"}, {"code": "0201D", "hourtmin": "04:15", "hourgust": "Varias", "hourtmax": "14:20", "sun": null, "altitude": "6", "prec": "0,0", "latitude": 412326, "hourpresmax": "00", "province": "BARCELONA", "tmed": "24,1", "tmin": "22,6", "avgspeed": "5,6", "presmax": "1011,6", "presmin": "1004,9", "hourpresmin": "24", "date": "1994-09-07", "name": "BARCELONA", "gust": "9,4", "tmax": "25,6", "longitude": 21200, "dir": "18"}, {"code": "0201D", "hourtmin": "Varias", "hourgust": "14:10", "hourtmax": "Varias", "sun": null, "altitude": "6", "prec": "0,0", "latitude": 412326, "hourpresmax": "24", "province": "BARCELONA", "tmed": "26,0", "tmin": "22,2", "avgspeed": "3,6", "presmax": "1012,5", "presmin": "1002,4", "hourpresmin": "04", "date": "1994-09-08", "name": "BARCELONA", "gust": "15,8", "tmax": "29,8", "longitude": 21200, "dir": "30"}, {"code": "0201D", "hourtmin": "Varias", "hourgust": "15:10", "hourtmax": "Varias", "sun": null, "altitude": "6", "prec": "0,0", "latitude": 412326, "hourpresmax": "Varias", "province": "BARCELONA", "tmed": "22,6", "tmin": "21,2", "avgspeed": "5,3", "presmax": "1016,9", "presmin": "1012,3", "hourpresmin": "00", "date": "1994-09-09", "name": "BARCELONA", "gust": "9,4", "tmax": "23,9", "longitude": 21200, "dir": "18"}, {"code": "0201D", "hourtmin": "23:55", "hourgust": "12:50", "hourtmax": "Varias", "sun": null, "altitude": "6", "prec": "0,0", "latitude": 412326, "hourpresmax": "Varias", "province": "BARCELONA", "tmed": "23,6", "tmin": "21,6", "avgspeed": "4,4", "presmax": "1016,6", "presmin": "1013,9", "hourpresmin": "03", "date": "1994-09-10", "name": "BARCELONA", "gust": "11,1", "tmax": "25,6", "longitude": 21200, "dir": "09"}, {"code": "0201D", "hourtmin": "05:50", "hourgust": "15:40", "hourtmax": "16:00", "sun": null, "altitude": "6", "prec": "0,0", "latitude": 412326, "hourpresmax": "10", "province": "BARCELONA", "tmed": "23,1", "tmin": "20,0", "avgspeed": "3,9", "presmax": "1015,4", "presmin": "1011,2", "hourpresmin": "18", "date": "1994-09-11", "name": "BARCELONA", "gust": "10,6", "tmax": "26,2", "longitude": 21200, "dir": "19"}, {"code": "0201D", "hourtmin": "06:10", "hourgust": "23:30", "hourtmax": "16:25", "sun": null, "altitude": "6", "prec": "2,8", "latitude": 412326, "hourpresmax": "09", "province": "BARCELONA", "tmed": "24,6", "tmin": "22,9", "avgspeed": "4,4", "presmax": "1012,3", "presmin": "1009,2", "hourpresmin": "Varias", "date": "1994-09-12", "name": "BARCELONA", "gust": "15,3", "tmax": "26,2", "longitude": 21200, "dir": "06"}, {"code": "0201D", "hourtmin": "05:50", "hourgust": "05:00", "hourtmax": "13:10", "sun": null, "altitude": "6", "latitude": 412326, "hourpresmax": "04", "province": "BARCELONA", "tmed": "22,6", "tmin": "20,2", "avgspeed": "1,7", "presmax": "1012,2", "presmin": "1001,6", "hourpresmin": "24", "date": "1994-09-13", "name": "BARCELONA", "gust": "16,1", "tmax": "25,1", "longitude": 21200, "dir": "07"}, {"code": "0201D", "hourtmin": null, "hourgust": null, "hourtmax": null, "sun": null, "altitude": "6", "prec": "0,0", "latitude": 412326, "hourpresmax": null, "province": "BARCELONA", "presmax": null, "presmin": null, "hourpresmin": null, "date": "1994-09-14", "name": "BARCELONA", "gust": null, "longitude": 21200, "avgspeed": "6,9"}, {"code": "0201D", "hourtmin": "05:50", "hourgust": "05:30", "hourtmax": "15:00", "sun": null, "altitude": "6", "prec": "0,0", "latitude": 412326, "hourpresmax": "Varias", "province": "BARCELONA", "tmed": "21,2", "tmin": "17,3", "avgspeed": "3,9", "presmax": "1013,5", "presmin": "1006,1", "hourpresmin": "02", "date": "1994-09-15", "name": "BARCELONA", "gust": "16,9", "tmax": "25,1", "longitude": 21200, "dir": "27"}, {"code": "0201D", "hourtmin": "02:20", "hourgust": "09:30", "hourtmax": "12:20", "sun": null, "altitude": "6", "prec": "0,0", "latitude": 412326, "hourpresmax": "23", "province": "BARCELONA", "tmed": "20,7", "tmin": "16,5", "avgspeed": "6,7", "presmax": "1014,5", "presmin": "1007,3", "hourpresmin": "12", "date": "1994-09-16", "name": "BARCELONA", "gust": "18,1", "tmax": "24,9", "longitude": 21200, "dir": "24"}, {"code": "0201D", "hourtmin": "06:00", "hourgust": "18:40", "hourtmax": "Varias", "sun": null, "altitude": "6", "prec": "0,6", "latitude": 412326, "hourpresmax": "Varias", "province": "BARCELONA", "tmed": "18,4", "tmin": "16,1", "avgspeed": "5,6", "presmax": "1017,8", "presmin": "1014,3", "hourpresmin": "01", "date": "1994-09-17", "name": "BARCELONA", "gust": "20,8", "tmax": "20,7", "longitude": 21200, "dir": "10"}, {"code": "0201D", "hourtmin": "06:50", "hourgust": "22:40", "hourtmax": "Varias", "sun": null, "altitude": "6", "prec": "0,0", "latitude": 412326, "hourpresmax": "10", "province": "BARCELONA", "tmed": "17,8", "tmin": "14,6", "avgspeed": "5,3", "presmax": "1020,3", "presmin": "1016,6", "hourpresmin": "17", "date": "1994-09-18", "name": "BARCELONA", "gust": "17,5", "tmax": "20,9", "longitude": 21200, "dir": "10"}, {"code": "0201D", "hourtmin": "05:35", "hourgust": "14:50", "hourtmax": "15:20", "sun": null, "altitude": "6", "prec": "0,0", "latitude": 412326, "hourpresmax": "01", "province": "BARCELONA", "tmed": "17,0", "tmin": "14,3", "avgspeed": "3,6", "presmax": "1019,3", "presmin": "1011,9", "hourpresmin": "24", "date": "1994-09-19", "name": "BARCELONA", "gust": "11,7", "tmax": "19,7", "longitude": 21200, "dir": "20"}, {"code": "0201D", "hourtmin": "03:10", "hourgust": "19:40", "hourtmax": "16:25", "sun": null, "altitude": "6", "prec": "47,1", "latitude": 412326, "hourpresmax": "00", "province": "BARCELONA", "tmed": "19,4", "tmin": "17,1", "avgspeed": "5,0", "presmax": "1012,0", "presmin": "1002,6", "hourpresmin": "24", "date": "1994-09-20", "name": "BARCELONA", "gust": "16,1", "tmax": "21,8", "longitude": 21200, "dir": "25"}, {"code": "0201D", "hourtmin": "23:59", "hourgust": "00:10", "hourtmax": "00:00", "sun": null, "altitude": "6", "prec": "27,5", "latitude": 412326, "hourpresmax": "01", "province": "BARCELONA", "tmed": "15,6", "tmin": "13,5", "avgspeed": "5,8", "presmax": "1004,0", "presmin": "1000,9", "hourpresmin": "24", "date": "1994-09-21", "name": "BARCELONA", "gust": "15,0", "tmax": "17,6", "longitude": 21200, "dir": "10"}, {"code": "0201D", "hourtmin": "00:35", "hourgust": "21:00", "hourtmax": "23:40", "sun": null, "altitude": "6", "prec": "2,1", "latitude": 412326, "hourpresmax": "15", "province": "BARCELONA", "tmed": "16,7", "tmin": "12,9", "avgspeed": "4,2", "presmax": "1008,4", "presmin": "997,9", "hourpresmin": "02", "date": "1994-09-22", "name": "BARCELONA", "gust": "13,6", "tmax": "20,5", "longitude": 21200, "dir": "08"}, {"code": "0201D", "hourtmin": "23:05", "hourgust": "07:00", "hourtmax": "Varias", "sun": null, "altitude": "6", "prec": "2,5", "latitude": 412326, "hourpresmax": "24", "province": "BARCELONA", "tmed": "20,2", "tmin": "19,3", "avgspeed": "10,6", "presmax": "1010,4", "presmin": "1002,6", "hourpresmin": "07", "date": "1994-09-23", "name": "BARCELONA", "gust": "20,0", "tmax": "21,1", "longitude": 21200, "dir": "07"}, {"code": "0201D", "hourtmin": "06:10", "hourgust": "15:30", "hourtmax": "16:00", "sun": null, "altitude": "6", "prec": "0,0", "latitude": 412326, "hourpresmax": "10", "province": "BARCELONA", "tmed": "19,0", "tmin": "15,6", "avgspeed": "4,4", "presmax": "1016,0", "presmin": "1012,9", "hourpresmin": "Varias", "date": "1994-09-25", "name": "BARCELONA", "gust": "9,7", "tmax": "22,3", "longitude": 21200, "dir": "19"}, {"code": "0201D", "hourtmin": "05:30", "hourgust": "12:50", "hourtmax": "14:50", "sun": null, "altitude": "6", "prec": "0,0", "latitude": 412326, "hourpresmax": "22", "province": "BARCELONA", "tmed": "20,8", "tmin": "17,0", "avgspeed": "4,2", "presmax": "1013,6", "presmin": "1010,8", "hourpresmin": "15", "date": "1994-09-26", "name": "BARCELONA", "gust": "10,0", "tmax": "24,7", "longitude": 21200, "dir": "18"}, {"code": "0201D", "hourtmin": "Varias", "hourgust": "Varias", "hourtmax": "12:50", "sun": null, "altitude": "6", "prec": "0,3", "latitude": 412326, "hourpresmax": "Varias", "province": "BARCELONA", "tmed": "20,2", "tmin": "17,4", "avgspeed": "2,8", "presmax": "1015,7", "presmin": "1012,9", "hourpresmin": "03", "date": "1994-09-27", "name": "BARCELONA", "gust": "6,4", "tmax": "23,0", "longitude": 21200, "dir": "99"}, {"code": "0201D", "hourtmin": "02:40", "hourgust": "17:50", "hourtmax": "12:50", "sun": null, "altitude": "6", "prec": "1,6", "latitude": 412326, "hourpresmax": "11", "province": "BARCELONA", "tmed": "19,5", "tmin": "17,2", "avgspeed": "6,7", "presmax": "1016,8", "presmin": "1013,7", "hourpresmin": "Varias", "date": "1994-09-28", "name": "BARCELONA", "gust": "13,1", "tmax": "21,8", "longitude": 21200, "dir": "07"}, {"province": "BARCELONA", "hourtmax": null, "presmin": null, "code": "0201D", "name": "BARCELONA", "presmax": null, "gust": null, "altitude": "6", "longitude": 21200, "hourpresmax": null, "date": "1994-09-29", "hourpresmin": null, "hourtmin": null, "avgspeed": "3,9", "latitude": 412326, "sun": null, "hourgust": null}, {"code": "0201D", "hourtmin": "00:00", "hourgust": "21:00", "hourtmax": "Varias", "sun": null, "altitude": "6", "prec": "6,4", "latitude": 412326, "hourpresmax": "Varias", "province": "BARCELONA", "tmed": "20,6", "tmin": "18,5", "avgspeed": "2,8", "presmax": "1015,4", "presmin": "1010,0", "hourpresmin": "02", "date": "1994-09-30", "name": "BARCELONA", "gust": "8,3", "tmax": "22,6", "longitude": 21200, "dir": "06"}, {"code": "0201D", "hourtmin": "Varias", "hourgust": "15:40", "hourtmax": "13:20", "sun": null, "altitude": "6", "prec": "0,0", "latitude": 412326, "hourpresmax": "Varias", "province": "BARCELONA", "tmed": "20,4", "tmin": "18,3", "avgspeed": "2,2", "presmax": "1017,7", "presmin": "1014,8", "hourpresmin": "Varias", "date": "1994-10-01", "name": "BARCELONA", "gust": "5,6", "tmax": "22,4", "longitude": 21200, "dir": "10"}, {"code": "0201D", "hourtmin": "04:50", "hourgust": "12:30", "hourtmax": "16:10", "sun": null, "altitude": "6", "prec": "0,4", "latitude": 412326, "hourpresmax": "00", "province": "BARCELONA", "tmed": "19,0", "tmin": "17,1", "avgspeed": "3,3", "presmax": "1016,8", "presmin": "1012,4", "hourpresmin": "24", "date": "1994-10-02", "name": "BARCELONA", "gust": "8,9", "tmax": "20,8", "longitude": 21200, "dir": "20"}, {"code": "0201D", "hourtmin": "04:20", "hourgust": "16:20", "hourtmax": "14:50", "sun": null, "altitude": "6", "prec": "0,0", "latitude": 412326, "hourpresmax": "00", "province": "BARCELONA", "tmed": "20,0", "tmin": "16,6", "avgspeed": "2,5", "presmax": "1012,4", "presmin": "1009,8", "hourpresmin": "Varias", "date": "1994-10-03", "name": "BARCELONA", "gust": "8,6", "tmax": "23,5", "longitude": 21200, "dir": "06"}, {"code": "0201D", "hourtmin": "05:50", "hourgust": "20:00", "hourtmax": "15:05", "sun": null, "altitude": "6", "prec": "26,8", "latitude": 412326, "hourpresmax": "Varias", "province": "BARCELONA", "tmed": "18,6", "tmin": "15,8", "avgspeed": "4,4", "presmax": "1011,7", "presmin": "1009,0", "hourpresmin": "Varias", "date": "1994-10-04", "name": "BARCELONA", "gust": "11,7", "tmax": "21,5", "longitude": 21200, "dir": "06"}, {"code": "0201D", "hourtmin": "06:45", "hourgust": "02:00", "hourtmax": "Varias", "sun": null, "altitude": "6", "prec": "1,4", "latitude": 412326, "hourpresmax": "24", "province": "BARCELONA", "tmed": "16,1", "tmin": "14,3", "avgspeed": "2,2", "presmax": "1019,7", "presmin": "1011,0", "hourpresmin": "02", "date": "1994-10-05", "name": "BARCELONA", "gust": "16,4", "tmax": "17,9", "longitude": 21200, "dir": "07"}, {"code": "0201D", "hourtmin": "05:40", "hourgust": null, "hourtmax": "Varias", "sun": null, "altitude": "6", "prec": "0,0", "latitude": 412326, "hourpresmax": "Varias", "province": "BARCELONA", "tmed": "16,6", "tmin": "13,0", "avgspeed": "6,1", "presmax": "1022,6", "presmin": "1019,6", "hourpresmin": "03", "date": "1994-10-06", "name": "BARCELONA", "gust": null, "tmax": "20,2", "longitude": 21200}, {"code": "0201D", "hourtmin": "05:10", "hourgust": "18:35", "hourtmax": "Varias", "sun": null, "altitude": "6", "prec": "0,0", "latitude": 412326, "hourpresmax": "00", "province": "BARCELONA", "tmed": "15,6", "tmin": "12,6", "avgspeed": "3,3", "presmax": "1020,2", "presmin": "1014,2", "hourpresmin": "17", "date": "1994-10-07", "name": "BARCELONA", "gust": "7,8", "tmax": "18,7", "longitude": 21200, "dir": "99"}, {"code": "0201D", "hourtmin": "05:40", "hourgust": "14:40", "hourtmax": "Varias", "sun": null, "altitude": "6", "prec": "0,0", "latitude": 412326, "hourpresmax": "24", "province": "BARCELONA", "tmed": "16,2", "tmin": "13,5", "avgspeed": "3,3", "presmax": "1016,2", "presmin": "1013,4", "hourpresmin": "Varias", "date": "1994-10-08", "name": "BARCELONA", "gust": "7,8", "tmax": "18,9", "longitude": 21200, "dir": "08"}, {"code": "0201D", "hourtmin": "06:25", "hourgust": "11:30", "hourtmax": "13:20", "sun": null, "altitude": "6", "prec": "6,5", "latitude": 412326, "hourpresmax": "09", "province": "BARCELONA", "tmed": "16,5", "tmin": "13,8", "avgspeed": "3,1", "presmax": "1017,8", "presmin": "1014,7", "hourpresmin": "24", "date": "1994-10-09", "name": "BARCELONA", "gust": "8,1", "tmax": "19,2", "longitude": 21200, "dir": "05"}, {"code": "0201D", "hourtmin": "Varias", "hourgust": "09:00", "hourtmax": "Varias", "sun": null, "altitude": "6", "prec": "17,3", "latitude": 412326, "hourpresmax": null, "province": "BARCELONA", "tmed": "19,6", "tmin": "18,2", "presmax": null, "presmin": null, "hourpresmin": null, "date": "1994-10-10", "name": "BARCELONA", "gust": "17,5", "tmax": "20,9", "longitude": 21200, "avgspeed": "5,6", "dir": "12"}, {"code": "0201D", "hourtmin": "04:45", "hourgust": "10:30", "hourtmax": "16:10", "sun": null, "altitude": "6", "prec": "13,2", "latitude": 412326, "hourpresmax": "Varias", "province": "BARCELONA", "tmed": "18,4", "tmin": "17,5", "avgspeed": "1,7", "presmax": "1018,4", "presmin": "1013,7", "hourpresmin": "05", "date": "1994-10-11", "name": "BARCELONA", "gust": "15,0", "tmax": "19,4", "longitude": 21200, "dir": "21"}, {"code": "0201D", "hourtmin": "06:00", "hourgust": "12:00", "hourtmax": "Varias", "sun": null, "altitude": "6", "prec": "0,0", "latitude": 412326, "hourpresmax": "Varias", "province": "BARCELONA", "tmed": "19,5", "tmin": "18,0", "avgspeed": "4,2", "presmax": "1021,9", "presmin": "1017,6", "hourpresmin": "03", "date": "1994-10-12", "name": "BARCELONA", "gust": "8,6", "tmax": "21,0", "longitude": 21200, "dir": "08"}, {"code": "0201D", "hourtmin": "Varias", "hourgust": "07:50", "hourtmax": "13:10", "sun": null, "altitude": "6", "prec": "0,0", "latitude": 412326, "hourpresmax": "Varias", "province": "BARCELONA", "tmed": "19,2", "tmin": "17,6", "avgspeed": "3,3", "presmax": "1022,9", "presmin": "1020,8", "hourpresmin": "03", "date": "1994-10-13", "name": "BARCELONA", "gust": "6,7", "tmax": "20,8", "longitude": 21200, "dir": "08"}, {"code": "0201D", "hourtmin": "05:30", "hourgust": "Varias", "hourtmax": "Varias", "sun": null, "altitude": "6", "prec": "0,0", "latitude": 412326, "hourpresmax": "Varias", "province": "BARCELONA", "tmed": "18,5", "tmin": "16,1", "avgspeed": "3,1", "presmax": "1021,8", "presmin": "1018,2", "hourpresmin": "24", "date": "1994-10-14", "name": "BARCELONA", "gust": "4,7", "tmax": "20,9", "longitude": 21200, "dir": "99"}, {"code": "0201D", "hourtmin": "Varias", "hourgust": "23:30", "hourtmax": "12:35", "sun": null, "altitude": "6", "prec": "1,6", "latitude": 412326, "hourpresmax": "00", "province": "BARCELONA", "tmed": "18,1", "tmin": "15,8", "avgspeed": "3,6", "presmax": "1018,2", "presmin": "1013,0", "hourpresmin": "24", "date": "1994-10-15", "name": "BARCELONA", "gust": "6,9", "tmax": "20,4", "longitude": 21200, "dir": "05"}, {"province": "BARCELONA", "hourtmax": null, "presmin": null, "code": "0201D", "name": "BARCELONA", "presmax": null, "gust": null, "altitude": "6", "longitude": 21200, "hourpresmax": null, "date": "1994-10-16", "hourpresmin": null, "hourtmin": null, "avgspeed": "6,9", "latitude": 412326, "sun": null, "hourgust": null}, {"code": "0201D", "hourtmin": "06:20", "hourgust": "14:20", "hourtmax": "12:50", "sun": null, "altitude": "6", "prec": "0,0", "latitude": 412326, "hourpresmax": "10", "province": "BARCELONA", "tmed": "18,5", "tmin": "16,6", "avgspeed": "4,4", "presmax": "1010,5", "presmin": "1008,1", "hourpresmin": "17", "date": "1994-10-17", "name": "BARCELONA", "gust": "8,9", "tmax": "20,4", "longitude": 21200, "dir": "08"}, {"code": "0201D", "hourtmin": "06:40", "hourgust": "Varias", "hourtmax": "12:15", "sun": null, "altitude": "6", "prec": "2,0", "latitude": 412326, "hourpresmax": "11", "province": "BARCELONA", "tmed": "17,0", "tmin": "15,3", "avgspeed": "4,4", "presmax": "1008,7", "presmin": "1003,8", "hourpresmin": "24", "date": "1994-10-18", "name": "BARCELONA", "gust": "10,8", "tmax": "18,6", "longitude": 21200, "dir": "08"}, {"code": "0201D", "hourtmin": "23:45", "hourgust": "14:40", "hourtmax": "13:00", "sun": null, "altitude": "6", "prec": "59,2", "latitude": 412326, "hourpresmax": "00", "province": "BARCELONA", "tmed": "19,0", "tmin": "16,2", "avgspeed": "3,9", "presmax": "1003,8", "presmin": "995,6", "hourpresmin": "15", "date": "1994-10-19", "name": "BARCELONA", "gust": "14,2", "tmax": "21,8", "longitude": 21200, "dir": "20"}, {"code": "0201D", "hourtmin": "Varias", "hourgust": "Varias", "hourtmax": "13:50", "sun": null, "altitude": "6", "prec": "0,0", "latitude": 412326, "hourpresmax": "23", "province": "BARCELONA", "tmed": "16,6", "tmin": "14,3", "avgspeed": "2,8", "presmax": "999,0", "presmin": "994,8", "hourpresmin": "06", "date": "1994-10-20", "name": "BARCELONA", "gust": "6,7", "tmax": "19,0", "longitude": 21200, "dir": "99"}, {"code": "0201D", "hourtmin": "Varias", "hourgust": "14:00", "hourtmax": "15:00", "sun": null, "altitude": "6", "prec": "0,0", "latitude": 412326, "hourpresmax": "24", "province": "BARCELONA", "tmed": "17,2", "tmin": "13,3", "avgspeed": "3,3", "presmax": "1006,7", "presmin": "998,9", "hourpresmin": "Varias", "date": "1994-10-21", "name": "BARCELONA", "gust": "8,6", "tmax": "21,0", "longitude": 21200, "dir": "19"}, {"code": "0201D", "hourtmin": "02:30", "hourgust": "14:40", "hourtmax": "14:20", "sun": null, "altitude": "6", "prec": "0,0", "latitude": 412326, "hourpresmax": "Varias", "province": "BARCELONA", "tmed": "18,3", "tmin": "14,2", "avgspeed": "3,1", "presmax": "1006,4", "presmin": "1000,0", "hourpresmin": "Varias", "date": "1994-10-22", "name": "BARCELONA", "gust": "12,8", "tmax": "22,4", "longitude": 21200, "dir": "23"}, {"code": "0201D", "hourtmin": "22:30", "hourgust": "16:20", "hourtmax": "Varias", "sun": null, "altitude": "6", "prec": "0,0", "latitude": 412326, "hourpresmax": "24", "province": "BARCELONA", "tmed": "18,6", "tmin": "15,9", "avgspeed": "3,1", "presmax": "1007,4", "presmin": "999,4", "hourpresmin": "03", "date": "1994-10-23", "name": "BARCELONA", "gust": "11,4", "tmax": "21,2", "longitude": 21200, "dir": "15"}, {"code": "0201D", "hourtmin": "Varias", "hourgust": "00:10", "hourtmax": "Varias", "sun": null, "altitude": "6", "prec": "0,0", "latitude": 412326, "hourpresmax": "Varias", "province": "BARCELONA", "tmed": "17,3", "tmin": "14,5", "avgspeed": "3,1", "presmax": "1011,0", "presmin": "1007,1", "hourpresmin": "00", "date": "1994-10-24", "name": "BARCELONA", "gust": "11,4", "tmax": "20,1", "longitude": 21200, "dir": "07"}, {"code": "0201D", "hourtmin": "Varias", "hourgust": "14:20", "hourtmax": "13:40", "sun": null, "altitude": "6", "prec": "0,0", "latitude": 412326, "hourpresmax": "Varias", "province": "BARCELONA", "tmed": "16,2", "tmin": "12,0", "avgspeed": "4,4", "presmax": "1011,7", "presmin": "1008,7", "hourpresmin": "14", "date": "1994-10-25", "name": "BARCELONA", "gust": "12,8", "tmax": "20,4", "longitude": 21200, "dir": "18"}, {"code": "0201D", "hourtmin": "05:30", "hourgust": "Varias", "hourtmax": "11:15", "sun": null, "altitude": "6", "prec": "0,0", "latitude": 412326, "hourpresmax": "23", "province": "BARCELONA", "tmed": "16,4", "tmin": "14,5", "avgspeed": "2,8", "presmax": "1013,2", "presmin": "1008,6", "hourpresmin": "Varias", "date": "1994-10-26", "name": "BARCELONA", "gust": "8,1", "tmax": "18,4", "longitude": 21200, "dir": "99"}, {"code": "0201D", "hourtmin": "Varias", "hourgust": "23:00", "hourtmax": "Varias", "sun": null, "altitude": "6", "prec": "21,9", "latitude": 412326, "hourpresmax": "00", "province": "BARCELONA", "tmed": "16,4", "tmin": "14,5", "avgspeed": "2,8", "presmax": "1013,0", "presmin": "1005,2", "hourpresmin": "Varias", "date": "1994-10-27", "name": "BARCELONA", "gust": "10,3", "tmax": "18,2", "longitude": 21200, "dir": "32"}, {"code": "0201D", "hourtmin": "23:40", "hourgust": "09:20", "hourtmax": "14:00", "sun": null, "altitude": "6", "prec": "0,0", "latitude": 412326, "hourpresmax": "24", "province": "BARCELONA", "tmed": "17,5", "tmin": "15,6", "avgspeed": "2,5", "presmax": "1011,7", "presmin": "1003,1", "hourpresmin": "Varias", "date": "1994-10-28", "name": "BARCELONA", "gust": "6,7", "tmax": "19,4", "longitude": 21200, "dir": "26"}, {"code": "0201D", "hourtmin": "23:10", "hourgust": "13:30", "hourtmax": "14:20", "sun": null, "altitude": "6", "prec": "0,0", "latitude": 412326, "hourpresmax": "24", "province": "BARCELONA", "tmed": "17,0", "tmin": "14,1", "avgspeed": "3,1", "presmax": "1015,9", "presmin": "1010,9", "hourpresmin": "03", "date": "1994-10-29", "name": "BARCELONA", "gust": "8,9", "tmax": "19,8", "longitude": 21200, "dir": "18"}, {"code": "0201D", "hourtmin": "06:50", "hourgust": "15:30", "hourtmax": "14:00", "sun": null, "altitude": "6", "prec": "0,0", "latitude": 412326, "hourpresmax": "10", "province": "BARCELONA", "tmed": "16,0", "tmin": "12,2", "avgspeed": "4,4", "presmax": "1017,6", "presmin": "1014,5", "hourpresmin": "24", "date": "1994-10-30", "name": "BARCELONA", "gust": "9,2", "tmax": "19,9", "longitude": 21200, "dir": "20"}, {"code": "0201D", "hourtmin": "Varias", "hourgust": "12:20", "hourtmax": "13:50", "sun": null, "altitude": "6", "prec": "0,0", "latitude": 412326, "hourpresmax": "09", "province": "BARCELONA", "tmed": "18,0", "tmin": "14,8", "avgspeed": "4,7", "presmax": "1014,7", "presmin": "1011,5", "hourpresmin": "16", "date": "1994-10-31", "name": "BARCELONA", "gust": "11,4", "tmax": "21,1", "longitude": 21200, "dir": "21"}, {"code": "0201D", "hourtmin": "Varias", "hourgust": "01:40", "hourtmax": "11:40", "sun": null, "altitude": "6", "prec": "0,0", "latitude": 412326, "hourpresmax": "Varias", "province": "BARCELONA", "tmed": "16,7", "tmin": "14,6", "avgspeed": "2,8", "presmax": "1016,1", "presmin": "1012,7", "hourpresmin": "00", "date": "1994-11-01", "name": "BARCELONA", "gust": "6,1", "tmax": "18,8", "longitude": 21200, "dir": "31"}, {"code": "0201D", "hourtmin": "05:40", "hourgust": "05:10", "hourtmax": "15:10", "sun": null, "altitude": "6", "prec": "0,0", "latitude": 412326, "hourpresmax": "00", "province": "BARCELONA", "tmed": "16,8", "tmin": "15,7", "avgspeed": "1,7", "presmax": "1013,3", "presmin": "1009,4", "hourpresmin": "23", "date": "1994-11-02", "name": "BARCELONA", "gust": "3,9", "tmax": "17,8", "longitude": 21200, "dir": "21"}, {"code": "0201D", "hourtmin": "Varias", "hourgust": "13:25", "hourtmax": "13:20", "sun": null, "altitude": "6", "latitude": 412326, "hourpresmax": "Varias", "province": "BARCELONA", "tmed": "17,6", "tmin": "15,6", "avgspeed": "2,2", "presmax": "1009,5", "presmin": "1006,5", "hourpresmin": "24", "date": "1994-11-03", "name": "BARCELONA", "gust": "7,2", "tmax": "19,7", "longitude": 21200, "dir": "99"}, {"code": "0201D", "hourtmin": "23:59", "hourgust": "01:40", "hourtmax": "13:00", "sun": null, "altitude": "6", "prec": "0,1", "latitude": 412326, "hourpresmax": "24", "province": "BARCELONA", "tmed": "15,6", "tmin": "12,4", "avgspeed": "1,9", "presmax": "1008,2", "presmin": "998,9", "hourpresmin": "03", "date": "1994-11-05", "name": "BARCELONA", "gust": "13,9", "tmax": "18,7", "longitude": 21200, "dir": "18"}, {"code": "0201D", "hourtmin": "Varias", "hourgust": "11:15", "hourtmax": "13:40", "sun": null, "altitude": "6", "prec": "0,0", "latitude": 412326, "hourpresmax": "Varias", "province": "BARCELONA", "tmed": "14,2", "tmin": "10,8", "avgspeed": "2,8", "presmax": "1011,5", "presmin": "1007,9", "hourpresmin": "24", "date": "1994-11-06", "name": "BARCELONA", "gust": "8,9", "tmax": "17,5", "longitude": 21200, "dir": "99"}, {"code": "0201D", "hourtmin": "02:30", "hourgust": "17:10", "hourtmax": "14:25", "sun": null, "altitude": "6", "prec": "0,0", "latitude": 412326, "hourpresmax": "00", "province": "BARCELONA", "tmed": "15,8", "tmin": "13,7", "avgspeed": "2,2", "presmax": "1008,0", "presmin": "1004,4", "hourpresmin": "14", "date": "1994-11-07", "name": "BARCELONA", "gust": "8,6", "tmax": "18,0", "longitude": 21200, "dir": "26"}, {"code": "0201D", "hourtmin": "Varias", "hourgust": "11:20", "hourtmax": "13:00", "sun": null, "altitude": "6", "prec": "0,0", "latitude": 412326, "hourpresmax": "Varias", "province": "BARCELONA", "tmed": "16,6", "tmin": "13,0", "avgspeed": "2,8", "presmax": "1009,0", "presmin": "1005,9", "hourpresmin": "24", "date": "1994-11-08", "name": "BARCELONA", "gust": "8,6", "tmax": "20,3", "longitude": 21200, "dir": "29"}, {"code": "0201D", "hourtmin": "07:00", "hourgust": null, "hourtmax": "10:50", "sun": null, "altitude": "6", "prec": "0,0", "latitude": 412326, "hourpresmax": "00", "province": "BARCELONA", "tmed": "15,8", "tmin": "13,0", "avgspeed": null, "presmax": "1006,0", "presmin": "1002,2", "hourpresmin": "15", "date": "1994-11-09", "name": "BARCELONA", "gust": null, "tmax": "18,6", "longitude": 21200}, {"code": "0201D", "hourtmin": "Varias", "hourgust": "14:10", "hourtmax": "13:30", "sun": null, "altitude": "6", "prec": "0,0", "latitude": 412326, "hourpresmax": "09", "province": "BARCELONA", "tmed": "18,6", "tmin": "15,7", "avgspeed": "2,8", "presmax": "1008,2", "presmin": "1003,7", "hourpresmin": "01", "date": "1994-11-10", "name": "BARCELONA", "gust": "17,2", "tmax": "21,6", "longitude": 21200, "dir": "28"}, {"code": "0201D", "hourtmin": "05:40", "hourgust": "14:50", "hourtmax": "11:35", "sun": null, "altitude": "6", "prec": "0,0", "latitude": 412326, "hourpresmax": "22", "province": "BARCELONA", "tmed": "16,1", "tmin": "13,2", "avgspeed": "4,2", "presmax": "1011,4", "presmin": "1006,3", "hourpresmin": "06", "date": "1994-11-11", "name": "BARCELONA", "gust": "8,1", "tmax": "19,0", "longitude": 21200, "dir": "08"}, {"code": "0201D", "hourtmin": "Varias", "hourgust": "08:50", "hourtmax": "13:20", "sun": null, "altitude": "6", "prec": "1,9", "latitude": 412326, "hourpresmax": "24", "province": "BARCELONA", "tmed": "14,9", "tmin": "13,1", "avgspeed": "1,4", "presmax": "1011,3", "presmin": "1007,8", "hourpresmin": "14", "date": "1994-11-12", "name": "BARCELONA", "gust": "6,1", "tmax": "16,7", "longitude": 21200, "dir": "29"}, {"code": "0201D", "hourtmin": "22:30", "hourgust": "08:00", "hourtmax": "12:35", "sun": null, "altitude": "6", "prec": "0,0", "latitude": 412326, "hourpresmax": "Varias", "province": "BARCELONA", "tmed": "16,6", "tmin": "13,7", "avgspeed": "2,2", "presmax": "1019,0", "presmin": "1011,1", "hourpresmin": "00", "date": "1994-11-13", "name": "BARCELONA", "gust": "7,2", "tmax": "19,5", "longitude": 21200, "dir": "31"}, {"code": "0201D", "hourtmin": "05:50", "hourgust": "13:20", "hourtmax": "11:50", "sun": null, "altitude": "6", "prec": "0,0", "latitude": 412326, "hourpresmax": "10", "province": "BARCELONA", "tmed": "15,4", "tmin": "12,1", "avgspeed": "3,3", "presmax": "1021,0", "presmin": "1018,6", "hourpresmin": "Varias", "date": "1994-11-14", "name": "BARCELONA", "gust": "8,3", "tmax": "18,6", "longitude": 21200, "dir": "19"}, {"code": "0201D", "hourtmin": "06:00", "hourgust": "13:40", "hourtmax": "14:40", "sun": null, "altitude": "6", "prec": "0,0", "latitude": 412326, "hourpresmax": "10", "province": "BARCELONA", "tmed": "14,8", "tmin": "10,3", "avgspeed": "2,5", "presmax": "1021,7", "presmin": "1018,6", "hourpresmin": "16", "date": "1994-11-15", "name": "BARCELONA", "gust": "6,9", "tmax": "19,4", "longitude": 21200, "dir": "19"}, {"code": "0201D", "hourtmin": "06:20", "hourgust": "Varias", "hourtmax": "Varias", "sun": null, "altitude": "6", "prec": "0,0", "latitude": 412326, "hourpresmax": "11", "province": "BARCELONA", "tmed": "14,6", "tmin": "10,4", "avgspeed": "4,2", "presmax": "1019,6", "presmin": "1013,3", "hourpresmin": "24", "date": "1994-11-16", "name": "BARCELONA", "gust": "8,1", "tmax": "18,7", "longitude": 21200, "dir": "99"}, {"code": "0201D", "hourtmin": "06:30", "hourgust": "06:40", "hourtmax": "13:40", "sun": null, "altitude": "6", "prec": "0,0", "latitude": 412326, "hourpresmax": "24", "province": "BARCELONA", "tmed": "17,1", "tmin": "14,4", "avgspeed": "2,8", "presmax": "1015,2", "presmin": "1011,8", "hourpresmin": "Varias", "date": "1994-11-17", "name": "BARCELONA", "gust": "6,9", "tmax": "19,8", "longitude": 21200, "dir": "35"}, {"code": "0201D", "hourtmin": "Varias", "hourgust": "Varias", "hourtmax": "11:00", "sun": null, "altitude": "6", "prec": "0,0", "latitude": 412326, "hourpresmax": "Varias", "province": "BARCELONA", "tmed": "15,2", "tmin": "12,8", "avgspeed": "2,5", "presmax": "1016,5", "presmin": "1013,3", "hourpresmin": "24", "date": "1994-11-18", "name": "BARCELONA", "gust": "6,7", "tmax": "17,7", "longitude": 21200, "dir": "18"}, {"code": "0201D", "hourtmin": "04:20", "hourgust": "08:10", "hourtmax": "13:40", "sun": null, "altitude": "6", "prec": "0,0", "latitude": 412326, "hourpresmax": "23", "province": "BARCELONA", "tmed": "18,6", "tmin": "14,6", "avgspeed": "0,8", "presmax": "1018,7", "presmin": "1013,0", "hourpresmin": "Varias", "date": "1994-11-19", "name": "BARCELONA", "gust": "6,9", "tmax": "22,6", "longitude": 21200, "dir": "32"}, {"code": "0201D", "hourtmin": "04:50", "hourgust": "07:50", "hourtmax": "Varias", "sun": null, "altitude": "6", "prec": "0,0", "latitude": 412326, "hourpresmax": "Varias", "province": "BARCELONA", "tmed": "16,2", "tmin": "12,6", "avgspeed": "3,1", "presmax": "1021,0", "presmin": "1018,0", "hourpresmin": "01", "date": "1994-11-20", "name": "BARCELONA", "gust": "6,1", "tmax": "19,8", "longitude": 21200, "dir": "34"}, {"code": "0201D", "hourtmin": "Varias", "hourgust": "14:50", "hourtmax": "Varias", "sun": null, "altitude": "6", "prec": "0,0", "latitude": 412326, "hourpresmax": "Varias", "province": "BARCELONA", "tmed": "15,4", "tmin": "13,3", "avgspeed": "2,2", "presmax": "1021,3", "presmin": "1018,1", "hourpresmin": "15", "date": "1994-11-21", "name": "BARCELONA", "gust": "7,5", "tmax": "17,4", "longitude": 21200, "dir": "18"}, {"code": "0201D", "hourtmin": "Varias", "hourgust": "03:30", "hourtmax": "12:00", "sun": null, "altitude": "6", "prec": "0,0", "latitude": 412326, "hourpresmax": "24", "province": "BARCELONA", "tmed": "14,9", "tmin": "12,6", "avgspeed": "1,4", "presmax": "1019,9", "presmin": "1017,3", "hourpresmin": "14", "date": "1994-11-22", "name": "BARCELONA", "gust": "5,3", "tmax": "17,2", "longitude": 21200, "dir": "23"}, {"code": "0201D", "hourtmin": "01:05", "hourgust": "03:00", "hourtmax": "12:30", "sun": null, "altitude": "6", "prec": "0,0", "latitude": 412326, "hourpresmax": "Varias", "province": "BARCELONA", "tmed": "15,4", "tmin": "13,6", "avgspeed": "1,7", "presmax": "1024,3", "presmin": "1019,4", "hourpresmin": "01", "date": "1994-11-23", "name": "BARCELONA", "gust": "5,0", "tmax": "17,2", "longitude": 21200, "dir": "32"}, {"code": "0201D", "hourtmin": "23:25", "hourgust": "13:50", "hourtmax": "12:20", "sun": null, "altitude": "6", "prec": "0,0", "latitude": 412326, "hourpresmax": "Varias", "province": "BARCELONA", "tmed": "16,8", "tmin": "13,9", "avgspeed": "1,1", "presmax": "1026,0", "presmin": "1023,4", "hourpresmin": "15", "date": "1994-11-24", "name": "BARCELONA", "gust": "6,9", "tmax": "19,6", "longitude": 21200, "dir": "19"}, {"code": "0201D", "hourtmin": "23:35", "hourgust": "08:50", "hourtmax": "14:10", "sun": null, "altitude": "6", "prec": "0,0", "latitude": 412326, "hourpresmax": "10", "province": "BARCELONA", "tmed": "15,2", "tmin": "11,7", "avgspeed": "2,2", "presmax": "1024,4", "presmin": "1020,6", "hourpresmin": "24", "date": "1994-11-25", "name": "BARCELONA", "gust": "7,2", "tmax": "18,8", "longitude": 21200, "dir": "32"}, {"code": "0201D", "hourtmin": "06:55", "hourgust": "03:50", "hourtmax": "13:50", "sun": null, "altitude": "6", "prec": "0,0", "latitude": 412326, "hourpresmax": "Varias", "province": "BARCELONA", "tmed": "13,4", "tmin": "10,3", "avgspeed": "1,7", "presmax": "1021,1", "presmin": "1016,4", "hourpresmin": "24", "date": "1994-11-26", "name": "BARCELONA", "gust": "6,4", "tmax": "16,5", "longitude": 21200, "dir": "32"}, {"code": "0201D", "hourtmin": "05:50", "hourgust": "Varias", "hourtmax": "11:25", "sun": null, "altitude": "6", "prec": "0,0", "latitude": 412326, "hourpresmax": "Varias", "province": "BARCELONA", "tmed": "12,8", "tmin": "9,3", "avgspeed": "3,1", "presmax": "1017,3", "presmin": "1014,2", "hourpresmin": "07", "date": "1994-11-27", "name": "BARCELONA", "gust": "5,8", "tmax": "16,2", "longitude": 21200, "dir": "33"}, {"code": "0201D", "hourtmin": "Varias", "hourgust": "15:20", "hourtmax": "Varias", "sun": null, "altitude": "6", "prec": "2,6", "latitude": 412326, "hourpresmax": "Varias", "province": "BARCELONA", "tmed": "13,4", "tmin": "10,9", "avgspeed": "4,4", "presmax": "1023,5", "presmin": "1017,1", "hourpresmin": "00", "date": "1994-11-28", "name": "BARCELONA", "gust": "12,2", "tmax": "15,9", "longitude": 21200, "dir": "05"}, {"code": "0201D", "hourtmin": "03:10", "hourgust": "13:10", "hourtmax": "Varias", "sun": null, "altitude": "6", "prec": "0,3", "latitude": 412326, "hourpresmax": "Varias", "province": "BARCELONA", "tmed": "15,2", "tmin": "13,9", "avgspeed": "5,8", "presmax": "1023,6", "presmin": "1020,5", "hourpresmin": "24", "date": "1994-11-29", "name": "BARCELONA", "gust": "10,8", "tmax": "16,5", "longitude": 21200, "dir": "06"}, {"code": "0201D", "hourtmin": "23:45", "hourgust": "06:10", "hourtmax": "12:20", "sun": null, "altitude": "6", "prec": "0,0", "latitude": 412326, "hourpresmax": "Varias", "province": "BARCELONA", "tmed": "16,2", "tmin": "13,8", "avgspeed": "2,2", "presmax": "1020,9", "presmin": "1018,0", "hourpresmin": "17", "date": "1994-11-30", "name": "BARCELONA", "gust": "3,9", "tmax": "18,7", "longitude": 21200, "dir": "33"}, {"code": "0201D", "hourtmin": "07:40", "hourgust": "21:40", "hourtmax": "Varias", "sun": null, "altitude": "6", "prec": "0,1", "latitude": 412326, "hourpresmax": "10", "province": "BARCELONA", "tmed": "14,6", "tmin": "11,7", "avgspeed": "1,4", "presmax": "1020,0", "presmin": "1017,7", "hourpresmin": "Varias", "date": "1994-12-01", "name": "BARCELONA", "gust": "5,0", "tmax": "17,4", "longitude": 21200, "dir": "11"}, {"code": "0201D", "hourtmin": "Varias", "hourgust": "20:50", "hourtmax": "Varias", "sun": null, "altitude": "6", "prec": "2,4", "latitude": 412326, "hourpresmax": "23", "province": "BARCELONA", "tmed": "15,5", "tmin": "14,0", "avgspeed": "5,3", "presmax": "1020,9", "presmin": "1018,6", "hourpresmin": "Varias", "date": "1994-12-02", "name": "BARCELONA", "gust": "17,5", "tmax": "17,0", "longitude": 21200, "dir": "08"}, {"code": "0201D", "hourtmin": "23:45", "hourgust": "04:10", "hourtmax": "10:50", "sun": null, "altitude": "6", "prec": "0,1", "latitude": 412326, "hourpresmax": "Varias", "province": "BARCELONA", "tmed": "16,2", "tmin": "13,8", "avgspeed": "2,2", "presmax": "1024,2", "presmin": "1019,9", "hourpresmin": "04", "date": "1994-12-03", "name": "BARCELONA", "gust": "7,5", "tmax": "18,5", "longitude": 21200, "dir": "12"}, {"code": "0201D", "hourtmin": "07:30", "hourgust": "17:30", "hourtmax": "Varias", "sun": null, "altitude": "6", "prec": "0,0", "latitude": 412326, "hourpresmax": "10", "province": "BARCELONA", "tmed": "14,6", "tmin": "11,5", "avgspeed": "2,5", "presmax": "1025,4", "presmin": "1020,3", "hourpresmin": "24", "date": "1994-12-04", "name": "BARCELONA", "gust": "9,4", "tmax": "17,6", "longitude": 21200, "dir": "24"}, {"code": "0201D", "hourtmin": "23:20", "hourgust": "07:10", "hourtmax": "13:00", "sun": null, "altitude": "6", "latitude": 412326, "hourpresmax": "24", "province": "BARCELONA", "tmed": "16,8", "tmin": "14,2", "avgspeed": "3,3", "presmax": "1021,3", "presmin": "1018,5", "hourpresmin": "14", "date": "1994-12-05", "name": "BARCELONA", "gust": "8,9", "tmax": "19,3", "longitude": 21200, "dir": "27"}, {"code": "0201D", "hourtmin": "07:00", "hourgust": "04:40", "hourtmax": "11:20", "sun": null, "altitude": "6", "prec": "0,0", "latitude": 412326, "hourpresmax": "11", "province": "BARCELONA", "tmed": "14,4", "tmin": "12,0", "avgspeed": "3,1", "presmax": "1026,1", "presmin": "1021,1", "hourpresmin": "01", "date": "1994-12-06", "name": "BARCELONA", "gust": "5,8", "tmax": "16,9", "longitude": 21200, "dir": "33"}, {"code": "0201D", "hourtmin": "06:40", "hourgust": "16:20", "hourtmax": "Varias", "sun": null, "altitude": "6", "prec": "0,0", "latitude": 412326, "hourpresmax": "00", "province": "BARCELONA", "tmed": "13,8", "tmin": "11,2", "avgspeed": "3,6", "presmax": "1022,1", "presmin": "1015,7", "hourpresmin": "15", "date": "1994-12-07", "name": "BARCELONA", "gust": "9,4", "tmax": "16,4", "longitude": 21200, "dir": "24"}, {"code": "0201D", "hourtmin": "07:10", "hourgust": "15:30", "hourtmax": "11:50", "sun": null, "altitude": "6", "prec": "0,0", "latitude": 412326, "hourpresmax": "10", "province": "BARCELONA", "tmed": "12,2", "tmin": "10,0", "avgspeed": "3,9", "presmax": "1020,4", "presmin": "1018,0", "hourpresmin": "04", "date": "1994-12-08", "name": "BARCELONA", "gust": "9,7", "tmax": "14,4", "longitude": 21200, "dir": "24"}, {"code": "0201D", "hourtmin": "00:00", "hourgust": "13:00", "hourtmax": "14:50", "sun": null, "altitude": "6", "prec": "0,2", "latitude": 412326, "hourpresmax": "10", "province": "BARCELONA", "tmed": "14,2", "tmin": "10,7", "avgspeed": "4,2", "presmax": "1019,7", "presmin": "1016,6", "hourpresmin": "16", "date": "1994-12-09", "name": "BARCELONA", "gust": "12,5", "tmax": "17,6", "longitude": 21200, "dir": "25"}, {"code": "0201D", "hourtmin": "07:20", "hourgust": "02:50", "hourtmax": "14:10", "sun": null, "altitude": "6", "prec": "0,0", "latitude": 412326, "hourpresmax": "Varias", "province": "BARCELONA", "tmed": "15,0", "tmin": "11,8", "avgspeed": "1,7", "presmax": "1024,8", "presmin": "1017,6", "hourpresmin": "00", "date": "1994-12-10", "name": "BARCELONA", "gust": "8,3", "tmax": "18,3", "longitude": 21200, "dir": "32"}, {"code": "0201D", "hourtmin": "04:30", "hourgust": "00:30", "hourtmax": "13:50", "sun": null, "altitude": "6", "prec": "0,0", "latitude": 412326, "hourpresmax": "Varias", "province": "BARCELONA", "tmed": "16,0", "tmin": "12,2", "avgspeed": "1,4", "presmax": "1027,1", "presmin": "1024,2", "hourpresmin": "Varias", "date": "1994-12-11", "name": "BARCELONA", "gust": "6,1", "tmax": "19,8", "longitude": 21200, "dir": "23"}, {"code": "0201D", "hourtmin": "Varias", "hourgust": "04:50", "hourtmax": "11:20", "sun": null, "altitude": "6", "prec": "0,0", "latitude": 412326, "hourpresmax": "10", "province": "BARCELONA", "tmed": "14,1", "tmin": "10,9", "avgspeed": "2,2", "presmax": "1025,4", "presmin": "1022,6", "hourpresmin": "Varias", "date": "1994-12-12", "name": "BARCELONA", "gust": "6,1", "tmax": "17,3", "longitude": 21200, "dir": "32"}, {"code": "0201D", "hourtmin": "06:10", "hourgust": "13:10", "hourtmax": "14:50", "sun": null, "altitude": "6", "prec": "0,0", "latitude": 412326, "hourpresmax": "10", "province": "BARCELONA", "tmed": "12,7", "tmin": "9,3", "avgspeed": "3,1", "presmax": "1022,8", "presmin": "1017,0", "hourpresmin": "24", "date": "1994-12-13", "name": "BARCELONA", "gust": "7,5", "tmax": "16,1", "longitude": 21200, "dir": "18"}, {"code": "0201D", "hourtmin": "06:30", "hourgust": "19:30", "hourtmax": "Varias", "sun": null, "altitude": "6", "prec": "0,0", "latitude": 412326, "hourpresmax": "00", "province": "BARCELONA", "tmed": "12,7", "tmin": "9,0", "avgspeed": "3,3", "presmax": "1017,0", "presmin": "1014,6", "hourpresmin": "17", "date": "1994-12-14", "name": "BARCELONA", "gust": "8,6", "tmax": "16,4", "longitude": 21200, "dir": "06"}, {"code": "0201D", "hourtmin": "Varias", "hourgust": "10:40", "hourtmax": "15:10", "sun": null, "altitude": "6", "prec": "0,0", "latitude": 412326, "hourpresmax": "Varias", "province": "BARCELONA", "tmed": "12,2", "tmin": "10,2", "avgspeed": "2,5", "presmax": "1021,6", "presmin": "1015,6", "hourpresmin": "04", "date": "1994-12-15", "name": "BARCELONA", "gust": "5,8", "tmax": "14,2", "longitude": 21200, "dir": "21"}, {"code": "0201D", "hourtmin": "23:59", "hourgust": "00:20", "hourtmax": "13:00", "sun": null, "altitude": "6", "prec": "0,0", "latitude": 412326, "hourpresmax": "11", "province": "BARCELONA", "tmed": "11,8", "tmin": "9,5", "avgspeed": "1,4", "presmax": "1024,7", "presmin": "1021,2", "hourpresmin": "Varias", "date": "1994-12-16", "name": "BARCELONA", "gust": "6,1", "tmax": "14,1", "longitude": 21200, "dir": "04"}, {"code": "0201D", "hourtmin": "07:50", "hourgust": "14:10", "hourtmax": "13:20", "sun": null, "altitude": "6", "prec": "0,0", "latitude": 412326, "hourpresmax": "Varias", "province": "BARCELONA", "tmed": "11,2", "tmin": "7,9", "avgspeed": "1,1", "presmax": "1023,4", "presmin": "1017,9", "hourpresmin": "24", "date": "1994-12-17", "name": "BARCELONA", "gust": "7,8", "tmax": "14,6", "longitude": 21200, "dir": "28"}, {"code": "0201D", "hourtmin": "06:40", "hourgust": "22:00", "hourtmax": "14:10", "sun": null, "altitude": "6", "prec": "0,0", "latitude": 412326, "hourpresmax": "00", "province": "BARCELONA", "tmed": "9,6", "tmin": "7,8", "avgspeed": "1,7", "presmax": "1018,0", "presmin": "1013,0", "hourpresmin": "Varias", "date": "1994-12-18", "name": "BARCELONA", "gust": "8,3", "tmax": "11,5", "longitude": 21200, "dir": "27"}, {"province": "BARCELONA", "hourtmax": null, "presmin": null, "code": "0201D", "name": "BARCELONA", "presmax": null, "gust": null, "altitude": "6", "longitude": 21200, "hourpresmax": null, "date": "1994-12-19", "hourpresmin": null, "hourtmin": null, "avgspeed": "3,1", "latitude": 412326, "sun": null, "hourgust": null}, {"code": "0201D", "hourtmin": "06:50", "hourgust": "09:40", "hourtmax": "14:55", "sun": null, "altitude": "6", "prec": "0,0", "latitude": 412326, "hourpresmax": "11", "province": "BARCELONA", "tmed": "9,2", "tmin": "5,4", "avgspeed": "2,5", "presmax": "1015,3", "presmin": "1012,7", "hourpresmin": "14", "date": "1994-12-20", "name": "BARCELONA", "gust": "9,4", "tmax": "13,0", "longitude": 21200, "dir": "32"}, {"code": "0201D", "hourtmin": "07:30", "hourgust": "13:00", "hourtmax": "13:25", "sun": null, "altitude": "6", "prec": "0,0", "latitude": 412326, "hourpresmax": "Varias", "province": "BARCELONA", "tmed": "8,6", "tmin": "5,7", "avgspeed": "1,4", "presmax": "1013,3", "presmin": "1004,8", "hourpresmin": "24", "date": "1994-12-21", "name": "BARCELONA", "gust": "6,4", "tmax": "11,5", "longitude": 21200, "dir": "24"}, {"province": "BARCELONA", "hourtmax": null, "presmin": null, "code": "0201D", "name": "BARCELONA", "presmax": null, "gust": null, "altitude": "6", "longitude": 21200, "hourpresmax": null, "date": "1994-12-22", "hourpresmin": null, "hourtmin": null, "avgspeed": "3,1", "latitude": 412326, "sun": null, "hourgust": null}, {"code": "0201D", "hourtmin": null, "hourgust": null, "hourtmax": null, "sun": null, "altitude": "6", "prec": "0,0", "latitude": 412326, "hourpresmax": null, "province": "BARCELONA", "presmax": null, "presmin": null, "hourpresmin": null, "date": "1994-12-23", "name": "BARCELONA", "gust": null, "longitude": 21200, "avgspeed": "2,2"}, {"code": "0201D", "hourtmin": "Varias", "hourgust": "21:30", "hourtmax": "14:10", "sun": null, "altitude": "6", "prec": "0,0", "latitude": 412326, "hourpresmax": "22", "province": "BARCELONA", "tmed": "7,4", "tmin": "3,8", "avgspeed": "1,1", "presmax": "1019,8", "presmin": "1017,2", "hourpresmin": "15", "date": "1994-12-24", "name": "BARCELONA", "gust": "8,6", "tmax": "11,1", "longitude": 21200, "dir": "32"}, {"code": "0201D", "hourtmin": "06:30", "hourgust": "08:40", "hourtmax": "13:10", "sun": null, "altitude": "6", "prec": "0,0", "latitude": 412326, "hourpresmax": "10", "province": "BARCELONA", "tmed": "5,6", "tmin": "2,9", "avgspeed": "2,2", "presmax": "1020,9", "presmin": "1018,3", "hourpresmin": "15", "date": "1994-12-25", "name": "BARCELONA", "gust": "7,8", "tmax": "8,2", "longitude": 21200, "dir": "34"}, {"code": "0201D", "hourtmin": "Varias", "hourgust": "11:10", "hourtmax": "13:20", "sun": null, "altitude": "6", "latitude": 412326, "hourpresmax": "11", "province": "BARCELONA", "tmed": "6,0", "tmin": "3,0", "avgspeed": "2,5", "presmax": "1021,6", "presmin": "1018,4", "hourpresmin": "15", "date": "1994-12-26", "name": "BARCELONA", "gust": "8,6", "tmax": "9,0", "longitude": 21200, "dir": "32"}, {"province": "BARCELONA", "hourtmax": null, "presmin": null, "code": "0201D", "name": "BARCELONA", "presmax": null, "gust": null, "altitude": "6", "longitude": 21200, "hourpresmax": null, "date": "1994-12-27", "hourpresmin": null, "hourtmin": null, "avgspeed": "1,7", "latitude": 412326, "sun": null, "hourgust": null}, {"code": "0201D", "hourtmin": "06:40", "hourgust": "23:50", "hourtmax": "Varias", "sun": null, "altitude": "6", "prec": "0,0", "latitude": 412326, "hourpresmax": "Varias", "province": "BARCELONA", "tmed": "11,4", "tmin": "7,3", "avgspeed": "2,2", "presmax": "1020,2", "presmin": "1017,7", "hourpresmin": "Varias", "date": "1994-12-28", "name": "BARCELONA", "gust": "10,8", "tmax": "15,4", "longitude": 21200, "dir": "26"}, {"code": "0201D", "hourtmin": "05:00", "hourgust": "00:10", "hourtmax": "14:30", "sun": null, "altitude": "6", "latitude": 412326, "hourpresmax": "00", "province": "BARCELONA", "tmed": "12,6", "tmin": "9,4", "avgspeed": "3,1", "presmax": "1018,2", "presmin": "1013,7", "hourpresmin": "17", "date": "1994-12-29", "name": "BARCELONA", "gust": "11,7", "tmax": "15,8", "longitude": 21200, "dir": "28"}, {"code": "0201D", "hourtmin": "00:40", "hourgust": "14:50", "hourtmax": "13:30", "sun": null, "altitude": "6", "latitude": 412326, "hourpresmax": "09", "province": "BARCELONA", "tmed": "16,4", "tmin": "13,6", "avgspeed": "3,1", "presmax": "1008,2", "presmin": "998,3", "hourpresmin": "21", "date": "1994-12-31", "name": "BARCELONA", "gust": "16,1", "tmax": "19,3", "longitude": 21200, "dir": "24"}]