[{"code": "0201D", "hourtmin": "02:55", "hourgust": "21:10", "hourtmax": "Varias", "sun": null, "altitude": "6", "prec": "0,0", "latitude": 412326, "hourpresmax": "24", "province": "BARCELONA", "tmed": "15,9", "tmin": "12,6", "avgspeed": "3,9", "presmax": "1003,9", "presmin": "995,2", "hourpresmin": "14", "date": "1996-01-01", "name": "BARCELONA", "gust": "17,5", "tmax": "19,2", "longitude": 21200, "dir": "27"}, {"code": "0201D", "hourtmin": "23:55", "hourgust": "11:40", "hourtmax": "Varias", "sun": null, "altitude": "6", "prec": "0,0", "latitude": 412326, "hourpresmax": "24", "province": "BARCELONA", "tmed": "14,4", "tmin": "12,1", "avgspeed": "6,9", "presmax": "1014,1", "presmin": "1003,9", "hourpresmin": "00", "date": "1996-01-02", "name": "BARCELONA", "gust": "18,3", "tmax": "16,7", "longitude": 21200, "dir": "27"}, {"code": "0201D", "hourtmin": "23:59", "hourgust": "Varias", "hourtmax": "14:30", "sun": null, "altitude": "6", "prec": "0,0", "latitude": 412326, "hourpresmax": "10", "province": "BARCELONA", "tmed": "11,6", "tmin": "8,6", "avgspeed": "2,8", "presmax": "1015,5", "presmin": "1013,2", "hourpresmin": "04", "date": "1996-01-03", "name": "BARCELONA", "gust": "7,5", "tmax": "14,5", "longitude": 21200, "dir": "99"}, {"code": "0201D", "hourtmin": "07:25", "hourgust": "05:00", "hourtmax": "Varias", "sun": null, "altitude": "6", "prec": "1,0", "latitude": 412326, "hourpresmax": "00", "province": "BARCELONA", "tmed": "9,5", "tmin": "6,7", "avgspeed": "3,6", "presmax": "1015,0", "presmin": "1006,0", "hourpresmin": "24", "date": "1996-01-04", "name": "BARCELONA", "gust": "6,1", "tmax": "12,3", "longitude": 21200, "dir": "32"}, {"code": "0201D", "hourtmin": "05:40", "hourgust": "Varias", "hourtmax": "17:40", "sun": null, "altitude": "6", "prec": "0,6", "latitude": 412326, "hourpresmax": "00", "province": "BARCELONA", "tmed": "10,8", "tmin": "7,8", "avgspeed": "3,1", "presmax": "1006,0", "presmin": "996,0", "hourpresmin": "17", "date": "1996-01-05", "name": "BARCELONA", "gust": "10,8", "tmax": "13,9", "longitude": 21200, "dir": "99"}, {"code": "0201D", "hourtmin": "06:30", "hourgust": "13:20", "hourtmax": "15:00", "sun": null, "altitude": "6", "prec": "2,6", "latitude": 412326, "hourpresmax": "Varias", "province": "BARCELONA", "tmed": "11,5", "tmin": "8,1", "avgspeed": "2,8", "presmax": "1000,4", "presmin": "995,4", "hourpresmin": "Varias", "date": "1996-01-06", "name": "BARCELONA", "gust": "8,3", "tmax": "14,9", "longitude": 21200, "dir": "24"}, {"code": "0201D", "hourtmin": "00:50", "hourgust": "15:00", "hourtmax": "12:50", "sun": null, "altitude": "6", "prec": "0,0", "latitude": 412326, "hourpresmax": "23", "province": "BARCELONA", "tmed": "14,0", "tmin": "11,0", "avgspeed": "4,7", "presmax": "1011,2", "presmin": "995,3", "hourpresmin": "00", "date": "1996-01-07", "name": "BARCELONA", "gust": "16,9", "tmax": "16,9", "longitude": 21200, "dir": "25"}, {"code": "0201D", "hourtmin": "Varias", "hourgust": "05:30", "hourtmax": "11:35", "sun": null, "altitude": "6", "prec": "0,0", "latitude": 412326, "hourpresmax": "Varias", "province": "BARCELONA", "tmed": "13,4", "tmin": "10,6", "avgspeed": "3,9", "presmax": "1013,3", "presmin": "1006,6", "hourpresmin": "24", "date": "1996-01-08", "name": "BARCELONA", "gust": "7,8", "tmax": "16,3", "longitude": 21200, "dir": "28"}, {"code": "0201D", "hourtmin": "05:20", "hourgust": "Varias", "hourtmax": "14:00", "sun": null, "altitude": "6", "prec": "9,3", "latitude": 412326, "hourpresmax": "00", "province": "BARCELONA", "tmed": "12,0", "tmin": "9,6", "avgspeed": "5,6", "presmax": "1006,9", "presmin": "995,5", "hourpresmin": "24", "date": "1996-01-09", "name": "BARCELONA", "gust": "14,4", "tmax": "14,3", "longitude": 21200, "dir": "99"}, {"code": "0201D", "hourtmin": "14:40", "hourgust": "14:00", "hourtmax": "00:40", "sun": null, "altitude": "6", "prec": "3,0", "latitude": 412326, "hourpresmax": "23", "province": "BARCELONA", "tmed": "12,2", "tmin": "10,6", "avgspeed": "3,3", "presmax": "1009,4", "presmin": "994,0", "hourpresmin": "01", "date": "1996-01-10", "name": "BARCELONA", "gust": "13,6", "tmax": "13,8", "longitude": 21200, "dir": "06"}, {"code": "0201D", "hourtmin": "Varias", "hourgust": "15:10", "hourtmax": "14:30", "sun": null, "altitude": "6", "prec": "5,4", "latitude": 412326, "hourpresmax": "00", "province": "BARCELONA", "tmed": "11,8", "tmin": "9,7", "avgspeed": "2,5", "presmax": "1009,1", "presmin": "1001,3", "hourpresmin": "24", "date": "1996-01-11", "name": "BARCELONA", "gust": "10,8", "tmax": "13,9", "longitude": 21200, "dir": "21"}, {"code": "0201D", "hourtmin": "17:20", "hourgust": "03:30", "hourtmax": "13:50", "sun": null, "altitude": "6", "prec": "8,8", "latitude": 412326, "hourpresmax": "23", "province": "BARCELONA", "tmed": "13,0", "tmin": "11,3", "avgspeed": "1,9", "presmax": "1004,7", "presmin": "996,8", "hourpresmin": "07", "date": "1996-01-12", "name": "BARCELONA", "gust": "10,8", "tmax": "14,7", "longitude": 21200, "dir": "18"}, {"code": "0201D", "hourtmin": "06:55", "hourgust": "13:20", "hourtmax": "Varias", "sun": null, "altitude": "6", "prec": "0,8", "latitude": 412326, "hourpresmax": "22", "province": "BARCELONA", "tmed": "11,8", "tmin": "10,6", "avgspeed": "1,4", "presmax": "1014,1", "presmin": "1004,5", "hourpresmin": "00", "date": "1996-01-13", "name": "BARCELONA", "gust": "5,8", "tmax": "13,1", "longitude": 21200, "dir": "32"}, {"code": "0201D", "hourtmin": "08:05", "hourgust": "23:59", "hourtmax": "14:15", "sun": null, "altitude": "6", "prec": "2,4", "latitude": 412326, "hourpresmax": "24", "province": "BARCELONA", "tmed": "12,6", "tmin": "11,5", "avgspeed": "1,7", "presmax": "1017,3", "presmin": "1013,2", "hourpresmin": "Varias", "date": "1996-01-14", "name": "BARCELONA", "gust": "5,3", "tmax": "13,8", "longitude": 21200, "dir": "09"}, {"code": "0201D", "hourtmin": "Varias", "hourgust": "02:30", "hourtmax": "12:45", "sun": null, "altitude": "6", "prec": "0,0", "latitude": 412326, "hourpresmax": "Varias", "province": "BARCELONA", "tmed": "13,9", "tmin": "12,9", "avgspeed": "3,1", "presmax": "1022,2", "presmin": "1017,2", "hourpresmin": "00", "date": "1996-01-15", "name": "BARCELONA", "gust": "5,3", "tmax": "14,9", "longitude": 21200, "dir": "08"}, {"code": "0201D", "hourtmin": "08:20", "hourgust": "08:10", "hourtmax": "14:20", "sun": null, "altitude": "6", "prec": "0,0", "latitude": 412326, "hourpresmax": "Varias", "province": "BARCELONA", "tmed": "13,4", "tmin": "12,3", "avgspeed": "2,8", "presmax": "1024,7", "presmin": "1022,1", "hourpresmin": "00", "date": "1996-01-16", "name": "BARCELONA", "gust": "6,7", "tmax": "14,4", "longitude": 21200, "dir": "06"}, {"code": "0201D", "hourtmin": "Varias", "hourgust": "16:40", "hourtmax": "00:10", "sun": null, "altitude": "6", "prec": "0,0", "latitude": 412326, "hourpresmax": "00", "province": "BARCELONA", "tmed": "12,4", "tmin": "11,9", "avgspeed": "6,7", "presmax": "1023,1", "presmin": "1019,6", "hourpresmin": "18", "date": "1996-01-17", "name": "BARCELONA", "gust": "11,7", "tmax": "13,0", "longitude": 21200, "dir": "06"}, {"code": "0201D", "hourtmin": "Varias", "hourgust": "01:40", "hourtmax": "Varias", "sun": null, "altitude": "6", "prec": "0,0", "latitude": 412326, "hourpresmax": "00", "province": "BARCELONA", "tmed": "10,9", "tmin": "9,1", "avgspeed": "3,9", "presmax": "1019,7", "presmin": "1016,1", "hourpresmin": "24", "date": "1996-01-18", "name": "BARCELONA", "gust": "10,0", "tmax": "12,7", "longitude": 21200, "dir": "10"}, {"code": "0201D", "hourtmin": "06:55", "hourgust": "Varias", "hourtmax": "12:20", "sun": null, "altitude": "6", "prec": "0,0", "latitude": 412326, "hourpresmax": "00", "province": "BARCELONA", "tmed": "10,2", "tmin": "7,1", "avgspeed": "2,2", "presmax": "1016,1", "presmin": "1008,4", "hourpresmin": "24", "date": "1996-01-19", "name": "BARCELONA", "gust": "6,1", "tmax": "13,3", "longitude": 21200, "dir": "18"}, {"code": "0201D", "hourtmin": "07:30", "hourgust": "13:10", "hourtmax": "Varias", "sun": null, "altitude": "6", "prec": "0,4", "latitude": 412326, "hourpresmax": "00", "province": "BARCELONA", "tmed": "9,0", "tmin": "5,4", "avgspeed": "2,5", "presmax": "1008,4", "presmin": "1004,7", "hourpresmin": "17", "date": "1996-01-20", "name": "BARCELONA", "gust": "5,3", "tmax": "12,7", "longitude": 21200, "dir": "18"}, {"code": "0201D", "hourtmin": "06:00", "hourgust": "Varias", "hourtmax": "Varias", "sun": null, "altitude": "6", "prec": "1,1", "latitude": 412326, "hourpresmax": "10", "province": "BARCELONA", "tmed": "11,6", "tmin": "9,6", "avgspeed": "4,2", "presmax": "1008,4", "presmin": "1004,3", "hourpresmin": "24", "date": "1996-01-21", "name": "BARCELONA", "gust": "10,3", "tmax": "13,7", "longitude": 21200, "dir": "99"}, {"code": "0201D", "hourtmin": "Varias", "hourgust": "02:50", "hourtmax": "11:50", "sun": null, "altitude": "6", "prec": "9,7", "latitude": 412326, "hourpresmax": "Varias", "province": "BARCELONA", "tmed": "13,9", "tmin": "13,3", "avgspeed": "4,2", "presmax": "1004,3", "presmin": "999,4", "hourpresmin": "Varias", "date": "1996-01-22", "name": "BARCELONA", "gust": "12,2", "tmax": "14,5", "longitude": 21200, "dir": "07"}, {"code": "0201D", "hourtmin": "23:55", "hourgust": "01:40", "hourtmax": "14:10", "sun": null, "altitude": "6", "prec": "5,0", "latitude": 412326, "hourpresmax": "Varias", "province": "BARCELONA", "tmed": "12,5", "tmin": "9,6", "avgspeed": "3,1", "presmax": "1001,0", "presmin": "996,2", "hourpresmin": "06", "date": "1996-01-23", "name": "BARCELONA", "gust": "10,6", "tmax": "15,4", "longitude": 21200, "dir": "18"}, {"code": "0201D", "hourtmin": "00:30", "hourgust": "05:20", "hourtmax": "12:50", "sun": null, "altitude": "6", "prec": "0,2", "latitude": 412326, "hourpresmax": "Varias", "province": "BARCELONA", "tmed": "11,8", "tmin": "9,3", "avgspeed": "4,2", "presmax": "999,1", "presmin": "994,3", "hourpresmin": "15", "date": "1996-01-24", "name": "BARCELONA", "gust": "13,1", "tmax": "14,2", "longitude": 21200, "dir": "12"}, {"code": "0201D", "hourtmin": "03:40", "hourgust": "13:50", "hourtmax": "12:20", "sun": null, "altitude": "6", "prec": "0,1", "latitude": 412326, "hourpresmax": "Varias", "province": "BARCELONA", "tmed": "11,1", "tmin": "8,8", "avgspeed": "1,9", "presmax": "1002,7", "presmin": "995,6", "hourpresmin": "Varias", "date": "1996-01-25", "name": "BARCELONA", "gust": "7,5", "tmax": "13,4", "longitude": 21200, "dir": "31"}, {"code": "0201D", "hourtmin": "Varias", "hourgust": "13:40", "hourtmax": "12:40", "sun": null, "altitude": "6", "prec": "0,0", "latitude": 412326, "hourpresmax": "11", "province": "BARCELONA", "tmed": "10,0", "tmin": "6,8", "avgspeed": "3,6", "presmax": "1007,5", "presmin": "1002,7", "hourpresmin": "Varias", "date": "1996-01-26", "name": "BARCELONA", "gust": "8,1", "tmax": "13,3", "longitude": 21200, "dir": "18"}, {"code": "0201D", "hourtmin": "Varias", "hourgust": "23:30", "hourtmax": "14:10", "sun": null, "altitude": "6", "prec": "0,0", "latitude": 412326, "hourpresmax": "Varias", "province": "BARCELONA", "tmed": "11,2", "tmin": "7,5", "avgspeed": "3,1", "presmax": "1008,6", "presmin": "1005,4", "hourpresmin": "24", "date": "1996-01-27", "name": "BARCELONA", "gust": "8,9", "tmax": "15,0", "longitude": 21200, "dir": "03"}, {"code": "0201D", "hourtmin": "23:35", "hourgust": "Varias", "hourtmax": "13:20", "sun": null, "altitude": "6", "prec": "0,0", "latitude": 412326, "hourpresmax": "01", "province": "BARCELONA", "tmed": "14,3", "tmin": "11,7", "avgspeed": "2,2", "presmax": "1005,7", "presmin": "1000,9", "hourpresmin": "16", "date": "1996-01-28", "name": "BARCELONA", "gust": "10,8", "tmax": "16,9", "longitude": 21200, "dir": "99"}, {"code": "0201D", "hourtmin": "04:40", "hourgust": "23:40", "hourtmax": "Varias", "sun": null, "altitude": "6", "prec": "18,9", "latitude": 412326, "hourpresmax": "Varias", "province": "BARCELONA", "tmed": "11,8", "tmin": "10,6", "avgspeed": "6,1", "presmax": "1003,1", "presmin": "999,9", "hourpresmin": "15", "date": "1996-01-29", "name": "BARCELONA", "gust": "16,7", "tmax": "12,9", "longitude": 21200, "dir": "07"}, {"code": "0201D", "hourtmin": "11:35", "hourgust": "00:30", "hourtmax": "16:40", "sun": null, "altitude": "6", "prec": "5,0", "latitude": 412326, "hourpresmax": "Varias", "province": "BARCELONA", "tmed": "12,1", "tmin": "11,6", "avgspeed": "7,5", "presmax": "1011,7", "presmin": "1002,7", "hourpresmin": "00", "date": "1996-01-30", "name": "BARCELONA", "gust": "16,4", "tmax": "12,6", "longitude": 21200, "dir": "08"}, {"code": "0201D", "hourtmin": "Varias", "hourgust": "Varias", "hourtmax": "Varias", "sun": null, "altitude": "6", "prec": "0,0", "latitude": 412326, "hourpresmax": "11", "province": "BARCELONA", "tmed": "11,5", "tmin": "10,4", "avgspeed": "8,1", "presmax": "1013,3", "presmin": "1010,5", "hourpresmin": "23", "date": "1996-01-31", "name": "BARCELONA", "gust": "15,0", "tmax": "12,6", "longitude": 21200, "dir": "99"}, {"code": "0201D", "hourtmin": "03:30", "hourgust": "01:40", "hourtmax": "15:20", "sun": null, "altitude": "6", "prec": "0,4", "latitude": 412326, "hourpresmax": "00", "province": "BARCELONA", "tmed": "10,8", "tmin": "9,2", "avgspeed": "6,9", "presmax": "1010,6", "presmin": "1002,8", "hourpresmin": "23", "date": "1996-02-01", "name": "BARCELONA", "gust": "16,4", "tmax": "12,4", "longitude": 21200, "dir": "07"}, {"code": "0201D", "hourtmin": "04:45", "hourgust": "14:40", "hourtmax": "12:20", "sun": null, "altitude": "6", "prec": "0,0", "latitude": 412326, "hourpresmax": "23", "province": "BARCELONA", "tmed": "11,6", "tmin": "9,2", "avgspeed": "2,8", "presmax": "1009,2", "presmin": "1001,5", "hourpresmin": "04", "date": "1996-02-02", "name": "BARCELONA", "gust": "11,4", "tmax": "14,1", "longitude": 21200, "dir": "28"}, {"code": "0201D", "hourtmin": "07:10", "hourgust": "13:40", "hourtmax": "13:00", "sun": null, "altitude": "6", "prec": "0,0", "latitude": 412326, "hourpresmax": "10", "province": "BARCELONA", "tmed": "12,4", "tmin": "9,1", "avgspeed": "2,5", "presmax": "1010,8", "presmin": "1005,8", "hourpresmin": "18", "date": "1996-02-03", "name": "BARCELONA", "gust": "7,5", "tmax": "15,8", "longitude": 21200, "dir": "18"}, {"code": "0201D", "hourtmin": "Varias", "hourgust": "19:40", "hourtmax": "16:00", "sun": null, "altitude": "6", "prec": "0,0", "latitude": 412326, "hourpresmax": "10", "province": "BARCELONA", "tmed": "10,5", "tmin": "7,7", "avgspeed": "3,1", "presmax": "1007,2", "presmin": "1004,6", "hourpresmin": "17", "date": "1996-02-04", "name": "BARCELONA", "gust": "10,3", "tmax": "13,3", "longitude": 21200, "dir": "30"}, {"code": "0201D", "hourtmin": "Varias", "hourgust": "12:00", "hourtmax": "14:55", "sun": null, "altitude": "6", "prec": "0,0", "latitude": 412326, "hourpresmax": "Varias", "province": "BARCELONA", "tmed": "8,9", "tmin": "5,8", "avgspeed": "2,8", "presmax": "1007,6", "presmin": "996,6", "hourpresmin": "24", "date": "1996-02-05", "name": "BARCELONA", "gust": "10,0", "tmax": "12,0", "longitude": 21200, "dir": "29"}, {"code": "0201D", "hourtmin": "Varias", "hourgust": "19:00", "hourtmax": "14:20", "sun": null, "altitude": "6", "prec": "0,0", "latitude": 412326, "hourpresmax": "24", "province": "BARCELONA", "tmed": "11,6", "tmin": "9,2", "avgspeed": "3,9", "presmax": "1000,5", "presmin": "989,6", "hourpresmin": "Varias", "date": "1996-02-06", "name": "BARCELONA", "gust": "15,3", "tmax": "14,0", "longitude": 21200, "dir": "27"}, {"code": "0201D", "hourtmin": "Varias", "hourgust": "23:59", "hourtmax": "16:10", "sun": null, "altitude": "6", "prec": "0,0", "latitude": 412326, "hourpresmax": "06", "province": "BARCELONA", "tmed": "10,0", "tmin": "6,6", "avgspeed": "4,7", "presmax": "1002,4", "presmin": "992,6", "hourpresmin": "17", "date": "1996-02-07", "name": "BARCELONA", "gust": "16,7", "tmax": "13,3", "longitude": 21200, "dir": "28"}, {"code": "0201D", "hourtmin": "23:59", "hourgust": "00:00", "hourtmax": "16:00", "sun": null, "altitude": "6", "prec": "0,0", "latitude": 412326, "hourpresmax": "24", "province": "BARCELONA", "tmed": "11,6", "tmin": "8,0", "avgspeed": "5,3", "presmax": "1015,4", "presmin": "995,7", "hourpresmin": "00", "date": "1996-02-08", "name": "BARCELONA", "gust": "16,7", "tmax": "15,3", "longitude": 21200, "dir": "28"}, {"code": "0201D", "hourtmin": "Varias", "hourgust": "14:20", "hourtmax": "11:50", "sun": null, "altitude": "6", "prec": "0,0", "latitude": 412326, "hourpresmax": "09", "province": "BARCELONA", "tmed": "9,5", "tmin": "6,9", "avgspeed": "3,3", "presmax": "1016,4", "presmin": "1011,2", "hourpresmin": "Varias", "date": "1996-02-09", "name": "BARCELONA", "gust": "8,9", "tmax": "12,1", "longitude": 21200, "dir": "18"}, {"code": "0201D", "hourtmin": "07:30", "hourgust": "16:30", "hourtmax": "12:50", "sun": null, "altitude": "6", "prec": "0,0", "latitude": 412326, "hourpresmax": "10", "province": "BARCELONA", "tmed": "10,6", "tmin": "8,2", "avgspeed": "1,9", "presmax": "1016,9", "presmin": "1011,6", "hourpresmin": "00", "date": "1996-02-10", "name": "BARCELONA", "gust": "6,4", "tmax": "13,0", "longitude": 21200, "dir": "19"}, {"code": "0201D", "hourtmin": "07:20", "hourgust": "Varias", "hourtmax": "14:40", "sun": null, "altitude": "6", "prec": "0,0", "latitude": 412326, "hourpresmax": "11", "province": "BARCELONA", "tmed": "10,4", "tmin": "7,6", "avgspeed": "2,2", "presmax": "1018,3", "presmin": "1014,7", "hourpresmin": "04", "date": "1996-02-11", "name": "BARCELONA", "gust": "6,4", "tmax": "13,2", "longitude": 21200, "dir": "99"}, {"code": "0201D", "hourtmin": "07:00", "hourgust": "16:30", "hourtmax": "15:00", "sun": null, "altitude": "6", "prec": "0,0", "latitude": 412326, "hourpresmax": "Varias", "province": "BARCELONA", "tmed": "11,7", "tmin": "7,6", "avgspeed": "3,9", "presmax": "1018,1", "presmin": "1007,0", "hourpresmin": "24", "date": "1996-02-12", "name": "BARCELONA", "gust": "12,8", "tmax": "15,8", "longitude": 21200, "dir": "23"}, {"code": "0201D", "hourtmin": "07:00", "hourgust": "02:20", "hourtmax": "11:00", "sun": null, "altitude": "6", "prec": "9,8", "latitude": 412326, "hourpresmax": "11", "province": "BARCELONA", "tmed": "12,6", "tmin": "10,4", "avgspeed": "3,3", "presmax": "1008,6", "presmin": "1005,5", "hourpresmin": "Varias", "date": "1996-02-13", "name": "BARCELONA", "gust": "11,4", "tmax": "14,9", "longitude": 21200, "dir": "24"}, {"code": "0201D", "hourtmin": "23:59", "hourgust": "19:40", "hourtmax": "Varias", "sun": null, "altitude": "6", "prec": "0,4", "latitude": 412326, "hourpresmax": "24", "province": "BARCELONA", "tmed": "9,4", "tmin": "6,9", "avgspeed": "3,6", "presmax": "1017,3", "presmin": "1006,5", "hourpresmin": "Varias", "date": "1996-02-14", "name": "BARCELONA", "gust": "11,9", "tmax": "12,0", "longitude": 21200, "dir": "10"}, {"code": "0201D", "hourtmin": "04:30", "hourgust": "14:40", "hourtmax": "Varias", "sun": null, "altitude": "6", "prec": "0,0", "latitude": 412326, "hourpresmax": "11", "province": "BARCELONA", "tmed": "8,0", "tmin": "4,6", "avgspeed": "3,3", "presmax": "1024,1", "presmin": "1017,2", "hourpresmin": "00", "date": "1996-02-15", "name": "BARCELONA", "gust": "8,1", "tmax": "11,5", "longitude": 21200, "dir": "17"}, {"code": "0201D", "hourtmin": "Varias", "hourgust": "15:40", "hourtmax": "12:30", "sun": null, "altitude": "6", "prec": "0,0", "latitude": 412326, "hourpresmax": "11", "province": "BARCELONA", "tmed": "7,6", "tmin": "3,6", "avgspeed": "3,1", "presmax": "1024,0", "presmin": "1019,9", "hourpresmin": "Varias", "date": "1996-02-16", "name": "BARCELONA", "gust": "7,8", "tmax": "11,6", "longitude": 21200, "dir": "25"}, {"code": "0201D", "hourtmin": "Varias", "hourgust": "13:30", "hourtmax": "14:20", "sun": null, "altitude": "6", "prec": "0,0", "latitude": 412326, "hourpresmax": "11", "province": "BARCELONA", "tmed": "11,5", "tmin": "7,3", "avgspeed": "2,5", "presmax": "1022,4", "presmin": "1018,7", "hourpresmin": "03", "date": "1996-02-17", "name": "BARCELONA", "gust": "10,3", "tmax": "15,7", "longitude": 21200, "dir": "25"}, {"code": "0201D", "hourtmin": "Varias", "hourgust": "15:50", "hourtmax": "13:30", "sun": null, "altitude": "6", "prec": "0,0", "latitude": 412326, "hourpresmax": "02", "province": "BARCELONA", "tmed": "11,4", "tmin": "8,5", "avgspeed": "5,0", "presmax": "1021,4", "presmin": "1002,0", "hourpresmin": "24", "date": "1996-02-18", "name": "BARCELONA", "gust": "12,5", "tmax": "14,2", "longitude": 21200, "dir": "20"}, {"code": "0201D", "hourtmin": "Varias", "hourgust": "17:40", "hourtmax": "13:00", "sun": null, "altitude": "6", "prec": "1,7", "latitude": 412326, "hourpresmax": "00", "province": "BARCELONA", "tmed": "12,0", "tmin": "9,3", "avgspeed": "3,1", "presmax": "1002,0", "presmin": "995,3", "hourpresmin": "18", "date": "1996-02-19", "name": "BARCELONA", "gust": "14,4", "tmax": "14,8", "longitude": 21200, "dir": "28"}, {"code": "0201D", "hourtmin": "23:59", "hourgust": "20:30", "hourtmax": "00:50", "sun": null, "altitude": "6", "prec": "0,1", "latitude": 412326, "hourpresmax": "23", "province": "BARCELONA", "tmed": "5,8", "tmin": "1,8", "avgspeed": "6,1", "presmax": "1005,1", "presmin": "997,3", "hourpresmin": "03", "date": "1996-02-20", "name": "BARCELONA", "gust": "16,7", "tmax": "9,8", "longitude": 21200, "dir": "07"}, {"code": "0201D", "hourtmin": "06:20", "hourgust": "17:50", "hourtmax": "13:20", "sun": null, "altitude": "6", "prec": "0,0", "latitude": 412326, "hourpresmax": "24", "province": "BARCELONA", "tmed": "4,3", "tmin": "0,1", "avgspeed": "2,8", "presmax": "1008,6", "presmin": "1003,8", "hourpresmin": "Varias", "date": "1996-02-21", "name": "BARCELONA", "gust": "8,9", "tmax": "8,5", "longitude": 21200, "dir": "18"}, {"code": "0201D", "hourtmin": "05:50", "hourgust": "14:00", "hourtmax": "16:00", "sun": null, "altitude": "6", "prec": "0,0", "latitude": 412326, "hourpresmax": "Varias", "province": "BARCELONA", "tmed": "7,7", "tmin": "3,6", "avgspeed": "2,2", "presmax": "1016,8", "presmin": "1008,5", "hourpresmin": "00", "date": "1996-02-22", "name": "BARCELONA", "gust": "11,4", "tmax": "11,8", "longitude": 21200, "dir": "31"}, {"code": "0201D", "hourtmin": "06:40", "hourgust": "11:30", "hourtmax": "12:40", "sun": null, "altitude": "6", "prec": "0,0", "latitude": 412326, "hourpresmax": "00", "province": "BARCELONA", "tmed": "9,0", "tmin": "4,7", "avgspeed": "3,6", "presmax": "1016,6", "presmin": "1012,7", "hourpresmin": "Varias", "date": "1996-02-23", "name": "BARCELONA", "gust": "11,1", "tmax": "13,2", "longitude": 21200, "dir": "27"}, {"code": "0201D", "hourtmin": "07:00", "hourgust": "18:30", "hourtmax": "14:40", "sun": null, "altitude": "6", "prec": "0,0", "latitude": 412326, "hourpresmax": "11", "province": "BARCELONA", "tmed": "9,0", "tmin": "5,9", "avgspeed": "2,5", "presmax": "1015,9", "presmin": "1012,6", "hourpresmin": "24", "date": "1996-02-24", "name": "BARCELONA", "gust": "7,2", "tmax": "12,0", "longitude": 21200, "dir": "18"}, {"code": "0201D", "hourtmin": "07:20", "hourgust": "16:10", "hourtmax": "Varias", "sun": null, "altitude": "6", "prec": "0,0", "latitude": 412326, "hourpresmax": "Varias", "province": "BARCELONA", "tmed": "9,6", "tmin": "5,5", "avgspeed": "2,5", "presmax": "1013,9", "presmin": "1010,3", "hourpresmin": "24", "date": "1996-02-25", "name": "BARCELONA", "gust": "6,1", "tmax": "13,7", "longitude": 21200, "dir": "11"}, {"code": "0201D", "hourtmin": "Varias", "hourgust": "21:40", "hourtmax": "13:00", "sun": null, "altitude": "6", "prec": "1,5", "latitude": 412326, "hourpresmax": "00", "province": "BARCELONA", "tmed": "11,8", "tmin": "9,2", "avgspeed": "2,5", "presmax": "1010,3", "presmin": "1006,0", "hourpresmin": "24", "date": "1996-02-26", "name": "BARCELONA", "gust": "10,0", "tmax": "14,3", "longitude": 21200, "dir": "06"}, {"code": "0201D", "hourtmin": "Varias", "hourgust": "08:10", "hourtmax": "14:00", "sun": null, "altitude": "6", "prec": "0,2", "latitude": 412326, "hourpresmax": "Varias", "province": "BARCELONA", "tmed": "11,6", "tmin": "9,5", "avgspeed": "3,9", "presmax": "1013,2", "presmin": "1005,9", "hourpresmin": "03", "date": "1996-02-27", "name": "BARCELONA", "gust": "11,4", "tmax": "13,6", "longitude": 21200, "dir": "07"}, {"code": "0201D", "hourtmin": "01:20", "hourgust": "02:10", "hourtmax": "11:50", "sun": null, "altitude": "6", "prec": "0,0", "latitude": 412326, "hourpresmax": "21", "province": "BARCELONA", "tmed": "12,2", "tmin": "9,8", "avgspeed": "2,2", "presmax": "1017,3", "presmin": "1012,7", "hourpresmin": "03", "date": "1996-02-28", "name": "BARCELONA", "gust": "5,3", "tmax": "14,7", "longitude": 21200, "dir": "32"}, {"code": "0201D", "hourtmin": "06:20", "hourgust": "15:10", "hourtmax": "13:40", "sun": null, "altitude": "6", "latitude": 412326, "hourpresmax": "Varias", "province": "BARCELONA", "tmed": "11,1", "tmin": "7,8", "avgspeed": "2,2", "presmax": "1020,3", "presmin": "1015,9", "hourpresmin": "04", "date": "1996-02-29", "name": "BARCELONA", "gust": "5,3", "tmax": "14,4", "longitude": 21200, "dir": "12"}, {"code": "0201D", "hourtmin": "05:10", "hourgust": "15:50", "hourtmax": "15:10", "sun": null, "altitude": "6", "prec": "0,0", "latitude": 412326, "hourpresmax": "00", "province": "BARCELONA", "tmed": "16,6", "tmin": "13,8", "avgspeed": "4,2", "presmax": "1000,7", "presmin": "998,0", "hourpresmin": "Varias", "date": "1996-05-01", "name": "BARCELONA", "gust": "14,2", "tmax": "19,5", "longitude": 21200, "dir": "22"}, {"code": "0201D", "hourtmin": "23:50", "hourgust": "18:50", "hourtmax": "14:40", "sun": null, "altitude": "6", "prec": "0,2", "latitude": 412326, "hourpresmax": "24", "province": "BARCELONA", "tmed": "16,2", "tmin": "13,2", "avgspeed": "3,6", "presmax": "1002,4", "presmin": "997,3", "hourpresmin": "05", "date": "1996-05-02", "name": "BARCELONA", "gust": "19,2", "tmax": "19,2", "longitude": 21200, "dir": "23"}, {"code": "0201D", "hourtmin": "03:10", "hourgust": "14:50", "hourtmax": "09:20", "sun": null, "altitude": "6", "prec": "0,0", "latitude": 412326, "hourpresmax": "Varias", "province": "BARCELONA", "tmed": "14,6", "tmin": "12,3", "avgspeed": "4,2", "presmax": "1005,9", "presmin": "1001,4", "hourpresmin": "04", "date": "1996-05-03", "name": "BARCELONA", "gust": "10,3", "tmax": "17,0", "longitude": 21200, "dir": "19"}, {"code": "0201D", "hourtmin": "Varias", "hourgust": "15:20", "hourtmax": "Varias", "sun": null, "altitude": "6", "prec": "0,0", "latitude": 412326, "hourpresmax": "23", "province": "BARCELONA", "tmed": "14,2", "tmin": "11,4", "avgspeed": "2,8", "presmax": "1011,6", "presmin": "1005,9", "hourpresmin": "00", "date": "1996-05-04", "name": "BARCELONA", "gust": "6,1", "tmax": "17,0", "longitude": 21200, "dir": "06"}, {"code": "0201D", "hourtmin": "Varias", "hourgust": "14:00", "hourtmax": "15:40", "sun": null, "altitude": "6", "prec": "0,0", "latitude": 412326, "hourpresmax": "11", "province": "BARCELONA", "tmed": "14,4", "tmin": "12,1", "avgspeed": "2,5", "presmax": "1012,5", "presmin": "1009,5", "hourpresmin": "Varias", "date": "1996-05-05", "name": "BARCELONA", "gust": "5,3", "tmax": "16,8", "longitude": 21200, "dir": "17"}, {"code": "0201D", "hourtmin": "Varias", "hourgust": "21:50", "hourtmax": "15:40", "sun": null, "altitude": "6", "prec": "21,0", "latitude": 412326, "hourpresmax": "00", "province": "BARCELONA", "tmed": "15,2", "tmin": "12,4", "avgspeed": "2,5", "presmax": "1009,8", "presmin": "1005,6", "hourpresmin": "24", "date": "1996-05-06", "name": "BARCELONA", "gust": "6,1", "tmax": "18,1", "longitude": 21200, "dir": "04"}, {"code": "0201D", "hourtmin": "03:30", "hourgust": "14:30", "hourtmax": "13:50", "sun": null, "altitude": "6", "prec": "0,0", "latitude": 412326, "hourpresmax": "Varias", "province": "BARCELONA", "tmed": "16,0", "tmin": "13,6", "avgspeed": "4,7", "presmax": "1007,1", "presmin": "1002,9", "hourpresmin": "Varias", "date": "1996-05-07", "name": "BARCELONA", "gust": "10,8", "tmax": "18,5", "longitude": 21200, "dir": "20"}, {"code": "0201D", "hourtmin": "05:10", "hourgust": "14:50", "hourtmax": "14:30", "sun": null, "altitude": "6", "prec": "0,0", "latitude": 412326, "hourpresmax": "Varias", "province": "BARCELONA", "tmed": "15,7", "tmin": "13,6", "avgspeed": "3,6", "presmax": "1009,0", "presmin": "1006,3", "hourpresmin": "05", "date": "1996-05-08", "name": "BARCELONA", "gust": "9,7", "tmax": "17,8", "longitude": 21200, "dir": "07"}, {"code": "0201D", "hourtmin": "04:40", "hourgust": "13:10", "hourtmax": "08:20", "sun": null, "altitude": "6", "prec": "0,4", "latitude": 412326, "hourpresmax": "00", "province": "BARCELONA", "tmed": "17,0", "tmin": "15,4", "avgspeed": "3,1", "presmax": "1007,8", "presmin": "1002,8", "hourpresmin": "24", "date": "1996-05-09", "name": "BARCELONA", "gust": "6,9", "tmax": "18,5", "longitude": 21200, "dir": "18"}, {"code": "0201D", "hourtmin": "Varias", "hourgust": "07:20", "hourtmax": "16:40", "sun": null, "altitude": "6", "prec": "3,0", "latitude": 412326, "hourpresmax": "Varias", "province": "BARCELONA", "tmed": "15,8", "tmin": "14,9", "avgspeed": "5,3", "presmax": "1003,4", "presmin": "1000,7", "hourpresmin": "04", "date": "1996-05-10", "name": "BARCELONA", "gust": "10,3", "tmax": "16,7", "longitude": 21200, "dir": "06"}, {"code": "0201D", "hourtmin": "22:35", "hourgust": "17:50", "hourtmax": "Varias", "sun": null, "altitude": "6", "prec": "29,2", "latitude": 412326, "hourpresmax": "22", "province": "BARCELONA", "tmed": "14,0", "tmin": "12,5", "avgspeed": "3,9", "presmax": "1005,5", "presmin": "1002,6", "hourpresmin": "04", "date": "1996-05-11", "name": "BARCELONA", "gust": "9,2", "tmax": "15,4", "longitude": 21200, "dir": "06"}, {"code": "0201D", "hourtmin": "00:00", "hourgust": "16:30", "hourtmax": "Varias", "sun": null, "altitude": "6", "prec": "0,0", "latitude": 412326, "hourpresmax": "Varias", "province": "BARCELONA", "tmed": "17,8", "tmin": "12,9", "avgspeed": "4,4", "presmax": "1014,3", "presmin": "1004,9", "hourpresmin": "02", "date": "1996-05-12", "name": "BARCELONA", "gust": "17,2", "tmax": "22,7", "longitude": 21200, "dir": "05"}, {"code": "0201D", "hourtmin": "06:00", "hourgust": "04:20", "hourtmax": "16:25", "sun": null, "altitude": "6", "prec": "0,0", "latitude": 412326, "hourpresmax": "07", "province": "BARCELONA", "tmed": "14,2", "tmin": "11,4", "avgspeed": "4,2", "presmax": "1015,6", "presmin": "1013,2", "hourpresmin": "Varias", "date": "1996-05-13", "name": "BARCELONA", "gust": "10,8", "tmax": "17,1", "longitude": 21200, "dir": "31"}, {"code": "0201D", "hourtmin": "Varias", "hourgust": "15:30", "hourtmax": "16:20", "sun": null, "altitude": "6", "prec": "0,0", "latitude": 412326, "hourpresmax": "00", "province": "BARCELONA", "tmed": "14,4", "tmin": "11,6", "avgspeed": "4,2", "presmax": "1013,2", "presmin": "1007,6", "hourpresmin": "19", "date": "1996-05-14", "name": "BARCELONA", "gust": "11,4", "tmax": "17,3", "longitude": 21200, "dir": "18"}, {"code": "0201D", "hourtmin": "04:55", "hourgust": "15:00", "hourtmax": "08:30", "sun": null, "altitude": "6", "prec": "0,0", "latitude": 412326, "hourpresmax": "Varias", "province": "BARCELONA", "tmed": "15,4", "tmin": "13,4", "avgspeed": "5,3", "presmax": "1009,0", "presmin": "1006,4", "hourpresmin": "17", "date": "1996-05-15", "name": "BARCELONA", "gust": "11,1", "tmax": "17,3", "longitude": 21200, "dir": "18"}, {"code": "0201D", "hourtmin": "Varias", "hourgust": "12:35", "hourtmax": "10:20", "sun": null, "altitude": "6", "prec": "0,0", "latitude": 412326, "hourpresmax": "Varias", "province": "BARCELONA", "tmed": "16,4", "tmin": "15,2", "avgspeed": "6,1", "presmax": "1009,2", "presmin": "1007,3", "hourpresmin": "Varias", "date": "1996-05-16", "name": "BARCELONA", "gust": "11,7", "tmax": "17,7", "longitude": 21200, "dir": "18"}, {"code": "0201D", "hourtmin": "03:50", "hourgust": "14:20", "hourtmax": "Varias", "sun": null, "altitude": "6", "prec": "0,0", "latitude": 412326, "hourpresmax": "00", "province": "BARCELONA", "tmed": "16,8", "tmin": "15,5", "avgspeed": "5,3", "presmax": "1008,3", "presmin": "1004,3", "hourpresmin": "Varias", "date": "1996-05-17", "name": "BARCELONA", "gust": "8,9", "tmax": "18,0", "longitude": 21200, "dir": "18"}, {"code": "0201D", "hourtmin": "03:20", "hourgust": "13:20", "hourtmax": "13:20", "sun": null, "altitude": "6", "prec": "0,7", "latitude": 412326, "hourpresmax": "23", "province": "BARCELONA", "tmed": "19,2", "tmin": "16,1", "avgspeed": "4,4", "presmax": "1004,9", "presmin": "1002,3", "hourpresmin": "16", "date": "1996-05-18", "name": "BARCELONA", "gust": "14,7", "tmax": "22,3", "longitude": 21200, "dir": "21"}, {"code": "0201D", "hourtmin": "Varias", "hourgust": "12:50", "hourtmax": "15:10", "sun": null, "altitude": "6", "prec": "0,0", "latitude": 412326, "hourpresmax": "24", "province": "BARCELONA", "tmed": "18,9", "tmin": "16,1", "avgspeed": "4,7", "presmax": "1009,1", "presmin": "1002,6", "hourpresmin": "Varias", "date": "1996-05-19", "name": "BARCELONA", "gust": "11,7", "tmax": "21,7", "longitude": 21200, "dir": "21"}, {"code": "0201D", "hourtmin": "05:50", "hourgust": "07:10", "hourtmax": "11:20", "sun": null, "altitude": "6", "prec": "0,0", "latitude": 412326, "hourpresmax": "Varias", "province": "BARCELONA", "tmed": "17,0", "tmin": "13,9", "avgspeed": "5,0", "presmax": "1019,3", "presmin": "1008,8", "hourpresmin": "00", "date": "1996-05-20", "name": "BARCELONA", "gust": "14,7", "tmax": "20,2", "longitude": 21200, "dir": "29"}, {"code": "0201D", "hourtmin": "04:45", "hourgust": "14:00", "hourtmax": "16:10", "sun": null, "altitude": "6", "prec": "0,0", "latitude": 412326, "hourpresmax": "Varias", "province": "BARCELONA", "tmed": "16,4", "tmin": "13,6", "avgspeed": "4,7", "presmax": "1024,8", "presmin": "1019,2", "hourpresmin": "Varias", "date": "1996-05-21", "name": "BARCELONA", "gust": "11,1", "tmax": "19,2", "longitude": 21200, "dir": "19"}, {"code": "0201D", "hourtmin": "04:30", "hourgust": "Varias", "hourtmax": "16:50", "sun": null, "altitude": "6", "prec": "0,0", "latitude": 412326, "hourpresmax": "08", "province": "BARCELONA", "tmed": "16,6", "tmin": "14,5", "avgspeed": "4,4", "presmax": "1025,9", "presmin": "1022,0", "hourpresmin": "17", "date": "1996-05-22", "name": "BARCELONA", "gust": "11,1", "tmax": "18,8", "longitude": 21200, "dir": "18"}, {"code": "0201D", "hourtmin": "04:45", "hourgust": "16:30", "hourtmax": "16:20", "sun": null, "altitude": "6", "prec": "0,0", "latitude": 412326, "hourpresmax": "Varias", "province": "BARCELONA", "tmed": "18,1", "tmin": "14,8", "avgspeed": "4,4", "presmax": "1023,5", "presmin": "1018,4", "hourpresmin": "24", "date": "1996-05-23", "name": "BARCELONA", "gust": "10,8", "tmax": "21,4", "longitude": 21200, "dir": "19"}, {"code": "0201D", "hourtmin": "04:25", "hourgust": "14:40", "hourtmax": "15:20", "sun": null, "altitude": "6", "prec": "0,0", "latitude": 412326, "hourpresmax": "00", "province": "BARCELONA", "tmed": "19,2", "tmin": "15,8", "avgspeed": "6,4", "presmax": "1018,4", "presmin": "1014,7", "hourpresmin": "Varias", "date": "1996-05-24", "name": "BARCELONA", "gust": "13,9", "tmax": "22,7", "longitude": 21200, "dir": "19"}, {"code": "0201D", "hourtmin": "04:05", "hourgust": "14:00", "hourtmax": "14:20", "sun": null, "altitude": "6", "prec": "0,0", "latitude": 412326, "hourpresmax": "08", "province": "BARCELONA", "tmed": "18,0", "tmin": "15,5", "avgspeed": "5,0", "presmax": "1016,5", "presmin": "1014,0", "hourpresmin": "17", "date": "1996-05-25", "name": "BARCELONA", "gust": "11,4", "tmax": "20,4", "longitude": 21200, "dir": "19"}, {"code": "0201D", "hourtmin": "05:00", "hourgust": "15:25", "hourtmax": "15:40", "sun": null, "altitude": "6", "prec": "0,0", "latitude": 412326, "hourpresmax": "11", "province": "BARCELONA", "tmed": "18,0", "tmin": "15,2", "avgspeed": "3,6", "presmax": "1020,8", "presmin": "1015,7", "hourpresmin": "Varias", "date": "1996-05-26", "name": "BARCELONA", "gust": "10,3", "tmax": "20,7", "longitude": 21200, "dir": "19"}, {"code": "0201D", "hourtmin": "Varias", "hourgust": "14:40", "hourtmax": "13:40", "sun": null, "altitude": "6", "prec": "0,0", "latitude": 412326, "hourpresmax": "08", "province": "BARCELONA", "tmed": "18,6", "tmin": "16,3", "avgspeed": "2,8", "presmax": "1019,3", "presmin": "1015,4", "hourpresmin": "Varias", "date": "1996-05-27", "name": "BARCELONA", "gust": "7,2", "tmax": "20,9", "longitude": 21200, "dir": "07"}, {"code": "0201D", "hourtmin": "05:20", "hourgust": "10:00", "hourtmax": "07:50", "sun": null, "altitude": "6", "prec": "0,0", "latitude": 412326, "hourpresmax": "09", "province": "BARCELONA", "tmed": "19,0", "tmin": "17,3", "avgspeed": "3,9", "presmax": "1019,7", "presmin": "1016,8", "hourpresmin": "19", "date": "1996-05-28", "name": "BARCELONA", "gust": "8,6", "tmax": "20,7", "longitude": 21200, "dir": "18"}, {"code": "0201D", "hourtmin": "04:30", "hourgust": "12:30", "hourtmax": "14:20", "sun": null, "altitude": "6", "prec": "0,0", "latitude": 412326, "hourpresmax": "09", "province": "BARCELONA", "tmed": "19,2", "tmin": "16,9", "avgspeed": "1,9", "presmax": "1018,2", "presmin": "1016,1", "hourpresmin": "03", "date": "1996-05-29", "name": "BARCELONA", "gust": "7,8", "tmax": "21,6", "longitude": 21200, "dir": "18"}, {"code": "0201D", "hourtmin": "04:30", "hourgust": "02:40", "hourtmax": "Varias", "sun": null, "altitude": "6", "prec": "0,0", "latitude": 412326, "hourpresmax": "11", "province": "BARCELONA", "tmed": "19,0", "tmin": "16,8", "avgspeed": "2,5", "presmax": "1020,3", "presmin": "1016,5", "hourpresmin": "01", "date": "1996-05-30", "name": "BARCELONA", "gust": "5,8", "tmax": "21,2", "longitude": 21200, "dir": "03"}, {"code": "0201D", "hourtmin": "04:40", "hourgust": "13:30", "hourtmax": "Varias", "sun": null, "altitude": "6", "latitude": 412326, "hourpresmax": "Varias", "province": "BARCELONA", "tmed": "18,8", "tmin": "16,1", "avgspeed": "1,7", "presmax": "1021,7", "presmin": "1018,0", "hourpresmin": "04", "date": "1996-05-31", "name": "BARCELONA", "gust": "8,6", "tmax": "21,6", "longitude": 21200, "dir": "29"}, {"code": "0201D", "hourtmin": "23:59", "hourgust": "15:20", "hourtmax": "13:00", "sun": null, "altitude": "6", "prec": "3,5", "latitude": 412326, "hourpresmax": "22", "province": "BARCELONA", "tmed": "21,3", "tmin": "17,7", "avgspeed": "4,2", "presmax": "1014,2", "presmin": "1007,1", "hourpresmin": "12", "date": "1996-10-01", "name": "BARCELONA", "gust": "13,9", "tmax": "24,9", "longitude": 21200, "dir": "06"}, {"code": "0201D", "hourtmin": "05:50", "hourgust": "17:00", "hourtmax": "14:50", "sun": null, "altitude": "6", "prec": "0,0", "latitude": 412326, "hourpresmax": "23", "province": "BARCELONA", "tmed": "18,6", "tmin": "14,7", "avgspeed": "4,4", "presmax": "1017,5", "presmin": "1010,8", "hourpresmin": "Varias", "date": "1996-10-02", "name": "BARCELONA", "gust": "18,6", "tmax": "22,6", "longitude": 21200, "dir": "06"}, {"code": "0201D", "hourtmin": "Varias", "hourgust": "02:20", "hourtmax": "14:40", "sun": null, "altitude": "6", "prec": "0,0", "latitude": 412326, "hourpresmax": "Varias", "province": "BARCELONA", "tmed": "17,1", "tmin": "13,9", "avgspeed": "3,1", "presmax": "1022,5", "presmin": "1017,1", "hourpresmin": "Varias", "date": "1996-10-03", "name": "BARCELONA", "gust": "8,1", "tmax": "20,3", "longitude": 21200, "dir": "29"}, {"code": "0201D", "hourtmin": "05:55", "hourgust": "16:50", "hourtmax": "15:20", "sun": null, "altitude": "6", "prec": "0,0", "latitude": 412326, "hourpresmax": "01", "province": "BARCELONA", "tmed": "17,8", "tmin": "14,7", "avgspeed": "3,1", "presmax": "1022,0", "presmin": "1014,3", "hourpresmin": "24", "date": "1996-10-04", "name": "BARCELONA", "gust": "5,8", "tmax": "20,8", "longitude": 21200, "dir": "18"}, {"code": "0201D", "hourtmin": "22:05", "hourgust": "18:40", "hourtmax": "Varias", "sun": null, "altitude": "6", "prec": "5,6", "latitude": 412326, "hourpresmax": "00", "province": "BARCELONA", "tmed": "15,3", "tmin": "13,1", "avgspeed": "3,1", "presmax": "1014,3", "presmin": "1010,9", "hourpresmin": "Varias", "date": "1996-10-05", "name": "BARCELONA", "gust": "8,6", "tmax": "17,5", "longitude": 21200, "dir": "07"}, {"code": "0201D", "hourtmin": "06:40", "hourgust": "18:20", "hourtmax": "12:30", "sun": null, "altitude": "6", "prec": "0,6", "latitude": 412326, "hourpresmax": "22", "province": "BARCELONA", "tmed": "14,9", "tmin": "12,8", "avgspeed": "1,9", "presmax": "1011,5", "presmin": "1008,0", "hourpresmin": "14", "date": "1996-10-06", "name": "BARCELONA", "gust": "8,6", "tmax": "17,0", "longitude": 21200, "dir": "06"}, {"code": "0201D", "hourtmin": "07:35", "hourgust": "01:30", "hourtmax": "16:40", "sun": null, "altitude": "6", "prec": "0,5", "latitude": 412326, "hourpresmax": "Varias", "province": "BARCELONA", "tmed": "15,7", "tmin": "12,4", "avgspeed": "2,5", "presmax": "1012,6", "presmin": "1007,6", "hourpresmin": "Varias", "date": "1996-10-07", "name": "BARCELONA", "gust": "9,7", "tmax": "19,0", "longitude": 21200, "dir": "29"}, {"code": "0201D", "hourtmin": "05:50", "hourgust": "00:00", "hourtmax": "14:00", "sun": null, "altitude": "6", "prec": "0,0", "latitude": 412326, "hourpresmax": "Varias", "province": "BARCELONA", "tmed": "15,6", "tmin": "12,7", "avgspeed": "2,5", "presmax": "1015,0", "presmin": "1011,0", "hourpresmin": "14", "date": "1996-10-08", "name": "BARCELONA", "gust": "8,1", "tmax": "18,5", "longitude": 21200, "dir": "25"}, {"code": "0201D", "hourtmin": "05:50", "hourgust": "12:40", "hourtmax": "Varias", "sun": null, "altitude": "6", "prec": "0,0", "latitude": 412326, "hourpresmax": "Varias", "province": "BARCELONA", "tmed": "16,0", "tmin": "12,5", "avgspeed": "2,5", "presmax": "1017,8", "presmin": "1014,2", "hourpresmin": "Varias", "date": "1996-10-09", "name": "BARCELONA", "gust": "6,1", "tmax": "19,6", "longitude": 21200, "dir": "11"}, {"code": "0201D", "hourtmin": "05:50", "hourgust": "07:20", "hourtmax": "13:20", "sun": null, "altitude": "6", "prec": "0,0", "latitude": 412326, "hourpresmax": "08", "province": "BARCELONA", "tmed": "17,0", "tmin": "14,2", "avgspeed": "2,8", "presmax": "1018,4", "presmin": "1015,3", "hourpresmin": "Varias", "date": "1996-10-10", "name": "BARCELONA", "gust": "6,1", "tmax": "19,9", "longitude": 21200, "dir": "34"}, {"code": "0201D", "hourtmin": "06:15", "hourgust": "13:00", "hourtmax": "11:45", "sun": null, "altitude": "6", "prec": "0,7", "latitude": 412326, "hourpresmax": "09", "province": "BARCELONA", "tmed": "17,8", "tmin": "15,8", "avgspeed": "2,5", "presmax": "1017,6", "presmin": "1015,4", "hourpresmin": "Varias", "date": "1996-10-11", "name": "BARCELONA", "gust": "8,1", "tmax": "19,9", "longitude": 21200, "dir": "09"}, {"code": "0201D", "hourtmin": "Varias", "hourgust": "13:40", "hourtmax": "11:00", "sun": null, "altitude": "6", "prec": "0,0", "latitude": 412326, "hourpresmax": "00", "province": "BARCELONA", "tmed": "17,7", "tmin": "15,3", "avgspeed": "3,3", "presmax": "1016,0", "presmin": "1012,3", "hourpresmin": "24", "date": "1996-10-12", "name": "BARCELONA", "gust": "7,8", "tmax": "20,1", "longitude": 21200, "dir": "11"}, {"code": "0201D", "hourtmin": "06:05", "hourgust": "15:50", "hourtmax": "12:50", "sun": null, "altitude": "6", "prec": "19,8", "latitude": 412326, "hourpresmax": "Varias", "province": "BARCELONA", "tmed": "17,4", "tmin": "14,8", "avgspeed": "3,3", "presmax": "1012,3", "presmin": "1004,1", "hourpresmin": "24", "date": "1996-10-13", "name": "BARCELONA", "gust": "9,7", "tmax": "20,1", "longitude": 21200, "dir": "10"}, {"code": "0201D", "hourtmin": "17:55", "hourgust": "09:20", "hourtmax": "07:50", "sun": null, "altitude": "6", "prec": "112,1", "latitude": 412326, "hourpresmax": "00", "province": "BARCELONA", "tmed": "17,6", "tmin": "15,7", "avgspeed": "4,4", "presmax": "1004,1", "presmin": "1001,0", "hourpresmin": "05", "date": "1996-10-14", "name": "BARCELONA", "gust": "13,9", "tmax": "19,5", "longitude": 21200, "dir": "15"}, {"code": "0201D", "hourtmin": "05:55", "hourgust": "03:10", "hourtmax": "16:25", "sun": null, "altitude": "6", "prec": "0,4", "latitude": 412326, "hourpresmax": "Varias", "province": "BARCELONA", "tmed": "16,4", "tmin": "14,3", "avgspeed": "3,1", "presmax": "1008,6", "presmin": "1001,3", "hourpresmin": "Varias", "date": "1996-10-15", "name": "BARCELONA", "gust": "8,6", "tmax": "18,6", "longitude": 21200, "dir": "32"}, {"code": "0201D", "hourtmin": "06:30", "hourgust": "02:40", "hourtmax": "Varias", "sun": null, "altitude": "6", "prec": "0,0", "latitude": 412326, "hourpresmax": "23", "province": "BARCELONA", "tmed": "15,2", "tmin": "12,1", "avgspeed": "2,5", "presmax": "1010,5", "presmin": "1007,2", "hourpresmin": "Varias", "date": "1996-10-16", "name": "BARCELONA", "gust": "7,8", "tmax": "18,3", "longitude": 21200, "dir": "28"}, {"code": "0201D", "hourtmin": "06:20", "hourgust": "13:30", "hourtmax": "15:30", "sun": null, "altitude": "6", "prec": "0,0", "latitude": 412326, "hourpresmax": "24", "province": "BARCELONA", "tmed": "16,6", "tmin": "13,0", "avgspeed": "3,1", "presmax": "1011,7", "presmin": "1008,5", "hourpresmin": "Varias", "date": "1996-10-17", "name": "BARCELONA", "gust": "9,4", "tmax": "20,2", "longitude": 21200, "dir": "18"}, {"code": "0201D", "hourtmin": "Varias", "hourgust": "05:30", "hourtmax": "13:30", "sun": null, "altitude": "6", "prec": "0,0", "latitude": 412326, "hourpresmax": "Varias", "province": "BARCELONA", "tmed": "16,2", "tmin": "12,8", "avgspeed": "2,5", "presmax": "1019,2", "presmin": "1011,5", "hourpresmin": "01", "date": "1996-10-18", "name": "BARCELONA", "gust": "5,6", "tmax": "19,5", "longitude": 21200, "dir": "32"}, {"code": "0201D", "hourtmin": "06:40", "hourgust": "14:10", "hourtmax": "Varias", "sun": null, "altitude": "6", "prec": "0,0", "latitude": 412326, "hourpresmax": "22", "province": "BARCELONA", "tmed": "17,4", "tmin": "14,4", "avgspeed": "2,5", "presmax": "1025,2", "presmin": "1018,8", "hourpresmin": "Varias", "date": "1996-10-19", "name": "BARCELONA", "gust": "7,2", "tmax": "20,4", "longitude": 21200, "dir": "10"}, {"code": "0201D", "hourtmin": "06:00", "hourgust": "12:20", "hourtmax": "11:00", "sun": null, "altitude": "6", "prec": "0,0", "latitude": 412326, "hourpresmax": "00", "province": "BARCELONA", "tmed": "17,5", "tmin": "15,3", "avgspeed": "2,5", "presmax": "1025,0", "presmin": "1021,7", "hourpresmin": "14", "date": "1996-10-20", "name": "BARCELONA", "gust": "6,4", "tmax": "19,7", "longitude": 21200, "dir": "18"}, {"code": "0201D", "hourtmin": "06:20", "hourgust": "14:30", "hourtmax": "Varias", "sun": null, "altitude": "6", "prec": "0,0", "latitude": 412326, "hourpresmax": "00", "province": "BARCELONA", "tmed": "18,0", "tmin": "14,4", "avgspeed": "1,9", "presmax": "1022,9", "presmin": "1018,4", "hourpresmin": "16", "date": "1996-10-21", "name": "BARCELONA", "gust": "5,0", "tmax": "21,7", "longitude": 21200, "dir": "18"}, {"code": "0201D", "hourtmin": "06:20", "hourgust": "12:30", "hourtmax": "11:00", "sun": null, "altitude": "6", "prec": "0,0", "latitude": 412326, "hourpresmax": "00", "province": "BARCELONA", "tmed": "18,2", "tmin": "15,1", "avgspeed": "2,5", "presmax": "1019,0", "presmin": "1014,8", "hourpresmin": "16", "date": "1996-10-22", "name": "BARCELONA", "gust": "6,4", "tmax": "21,4", "longitude": 21200, "dir": "18"}, {"code": "0201D", "hourtmin": "05:15", "hourgust": "10:40", "hourtmax": "12:05", "sun": null, "altitude": "6", "prec": "0,0", "latitude": 412326, "hourpresmax": "24", "province": "BARCELONA", "tmed": "17,2", "tmin": "15,3", "avgspeed": "3,3", "presmax": "1020,4", "presmin": "1015,7", "hourpresmin": "00", "date": "1996-10-23", "name": "BARCELONA", "gust": "8,3", "tmax": "19,1", "longitude": 21200, "dir": "08"}, {"code": "0201D", "hourtmin": "02:40", "hourgust": "01:30", "hourtmax": "Varias", "sun": null, "altitude": "6", "prec": "0,0", "latitude": 412326, "hourpresmax": "09", "province": "BARCELONA", "tmed": "17,6", "tmin": "16,4", "avgspeed": "1,7", "presmax": "1021,7", "presmin": "1018,7", "hourpresmin": "15", "date": "1996-10-24", "name": "BARCELONA", "gust": "9,4", "tmax": "18,7", "longitude": 21200, "dir": "06"}, {"code": "0201D", "hourtmin": "22:40", "hourgust": "07:30", "hourtmax": "11:40", "sun": null, "altitude": "6", "prec": "0,0", "latitude": 412326, "hourpresmax": "Varias", "province": "BARCELONA", "tmed": "18,0", "tmin": "16,7", "avgspeed": "1,4", "presmax": "1024,2", "presmin": "1020,0", "hourpresmin": "Varias", "date": "1996-10-25", "name": "BARCELONA", "gust": "3,9", "tmax": "19,2", "longitude": 21200, "dir": "31"}, {"code": "0201D", "hourtmin": "06:00", "hourgust": "12:35", "hourtmax": "11:50", "sun": null, "altitude": "6", "prec": "0,0", "latitude": 412326, "hourpresmax": "08", "province": "BARCELONA", "tmed": "18,2", "tmin": "15,2", "avgspeed": "3,1", "presmax": "1025,0", "presmin": "1022,7", "hourpresmin": "Varias", "date": "1996-10-26", "name": "BARCELONA", "gust": "7,5", "tmax": "21,2", "longitude": 21200, "dir": "19"}, {"code": "0201D", "hourtmin": "06:40", "hourgust": "15:00", "hourtmax": "11:20", "sun": null, "altitude": "6", "prec": "0,0", "latitude": 412326, "hourpresmax": "08", "province": "BARCELONA", "tmed": "18,1", "tmin": "16,1", "avgspeed": "2,8", "presmax": "1024,0", "presmin": "1020,8", "hourpresmin": "14", "date": "1996-10-27", "name": "BARCELONA", "gust": "7,2", "tmax": "20,1", "longitude": 21200, "dir": "18"}, {"code": "0201D", "hourtmin": "05:00", "hourgust": "15:20", "hourtmax": "11:50", "sun": null, "altitude": "6", "prec": "0,0", "latitude": 412326, "hourpresmax": "00", "province": "BARCELONA", "tmed": "18,6", "tmin": "15,8", "avgspeed": "3,6", "presmax": "1021,2", "presmin": "1016,2", "hourpresmin": "Varias", "date": "1996-10-28", "name": "BARCELONA", "gust": "10,3", "tmax": "21,3", "longitude": 21200, "dir": "22"}, {"code": "0201D", "hourtmin": "07:05", "hourgust": "13:55", "hourtmax": "13:00", "sun": null, "altitude": "6", "prec": "8,5", "latitude": 412326, "hourpresmax": "24", "province": "BARCELONA", "tmed": "17,0", "tmin": "14,9", "avgspeed": "2,2", "presmax": "1020,3", "presmin": "1014,2", "hourpresmin": "05", "date": "1996-10-29", "name": "BARCELONA", "gust": "8,6", "tmax": "19,1", "longitude": 21200, "dir": "12"}, {"code": "0201D", "hourtmin": "06:50", "hourgust": "12:30", "hourtmax": "15:50", "sun": null, "altitude": "6", "prec": "0,0", "latitude": 412326, "hourpresmax": "Varias", "province": "BARCELONA", "tmed": "15,8", "tmin": "12,9", "avgspeed": "3,9", "presmax": "1025,3", "presmin": "1020,1", "hourpresmin": "00", "date": "1996-10-30", "name": "BARCELONA", "gust": "9,2", "tmax": "18,6", "longitude": 21200, "dir": "18"}, {"code": "0201D", "hourtmin": "06:50", "hourgust": "10:30", "hourtmax": "Varias", "sun": null, "altitude": "6", "prec": "0,0", "latitude": 412326, "hourpresmax": "24", "province": "BARCELONA", "tmed": "16,2", "tmin": "13,4", "avgspeed": "3,3", "presmax": "1026,2", "presmin": "1023,5", "hourpresmin": "14", "date": "1996-10-31", "name": "BARCELONA", "gust": "8,6", "tmax": "19,1", "longitude": 21200, "dir": "26"}, {"code": "0201D", "hourtmin": "07:00", "hourgust": "14:40", "hourtmax": "12:50", "sun": null, "altitude": "6", "prec": "0,0", "latitude": 412326, "hourpresmax": "08", "province": "BARCELONA", "tmed": "14,4", "tmin": "10,2", "avgspeed": "2,5", "presmax": "1027,8", "presmin": "1025,4", "hourpresmin": "Varias", "date": "1996-11-01", "name": "BARCELONA", "gust": "14,4", "tmax": "18,5", "longitude": 21200, "dir": "21"}, {"code": "0201D", "hourtmin": "06:10", "hourgust": "Varias", "hourtmax": "14:10", "sun": null, "altitude": "6", "prec": "0,0", "latitude": 412326, "hourpresmax": "Varias", "province": "BARCELONA", "tmed": "15,0", "tmin": "10,5", "avgspeed": "1,9", "presmax": "1027,2", "presmin": "1024,3", "hourpresmin": "14", "date": "1996-11-02", "name": "BARCELONA", "gust": "5,3", "tmax": "19,5", "longitude": 21200, "dir": "99"}, {"code": "0201D", "hourtmin": "Varias", "hourgust": "13:05", "hourtmax": "14:20", "sun": null, "altitude": "6", "prec": "0,0", "latitude": 412326, "hourpresmax": "08", "province": "BARCELONA", "tmed": "15,6", "tmin": "11,4", "avgspeed": "4,4", "presmax": "1026,5", "presmin": "1023,2", "hourpresmin": "24", "date": "1996-11-03", "name": "BARCELONA", "gust": "7,8", "tmax": "19,9", "longitude": 21200, "dir": "18"}, {"code": "0201D", "hourtmin": "01:30", "hourgust": "14:50", "hourtmax": "11:30", "sun": null, "altitude": "6", "prec": "0,6", "latitude": 412326, "hourpresmax": "00", "province": "BARCELONA", "tmed": "16,6", "tmin": "13,9", "avgspeed": "2,8", "presmax": "1023,3", "presmin": "1013,4", "hourpresmin": "24", "date": "1996-11-04", "name": "BARCELONA", "gust": "11,4", "tmax": "19,3", "longitude": 21200, "dir": "21"}, {"code": "0201D", "hourtmin": "22:50", "hourgust": "04:40", "hourtmax": "00:00", "sun": null, "altitude": "6", "prec": "1,2", "latitude": 412326, "hourpresmax": "Varias", "province": "BARCELONA", "tmed": "15,6", "tmin": "14,4", "avgspeed": "2,5", "presmax": "1022,3", "presmin": "1011,9", "hourpresmin": "Varias", "date": "1996-11-05", "name": "BARCELONA", "gust": "7,2", "tmax": "16,9", "longitude": 21200, "dir": "28"}, {"code": "0201D", "hourtmin": "06:50", "hourgust": "04:00", "hourtmax": "11:10", "sun": null, "altitude": "6", "prec": "0,0", "latitude": 412326, "hourpresmax": "09", "province": "BARCELONA", "tmed": "14,5", "tmin": "11,7", "avgspeed": "4,2", "presmax": "1024,3", "presmin": "1021,6", "hourpresmin": "04", "date": "1996-11-06", "name": "BARCELONA", "gust": "10,0", "tmax": "17,3", "longitude": 21200, "dir": "32"}, {"code": "0201D", "hourtmin": "06:50", "hourgust": "09:30", "hourtmax": "15:35", "sun": null, "altitude": "6", "prec": "0,0", "latitude": 412326, "hourpresmax": "00", "province": "BARCELONA", "tmed": "15,0", "tmin": "10,1", "avgspeed": "2,8", "presmax": "1023,7", "presmin": "1020,0", "hourpresmin": "Varias", "date": "1996-11-07", "name": "BARCELONA", "gust": "7,5", "tmax": "19,8", "longitude": 21200, "dir": "27"}, {"code": "0201D", "hourtmin": "03:30", "hourgust": "04:15", "hourtmax": "11:20", "sun": null, "altitude": "6", "prec": "0,1", "latitude": 412326, "hourpresmax": "Varias", "province": "BARCELONA", "tmed": "14,4", "tmin": "11,6", "avgspeed": "2,8", "presmax": "1028,7", "presmin": "1023,0", "hourpresmin": "Varias", "date": "1996-11-08", "name": "BARCELONA", "gust": "5,8", "tmax": "17,2", "longitude": 21200, "dir": "99"}, {"code": "0201D", "hourtmin": "23:35", "hourgust": "09:50", "hourtmax": "Varias", "sun": null, "altitude": "6", "prec": "0,5", "latitude": 412326, "hourpresmax": "08", "province": "BARCELONA", "tmed": "15,6", "tmin": "14,7", "avgspeed": "1,4", "presmax": "1028,9", "presmin": "1022,2", "hourpresmin": "24", "date": "1996-11-09", "name": "BARCELONA", "gust": "5,8", "tmax": "16,5", "longitude": 21200, "dir": "08"}, {"code": "0201D", "hourtmin": "Varias", "hourgust": "Varias", "hourtmax": "12:40", "sun": null, "altitude": "6", "prec": "0,2", "latitude": 412326, "hourpresmax": "00", "province": "BARCELONA", "tmed": "16,4", "tmin": "13,9", "avgspeed": "2,5", "presmax": "1022,2", "presmin": "1005,5", "hourpresmin": "24", "date": "1996-11-10", "name": "BARCELONA", "gust": "10,3", "tmax": "18,9", "longitude": 21200, "dir": "99"}, {"code": "0201D", "hourtmin": "23:59", "hourgust": "17:00", "hourtmax": "19:25", "sun": null, "altitude": "6", "prec": "16,7", "latitude": 412326, "hourpresmax": "00", "province": "BARCELONA", "tmed": "16,5", "tmin": "14,7", "avgspeed": "8,9", "presmax": "1005,6", "presmin": "994,0", "hourpresmin": "17", "date": "1996-11-11", "name": "BARCELONA", "gust": "20,3", "tmax": "18,3", "longitude": 21200, "dir": "20"}, {"code": "0201D", "hourtmin": "22:30", "hourgust": "14:20", "hourtmax": "09:50", "sun": null, "altitude": "6", "prec": "14,2", "latitude": 412326, "hourpresmax": "24", "province": "BARCELONA", "tmed": "16,4", "tmin": "14,2", "avgspeed": "3,9", "presmax": "1001,1", "presmin": "995,4", "hourpresmin": "07", "date": "1996-11-12", "name": "BARCELONA", "gust": "10,3", "tmax": "18,7", "longitude": 21200, "dir": "19"}, {"code": "0201D", "hourtmin": "Varias", "hourgust": "Varias", "hourtmax": "Varias", "sun": null, "altitude": "6", "prec": "13,6", "latitude": 412326, "hourpresmax": "24", "province": "BARCELONA", "tmed": "14,2", "tmin": "12,3", "avgspeed": "1,7", "presmax": "1009,7", "presmin": "1000,8", "hourpresmin": "00", "date": "1996-11-13", "name": "BARCELONA", "gust": "10,3", "tmax": "16,2", "longitude": 21200, "dir": "99"}, {"code": "0201D", "hourtmin": "Varias", "hourgust": "19:10", "hourtmax": "Varias", "sun": null, "altitude": "6", "prec": "21,7", "latitude": 412326, "hourpresmax": "10", "province": "BARCELONA", "tmed": "13,0", "tmin": "10,9", "avgspeed": "1,7", "presmax": "1011,7", "presmin": "1009,2", "hourpresmin": "Varias", "date": "1996-11-14", "name": "BARCELONA", "gust": "8,3", "tmax": "15,2", "longitude": 21200, "dir": "08"}, {"code": "0201D", "hourtmin": "Varias", "hourgust": "12:50", "hourtmax": "00:05", "sun": null, "altitude": "6", "prec": "7,4", "latitude": 412326, "hourpresmax": "23", "province": "BARCELONA", "tmed": "8,4", "tmin": "5,9", "avgspeed": "3,9", "presmax": "1015,7", "presmin": "1010,6", "hourpresmin": "Varias", "date": "1996-11-15", "name": "BARCELONA", "gust": "11,1", "tmax": "10,9", "longitude": 21200, "dir": "31"}, {"code": "0201D", "hourtmin": "03:40", "hourgust": "23:40", "hourtmax": "22:30", "sun": null, "altitude": "6", "prec": "9,1", "latitude": 412326, "hourpresmax": "Varias", "province": "BARCELONA", "tmed": "10,3", "tmin": "7,0", "avgspeed": "2,5", "presmax": "1015,4", "presmin": "1006,9", "hourpresmin": "Varias", "date": "1996-11-16", "name": "BARCELONA", "gust": "15,8", "tmax": "13,6", "longitude": 21200, "dir": "07"}, {"code": "0201D", "hourtmin": "21:50", "hourgust": "05:30", "hourtmax": "00:50", "sun": null, "altitude": "6", "prec": "4,4", "latitude": 412326, "hourpresmax": "00", "province": "BARCELONA", "tmed": "10,5", "tmin": "7,7", "avgspeed": "3,3", "presmax": "1007,0", "presmin": "1000,2", "hourpresmin": "06", "date": "1996-11-17", "name": "BARCELONA", "gust": "26,7", "tmax": "13,3", "longitude": 21200, "dir": "06"}, {"code": "0201D", "hourtmin": "23:59", "hourgust": "09:00", "hourtmax": "13:05", "sun": null, "altitude": "6", "prec": "0,0", "latitude": 412326, "hourpresmax": "24", "province": "BARCELONA", "tmed": "10,6", "tmin": "7,4", "avgspeed": "2,8", "presmax": "1010,6", "presmin": "1000,9", "hourpresmin": "03", "date": "1996-11-18", "name": "BARCELONA", "gust": "13,6", "tmax": "13,8", "longitude": 21200, "dir": "32"}, {"code": "0201D", "hourtmin": "04:45", "hourgust": "09:30", "hourtmax": "23:30", "sun": null, "altitude": "6", "prec": "0,0", "latitude": 412326, "hourpresmax": "09", "province": "BARCELONA", "tmed": "10,6", "tmin": "6,4", "avgspeed": "3,3", "presmax": "1010,9", "presmin": "999,1", "hourpresmin": "24", "date": "1996-11-19", "name": "BARCELONA", "gust": "13,9", "tmax": "14,9", "longitude": 21200, "dir": "28"}, {"code": "0201D", "hourtmin": "Varias", "hourgust": "10:20", "hourtmax": "12:20", "sun": null, "altitude": "6", "prec": "0,0", "latitude": 412326, "hourpresmax": "23", "province": "BARCELONA", "tmed": "14,0", "tmin": "11,7", "avgspeed": "5,6", "presmax": "1010,1", "presmin": "998,7", "hourpresmin": "01", "date": "1996-11-20", "name": "BARCELONA", "gust": "20,0", "tmax": "16,4", "longitude": 21200, "dir": "24"}, {"code": "0201D", "hourtmin": "Varias", "hourgust": "23:30", "hourtmax": "23:59", "sun": null, "altitude": "6", "prec": "0,0", "latitude": 412326, "hourpresmax": "11", "province": "BARCELONA", "tmed": "13,0", "tmin": "10,7", "avgspeed": "2,5", "presmax": "1012,3", "presmin": "1006,5", "hourpresmin": "Varias", "date": "1996-11-21", "name": "BARCELONA", "gust": "7,2", "tmax": "15,2", "longitude": 21200, "dir": "25"}, {"code": "0201D", "hourtmin": "Varias", "hourgust": "13:10", "hourtmax": "12:30", "sun": null, "altitude": "6", "prec": "0,0", "latitude": 412326, "hourpresmax": "20", "province": "BARCELONA", "tmed": "16,1", "tmin": "13,4", "avgspeed": "6,9", "presmax": "1013,3", "presmin": "1005,3", "hourpresmin": "03", "date": "1996-11-22", "name": "BARCELONA", "gust": "14,2", "tmax": "18,8", "longitude": 21200, "dir": "09"}, {"code": "0201D", "hourtmin": "23:55", "hourgust": "10:40", "hourtmax": "Varias", "sun": null, "altitude": "6", "prec": "0,0", "latitude": 412326, "hourpresmax": "24", "province": "BARCELONA", "tmed": "14,6", "tmin": "12,6", "avgspeed": "3,6", "presmax": "1020,2", "presmin": "1009,3", "hourpresmin": "06", "date": "1996-11-23", "name": "BARCELONA", "gust": "10,8", "tmax": "16,7", "longitude": 21200, "dir": "07"}, {"code": "0201D", "hourtmin": "Varias", "hourgust": "14:20", "hourtmax": "15:10", "sun": null, "altitude": "6", "prec": "0,0", "latitude": 412326, "hourpresmax": "11", "province": "BARCELONA", "tmed": "11,6", "tmin": "10,4", "avgspeed": "1,4", "presmax": "1025,5", "presmin": "1019,8", "hourpresmin": "01", "date": "1996-11-24", "name": "BARCELONA", "gust": "7,5", "tmax": "12,9", "longitude": 21200, "dir": "19"}, {"code": "0201D", "hourtmin": "04:05", "hourgust": "22:50", "hourtmax": "21:55", "sun": null, "altitude": "6", "prec": "0,0", "latitude": 412326, "hourpresmax": "00", "province": "BARCELONA", "tmed": "13,1", "tmin": "10,8", "avgspeed": "3,1", "presmax": "1020,2", "presmin": "1003,8", "hourpresmin": "Varias", "date": "1996-11-25", "name": "BARCELONA", "gust": "10,8", "tmax": "15,4", "longitude": 21200, "dir": "27"}, {"code": "0201D", "hourtmin": "07:10", "hourgust": "13:10", "hourtmax": "12:50", "sun": null, "altitude": "6", "prec": "0,0", "latitude": 412326, "hourpresmax": "Varias", "province": "BARCELONA", "tmed": "15,1", "tmin": "12,0", "avgspeed": "3,1", "presmax": "1010,7", "presmin": "1003,7", "hourpresmin": "Varias", "date": "1996-11-26", "name": "BARCELONA", "gust": "10,8", "tmax": "18,2", "longitude": 21200, "dir": "26"}, {"code": "0201D", "hourtmin": "07:10", "hourgust": "23:30", "hourtmax": "16:15", "sun": null, "altitude": "6", "prec": "0,0", "latitude": 412326, "hourpresmax": "Varias", "province": "BARCELONA", "tmed": "14,9", "tmin": "12,0", "avgspeed": "1,9", "presmax": "1011,6", "presmin": "1005,5", "hourpresmin": "21", "date": "1996-11-27", "name": "BARCELONA", "gust": "14,2", "tmax": "17,8", "longitude": 21200, "dir": "29"}, {"code": "0201D", "hourtmin": "23:59", "hourgust": "06:10", "hourtmax": "13:45", "sun": null, "altitude": "6", "prec": "0,0", "latitude": 412326, "hourpresmax": "Varias", "province": "BARCELONA", "tmed": "12,2", "tmin": "8,6", "avgspeed": "5,6", "presmax": "1016,1", "presmin": "1005,4", "hourpresmin": "06", "date": "1996-11-28", "name": "BARCELONA", "gust": "19,2", "tmax": "15,9", "longitude": 21200, "dir": "28"}, {"code": "0201D", "hourtmin": "Varias", "hourgust": "23:20", "hourtmax": "13:20", "sun": null, "altitude": "6", "prec": "0,0", "latitude": 412326, "hourpresmax": "10", "province": "BARCELONA", "tmed": "9,8", "tmin": "5,6", "avgspeed": "1,4", "presmax": "1020,6", "presmin": "1015,8", "hourpresmin": "24", "date": "1996-11-29", "name": "BARCELONA", "gust": "10,8", "tmax": "13,9", "longitude": 21200, "dir": "29"}, {"code": "0201D", "hourtmin": "Varias", "hourgust": "18:00", "hourtmax": "16:10", "sun": null, "altitude": "6", "prec": "0,0", "latitude": 412326, "hourpresmax": "00", "province": "BARCELONA", "tmed": "15,1", "tmin": "11,0", "avgspeed": "4,2", "presmax": "1015,8", "presmin": "1003,8", "hourpresmin": "18", "date": "1996-11-30", "name": "BARCELONA", "gust": "16,4", "tmax": "19,2", "longitude": 21200, "dir": "27"}, {"code": "0201D", "hourtmin": "07:30", "hourgust": "12:40", "hourtmax": "13:50", "sun": null, "altitude": "6", "prec": "0,0", "latitude": 412326, "hourpresmax": "24", "province": "BARCELONA", "tmed": "14,2", "tmin": "12,1", "avgspeed": "3,1", "presmax": "1018,5", "presmin": "1008,7", "hourpresmin": "01", "date": "1996-12-01", "name": "BARCELONA", "gust": "10,3", "tmax": "16,3", "longitude": 21200, "dir": "20"}, {"code": "0201D", "hourtmin": "01:15", "hourgust": "05:30", "hourtmax": "11:20", "sun": null, "altitude": "6", "prec": "0,4", "latitude": 412326, "hourpresmax": "23", "province": "BARCELONA", "tmed": "14,5", "tmin": "11,8", "avgspeed": "2,2", "presmax": "1020,7", "presmin": "1016,4", "hourpresmin": "13", "date": "1996-12-02", "name": "BARCELONA", "gust": "8,1", "tmax": "17,2", "longitude": 21200, "dir": "32"}, {"code": "0201D", "hourtmin": "23:59", "hourgust": "13:30", "hourtmax": "14:40", "sun": null, "altitude": "6", "prec": "0,3", "latitude": 412326, "hourpresmax": "00", "province": "BARCELONA", "tmed": "12,6", "tmin": "10,4", "avgspeed": "3,1", "presmax": "1020,2", "presmin": "1010,0", "hourpresmin": "24", "date": "1996-12-03", "name": "BARCELONA", "gust": "8,9", "tmax": "14,8", "longitude": 21200, "dir": "18"}, {"code": "0201D", "hourtmin": null, "hourgust": "09:40", "hourtmax": null, "sun": null, "altitude": "6", "prec": "17,9", "latitude": 412326, "hourpresmax": "00", "province": "BARCELONA", "avgspeed": "3,3", "presmax": "1010,0", "presmin": "1005,4", "hourpresmin": "Varias", "date": "1996-12-04", "name": "BARCELONA", "gust": "11,7", "longitude": 21200, "dir": "18"}, {"code": "0201D", "hourtmin": null, "hourgust": "18:30", "hourtmax": null, "sun": null, "altitude": "6", "prec": "3,7", "latitude": 412326, "hourpresmax": "24", "province": "BARCELONA", "avgspeed": "7,8", "presmax": "1006,6", "presmin": "1003,9", "hourpresmin": "15", "date": "1996-12-05", "name": "BARCELONA", "gust": "14,2", "longitude": 21200, "dir": "11"}, {"code": "0201D", "hourtmin": "Varias", "hourgust": "Varias", "hourtmax": "15:50", "sun": null, "altitude": "6", "prec": "23,6", "latitude": 412326, "hourpresmax": "10", "province": "BARCELONA", "tmed": "12,9", "tmin": "11,3", "avgspeed": "1,7", "presmax": "1010,9", "presmin": "1006,4", "hourpresmin": "Varias", "date": "1996-12-06", "name": "BARCELONA", "gust": "8,9", "tmax": "14,5", "longitude": 21200, "dir": "99"}, {"code": "0201D", "hourtmin": "00:10", "hourgust": "22:40", "hourtmax": "16:45", "sun": null, "altitude": "6", "prec": "13,2", "latitude": 412326, "hourpresmax": "10", "province": "BARCELONA", "tmed": "13,4", "tmin": "11,4", "avgspeed": "8,6", "presmax": "1012,5", "presmin": "1009,0", "hourpresmin": "24", "date": "1996-12-07", "name": "BARCELONA", "gust": "24,4", "tmax": "15,3", "longitude": 21200, "dir": "05"}, {"code": "0201D", "hourtmin": "Varias", "hourgust": "03:40", "hourtmax": "11:15", "sun": null, "altitude": "6", "prec": "9,3", "latitude": 412326, "hourpresmax": "20", "province": "BARCELONA", "tmed": "13,0", "tmin": "10,9", "avgspeed": "7,5", "presmax": "1013,2", "presmin": "1005,5", "hourpresmin": "04", "date": "1996-12-08", "name": "BARCELONA", "gust": "25,8", "tmax": "15,1", "longitude": 21200, "dir": "04"}, {"code": "0201D", "hourtmin": "08:10", "hourgust": "20:50", "hourtmax": "17:50", "sun": null, "altitude": "6", "prec": "5,0", "latitude": 412326, "hourpresmax": "01", "province": "BARCELONA", "tmed": "11,8", "tmin": "10,5", "avgspeed": "2,2", "presmax": "1012,9", "presmin": "1007,1", "hourpresmin": "24", "date": "1996-12-09", "name": "BARCELONA", "gust": "10,3", "tmax": "13,2", "longitude": 21200, "dir": "32"}, {"code": "0201D", "hourtmin": "23:59", "hourgust": "16:50", "hourtmax": "13:25", "sun": null, "altitude": "6", "prec": "0,0", "latitude": 412326, "hourpresmax": "23", "province": "BARCELONA", "tmed": "12,6", "tmin": "10,1", "avgspeed": "1,7", "presmax": "1011,3", "presmin": "1007,0", "hourpresmin": "Varias", "date": "1996-12-10", "name": "BARCELONA", "gust": "8,9", "tmax": "15,2", "longitude": 21200, "dir": "31"}, {"code": "0201D", "hourtmin": "07:10", "hourgust": null, "hourtmax": "12:50", "sun": null, "altitude": "6", "prec": "0,4", "latitude": 412326, "hourpresmax": "Varias", "province": "BARCELONA", "tmed": "11,3", "tmin": "8,4", "avgspeed": "1,1", "presmax": "1013,4", "presmin": "1010,9", "hourpresmin": "Varias", "date": "1996-12-11", "name": "BARCELONA", "gust": null, "tmax": "14,2", "longitude": 21200}, {"code": "0201D", "hourtmin": "Varias", "hourgust": "15:50", "hourtmax": "15:00", "sun": null, "altitude": "6", "prec": "0,0", "latitude": 412326, "hourpresmax": "10", "province": "BARCELONA", "tmed": "14,2", "tmin": "11,2", "avgspeed": "3,1", "presmax": "1011,8", "presmin": "1006,8", "hourpresmin": "24", "date": "1996-12-12", "name": "BARCELONA", "gust": "8,6", "tmax": "17,3", "longitude": 21200, "dir": "19"}, {"code": "0201D", "hourtmin": "01:50", "hourgust": "13:10", "hourtmax": "13:10", "sun": null, "altitude": "6", "prec": "0,0", "latitude": 412326, "hourpresmax": "00", "province": "BARCELONA", "tmed": "16,0", "tmin": "13,0", "avgspeed": "3,1", "presmax": "1006,8", "presmin": "998,4", "hourpresmin": "24", "date": "1996-12-13", "name": "BARCELONA", "gust": "9,2", "tmax": "18,9", "longitude": 21200, "dir": "22"}, {"code": "0201D", "hourtmin": "23:55", "hourgust": null, "hourtmax": "Varias", "sun": null, "altitude": "6", "prec": "0,0", "latitude": 412326, "hourpresmax": "24", "province": "BARCELONA", "tmed": "16,0", "tmin": "13,9", "avgspeed": "1,9", "presmax": "1006,2", "presmin": "996,3", "hourpresmin": "Varias", "date": "1996-12-14", "name": "BARCELONA", "gust": null, "tmax": "18,2", "longitude": 21200}, {"code": "0201D", "hourtmin": "23:50", "hourgust": "04:30", "hourtmax": "14:10", "sun": null, "altitude": "6", "prec": "0,0", "latitude": 412326, "hourpresmax": "Varias", "province": "BARCELONA", "tmed": "12,2", "tmin": "9,8", "avgspeed": "2,2", "presmax": "1014,0", "presmin": "1006,1", "hourpresmin": "00", "date": "1996-12-15", "name": "BARCELONA", "gust": "9,2", "tmax": "14,6", "longitude": 21200, "dir": "33"}, {"code": "0201D", "hourtmin": "05:05", "hourgust": null, "hourtmax": "Varias", "sun": null, "altitude": "6", "prec": "0,0", "latitude": 412326, "hourpresmax": "21", "province": "BARCELONA", "tmed": "11,7", "tmin": "8,1", "avgspeed": null, "presmax": "1016,1", "presmin": "1012,9", "hourpresmin": "05", "date": "1996-12-16", "name": "BARCELONA", "gust": null, "tmax": "15,3", "longitude": 21200}, {"code": "0201D", "hourtmin": "06:10", "hourgust": null, "hourtmax": "12:50", "sun": null, "altitude": "6", "prec": "0,3", "latitude": 412326, "hourpresmax": "10", "province": "BARCELONA", "tmed": "10,4", "tmin": "6,8", "avgspeed": null, "presmax": "1017,0", "presmin": "1013,2", "hourpresmin": "24", "date": "1996-12-17", "name": "BARCELONA", "gust": null, "tmax": "13,9", "longitude": 21200}, {"code": "0201D", "hourtmin": "Varias", "hourgust": null, "hourtmax": "Varias", "sun": null, "altitude": "6", "prec": "14,8", "latitude": 412326, "hourpresmax": "00", "province": "BARCELONA", "tmed": "13,6", "tmin": "12,8", "avgspeed": null, "presmax": "1013,2", "presmin": "1004,3", "hourpresmin": "24", "date": "1996-12-18", "name": "BARCELONA", "gust": null, "tmax": "14,5", "longitude": 21200}, {"code": "0201D", "hourtmin": "00:40", "hourgust": "19:40", "hourtmax": "15:00", "sun": null, "altitude": "6", "prec": "1,6", "latitude": 412326, "hourpresmax": "00", "province": "BARCELONA", "tmed": "14,8", "tmin": "13,2", "avgspeed": "2,8", "presmax": "1004,3", "presmin": "998,4", "hourpresmin": "15", "date": "1996-12-19", "name": "BARCELONA", "gust": "9,2", "tmax": "16,5", "longitude": 21200, "dir": "26"}, {"code": "0201D", "hourtmin": "07:20", "hourgust": null, "hourtmax": "14:50", "sun": null, "altitude": "6", "prec": "0,0", "latitude": 412326, "hourpresmax": "10", "province": "BARCELONA", "tmed": "13,4", "tmin": "10,9", "avgspeed": "2,2", "presmax": "1002,0", "presmin": "999,1", "hourpresmin": "15", "date": "1996-12-20", "name": "BARCELONA", "gust": null, "tmax": "15,8", "longitude": 21200}, {"code": "0201D", "hourtmin": "Varias", "hourgust": "13:30", "hourtmax": "16:50", "sun": null, "altitude": "6", "prec": "0,0", "latitude": 412326, "hourpresmax": "23", "province": "BARCELONA", "tmed": "13,2", "tmin": "11,0", "avgspeed": "2,2", "presmax": "1002,3", "presmin": "998,1", "hourpresmin": "14", "date": "1996-12-21", "name": "BARCELONA", "gust": "5,8", "tmax": "15,4", "longitude": 21200, "dir": "07"}, {"code": "0201D", "hourtmin": "07:50", "hourgust": "09:30", "hourtmax": "12:00", "sun": null, "altitude": "6", "prec": "0,0", "latitude": 412326, "hourpresmax": "Varias", "province": "BARCELONA", "tmed": "14,4", "tmin": "13,1", "avgspeed": "3,3", "presmax": "1002,6", "presmin": "999,2", "hourpresmin": "15", "date": "1996-12-22", "name": "BARCELONA", "gust": "6,9", "tmax": "15,8", "longitude": 21200, "dir": "05"}, {"code": "0201D", "hourtmin": "Varias", "hourgust": "14:00", "hourtmax": "13:20", "sun": null, "altitude": "6", "prec": "0,0", "latitude": 412326, "hourpresmax": "00", "province": "BARCELONA", "tmed": "14,3", "tmin": "11,7", "avgspeed": "1,9", "presmax": "1000,0", "presmin": "995,9", "hourpresmin": "24", "date": "1996-12-23", "name": "BARCELONA", "gust": "8,9", "tmax": "16,9", "longitude": 21200, "dir": "24"}, {"code": "0201D", "hourtmin": "23:35", "hourgust": "17:50", "hourtmax": "14:10", "sun": null, "altitude": "6", "prec": "0,6", "latitude": 412326, "hourpresmax": "Varias", "province": "BARCELONA", "tmed": "13,4", "tmin": "11,4", "avgspeed": "1,9", "presmax": "997,5", "presmin": "993,0", "hourpresmin": "14", "date": "1996-12-24", "name": "BARCELONA", "gust": "9,2", "tmax": "15,5", "longitude": 21200, "dir": "24"}, {"code": "0201D", "hourtmin": "23:30", "hourgust": "10:00", "hourtmax": "13:10", "sun": null, "altitude": "6", "prec": "0,0", "latitude": 412326, "hourpresmax": "23", "province": "BARCELONA", "tmed": "12,7", "tmin": "10,1", "avgspeed": "1,7", "presmax": "1009,3", "presmin": "997,5", "hourpresmin": "00", "date": "1996-12-25", "name": "BARCELONA", "gust": "10,3", "tmax": "15,3", "longitude": 21200, "dir": "24"}, {"code": "0201D", "hourtmin": "23:59", "hourgust": "13:00", "hourtmax": "12:40", "sun": null, "altitude": "6", "prec": "0,0", "latitude": 412326, "hourpresmax": "24", "province": "BARCELONA", "tmed": "11,9", "tmin": "8,5", "avgspeed": "3,3", "presmax": "1023,7", "presmin": "1008,5", "hourpresmin": "01", "date": "1996-12-26", "name": "BARCELONA", "gust": "10,0", "tmax": "15,3", "longitude": 21200, "dir": "12"}, {"code": "0201D", "hourtmin": "06:50", "hourgust": null, "hourtmax": "18:05", "sun": null, "altitude": "6", "prec": "0,0", "latitude": 412326, "hourpresmax": "10", "province": "BARCELONA", "tmed": "7,2", "tmin": "5,1", "avgspeed": null, "presmax": "1024,6", "presmin": "1013,1", "hourpresmin": "24", "date": "1996-12-27", "name": "BARCELONA", "gust": null, "tmax": "9,4", "longitude": 21200}, {"code": "0201D", "hourtmin": "23:10", "hourgust": null, "hourtmax": "13:25", "sun": null, "altitude": "6", "prec": "0,0", "latitude": 412326, "hourpresmax": "00", "province": "BARCELONA", "tmed": "8,0", "tmin": "6,4", "avgspeed": "3,9", "presmax": "1013,1", "presmin": "1005,2", "hourpresmin": "15", "date": "1996-12-28", "name": "BARCELONA", "gust": null, "tmax": "9,7", "longitude": 21200}, {"code": "0201D", "hourtmin": "Varias", "hourgust": "19:30", "hourtmax": "10:50", "sun": null, "altitude": "6", "prec": "0,0", "latitude": 412326, "hourpresmax": "11", "province": "BARCELONA", "tmed": "6,8", "tmin": "5,6", "avgspeed": "5,8", "presmax": "1006,5", "presmin": "1004,9", "hourpresmin": "07", "date": "1996-12-29", "name": "BARCELONA", "gust": "11,7", "tmax": "8,1", "longitude": 21200, "dir": "08"}, {"code": "0201D", "hourtmin": "Varias", "hourgust": "13:10", "hourtmax": "21:10", "sun": null, "altitude": "6", "prec": "0,0", "latitude": 412326, "hourpresmax": "00", "province": "BARCELONA", "tmed": "7,1", "tmin": "5,5", "avgspeed": "1,9", "presmax": "1005,0", "presmin": "1001,5", "hourpresmin": "Varias", "date": "1996-12-30", "name": "BARCELONA", "gust": "7,5", "tmax": "8,7", "longitude": 21200, "dir": "26"}, {"code": "0201D", "hourtmin": "Varias", "hourgust": "16:10", "hourtmax": "07:35", "sun": null, "altitude": "6", "latitude": 412326, "hourpresmax": "24", "province": "BARCELONA", "tmed": "6,8", "tmin": "5,6", "avgspeed": "3,1", "presmax": "1004,0", "presmin": "997,8", "hourpresmin": "17", "date": "1996-12-31", "name": "BARCELONA", "gust": "10,6", "tmax": "8,1", "longitude": 21200, "dir": "02"}]