[{"code": "0201D", "hourtmin": "07:40", "hourgust": "10:30", "hourtmax": "19:30", "sun": null, "altitude": "6", "prec": "0,0", "latitude": 412326, "hourpresmax": null, "province": "BARCELONA", "tmed": "12,8", "tmin": "10,2", "presmax": null, "presmin": null, "hourpresmin": null, "date": "2018-01-01", "name": "BARCELONA", "gust": "18,1", "tmax": "15,5", "longitude": 21200, "avgspeed": "4,2", "dir": "31"}, {"code": "0201D", "hourtmin": "09:50", "hourgust": "07:50", "hourtmax": "14:30", "sun": null, "altitude": "6", "prec": "0,0", "latitude": 412326, "hourpresmax": null, "province": "BARCELONA", "tmed": "14,6", "tmin": "11,4", "presmax": null, "presmin": null, "hourpresmin": null, "date": "2018-01-02", "name": "BARCELONA", "gust": "10,3", "tmax": "17,8", "longitude": 21200, "avgspeed": "3,3", "dir": "30"}, {"code": "0201D", "hourtmin": "03:40", "hourgust": "23:10", "hourtmax": "15:00", "sun": null, "altitude": "6", "prec": "0,0", "latitude": 412326, "hourpresmax": null, "province": "BARCELONA", "tmed": "17,9", "tmin": "14,0", "presmax": null, "presmin": null, "hourpresmin": null, "date": "2018-01-03", "name": "BARCELONA", "gust": "18,3", "tmax": "21,8", "longitude": 21200, "avgspeed": "3,9", "dir": "31"}, {"code": "0201D", "hourtmin": "23:59", "hourgust": "04:20", "hourtmax": "14:50", "sun": null, "altitude": "6", "prec": "0,0", "latitude": 412326, "hourpresmax": null, "province": "BARCELONA", "tmed": "19,2", "tmin": "16,4", "presmax": null, "presmin": null, "hourpresmin": null, "date": "2018-01-04", "name": "BARCELONA", "gust": "20,0", "tmax": "21,9", "longitude": 21200, "avgspeed": "5,0", "dir": "31"}, {"code": "0201D", "hourtmin": "23:59", "hourgust": "09:50", "hourtmax": "13:40", "sun": null, "altitude": "6", "prec": "0,0", "latitude": 412326, "hourpresmax": null, "province": "BARCELONA", "tmed": "16,4", "tmin": "13,7", "presmax": null, "presmin": null, "hourpresmin": null, "date": "2018-01-05", "name": "BARCELONA", "gust": "13,3", "tmax": "19,2", "longitude": 21200, "avgspeed": "3,3", "dir": "30"}, {"code": "0201D", "hourtmin": "06:00", "hourgust": "18:10", "hourtmax": "11:30", "sun": null, "altitude": "6", "prec": "0,4", "latitude": 412326, "hourpresmax": null, "province": "BARCELONA", "tmed": "12,4", "tmin": "10,0", "presmax": null, "presmin": null, "hourpresmin": null, "date": "2018-01-06", "name": "BARCELONA", "gust": "18,9", "tmax": "14,9", "longitude": 21200, "avgspeed": "7,5", "dir": "09"}, {"code": "0201D", "hourtmin": "23:59", "hourgust": "09:10", "hourtmax": "02:50", "sun": null, "altitude": "6", "prec": "4,6", "latitude": 412326, "hourpresmax": null, "province": "BARCELONA", "tmed": "11,8", "tmin": "8,4", "presmax": null, "presmin": null, "hourpresmin": null, "date": "2018-01-07", "name": "BARCELONA", "gust": "15,0", "tmax": "15,1", "longitude": 21200, "avgspeed": "3,6", "dir": "21"}, {"code": "0201D", "hourtmin": "05:50", "hourgust": "10:30", "hourtmax": "15:00", "sun": null, "altitude": "6", "prec": "0,0", "latitude": 412326, "hourpresmax": null, "province": "BARCELONA", "tmed": "10,8", "tmin": "7,0", "presmax": null, "presmin": null, "hourpresmin": null, "date": "2018-01-08", "name": "BARCELONA", "gust": "6,4", "tmax": "14,5", "longitude": 21200, "avgspeed": "3,1", "dir": "01"}, {"code": "0201D", "hourtmin": "05:00", "hourgust": "07:30", "hourtmax": "13:40", "sun": null, "altitude": "6", "prec": "0,0", "latitude": 412326, "hourpresmax": null, "province": "BARCELONA", "tmed": "10,5", "tmin": "6,6", "presmax": null, "presmin": null, "hourpresmin": null, "date": "2018-01-09", "name": "BARCELONA", "gust": "9,4", "tmax": "14,4", "longitude": 21200, "avgspeed": "2,5", "dir": "33"}, {"code": "0201D", "hourtmin": null, "hourgust": null, "hourtmax": null, "sun": null, "altitude": "6", "prec": "0,0", "latitude": 412326, "hourpresmax": null, "province": "BARCELONA", "presmax": null, "presmin": null, "hourpresmin": null, "date": "2018-01-10", "name": "BARCELONA", "gust": null, "longitude": 21200, "avgspeed": "3,3"}, {"code": "0201D", "hourtmin": "08:00", "hourgust": "10:20", "hourtmax": "13:50", "sun": null, "altitude": "6", "prec": "0,0", "latitude": 412326, "hourpresmax": null, "province": "BARCELONA", "tmed": "11,2", "tmin": "8,7", "presmax": null, "presmin": null, "hourpresmin": null, "date": "2018-01-11", "name": "BARCELONA", "gust": "8,6", "tmax": "13,8", "longitude": 21200, "avgspeed": "1,4", "dir": "33"}, {"code": "0201D", "hourtmin": "07:30", "hourgust": "06:00", "hourtmax": "14:30", "sun": null, "altitude": "6", "prec": "0,0", "latitude": 412326, "hourpresmax": null, "province": "BARCELONA", "tmed": "9,8", "tmin": "6,0", "presmax": null, "presmin": null, "hourpresmin": null, "date": "2018-01-12", "name": "BARCELONA", "gust": "7,5", "tmax": "13,6", "longitude": 21200, "avgspeed": "2,8", "dir": "35"}, {"code": "0201D", "hourtmin": "06:50", "hourgust": "19:00", "hourtmax": "13:20", "sun": null, "altitude": "6", "prec": "5,9", "latitude": 412326, "hourpresmax": null, "province": "BARCELONA", "tmed": "9,2", "tmin": "4,5", "presmax": null, "presmin": null, "hourpresmin": null, "date": "2018-01-13", "name": "BARCELONA", "gust": "11,9", "tmax": "13,8", "longitude": 21200, "avgspeed": "3,3", "dir": "20"}, {"code": "0201D", "hourtmin": "23:59", "hourgust": "00:10", "hourtmax": "15:20", "sun": null, "altitude": "6", "prec": "0,0", "latitude": 412326, "hourpresmax": null, "province": "BARCELONA", "tmed": "10,2", "tmin": "8,1", "presmax": null, "presmin": null, "hourpresmin": null, "date": "2018-01-14", "name": "BARCELONA", "gust": "7,5", "tmax": "12,3", "longitude": 21200, "avgspeed": "2,5", "dir": "23"}, {"code": "0201D", "hourtmin": "05:20", "hourgust": "18:00", "hourtmax": "12:00", "sun": null, "altitude": "6", "prec": "0,0", "latitude": 412326, "hourpresmax": null, "province": "BARCELONA", "tmed": "9,6", "tmin": "6,4", "presmax": null, "presmin": null, "hourpresmin": null, "date": "2018-01-15", "name": "BARCELONA", "gust": "9,7", "tmax": "12,8", "longitude": 21200, "avgspeed": "3,3", "dir": "29"}, {"code": "0201D", "hourtmin": "05:00", "hourgust": "08:30", "hourtmax": "15:00", "sun": null, "altitude": "6", "prec": "0,0", "latitude": 412326, "hourpresmax": null, "province": "BARCELONA", "tmed": "13,2", "tmin": "9,4", "presmax": null, "presmin": null, "hourpresmin": null, "date": "2018-01-16", "name": "BARCELONA", "gust": "11,9", "tmax": "17,1", "longitude": 21200, "avgspeed": "2,8", "dir": "32"}, {"code": "0201D", "hourtmin": "23:50", "hourgust": "Varias", "hourtmax": "14:50", "sun": null, "altitude": "6", "prec": "1,4", "latitude": 412326, "hourpresmax": null, "province": "BARCELONA", "tmed": "13,8", "tmin": "11,1", "presmax": null, "presmin": null, "hourpresmin": null, "date": "2018-01-17", "name": "BARCELONA", "gust": "16,4", "tmax": "16,5", "longitude": 21200, "avgspeed": "3,1", "dir": "99"}, {"code": "0201D", "hourtmin": "07:00", "hourgust": "15:10", "hourtmax": "14:30", "sun": null, "altitude": "6", "prec": "0,0", "latitude": 412326, "hourpresmax": null, "province": "BARCELONA", "tmed": "12,0", "tmin": "9,6", "presmax": null, "presmin": null, "hourpresmin": null, "date": "2018-01-18", "name": "BARCELONA", "gust": "6,9", "tmax": "14,5", "longitude": 21200, "avgspeed": "2,5", "dir": "27"}, {"code": "0201D", "hourtmin": "06:40", "hourgust": "21:10", "hourtmax": "13:30", "sun": null, "altitude": "6", "prec": "0,0", "latitude": 412326, "hourpresmax": null, "province": "BARCELONA", "tmed": "10,0", "tmin": "7,0", "presmax": null, "presmin": null, "hourpresmin": null, "date": "2018-01-19", "name": "BARCELONA", "gust": "8,6", "tmax": "13,1", "longitude": 21200, "avgspeed": "1,7", "dir": "36"}, {"code": "0201D", "hourtmin": "07:00", "hourgust": "14:20", "hourtmax": "14:40", "sun": null, "altitude": "6", "prec": "0,0", "latitude": 412326, "hourpresmax": null, "province": "BARCELONA", "tmed": "12,8", "tmin": "8,8", "presmax": null, "presmin": null, "hourpresmin": null, "date": "2018-01-20", "name": "BARCELONA", "gust": "13,3", "tmax": "16,7", "longitude": 21200, "avgspeed": "3,1", "dir": "26"}, {"code": "0201D", "hourtmin": "00:50", "hourgust": "02:50", "hourtmax": "16:20", "sun": null, "altitude": "6", "prec": "0,0", "latitude": 412326, "hourpresmax": null, "province": "BARCELONA", "tmed": "18,2", "tmin": "14,4", "presmax": null, "presmin": null, "hourpresmin": null, "date": "2018-01-21", "name": "BARCELONA", "gust": "17,8", "tmax": "21,9", "longitude": 21200, "avgspeed": "2,5", "dir": "31"}, {"code": "0201D", "hourtmin": "07:20", "hourgust": "02:30", "hourtmax": "14:30", "sun": null, "altitude": "6", "prec": "0,0", "latitude": 412326, "hourpresmax": null, "province": "BARCELONA", "tmed": "16,4", "tmin": "12,8", "presmax": null, "presmin": null, "hourpresmin": null, "date": "2018-01-22", "name": "BARCELONA", "gust": "11,4", "tmax": "20,1", "longitude": 21200, "avgspeed": "2,5", "dir": "34"}, {"code": "0201D", "hourtmin": "06:50", "hourgust": "07:30", "hourtmax": "11:50", "sun": null, "altitude": "6", "prec": "0,0", "latitude": 412326, "hourpresmax": null, "province": "BARCELONA", "tmed": "13,6", "tmin": "10,3", "presmax": null, "presmin": null, "hourpresmin": null, "date": "2018-01-23", "name": "BARCELONA", "gust": "6,1", "tmax": "16,9", "longitude": 21200, "avgspeed": "1,9", "dir": "33"}, {"code": "0201D", "hourtmin": "05:40", "hourgust": "17:50", "hourtmax": "10:50", "sun": null, "altitude": "6", "prec": "0,0", "latitude": 412326, "hourpresmax": null, "province": "BARCELONA", "tmed": "12,0", "tmin": "8,1", "presmax": null, "presmin": null, "hourpresmin": null, "date": "2018-01-24", "name": "BARCELONA", "gust": "6,7", "tmax": "15,8", "longitude": 21200, "avgspeed": "2,8", "dir": "24"}, {"code": "0201D", "hourtmin": "01:40", "hourgust": "12:30", "hourtmax": "11:00", "sun": null, "altitude": "6", "prec": "17,0", "latitude": 412326, "hourpresmax": null, "province": "BARCELONA", "tmed": "12,4", "tmin": "10,9", "presmax": null, "presmin": null, "hourpresmin": null, "date": "2018-01-25", "name": "BARCELONA", "gust": "7,8", "tmax": "13,8", "longitude": 21200, "avgspeed": "3,6", "dir": "24"}, {"code": "0201D", "hourtmin": "11:30", "hourgust": "03:50", "hourtmax": "04:50", "sun": null, "altitude": "6", "prec": "20,3", "latitude": 412326, "hourpresmax": null, "province": "BARCELONA", "tmed": "10,0", "tmin": "7,0", "presmax": null, "presmin": null, "hourpresmin": null, "date": "2018-01-26", "name": "BARCELONA", "gust": "11,9", "tmax": "13,1", "longitude": 21200, "avgspeed": "1,9", "dir": "10"}, {"code": "0201D", "hourtmin": "06:20", "hourgust": "17:40", "hourtmax": "13:00", "sun": null, "altitude": "6", "prec": "0,0", "latitude": 412326, "hourpresmax": null, "province": "BARCELONA", "tmed": "10,6", "tmin": "7,9", "presmax": null, "presmin": null, "hourpresmin": null, "date": "2018-01-27", "name": "BARCELONA", "gust": "12,8", "tmax": "13,2", "longitude": 21200, "avgspeed": "3,1", "dir": "08"}, {"code": "0201D", "hourtmin": "22:30", "hourgust": "07:30", "hourtmax": "11:50", "sun": null, "altitude": "6", "prec": "0,0", "latitude": 412326, "hourpresmax": null, "province": "BARCELONA", "tmed": "12,8", "tmin": "10,9", "presmax": null, "presmin": null, "hourpresmin": null, "date": "2018-01-28", "name": "BARCELONA", "gust": "8,3", "tmax": "14,8", "longitude": 21200, "avgspeed": "3,6", "dir": "05"}, {"code": "0201D", "hourtmin": "07:20", "hourgust": "13:50", "hourtmax": "12:10", "sun": null, "altitude": "6", "prec": "0,0", "latitude": 412326, "hourpresmax": null, "province": "BARCELONA", "tmed": "11,4", "tmin": "7,8", "presmax": null, "presmin": null, "hourpresmin": null, "date": "2018-01-29", "name": "BARCELONA", "gust": "7,5", "tmax": "15,0", "longitude": 21200, "avgspeed": "3,3", "dir": "21"}, {"code": "0201D", "hourtmin": "Varias", "hourgust": "13:20", "hourtmax": "11:40", "sun": null, "altitude": "6", "prec": "0,0", "latitude": 412326, "hourpresmax": null, "province": "BARCELONA", "tmed": "10,9", "tmin": "7,5", "presmax": null, "presmin": null, "hourpresmin": null, "date": "2018-01-30", "name": "BARCELONA", "gust": "6,4", "tmax": "14,3", "longitude": 21200, "avgspeed": "2,8", "dir": "22"}, {"code": "0201D", "hourtmin": "07:30", "hourgust": "15:10", "hourtmax": "12:50", "sun": null, "altitude": "6", "prec": "0,0", "latitude": 412326, "hourpresmax": null, "province": "BARCELONA", "tmed": "10,6", "tmin": "5,7", "presmax": null, "presmin": null, "hourpresmin": null, "date": "2018-01-31", "name": "BARCELONA", "gust": "11,4", "tmax": "15,6", "longitude": 21200, "avgspeed": "3,6", "dir": "26"}, {"code": "0201D", "hourtmin": "23:59", "hourgust": "15:50", "hourtmax": "11:00", "sun": null, "altitude": "6", "prec": "6,6", "latitude": 412326, "hourpresmax": null, "province": "BARCELONA", "tmed": "8,6", "tmin": "6,2", "presmax": null, "presmin": null, "hourpresmin": null, "date": "2018-02-01", "name": "BARCELONA", "gust": "13,3", "tmax": "10,9", "longitude": 21200, "avgspeed": "3,3", "dir": "12"}, {"code": "0201D", "hourtmin": null, "hourgust": "00:10", "hourtmax": "16:20", "sun": null, "altitude": "6", "prec": "0,0", "latitude": 412326, "hourpresmax": null, "province": "BARCELONA", "tmed": "8,6", "tmin": "6,2", "presmax": null, "presmin": null, "hourpresmin": null, "date": "2018-02-02", "name": "BARCELONA", "gust": "7,5", "tmax": "11,1", "longitude": 21200, "avgspeed": "1,4", "dir": "35"}, {"code": "0201D", "hourtmin": "07:00", "hourgust": "14:10", "hourtmax": "16:20", "sun": null, "altitude": "6", "prec": "0,0", "latitude": 412326, "hourpresmax": null, "province": "BARCELONA", "tmed": "8,4", "tmin": "4,9", "presmax": null, "presmin": null, "hourpresmin": null, "date": "2018-02-03", "name": "BARCELONA", "gust": "14,2", "tmax": "11,9", "longitude": 21200, "avgspeed": "3,3", "dir": "30"}, {"code": "0201D", "hourtmin": "23:59", "hourgust": "14:40", "hourtmax": "10:00", "sun": null, "altitude": "6", "prec": "15,5", "latitude": 412326, "hourpresmax": null, "province": "BARCELONA", "tmed": "8,4", "tmin": "6,8", "presmax": null, "presmin": null, "hourpresmin": null, "date": "2018-02-04", "name": "BARCELONA", "gust": "18,3", "tmax": "9,9", "longitude": 21200, "avgspeed": "9,4", "dir": "07"}, {"code": "0201D", "hourtmin": "00:40", "hourgust": "03:40", "hourtmax": "13:30", "sun": null, "altitude": "6", "prec": "12,9", "latitude": 412326, "hourpresmax": null, "province": "BARCELONA", "tmed": "8,6", "tmin": "6,6", "presmax": null, "presmin": null, "hourpresmin": null, "date": "2018-02-05", "name": "BARCELONA", "gust": "15,0", "tmax": "10,5", "longitude": 21200, "avgspeed": "5,3", "dir": "09"}, {"code": "0201D", "hourtmin": "23:59", "hourgust": "07:00", "hourtmax": "15:00", "sun": null, "altitude": "6", "prec": "0,5", "latitude": 412326, "hourpresmax": null, "province": "BARCELONA", "tmed": "9,3", "tmin": "7,2", "presmax": null, "presmin": null, "hourpresmin": null, "date": "2018-02-06", "name": "BARCELONA", "gust": "8,9", "tmax": "11,4", "longitude": 21200, "avgspeed": "6,1", "dir": "08"}, {"code": "0201D", "hourtmin": "07:20", "hourgust": "14:20", "hourtmax": "12:50", "sun": null, "altitude": "6", "prec": "0,0", "latitude": 412326, "hourpresmax": null, "province": "BARCELONA", "tmed": "7,8", "tmin": "4,6", "presmax": null, "presmin": null, "hourpresmin": null, "date": "2018-02-07", "name": "BARCELONA", "gust": "8,3", "tmax": "11,1", "longitude": 21200, "avgspeed": "2,8", "dir": "21"}, {"code": "0201D", "hourtmin": "13:00", "hourgust": "12:20", "hourtmax": "10:40", "sun": null, "altitude": "6", "latitude": 412326, "hourpresmax": null, "province": "BARCELONA", "tmed": "3,6", "tmin": "1,1", "presmax": null, "presmin": null, "hourpresmin": null, "date": "2018-02-08", "name": "BARCELONA", "gust": "10,0", "tmax": "6,1", "longitude": 21200, "avgspeed": "2,8", "dir": "08"}, {"code": "0201D", "hourtmin": "07:00", "hourgust": "14:20", "hourtmax": "13:00", "sun": null, "altitude": "6", "prec": "0,1", "latitude": 412326, "hourpresmax": null, "province": "BARCELONA", "tmed": "5,8", "tmin": "1,2", "presmax": null, "presmin": null, "hourpresmin": null, "date": "2018-02-09", "name": "BARCELONA", "gust": "9,2", "tmax": "10,3", "longitude": 21200, "avgspeed": "2,8", "dir": "22"}, {"code": "0201D", "hourtmin": "06:10", "hourgust": "08:20", "hourtmax": "13:40", "sun": null, "altitude": "6", "prec": "0,0", "latitude": 412326, "hourpresmax": null, "province": "BARCELONA", "tmed": "8,6", "tmin": "5,0", "presmax": null, "presmin": null, "hourpresmin": null, "date": "2018-02-10", "name": "BARCELONA", "gust": "11,7", "tmax": "12,3", "longitude": 21200, "avgspeed": "2,5", "dir": "33"}, {"code": "0201D", "hourtmin": "02:00", "hourgust": "09:50", "hourtmax": "14:30", "sun": null, "altitude": "6", "prec": "1,3", "latitude": 412326, "hourpresmax": null, "province": "BARCELONA", "tmed": "9,6", "tmin": "4,6", "presmax": null, "presmin": null, "hourpresmin": null, "date": "2018-02-11", "name": "BARCELONA", "gust": "8,9", "tmax": "14,6", "longitude": 21200, "avgspeed": "2,8", "dir": "30"}, {"code": "0201D", "hourtmin": null, "hourgust": "10:50", "hourtmax": null, "sun": null, "altitude": "6", "prec": "15,9", "latitude": 412326, "hourpresmax": null, "province": "BARCELONA", "presmax": null, "presmin": null, "hourpresmin": null, "date": "2018-02-12", "name": "BARCELONA", "gust": "12,2", "longitude": 21200, "avgspeed": "4,2", "dir": "99"}, {"code": "0201D", "hourtmin": "07:00", "hourgust": "17:30", "hourtmax": "14:40", "sun": null, "altitude": "6", "prec": "0,0", "latitude": 412326, "hourpresmax": null, "province": "BARCELONA", "tmed": "6,4", "tmin": "2,4", "presmax": null, "presmin": null, "hourpresmin": null, "date": "2018-02-13", "name": "BARCELONA", "gust": "11,7", "tmax": "10,3", "longitude": 21200, "avgspeed": "3,3", "dir": "29"}, {"code": "0201D", "hourtmin": "07:00", "hourgust": "02:40", "hourtmax": "11:50", "sun": null, "altitude": "6", "prec": "0,0", "latitude": 412326, "hourpresmax": null, "province": "BARCELONA", "tmed": "7,7", "tmin": "4,3", "presmax": null, "presmin": null, "hourpresmin": null, "date": "2018-02-14", "name": "BARCELONA", "gust": "7,8", "tmax": "11,1", "longitude": 21200, "avgspeed": "2,2", "dir": "32"}, {"code": "0201D", "hourtmin": "03:00", "hourgust": "14:00", "hourtmax": "11:10", "sun": null, "altitude": "6", "prec": "0,0", "latitude": 412326, "hourpresmax": null, "province": "BARCELONA", "tmed": "11,9", "tmin": "8,1", "presmax": null, "presmin": null, "hourpresmin": null, "date": "2018-02-15", "name": "BARCELONA", "gust": "5,8", "tmax": "15,7", "longitude": 21200, "avgspeed": "1,9", "dir": "21"}, {"code": "0201D", "hourtmin": "03:00", "hourgust": "13:40", "hourtmax": "12:20", "sun": null, "altitude": "6", "prec": "0,0", "latitude": 412326, "hourpresmax": null, "province": "BARCELONA", "tmed": "13,6", "tmin": "10,8", "presmax": null, "presmin": null, "hourpresmin": null, "date": "2018-02-16", "name": "BARCELONA", "gust": "6,4", "tmax": "16,5", "longitude": 21200, "avgspeed": "1,7", "dir": "21"}, {"code": "0201D", "hourtmin": "07:20", "hourgust": "12:20", "hourtmax": "11:10", "sun": null, "altitude": "6", "prec": "0,1", "latitude": 412326, "hourpresmax": null, "province": "BARCELONA", "tmed": "11,4", "tmin": "9,6", "presmax": null, "presmin": null, "hourpresmin": null, "date": "2018-02-17", "name": "BARCELONA", "gust": "7,8", "tmax": "13,3", "longitude": 21200, "avgspeed": "2,8", "dir": "08"}, {"code": "0201D", "hourtmin": "05:50", "hourgust": "00:30", "hourtmax": "12:10", "sun": null, "altitude": "6", "prec": "0,0", "latitude": 412326, "hourpresmax": null, "province": "BARCELONA", "tmed": "11,3", "tmin": "8,4", "presmax": null, "presmin": null, "hourpresmin": null, "date": "2018-02-18", "name": "BARCELONA", "gust": "7,8", "tmax": "14,2", "longitude": 21200, "avgspeed": "1,9", "dir": "26"}, {"code": "0201D", "hourtmin": "05:00", "hourgust": "05:50", "hourtmax": "13:20", "sun": null, "altitude": "6", "prec": "0,0", "latitude": 412326, "hourpresmax": null, "province": "BARCELONA", "tmed": "10,8", "tmin": "8,4", "presmax": null, "presmin": null, "hourpresmin": null, "date": "2018-02-19", "name": "BARCELONA", "gust": "5,3", "tmax": "13,2", "longitude": 21200, "avgspeed": "2,2", "dir": "99"}, {"code": "0201D", "hourtmin": "23:59", "hourgust": "12:20", "hourtmax": "12:20", "sun": null, "altitude": "6", "prec": "0,0", "latitude": 412326, "hourpresmax": null, "province": "BARCELONA", "tmed": "12,8", "tmin": "10,3", "presmax": null, "presmin": null, "hourpresmin": null, "date": "2018-02-20", "name": "BARCELONA", "gust": "7,2", "tmax": "15,2", "longitude": 21200, "avgspeed": "3,3", "dir": "20"}, {"code": "0201D", "hourtmin": "23:00", "hourgust": "15:20", "hourtmax": "13:30", "sun": null, "altitude": "6", "prec": "0,0", "latitude": 412326, "hourpresmax": null, "province": "BARCELONA", "tmed": "10,6", "tmin": "6,1", "presmax": null, "presmin": null, "hourpresmin": null, "date": "2018-02-21", "name": "BARCELONA", "gust": "17,5", "tmax": "15,0", "longitude": 21200, "avgspeed": "5,8", "dir": "09"}, {"code": "0201D", "hourtmin": "06:40", "hourgust": "19:20", "hourtmax": "13:30", "sun": null, "altitude": "6", "prec": "0,0", "latitude": 412326, "hourpresmax": null, "province": "BARCELONA", "tmed": "7,2", "tmin": "4,1", "presmax": null, "presmin": null, "hourpresmin": null, "date": "2018-02-22", "name": "BARCELONA", "gust": "9,4", "tmax": "10,3", "longitude": 21200, "avgspeed": "3,9", "dir": "11"}, {"code": "0201D", "hourtmin": "08:00", "hourgust": "12:50", "hourtmax": "11:50", "sun": null, "altitude": "6", "prec": "0,0", "latitude": 412326, "hourpresmax": null, "province": "BARCELONA", "tmed": "7,8", "tmin": "5,2", "presmax": null, "presmin": null, "hourpresmin": null, "date": "2018-02-23", "name": "BARCELONA", "gust": "8,9", "tmax": "10,3", "longitude": 21200, "avgspeed": "3,6", "dir": "20"}, {"code": "0201D", "hourtmin": "06:10", "hourgust": "16:10", "hourtmax": "12:30", "sun": null, "altitude": "6", "prec": "0,0", "latitude": 412326, "hourpresmax": null, "province": "BARCELONA", "tmed": "7,8", "tmin": "4,1", "presmax": null, "presmin": null, "hourpresmin": null, "date": "2018-02-24", "name": "BARCELONA", "gust": "9,2", "tmax": "11,5", "longitude": 21200, "avgspeed": "2,8", "dir": "22"}, {"code": "0201D", "hourtmin": "03:30", "hourgust": "23:10", "hourtmax": "13:20", "sun": null, "altitude": "6", "prec": "0,0", "latitude": 412326, "hourpresmax": null, "province": "BARCELONA", "tmed": "10,8", "tmin": "7,0", "presmax": null, "presmin": null, "hourpresmin": null, "date": "2018-02-25", "name": "BARCELONA", "gust": "10,3", "tmax": "14,6", "longitude": 21200, "avgspeed": "1,4", "dir": "08"}, {"code": "0201D", "hourtmin": "23:59", "hourgust": "20:50", "hourtmax": "11:50", "sun": null, "altitude": "6", "prec": "0,1", "latitude": 412326, "hourpresmax": null, "province": "BARCELONA", "tmed": "6,4", "tmin": "2,4", "presmax": null, "presmin": null, "hourpresmin": null, "date": "2018-02-26", "name": "BARCELONA", "gust": "17,2", "tmax": "10,5", "longitude": 21200, "avgspeed": "6,4", "dir": "09"}, {"code": "0201D", "hourtmin": "03:30", "hourgust": "00:20", "hourtmax": "12:10", "sun": null, "altitude": "6", "prec": "3,4", "latitude": 412326, "hourpresmax": null, "province": "BARCELONA", "tmed": "2,7", "tmin": "0,8", "presmax": null, "presmin": null, "hourpresmin": null, "date": "2018-02-27", "name": "BARCELONA", "gust": "11,9", "tmax": "4,6", "longitude": 21200, "avgspeed": "2,8", "dir": "08"}, {"code": "0201D", "hourtmin": "05:40", "hourgust": "03:10", "hourtmax": "23:59", "sun": null, "altitude": "6", "prec": "7,6", "latitude": 412326, "hourpresmax": null, "province": "BARCELONA", "tmed": "3,8", "tmin": "0,1", "presmax": null, "presmin": null, "hourpresmin": null, "date": "2018-02-28", "name": "BARCELONA", "gust": "12,8", "tmax": "7,4", "longitude": 21200, "avgspeed": "3,9", "dir": "09"}, {"code": "0201D", "hourtmin": "01:00", "hourgust": "23:00", "hourtmax": "14:20", "sun": null, "altitude": "6", "prec": "0,8", "latitude": 412326, "hourpresmax": null, "province": "BARCELONA", "tmed": "10,8", "tmin": "7,1", "presmax": null, "presmin": null, "hourpresmin": null, "date": "2018-03-01", "name": "BARCELONA", "gust": "11,1", "tmax": "14,4", "longitude": 21200, "avgspeed": "3,9", "dir": "27"}, {"code": "0201D", "hourtmin": "07:00", "hourgust": "05:00", "hourtmax": "12:10", "sun": null, "altitude": "6", "prec": "3,0", "latitude": 412326, "hourpresmax": null, "province": "BARCELONA", "tmed": "12,4", "tmin": "9,7", "presmax": null, "presmin": null, "hourpresmin": null, "date": "2018-03-02", "name": "BARCELONA", "gust": "24,2", "tmax": "15,1", "longitude": 21200, "avgspeed": "5,8", "dir": "29"}, {"code": "0201D", "hourtmin": "03:00", "hourgust": "10:20", "hourtmax": "14:40", "sun": null, "altitude": "6", "prec": "0,0", "latitude": 412326, "hourpresmax": null, "province": "BARCELONA", "tmed": "14,4", "tmin": "10,2", "presmax": null, "presmin": null, "hourpresmin": null, "date": "2018-03-03", "name": "BARCELONA", "gust": "16,4", "tmax": "18,6", "longitude": 21200, "avgspeed": "4,2", "dir": "27"}, {"code": "0201D", "hourtmin": "05:20", "hourgust": "19:20", "hourtmax": "14:00", "sun": null, "altitude": "6", "prec": "1,2", "latitude": 412326, "hourpresmax": null, "province": "BARCELONA", "tmed": "12,8", "tmin": "10,3", "presmax": null, "presmin": null, "hourpresmin": null, "date": "2018-03-04", "name": "BARCELONA", "gust": "8,3", "tmax": "15,3", "longitude": 21200, "avgspeed": "3,1", "dir": "09"}, {"code": "0201D", "hourtmin": "05:40", "hourgust": "22:50", "hourtmax": "14:20", "sun": null, "altitude": "6", "prec": "3,5", "latitude": 412326, "hourpresmax": null, "province": "BARCELONA", "tmed": "12,2", "tmin": "9,4", "presmax": null, "presmin": null, "hourpresmin": null, "date": "2018-03-05", "name": "BARCELONA", "gust": "14,4", "tmax": "15,1", "longitude": 21200, "avgspeed": "2,8", "dir": "32"}, {"code": "0201D", "hourtmin": "06:20", "hourgust": "16:20", "hourtmax": "13:40", "sun": null, "altitude": "6", "prec": "0,0", "latitude": 412326, "hourpresmax": null, "province": "BARCELONA", "tmed": "13,3", "tmin": "9,1", "presmax": null, "presmin": null, "hourpresmin": null, "date": "2018-03-06", "name": "BARCELONA", "gust": "14,7", "tmax": "17,5", "longitude": 21200, "avgspeed": "5,0", "dir": "26"}, {"code": "0201D", "hourtmin": "03:40", "hourgust": "13:20", "hourtmax": "14:50", "sun": null, "altitude": "6", "prec": "0,0", "latitude": 412326, "hourpresmax": null, "province": "BARCELONA", "tmed": "12,4", "tmin": "8,3", "presmax": null, "presmin": null, "hourpresmin": null, "date": "2018-03-07", "name": "BARCELONA", "gust": "10,8", "tmax": "16,6", "longitude": 21200, "avgspeed": "3,9", "dir": "33"}, {"code": "0201D", "hourtmin": "06:00", "hourgust": "14:50", "hourtmax": "13:40", "sun": null, "altitude": "6", "prec": "0,0", "latitude": 412326, "hourpresmax": null, "province": "BARCELONA", "tmed": "11,7", "tmin": "8,2", "presmax": null, "presmin": null, "hourpresmin": null, "date": "2018-03-08", "name": "BARCELONA", "gust": "11,4", "tmax": "15,2", "longitude": 21200, "avgspeed": "3,6", "dir": "23"}, {"code": "0201D", "hourtmin": "06:30", "hourgust": "14:50", "hourtmax": "14:30", "sun": null, "altitude": "6", "prec": "0,0", "latitude": 412326, "hourpresmax": null, "province": "BARCELONA", "tmed": "12,4", "tmin": "9,8", "presmax": null, "presmin": null, "hourpresmin": null, "date": "2018-03-09", "name": "BARCELONA", "gust": "9,4", "tmax": "15,0", "longitude": 21200, "avgspeed": "3,1", "dir": "20"}, {"code": "0201D", "hourtmin": "06:50", "hourgust": "19:00", "hourtmax": "14:10", "sun": null, "altitude": "6", "prec": "0,7", "latitude": 412326, "hourpresmax": null, "province": "BARCELONA", "tmed": "16,1", "tmin": "12,2", "presmax": null, "presmin": null, "hourpresmin": null, "date": "2018-03-10", "name": "BARCELONA", "gust": "12,2", "tmax": "20,0", "longitude": 21200, "avgspeed": "3,9", "dir": "25"}, {"code": "0201D", "hourtmin": "05:30", "hourgust": "13:20", "hourtmax": "11:10", "sun": null, "altitude": "6", "prec": "0,0", "latitude": 412326, "hourpresmax": null, "province": "BARCELONA", "tmed": "15,6", "tmin": "12,7", "presmax": null, "presmin": null, "hourpresmin": null, "date": "2018-03-11", "name": "BARCELONA", "gust": "16,1", "tmax": "18,5", "longitude": 21200, "avgspeed": "4,7", "dir": "25"}, {"code": "0201D", "hourtmin": "23:59", "hourgust": "15:20", "hourtmax": "15:10", "sun": null, "altitude": "6", "prec": "0,0", "latitude": 412326, "hourpresmax": null, "province": "BARCELONA", "tmed": "15,4", "tmin": "11,7", "presmax": null, "presmin": null, "hourpresmin": null, "date": "2018-03-12", "name": "BARCELONA", "gust": "17,5", "tmax": "19,0", "longitude": 21200, "avgspeed": "3,6", "dir": "30"}, {"code": "0201D", "hourtmin": "03:00", "hourgust": "18:10", "hourtmax": "15:50", "sun": null, "altitude": "6", "prec": "0,0", "latitude": 412326, "hourpresmax": null, "province": "BARCELONA", "tmed": "12,8", "tmin": "9,8", "presmax": null, "presmin": null, "hourpresmin": null, "date": "2018-03-13", "name": "BARCELONA", "gust": "10,0", "tmax": "15,8", "longitude": 21200, "avgspeed": "3,6", "dir": "26"}, {"code": "0201D", "hourtmin": "06:20", "hourgust": "13:30", "hourtmax": "13:00", "sun": null, "altitude": "6", "prec": "0,3", "latitude": 412326, "hourpresmax": null, "province": "BARCELONA", "tmed": "11,3", "tmin": "8,1", "presmax": null, "presmin": null, "hourpresmin": null, "date": "2018-03-14", "name": "BARCELONA", "gust": "7,8", "tmax": "14,5", "longitude": 21200, "avgspeed": "3,3", "dir": "22"}, {"code": "0201D", "hourtmin": "04:00", "hourgust": "13:40", "hourtmax": "14:40", "sun": null, "altitude": "6", "prec": "0,0", "latitude": 412326, "hourpresmax": null, "province": "BARCELONA", "tmed": "16,0", "tmin": "12,4", "presmax": null, "presmin": null, "hourpresmin": null, "date": "2018-03-15", "name": "BARCELONA", "gust": "11,7", "tmax": "19,5", "longitude": 21200, "avgspeed": "3,6", "dir": "27"}, {"code": "0201D", "hourtmin": "05:00", "hourgust": "19:10", "hourtmax": "12:40", "sun": null, "altitude": "6", "prec": "0,0", "latitude": 412326, "hourpresmax": null, "province": "BARCELONA", "tmed": "14,1", "tmin": "11,3", "presmax": null, "presmin": null, "hourpresmin": null, "date": "2018-03-16", "name": "BARCELONA", "gust": "10,6", "tmax": "16,9", "longitude": 21200, "avgspeed": "3,6", "dir": "29"}, {"code": "0201D", "hourtmin": "21:00", "hourgust": "15:20", "hourtmax": "11:30", "sun": null, "altitude": "6", "prec": "0,5", "latitude": 412326, "hourpresmax": null, "province": "BARCELONA", "tmed": "11,6", "tmin": "7,7", "presmax": null, "presmin": null, "hourpresmin": null, "date": "2018-03-17", "name": "BARCELONA", "gust": "13,6", "tmax": "15,5", "longitude": 21200, "avgspeed": "4,7", "dir": "24"}, {"code": "0201D", "hourtmin": "06:00", "hourgust": "07:50", "hourtmax": "12:10", "sun": null, "altitude": "6", "prec": "0,0", "latitude": 412326, "hourpresmax": null, "province": "BARCELONA", "tmed": "10,3", "tmin": "6,4", "presmax": null, "presmin": null, "hourpresmin": null, "date": "2018-03-18", "name": "BARCELONA", "gust": "10,8", "tmax": "14,2", "longitude": 21200, "avgspeed": "4,2", "dir": "32"}, {"code": "0201D", "hourtmin": "23:59", "hourgust": "14:50", "hourtmax": "13:10", "sun": null, "altitude": "6", "prec": "25,1", "latitude": 412326, "hourpresmax": null, "province": "BARCELONA", "tmed": "10,2", "tmin": "5,3", "presmax": null, "presmin": null, "hourpresmin": null, "date": "2018-03-19", "name": "BARCELONA", "gust": "13,9", "tmax": "15,2", "longitude": 21200, "avgspeed": "3,1", "dir": "23"}, {"code": "0201D", "hourtmin": "04:10", "hourgust": "06:00", "hourtmax": "13:50", "sun": null, "altitude": "6", "prec": "0,0", "latitude": 412326, "hourpresmax": null, "province": "BARCELONA", "tmed": "7,4", "tmin": "2,5", "presmax": null, "presmin": null, "hourpresmin": null, "date": "2018-03-20", "name": "BARCELONA", "gust": "12,2", "tmax": "12,3", "longitude": 21200, "avgspeed": "3,6", "dir": "31"}, {"code": "0201D", "hourtmin": "05:40", "hourgust": "01:40", "hourtmax": "15:50", "sun": null, "altitude": "6", "prec": "0,0", "latitude": 412326, "hourpresmax": null, "province": "BARCELONA", "tmed": "9,0", "tmin": "5,3", "presmax": null, "presmin": null, "hourpresmin": null, "date": "2018-03-21", "name": "BARCELONA", "gust": "10,0", "tmax": "12,6", "longitude": 21200, "avgspeed": "4,4", "dir": "33"}, {"code": "0201D", "hourtmin": "06:10", "hourgust": "13:40", "hourtmax": "16:10", "sun": null, "altitude": "6", "prec": "0,0", "latitude": 412326, "hourpresmax": null, "province": "BARCELONA", "tmed": "11,0", "tmin": "5,5", "presmax": null, "presmin": null, "hourpresmin": null, "date": "2018-03-22", "name": "BARCELONA", "gust": "11,4", "tmax": "16,5", "longitude": 21200, "avgspeed": "4,4", "dir": "30"}, {"code": "0201D", "hourtmin": "05:50", "hourgust": "05:10", "hourtmax": "11:50", "sun": null, "altitude": "6", "prec": "2,6", "latitude": 412326, "hourpresmax": null, "province": "BARCELONA", "tmed": "12,2", "tmin": "8,0", "presmax": null, "presmin": null, "hourpresmin": null, "date": "2018-03-23", "name": "BARCELONA", "gust": "7,8", "tmax": "16,5", "longitude": 21200, "avgspeed": "2,2", "dir": "34"}, {"code": "0201D", "hourtmin": "16:00", "hourgust": "16:50", "hourtmax": "00:50", "sun": null, "altitude": "6", "prec": "31,4", "latitude": 412326, "hourpresmax": null, "province": "BARCELONA", "tmed": "8,7", "tmin": "6,7", "presmax": null, "presmin": null, "hourpresmin": null, "date": "2018-03-24", "name": "BARCELONA", "gust": "12,8", "tmax": "10,7", "longitude": 21200, "avgspeed": "3,1", "dir": "32"}, {"code": "0201D", "hourtmin": "02:00", "hourgust": "01:20", "hourtmax": "14:50", "sun": null, "altitude": "6", "prec": "0,0", "latitude": 412326, "hourpresmax": null, "province": "BARCELONA", "tmed": "10,6", "tmin": "8,4", "presmax": null, "presmin": null, "hourpresmin": null, "date": "2018-03-25", "name": "BARCELONA", "gust": "8,9", "tmax": "12,8", "longitude": 21200, "avgspeed": "1,9", "dir": "35"}, {"code": "0201D", "hourtmin": "05:50", "hourgust": "12:40", "hourtmax": "13:30", "sun": null, "altitude": "6", "prec": "1,9", "latitude": 412326, "hourpresmax": null, "province": "BARCELONA", "tmed": "12,9", "tmin": "8,3", "presmax": null, "presmin": null, "hourpresmin": null, "date": "2018-03-26", "name": "BARCELONA", "gust": "8,3", "tmax": "17,5", "longitude": 21200, "avgspeed": "3,6", "dir": "22"}, {"code": "0201D", "hourtmin": "05:50", "hourgust": "15:20", "hourtmax": "10:40", "sun": null, "altitude": "6", "prec": "0,0", "latitude": 412326, "hourpresmax": null, "province": "BARCELONA", "tmed": "11,6", "tmin": "8,8", "presmax": null, "presmin": null, "hourpresmin": null, "date": "2018-03-27", "name": "BARCELONA", "gust": "9,2", "tmax": "14,3", "longitude": 21200, "avgspeed": "4,4", "dir": "22"}, {"code": "0201D", "hourtmin": "05:00", "hourgust": "Varias", "hourtmax": "16:30", "sun": null, "altitude": "6", "prec": "0,0", "latitude": 412326, "hourpresmax": null, "province": "BARCELONA", "tmed": "15,4", "tmin": "11,1", "presmax": null, "presmin": null, "hourpresmin": null, "date": "2018-03-28", "name": "BARCELONA", "gust": "12,8", "tmax": "19,7", "longitude": 21200, "avgspeed": "3,6", "dir": "26"}, {"code": "0201D", "hourtmin": "02:20", "hourgust": "14:20", "hourtmax": "08:30", "sun": null, "altitude": "6", "prec": "0,0", "latitude": 412326, "hourpresmax": null, "province": "BARCELONA", "tmed": "13,2", "tmin": "10,7", "presmax": null, "presmin": null, "hourpresmin": null, "date": "2018-03-29", "name": "BARCELONA", "gust": "8,1", "tmax": "15,8", "longitude": 21200, "avgspeed": "3,1", "dir": "22"}, {"code": "0201D", "hourtmin": "05:20", "hourgust": "16:00", "hourtmax": "13:00", "sun": null, "altitude": "6", "prec": "0,0", "latitude": 412326, "hourpresmax": null, "province": "BARCELONA", "tmed": "15,0", "tmin": "11,0", "presmax": null, "presmin": null, "hourpresmin": null, "date": "2018-03-30", "name": "BARCELONA", "gust": "16,1", "tmax": "19,0", "longitude": 21200, "avgspeed": "3,6", "dir": "27"}, {"code": "0201D", "hourtmin": "06:00", "hourgust": "08:30", "hourtmax": "15:10", "sun": null, "altitude": "6", "prec": "0,0", "latitude": 412326, "hourpresmax": null, "province": "BARCELONA", "tmed": "13,2", "tmin": "9,1", "presmax": null, "presmin": null, "hourpresmin": null, "date": "2018-03-31", "name": "BARCELONA", "gust": "18,9", "tmax": "17,2", "longitude": 21200, "avgspeed": "7,8", "dir": "32"}, {"code": "0201D", "hourtmin": "05:30", "hourgust": "17:50", "hourtmax": "14:40", "sun": null, "altitude": "6", "prec": "0,0", "latitude": 412326, "hourpresmax": null, "province": "BARCELONA", "tmed": "11,6", "tmin": "8,7", "presmax": null, "presmin": null, "hourpresmin": null, "date": "2018-04-01", "name": "BARCELONA", "gust": "9,2", "tmax": "14,4", "longitude": 21200, "avgspeed": "4,2", "dir": "24"}, {"code": "0201D", "hourtmin": "05:40", "hourgust": "19:20", "hourtmax": "11:00", "sun": null, "altitude": "6", "prec": "0,0", "latitude": 412326, "hourpresmax": null, "province": "BARCELONA", "tmed": "13,2", "tmin": "9,5", "presmax": null, "presmin": null, "hourpresmin": null, "date": "2018-04-02", "name": "BARCELONA", "gust": "8,6", "tmax": "16,9", "longitude": 21200, "avgspeed": "3,3", "dir": "08"}, {"code": "0201D", "hourtmin": "06:10", "hourgust": "15:00", "hourtmax": "10:20", "sun": null, "altitude": "6", "prec": "0,0", "latitude": 412326, "hourpresmax": null, "province": "BARCELONA", "tmed": "14,2", "tmin": "12,1", "presmax": null, "presmin": null, "hourpresmin": null, "date": "2018-04-03", "name": "BARCELONA", "gust": "10,6", "tmax": "16,3", "longitude": 21200, "avgspeed": "3,6", "dir": "25"}, {"code": "0201D", "hourtmin": "06:00", "hourgust": "15:20", "hourtmax": "14:10", "sun": null, "altitude": "6", "prec": "0,0", "latitude": 412326, "hourpresmax": null, "province": "BARCELONA", "tmed": "17,7", "tmin": "13,1", "presmax": null, "presmin": null, "hourpresmin": null, "date": "2018-04-04", "name": "BARCELONA", "gust": "14,7", "tmax": "22,3", "longitude": 21200, "avgspeed": "4,2", "dir": "30"}, {"code": "0201D", "hourtmin": "06:30", "hourgust": "06:30", "hourtmax": "08:30", "sun": null, "altitude": "6", "prec": "0,0", "latitude": 412326, "hourpresmax": null, "province": "BARCELONA", "tmed": "14,6", "tmin": "12,0", "presmax": null, "presmin": null, "hourpresmin": null, "date": "2018-04-05", "name": "BARCELONA", "gust": "8,3", "tmax": "17,2", "longitude": 21200, "avgspeed": "3,6", "dir": "09"}, {"code": "0201D", "hourtmin": "05:20", "hourgust": "21:00", "hourtmax": "09:10", "sun": null, "altitude": "6", "prec": "0,1", "latitude": 412326, "hourpresmax": null, "province": "BARCELONA", "tmed": "13,2", "tmin": "10,2", "presmax": null, "presmin": null, "hourpresmin": null, "date": "2018-04-06", "name": "BARCELONA", "gust": "9,7", "tmax": "16,2", "longitude": 21200, "avgspeed": "2,8", "dir": "08"}, {"code": "0201D", "hourtmin": "04:00", "hourgust": "05:30", "hourtmax": "13:10", "sun": null, "altitude": "6", "prec": "0,2", "latitude": 412326, "hourpresmax": null, "province": "BARCELONA", "tmed": "13,9", "tmin": "12,7", "presmax": null, "presmin": null, "hourpresmin": null, "date": "2018-04-07", "name": "BARCELONA", "gust": "15,6", "tmax": "15,1", "longitude": 21200, "avgspeed": "9,2", "dir": "09"}, {"code": "0201D", "hourtmin": "22:50", "hourgust": "06:40", "hourtmax": "13:20", "sun": null, "altitude": "6", "prec": "6,0", "latitude": 412326, "hourpresmax": null, "province": "BARCELONA", "tmed": "13,6", "tmin": "11,9", "presmax": null, "presmin": null, "hourpresmin": null, "date": "2018-04-08", "name": "BARCELONA", "gust": "11,1", "tmax": "15,2", "longitude": 21200, "avgspeed": "4,7", "dir": "09"}, {"code": "0201D", "hourtmin": "23:59", "hourgust": "20:20", "hourtmax": "13:30", "sun": null, "altitude": "6", "prec": "0,1", "latitude": 412326, "hourpresmax": null, "province": "BARCELONA", "tmed": "12,8", "tmin": "10,2", "presmax": null, "presmin": null, "hourpresmin": null, "date": "2018-04-09", "name": "BARCELONA", "gust": "11,7", "tmax": "15,3", "longitude": 21200, "avgspeed": "3,3", "dir": "30"}, {"code": "0201D", "hourtmin": "05:00", "hourgust": "13:00", "hourtmax": "10:10", "sun": null, "altitude": "6", "prec": "18,7", "latitude": 412326, "hourpresmax": null, "province": "BARCELONA", "tmed": "12,2", "tmin": "9,5", "presmax": null, "presmin": null, "hourpresmin": null, "date": "2018-04-10", "name": "BARCELONA", "gust": "11,4", "tmax": "15,0", "longitude": 21200, "avgspeed": "4,7", "dir": "20"}, {"code": "0201D", "hourtmin": "23:59", "hourgust": "04:00", "hourtmax": "11:20", "sun": null, "altitude": "6", "prec": "1,9", "latitude": 412326, "hourpresmax": null, "province": "BARCELONA", "tmed": "11,4", "tmin": "8,9", "presmax": null, "presmin": null, "hourpresmin": null, "date": "2018-04-11", "name": "BARCELONA", "gust": "20,0", "tmax": "13,8", "longitude": 21200, "avgspeed": "6,4", "dir": "14"}, {"code": "0201D", "hourtmin": "00:40", "hourgust": "12:20", "hourtmax": "16:20", "sun": null, "altitude": "6", "prec": "0,1", "latitude": 412326, "hourpresmax": null, "province": "BARCELONA", "tmed": "12,2", "tmin": "8,8", "presmax": null, "presmin": null, "hourpresmin": null, "date": "2018-04-12", "name": "BARCELONA", "gust": "10,3", "tmax": "15,5", "longitude": 21200, "avgspeed": "5,0", "dir": "20"}, {"code": "0201D", "hourtmin": "02:50", "hourgust": "12:00", "hourtmax": "14:20", "sun": null, "altitude": "6", "prec": "0,9", "latitude": 412326, "hourpresmax": null, "province": "BARCELONA", "tmed": "12,6", "tmin": "11,0", "presmax": null, "presmin": null, "hourpresmin": null, "date": "2018-04-13", "name": "BARCELONA", "gust": "9,4", "tmax": "14,1", "longitude": 21200, "avgspeed": "4,7", "dir": "15"}, {"code": "0201D", "hourtmin": "06:00", "hourgust": "14:40", "hourtmax": "17:00", "sun": null, "altitude": "6", "prec": "7,7", "latitude": 412326, "hourpresmax": null, "province": "BARCELONA", "tmed": "13,4", "tmin": "12,2", "presmax": null, "presmin": null, "hourpresmin": null, "date": "2018-04-14", "name": "BARCELONA", "gust": "9,4", "tmax": "14,7", "longitude": 21200, "avgspeed": "2,2", "dir": "34"}, {"code": "0201D", "hourtmin": "21:30", "hourgust": "12:00", "hourtmax": "11:10", "sun": null, "altitude": "6", "prec": "0,0", "latitude": 412326, "hourpresmax": null, "province": "BARCELONA", "tmed": "17,2", "tmin": "13,3", "presmax": null, "presmin": null, "hourpresmin": null, "date": "2018-04-15", "name": "BARCELONA", "gust": "8,9", "tmax": "21,2", "longitude": 21200, "avgspeed": "3,6", "dir": "22"}, {"code": "0201D", "hourtmin": "00:50", "hourgust": "10:40", "hourtmax": "18:00", "sun": null, "altitude": "6", "prec": "0,0", "latitude": 412326, "hourpresmax": null, "province": "BARCELONA", "tmed": "15,0", "tmin": "13,0", "presmax": null, "presmin": null, "hourpresmin": null, "date": "2018-04-16", "name": "BARCELONA", "gust": "7,8", "tmax": "16,9", "longitude": 21200, "avgspeed": "1,7", "dir": "07"}, {"code": "0201D", "hourtmin": "03:10", "hourgust": "14:00", "hourtmax": "09:40", "sun": null, "altitude": "6", "prec": "0,0", "latitude": 412326, "hourpresmax": null, "province": "BARCELONA", "tmed": "17,4", "tmin": "13,9", "presmax": null, "presmin": null, "hourpresmin": null, "date": "2018-04-17", "name": "BARCELONA", "gust": "7,2", "tmax": "20,8", "longitude": 21200, "avgspeed": "3,1", "dir": "22"}, {"code": "0201D", "hourtmin": "04:00", "hourgust": "15:30", "hourtmax": "10:10", "sun": null, "altitude": "6", "prec": "0,0", "latitude": 412326, "hourpresmax": null, "province": "BARCELONA", "tmed": "19,0", "tmin": "14,3", "presmax": null, "presmin": null, "hourpresmin": null, "date": "2018-04-18", "name": "BARCELONA", "gust": "6,7", "tmax": "23,6", "longitude": 21200, "avgspeed": "1,9", "dir": "10"}, {"code": "0201D", "hourtmin": "22:00", "hourgust": "Varias", "hourtmax": "09:20", "sun": null, "altitude": "6", "prec": "0,0", "latitude": 412326, "hourpresmax": null, "province": "BARCELONA", "tmed": "17,8", "tmin": "14,6", "presmax": null, "presmin": null, "hourpresmin": null, "date": "2018-04-19", "name": "BARCELONA", "gust": "6,7", "tmax": "21,1", "longitude": 21200, "avgspeed": "3,6", "dir": "99"}, {"code": "0201D", "hourtmin": "05:00", "hourgust": "06:50", "hourtmax": "08:40", "sun": null, "altitude": "6", "prec": "0,0", "latitude": 412326, "hourpresmax": null, "province": "BARCELONA", "tmed": "17,0", "tmin": "14,1", "presmax": null, "presmin": null, "hourpresmin": null, "date": "2018-04-20", "name": "BARCELONA", "gust": "4,7", "tmax": "20,0", "longitude": 21200, "avgspeed": "2,2", "dir": "01"}, {"code": "0201D", "hourtmin": "03:30", "hourgust": "18:00", "hourtmax": "16:40", "sun": null, "altitude": "6", "prec": "0,0", "latitude": 412326, "hourpresmax": null, "province": "BARCELONA", "tmed": "17,2", "tmin": "13,5", "presmax": null, "presmin": null, "hourpresmin": null, "date": "2018-04-21", "name": "BARCELONA", "gust": "6,9", "tmax": "20,9", "longitude": 21200, "avgspeed": "3,1", "dir": "23"}, {"code": "0201D", "hourtmin": "04:50", "hourgust": "13:20", "hourtmax": "14:10", "sun": null, "altitude": "6", "prec": "0,0", "latitude": 412326, "hourpresmax": null, "province": "BARCELONA", "tmed": "17,9", "tmin": "14,4", "presmax": null, "presmin": null, "hourpresmin": null, "date": "2018-04-22", "name": "BARCELONA", "gust": "8,6", "tmax": "21,4", "longitude": 21200, "avgspeed": "3,1", "dir": "22"}, {"code": "0201D", "hourtmin": "04:00", "hourgust": "09:30", "hourtmax": "13:00", "sun": null, "altitude": "6", "prec": "0,0", "latitude": 412326, "hourpresmax": null, "province": "BARCELONA", "tmed": "17,6", "tmin": "14,9", "presmax": null, "presmin": null, "hourpresmin": null, "date": "2018-04-23", "name": "BARCELONA", "gust": "4,7", "tmax": "20,4", "longitude": 21200, "avgspeed": "1,7", "dir": "08"}, {"code": "0201D", "hourtmin": "02:30", "hourgust": "06:10", "hourtmax": "09:50", "sun": null, "altitude": "6", "prec": "0,0", "latitude": 412326, "hourpresmax": null, "province": "BARCELONA", "tmed": "19,6", "tmin": "14,9", "presmax": null, "presmin": null, "hourpresmin": null, "date": "2018-04-24", "name": "BARCELONA", "gust": "4,4", "tmax": "24,2", "longitude": 21200, "avgspeed": "1,7", "dir": "01"}, {"code": "0201D", "hourtmin": "05:40", "hourgust": "12:50", "hourtmax": "08:30", "sun": null, "altitude": "6", "prec": "0,0", "latitude": 412326, "hourpresmax": null, "province": "BARCELONA", "tmed": "19,4", "tmin": "16,0", "presmax": null, "presmin": null, "hourpresmin": null, "date": "2018-04-25", "name": "BARCELONA", "gust": "8,1", "tmax": "22,8", "longitude": 21200, "avgspeed": "3,9", "dir": "10"}, {"code": "0201D", "hourtmin": "23:50", "hourgust": "18:10", "hourtmax": "09:10", "sun": null, "altitude": "6", "prec": "0,0", "latitude": 412326, "hourpresmax": null, "province": "BARCELONA", "tmed": "18,7", "tmin": "16,0", "presmax": null, "presmin": null, "hourpresmin": null, "date": "2018-04-26", "name": "BARCELONA", "gust": "8,1", "tmax": "21,4", "longitude": 21200, "avgspeed": "3,3", "dir": "23"}, {"code": "0201D", "hourtmin": "04:50", "hourgust": "11:00", "hourtmax": "10:20", "sun": null, "altitude": "6", "prec": "0,2", "latitude": 412326, "hourpresmax": null, "province": "BARCELONA", "tmed": "18,2", "tmin": "14,3", "presmax": null, "presmin": null, "hourpresmin": null, "date": "2018-04-27", "name": "BARCELONA", "gust": "11,4", "tmax": "22,1", "longitude": 21200, "avgspeed": "3,1", "dir": "20"}, {"code": "0201D", "hourtmin": "04:50", "hourgust": "00:40", "hourtmax": "11:10", "sun": null, "altitude": "6", "prec": "1,7", "latitude": 412326, "hourpresmax": null, "province": "BARCELONA", "tmed": "17,9", "tmin": "15,4", "presmax": null, "presmin": null, "hourpresmin": null, "date": "2018-04-28", "name": "BARCELONA", "gust": "6,4", "tmax": "20,4", "longitude": 21200, "avgspeed": "3,1", "dir": "11"}, {"code": "0201D", "hourtmin": "23:59", "hourgust": "13:10", "hourtmax": "11:40", "sun": null, "altitude": "6", "prec": "0,8", "latitude": 412326, "hourpresmax": null, "province": "BARCELONA", "tmed": "16,0", "tmin": "13,6", "presmax": null, "presmin": null, "hourpresmin": null, "date": "2018-04-29", "name": "BARCELONA", "gust": "18,6", "tmax": "18,3", "longitude": 21200, "avgspeed": "5,8", "dir": "26"}, {"code": "0201D", "hourtmin": "04:50", "hourgust": "13:40", "hourtmax": "15:20", "sun": null, "altitude": "6", "prec": "66,0", "latitude": 412326, "hourpresmax": null, "province": "BARCELONA", "tmed": "14,8", "tmin": "12,1", "presmax": null, "presmin": null, "hourpresmin": null, "date": "2018-04-30", "name": "BARCELONA", "gust": "11,9", "tmax": "17,6", "longitude": 21200, "avgspeed": "5,3", "dir": "21"}, {"code": "0201D", "hourtmin": "06:00", "hourgust": "16:30", "hourtmax": "13:20", "sun": null, "altitude": "6", "prec": "5,3", "latitude": 412326, "hourpresmax": null, "province": "BARCELONA", "tmed": "12,0", "tmin": "8,5", "presmax": null, "presmin": null, "hourpresmin": null, "date": "2018-05-01", "name": "BARCELONA", "gust": "10,0", "tmax": "15,6", "longitude": 21200, "avgspeed": "2,5", "dir": "34"}, {"code": "0201D", "hourtmin": "05:00", "hourgust": "Varias", "hourtmax": "17:30", "sun": null, "altitude": "6", "prec": "0,0", "latitude": 412326, "hourpresmax": null, "province": "BARCELONA", "tmed": "12,7", "tmin": "8,1", "presmax": null, "presmin": null, "hourpresmin": null, "date": "2018-05-02", "name": "BARCELONA", "gust": "7,8", "tmax": "17,3", "longitude": 21200, "avgspeed": "3,6", "dir": "21"}, {"code": "0201D", "hourtmin": "04:20", "hourgust": "13:40", "hourtmax": "12:30", "sun": null, "altitude": "6", "prec": "0,8", "latitude": 412326, "hourpresmax": null, "province": "BARCELONA", "tmed": "17,6", "tmin": "12,3", "presmax": null, "presmin": null, "hourpresmin": null, "date": "2018-05-03", "name": "BARCELONA", "gust": "13,6", "tmax": "22,9", "longitude": 21200, "avgspeed": "3,1", "dir": "06"}, {"code": "0201D", "hourtmin": "06:20", "hourgust": "02:20", "hourtmax": "13:30", "sun": null, "altitude": "6", "prec": "0,2", "latitude": 412326, "hourpresmax": null, "province": "BARCELONA", "tmed": "15,5", "tmin": "12,8", "presmax": null, "presmin": null, "hourpresmin": null, "date": "2018-05-04", "name": "BARCELONA", "gust": "7,5", "tmax": "18,2", "longitude": 21200, "avgspeed": "2,5", "dir": "33"}, {"code": "0201D", "hourtmin": "09:10", "hourgust": "Varias", "hourtmax": "13:50", "sun": null, "altitude": "6", "prec": "3,4", "latitude": 412326, "hourpresmax": null, "province": "BARCELONA", "tmed": "18,2", "tmin": "15,3", "presmax": null, "presmin": null, "hourpresmin": null, "date": "2018-05-05", "name": "BARCELONA", "gust": "6,9", "tmax": "21,0", "longitude": 21200, "avgspeed": "2,2", "dir": "99"}, {"code": "0201D", "hourtmin": "08:20", "hourgust": "06:30", "hourtmax": "13:20", "sun": null, "altitude": "6", "prec": "3,2", "latitude": 412326, "hourpresmax": null, "province": "BARCELONA", "tmed": "18,5", "tmin": "14,5", "presmax": null, "presmin": null, "hourpresmin": null, "date": "2018-05-06", "name": "BARCELONA", "gust": "8,3", "tmax": "22,5", "longitude": 21200, "avgspeed": "3,1", "dir": "08"}, {"code": "0201D", "hourtmin": "20:00", "hourgust": "13:20", "hourtmax": "10:40", "sun": null, "altitude": "6", "prec": "0,0", "latitude": 412326, "hourpresmax": null, "province": "BARCELONA", "tmed": "18,0", "tmin": "15,5", "presmax": null, "presmin": null, "hourpresmin": null, "date": "2018-05-07", "name": "BARCELONA", "gust": "8,3", "tmax": "20,4", "longitude": 21200, "avgspeed": "2,8", "dir": "21"}, {"code": "0201D", "hourtmin": "06:00", "hourgust": "17:40", "hourtmax": "13:50", "sun": null, "altitude": "6", "prec": "0,2", "latitude": 412326, "hourpresmax": null, "province": "BARCELONA", "tmed": "17,6", "tmin": "14,8", "presmax": null, "presmin": null, "hourpresmin": null, "date": "2018-05-08", "name": "BARCELONA", "gust": "7,5", "tmax": "20,3", "longitude": 21200, "avgspeed": "2,5", "dir": "21"}, {"code": "0201D", "hourtmin": "04:40", "hourgust": "10:30", "hourtmax": "09:50", "sun": null, "altitude": "6", "prec": "0,0", "latitude": 412326, "hourpresmax": null, "province": "BARCELONA", "tmed": "17,8", "tmin": "14,5", "presmax": null, "presmin": null, "hourpresmin": null, "date": "2018-05-09", "name": "BARCELONA", "gust": "7,5", "tmax": "21,1", "longitude": 21200, "avgspeed": "2,5", "dir": "21"}, {"code": "0201D", "hourtmin": "04:00", "hourgust": "12:30", "hourtmax": "09:40", "sun": null, "altitude": "6", "prec": "0,0", "latitude": 412326, "hourpresmax": null, "province": "BARCELONA", "tmed": "17,6", "tmin": "15,4", "presmax": null, "presmin": null, "hourpresmin": null, "date": "2018-05-10", "name": "BARCELONA", "gust": "6,1", "tmax": "19,7", "longitude": 21200, "avgspeed": "2,5", "dir": "14"}, {"code": "0201D", "hourtmin": "05:00", "hourgust": "Varias", "hourtmax": "12:10", "sun": null, "altitude": "6", "prec": "0,0", "latitude": 412326, "hourpresmax": null, "province": "BARCELONA", "tmed": "18,0", "tmin": "15,1", "presmax": null, "presmin": null, "hourpresmin": null, "date": "2018-05-11", "name": "BARCELONA", "gust": "14,2", "tmax": "20,9", "longitude": 21200, "avgspeed": "5,0", "dir": "99"}, {"code": "0201D", "hourtmin": "23:00", "hourgust": "20:10", "hourtmax": "07:20", "sun": null, "altitude": "6", "prec": "12,0", "latitude": 412326, "hourpresmax": null, "province": "BARCELONA", "tmed": "15,8", "tmin": "13,0", "presmax": null, "presmin": null, "hourpresmin": null, "date": "2018-05-12", "name": "BARCELONA", "gust": "14,7", "tmax": "18,6", "longitude": 21200, "avgspeed": "3,1", "dir": "21"}, {"code": "0201D", "hourtmin": "05:40", "hourgust": "15:10", "hourtmax": "14:10", "sun": null, "altitude": "6", "prec": "0,0", "latitude": 412326, "hourpresmax": null, "province": "BARCELONA", "tmed": "12,8", "tmin": "9,9", "presmax": null, "presmin": null, "hourpresmin": null, "date": "2018-05-13", "name": "BARCELONA", "gust": "11,7", "tmax": "15,8", "longitude": 21200, "avgspeed": "3,1", "dir": "08"}, {"code": "0201D", "hourtmin": "04:50", "hourgust": "17:50", "hourtmax": "15:10", "sun": null, "altitude": "6", "prec": "0,0", "latitude": 412326, "hourpresmax": null, "province": "BARCELONA", "tmed": "13,6", "tmin": "10,4", "presmax": null, "presmin": null, "hourpresmin": null, "date": "2018-05-14", "name": "BARCELONA", "gust": "10,0", "tmax": "16,9", "longitude": 21200, "avgspeed": "4,4", "dir": "08"}, {"code": "0201D", "hourtmin": "05:10", "hourgust": "14:00", "hourtmax": "11:00", "sun": null, "altitude": "6", "prec": "0,0", "latitude": 412326, "hourpresmax": null, "province": "BARCELONA", "tmed": "16,6", "tmin": "11,9", "presmax": null, "presmin": null, "hourpresmin": null, "date": "2018-05-15", "name": "BARCELONA", "gust": "11,1", "tmax": "21,2", "longitude": 21200, "avgspeed": "4,4", "dir": "10"}, {"code": "0201D", "hourtmin": "05:50", "hourgust": "08:50", "hourtmax": "08:40", "sun": null, "altitude": "6", "prec": "0,0", "latitude": 412326, "hourpresmax": null, "province": "BARCELONA", "tmed": "16,8", "tmin": "13,2", "presmax": null, "presmin": null, "hourpresmin": null, "date": "2018-05-16", "name": "BARCELONA", "gust": "5,6", "tmax": "20,4", "longitude": 21200, "avgspeed": "1,4", "dir": "22"}, {"code": "0201D", "hourtmin": "02:40", "hourgust": "11:30", "hourtmax": "09:00", "sun": null, "altitude": "6", "prec": "0,0", "latitude": 412326, "hourpresmax": null, "province": "BARCELONA", "tmed": "18,5", "tmin": "15,7", "presmax": null, "presmin": null, "hourpresmin": null, "date": "2018-05-17", "name": "BARCELONA", "gust": "7,2", "tmax": "21,3", "longitude": 21200, "avgspeed": "1,9", "dir": "22"}, {"code": "0201D", "hourtmin": "02:50", "hourgust": "01:40", "hourtmax": "11:30", "sun": null, "altitude": "6", "prec": "0,0", "latitude": 412326, "hourpresmax": null, "province": "BARCELONA", "tmed": "18,9", "tmin": "16,6", "presmax": null, "presmin": null, "hourpresmin": null, "date": "2018-05-18", "name": "BARCELONA", "gust": "5,3", "tmax": "21,2", "longitude": 21200, "avgspeed": "1,4", "dir": "09"}, {"code": "0201D", "hourtmin": "05:00", "hourgust": "14:00", "hourtmax": "09:00", "sun": null, "altitude": "6", "prec": "0,0", "latitude": 412326, "hourpresmax": null, "province": "BARCELONA", "tmed": "19,8", "tmin": "15,3", "presmax": null, "presmin": null, "hourpresmin": null, "date": "2018-05-19", "name": "BARCELONA", "gust": "5,3", "tmax": "24,2", "longitude": 21200, "avgspeed": "1,9", "dir": "19"}, {"code": "0201D", "hourtmin": "04:40", "hourgust": "11:40", "hourtmax": "09:50", "sun": null, "altitude": "6", "prec": "0,0", "latitude": 412326, "hourpresmax": null, "province": "BARCELONA", "tmed": "19,4", "tmin": "16,0", "presmax": null, "presmin": null, "hourpresmin": null, "date": "2018-05-20", "name": "BARCELONA", "gust": "6,9", "tmax": "22,7", "longitude": 21200, "avgspeed": "3,1", "dir": "13"}, {"code": "0201D", "hourtmin": "04:00", "hourgust": "11:20", "hourtmax": "14:00", "sun": null, "altitude": "6", "prec": "0,0", "latitude": 412326, "hourpresmax": null, "province": "BARCELONA", "tmed": "18,6", "tmin": "15,6", "presmax": null, "presmin": null, "hourpresmin": null, "date": "2018-05-21", "name": "BARCELONA", "gust": "6,1", "tmax": "21,7", "longitude": 21200, "avgspeed": "1,9", "dir": "14"}, {"code": "0201D", "hourtmin": "05:00", "hourgust": "13:40", "hourtmax": "11:50", "sun": null, "altitude": "6", "prec": "0,0", "latitude": 412326, "hourpresmax": null, "province": "BARCELONA", "tmed": "19,4", "tmin": "16,8", "presmax": null, "presmin": null, "hourpresmin": null, "date": "2018-05-22", "name": "BARCELONA", "gust": "5,6", "tmax": "21,9", "longitude": 21200, "avgspeed": "3,1", "dir": "19"}, {"code": "0201D", "hourtmin": "04:50", "hourgust": "14:40", "hourtmax": "08:30", "sun": null, "altitude": "6", "prec": "0,0", "latitude": 412326, "hourpresmax": null, "province": "BARCELONA", "tmed": "18,5", "tmin": "15,6", "presmax": null, "presmin": null, "hourpresmin": null, "date": "2018-05-23", "name": "BARCELONA", "gust": "9,7", "tmax": "21,4", "longitude": 21200, "avgspeed": "4,2", "dir": "21"}, {"code": "0201D", "hourtmin": "01:00", "hourgust": "03:10", "hourtmax": "13:00", "sun": null, "altitude": "6", "prec": "0,0", "latitude": 412326, "hourpresmax": null, "province": "BARCELONA", "tmed": "19,9", "tmin": "17,3", "presmax": null, "presmin": null, "hourpresmin": null, "date": "2018-05-24", "name": "BARCELONA", "gust": "5,6", "tmax": "22,5", "longitude": 21200, "avgspeed": "1,9", "dir": "27"}, {"code": "0201D", "hourtmin": "03:00", "hourgust": "14:40", "hourtmax": "13:00", "sun": null, "altitude": "6", "prec": "1,7", "latitude": 412326, "hourpresmax": null, "province": "BARCELONA", "tmed": "19,2", "tmin": "17,0", "presmax": null, "presmin": null, "hourpresmin": null, "date": "2018-05-25", "name": "BARCELONA", "gust": "11,4", "tmax": "21,5", "longitude": 21200, "avgspeed": "7,2", "dir": "08"}, {"code": "0201D", "hourtmin": "02:40", "hourgust": "02:40", "hourtmax": "11:40", "sun": null, "altitude": "6", "prec": "0,0", "latitude": 412326, "hourpresmax": null, "province": "BARCELONA", "tmed": "19,3", "tmin": "17,7", "presmax": null, "presmin": null, "hourpresmin": null, "date": "2018-05-26", "name": "BARCELONA", "gust": "12,5", "tmax": "20,9", "longitude": 21200, "avgspeed": "7,2", "dir": "06"}, {"code": "0201D", "hourtmin": "21:30", "hourgust": "16:20", "hourtmax": "14:10", "sun": null, "altitude": "6", "prec": "0,0", "latitude": 412326, "hourpresmax": null, "province": "BARCELONA", "tmed": "20,0", "tmin": "18,5", "presmax": null, "presmin": null, "hourpresmin": null, "date": "2018-05-27", "name": "BARCELONA", "gust": "12,5", "tmax": "21,5", "longitude": 21200, "avgspeed": "6,4", "dir": "10"}, {"code": "0201D", "hourtmin": "05:00", "hourgust": "00:50", "hourtmax": "14:40", "sun": null, "altitude": "6", "prec": "0,0", "latitude": 412326, "hourpresmax": null, "province": "BARCELONA", "tmed": "20,0", "tmin": "18,2", "presmax": null, "presmin": null, "hourpresmin": null, "date": "2018-05-28", "name": "BARCELONA", "gust": "10,0", "tmax": "21,8", "longitude": 21200, "avgspeed": "3,6", "dir": "10"}, {"code": "0201D", "hourtmin": "05:10", "hourgust": "12:10", "hourtmax": "16:40", "sun": null, "altitude": "6", "prec": "2,1", "latitude": 412326, "hourpresmax": null, "province": "BARCELONA", "tmed": "20,8", "tmin": "18,1", "presmax": null, "presmin": null, "hourpresmin": null, "date": "2018-05-29", "name": "BARCELONA", "gust": "11,7", "tmax": "23,5", "longitude": 21200, "avgspeed": "5,3", "dir": "20"}, {"code": "0201D", "hourtmin": "20:40", "hourgust": "12:50", "hourtmax": "10:50", "sun": null, "altitude": "6", "prec": "0,2", "latitude": 412326, "hourpresmax": null, "province": "BARCELONA", "tmed": "19,7", "tmin": "18,4", "presmax": null, "presmin": null, "hourpresmin": null, "date": "2018-05-30", "name": "BARCELONA", "gust": "7,8", "tmax": "21,0", "longitude": 21200, "avgspeed": "4,7", "dir": "20"}, {"code": "0201D", "hourtmin": "04:20", "hourgust": "12:30", "hourtmax": "09:30", "sun": null, "altitude": "6", "prec": "0,0", "latitude": 412326, "hourpresmax": null, "province": "BARCELONA", "tmed": "19,6", "tmin": "16,7", "presmax": null, "presmin": null, "hourpresmin": null, "date": "2018-05-31", "name": "BARCELONA", "gust": "5,3", "tmax": "22,6", "longitude": 21200, "avgspeed": "2,2", "dir": "20"}, {"code": "0201D", "hourtmin": "04:00", "hourgust": "Varias", "hourtmax": "08:00", "sun": null, "altitude": "6", "prec": "0,0", "latitude": 412326, "hourpresmax": null, "province": "BARCELONA", "tmed": "20,4", "tmin": "17,7", "presmax": null, "presmin": null, "hourpresmin": null, "date": "2018-06-01", "name": "BARCELONA", "gust": "5,3", "tmax": "23,0", "longitude": 21200, "avgspeed": "1,9", "dir": "99"}, {"code": "0201D", "hourtmin": "04:20", "hourgust": "10:00", "hourtmax": "14:20", "sun": null, "altitude": "6", "prec": "0,0", "latitude": 412326, "hourpresmax": null, "province": "BARCELONA", "tmed": "20,8", "tmin": "18,1", "presmax": null, "presmin": null, "hourpresmin": null, "date": "2018-06-02", "name": "BARCELONA", "gust": "5,0", "tmax": "23,6", "longitude": 21200, "avgspeed": "2,5", "dir": "08"}, {"code": "0201D", "hourtmin": "23:59", "hourgust": "12:00", "hourtmax": "11:20", "sun": null, "altitude": "6", "prec": "6,8", "latitude": 412326, "hourpresmax": null, "province": "BARCELONA", "tmed": "18,3", "tmin": "16,7", "presmax": null, "presmin": null, "hourpresmin": null, "date": "2018-06-03", "name": "BARCELONA", "gust": "13,9", "tmax": "19,9", "longitude": 21200, "avgspeed": "4,7", "dir": "09"}, {"code": "0201D", "hourtmin": "04:00", "hourgust": "15:20", "hourtmax": "08:50", "sun": null, "altitude": "6", "prec": "0,0", "latitude": 412326, "hourpresmax": null, "province": "BARCELONA", "tmed": "18,5", "tmin": "15,8", "presmax": null, "presmin": null, "hourpresmin": null, "date": "2018-06-04", "name": "BARCELONA", "gust": "8,1", "tmax": "21,2", "longitude": 21200, "avgspeed": "3,3", "dir": "20"}, {"code": "0201D", "hourtmin": "03:50", "hourgust": "17:00", "hourtmax": "14:00", "sun": null, "altitude": "6", "prec": "0,0", "latitude": 412326, "hourpresmax": null, "province": "BARCELONA", "tmed": "20,2", "tmin": "17,8", "presmax": null, "presmin": null, "hourpresmin": null, "date": "2018-06-05", "name": "BARCELONA", "gust": "7,8", "tmax": "22,7", "longitude": 21200, "avgspeed": "2,8", "dir": "22"}, {"code": "0201D", "hourtmin": "05:00", "hourgust": "10:40", "hourtmax": "15:20", "sun": null, "altitude": "6", "prec": "0,2", "latitude": 412326, "hourpresmax": null, "province": "BARCELONA", "tmed": "19,2", "tmin": "16,4", "presmax": null, "presmin": null, "hourpresmin": null, "date": "2018-06-06", "name": "BARCELONA", "gust": "10,3", "tmax": "22,0", "longitude": 21200, "avgspeed": "2,2", "dir": "26"}, {"code": "0201D", "hourtmin": null, "hourgust": "18:30", "hourtmax": null, "sun": null, "altitude": "6", "prec": "1,0", "latitude": 412326, "hourpresmax": null, "province": "BARCELONA", "presmax": null, "presmin": null, "hourpresmin": null, "date": "2018-06-07", "name": "BARCELONA", "gust": "6,4", "longitude": 21200, "avgspeed": "2,2", "dir": "21"}, {"code": "0201D", "hourtmin": "05:00", "hourgust": "15:00", "hourtmax": "08:20", "sun": null, "altitude": "6", "prec": "0,0", "latitude": 412326, "hourpresmax": null, "province": "BARCELONA", "tmed": "19,6", "tmin": "17,0", "presmax": null, "presmin": null, "hourpresmin": null, "date": "2018-06-08", "name": "BARCELONA", "gust": "8,6", "tmax": "22,3", "longitude": 21200, "avgspeed": "3,9", "dir": "20"}, {"code": "0201D", "hourtmin": "04:40", "hourgust": "11:10", "hourtmax": "07:40", "sun": null, "altitude": "6", "prec": "0,0", "latitude": 412326, "hourpresmax": null, "province": "BARCELONA", "tmed": "21,5", "tmin": "19,1", "presmax": null, "presmin": null, "hourpresmin": null, "date": "2018-06-09", "name": "BARCELONA", "gust": "8,6", "tmax": "23,9", "longitude": 21200, "avgspeed": "2,5", "dir": "22"}, {"code": "0201D", "hourtmin": "06:00", "hourgust": "16:00", "hourtmax": "08:10", "sun": null, "altitude": "6", "prec": "0,1", "latitude": 412326, "hourpresmax": null, "province": "BARCELONA", "tmed": "22,3", "tmin": "19,8", "presmax": null, "presmin": null, "hourpresmin": null, "date": "2018-06-10", "name": "BARCELONA", "gust": "10,0", "tmax": "24,8", "longitude": 21200, "avgspeed": "3,9", "dir": "10"}, {"code": "0201D", "hourtmin": "23:59", "hourgust": "14:30", "hourtmax": "10:30", "sun": null, "altitude": "6", "prec": "0,0", "latitude": 412326, "hourpresmax": null, "province": "BARCELONA", "tmed": "23,2", "tmin": "20,1", "presmax": null, "presmin": null, "hourpresmin": null, "date": "2018-06-11", "name": "BARCELONA", "gust": "12,8", "tmax": "26,2", "longitude": 21200, "avgspeed": "5,0", "dir": "24"}, {"code": "0201D", "hourtmin": "07:00", "hourgust": "15:40", "hourtmax": "14:50", "sun": null, "altitude": "6", "prec": "0,0", "latitude": 412326, "hourpresmax": null, "province": "BARCELONA", "tmed": "22,3", "tmin": "18,9", "presmax": null, "presmin": null, "hourpresmin": null, "date": "2018-06-12", "name": "BARCELONA", "gust": "12,5", "tmax": "25,7", "longitude": 21200, "avgspeed": "5,3", "dir": "26"}, {"code": "0201D", "hourtmin": "05:00", "hourgust": "12:30", "hourtmax": "11:00", "sun": null, "altitude": "6", "prec": "0,0", "latitude": 412326, "hourpresmax": null, "province": "BARCELONA", "tmed": "22,4", "tmin": "18,2", "presmax": null, "presmin": null, "hourpresmin": null, "date": "2018-06-13", "name": "BARCELONA", "gust": "9,7", "tmax": "26,6", "longitude": 21200, "avgspeed": "3,6", "dir": "22"}, {"code": "0201D", "hourtmin": "04:00", "hourgust": "05:10", "hourtmax": "09:10", "sun": null, "altitude": "6", "prec": "0,0", "latitude": 412326, "hourpresmax": null, "province": "BARCELONA", "tmed": "21,8", "tmin": "19,2", "presmax": null, "presmin": null, "hourpresmin": null, "date": "2018-06-14", "name": "BARCELONA", "gust": "8,6", "tmax": "24,4", "longitude": 21200, "avgspeed": "3,9", "dir": "34"}, {"code": "0201D", "hourtmin": "03:50", "hourgust": "Varias", "hourtmax": "11:00", "sun": null, "altitude": "6", "prec": "0,0", "latitude": 412326, "hourpresmax": null, "province": "BARCELONA", "tmed": "21,6", "tmin": "19,2", "presmax": null, "presmin": null, "hourpresmin": null, "date": "2018-06-15", "name": "BARCELONA", "gust": "6,4", "tmax": "23,9", "longitude": 21200, "avgspeed": "3,1", "dir": "21"}, {"code": "0201D", "hourtmin": "04:40", "hourgust": "13:50", "hourtmax": "07:40", "sun": null, "altitude": "6", "prec": "0,0", "latitude": 412326, "hourpresmax": null, "province": "BARCELONA", "tmed": "21,6", "tmin": "19,6", "presmax": null, "presmin": null, "hourpresmin": null, "date": "2018-06-16", "name": "BARCELONA", "gust": "8,6", "tmax": "23,6", "longitude": 21200, "avgspeed": "3,3", "dir": "21"}, {"code": "0201D", "hourtmin": "04:40", "hourgust": "12:30", "hourtmax": "12:00", "sun": null, "altitude": "6", "prec": "0,0", "latitude": 412326, "hourpresmax": null, "province": "BARCELONA", "tmed": "22,2", "tmin": "19,6", "presmax": null, "presmin": null, "hourpresmin": null, "date": "2018-06-17", "name": "BARCELONA", "gust": "6,7", "tmax": "24,8", "longitude": 21200, "avgspeed": "3,1", "dir": "18"}, {"code": "0201D", "hourtmin": "04:20", "hourgust": "10:50", "hourtmax": "09:20", "sun": null, "altitude": "6", "prec": "0,0", "latitude": 412326, "hourpresmax": null, "province": "BARCELONA", "tmed": "23,4", "tmin": "20,1", "presmax": null, "presmin": null, "hourpresmin": null, "date": "2018-06-18", "name": "BARCELONA", "gust": "8,3", "tmax": "26,8", "longitude": 21200, "avgspeed": "2,8", "dir": "21"}, {"code": "0201D", "hourtmin": "01:00", "hourgust": "08:30", "hourtmax": "08:40", "sun": null, "altitude": "6", "prec": "0,0", "latitude": 412326, "hourpresmax": null, "province": "BARCELONA", "tmed": "22,6", "tmin": "19,7", "presmax": null, "presmin": null, "hourpresmin": null, "date": "2018-06-19", "name": "BARCELONA", "gust": "7,8", "tmax": "25,6", "longitude": 21200, "avgspeed": "4,2", "dir": "12"}, {"code": "0201D", "hourtmin": "03:30", "hourgust": "06:20", "hourtmax": "10:40", "sun": null, "altitude": "6", "prec": "0,0", "latitude": 412326, "hourpresmax": null, "province": "BARCELONA", "tmed": "23,4", "tmin": "20,0", "presmax": null, "presmin": null, "hourpresmin": null, "date": "2018-06-20", "name": "BARCELONA", "gust": "3,9", "tmax": "26,7", "longitude": 21200, "avgspeed": "1,7", "dir": "03"}, {"code": "0201D", "hourtmin": "04:00", "hourgust": "16:00", "hourtmax": "11:30", "sun": null, "altitude": "6", "prec": "0,0", "latitude": 412326, "hourpresmax": null, "province": "BARCELONA", "tmed": "23,5", "tmin": "20,4", "presmax": null, "presmin": null, "hourpresmin": null, "date": "2018-06-21", "name": "BARCELONA", "gust": "7,2", "tmax": "26,6", "longitude": 21200, "avgspeed": "2,8", "dir": "21"}, {"code": "0201D", "hourtmin": "04:40", "hourgust": "12:50", "hourtmax": "06:50", "sun": null, "altitude": "6", "prec": "0,0", "latitude": 412326, "hourpresmax": null, "province": "BARCELONA", "tmed": "24,2", "tmin": "21,8", "presmax": null, "presmin": null, "hourpresmin": null, "date": "2018-06-22", "name": "BARCELONA", "gust": "8,3", "tmax": "26,7", "longitude": 21200, "avgspeed": "3,3", "dir": "99"}, {"code": "0201D", "hourtmin": "20:20", "hourgust": "06:40", "hourtmax": "09:20", "sun": null, "altitude": "6", "prec": "0,0", "latitude": 412326, "hourpresmax": null, "province": "BARCELONA", "tmed": "23,0", "tmin": "21,1", "presmax": null, "presmin": null, "hourpresmin": null, "date": "2018-06-23", "name": "BARCELONA", "gust": "6,4", "tmax": "24,8", "longitude": 21200, "avgspeed": "3,6", "dir": "13"}, {"code": "0201D", "hourtmin": "04:00", "hourgust": "12:50", "hourtmax": "10:40", "sun": null, "altitude": "6", "prec": "0,0", "latitude": 412326, "hourpresmax": null, "province": "BARCELONA", "tmed": "23,6", "tmin": "21,4", "presmax": null, "presmin": null, "hourpresmin": null, "date": "2018-06-24", "name": "BARCELONA", "gust": "5,6", "tmax": "25,8", "longitude": 21200, "avgspeed": "2,8", "dir": "15"}, {"code": "0201D", "hourtmin": "03:00", "hourgust": "08:50", "hourtmax": "13:30", "sun": null, "altitude": "6", "prec": "0,0", "latitude": 412326, "hourpresmax": null, "province": "BARCELONA", "tmed": "23,8", "tmin": "21,7", "presmax": null, "presmin": null, "hourpresmin": null, "date": "2018-06-25", "name": "BARCELONA", "gust": "8,9", "tmax": "25,9", "longitude": 21200, "avgspeed": "3,9", "dir": "11"}, {"code": "0201D", "hourtmin": "01:50", "hourgust": "06:30", "hourtmax": "14:40", "sun": null, "altitude": "6", "prec": "0,0", "latitude": 412326, "hourpresmax": null, "province": "BARCELONA", "tmed": "24,0", "tmin": "21,7", "presmax": null, "presmin": null, "hourpresmin": null, "date": "2018-06-26", "name": "BARCELONA", "gust": "5,6", "tmax": "26,4", "longitude": 21200, "avgspeed": "3,1", "dir": "08"}, {"code": "0201D", "hourtmin": "04:30", "hourgust": "13:50", "hourtmax": "14:00", "sun": null, "altitude": "6", "prec": "0,0", "latitude": 412326, "hourpresmax": null, "province": "BARCELONA", "tmed": "25,0", "tmin": "21,9", "presmax": null, "presmin": null, "hourpresmin": null, "date": "2018-06-27", "name": "BARCELONA", "gust": "11,4", "tmax": "28,2", "longitude": 21200, "avgspeed": "3,9", "dir": "22"}, {"code": "0201D", "hourtmin": "18:30", "hourgust": "12:10", "hourtmax": "14:00", "sun": null, "altitude": "6", "prec": "0,9", "latitude": 412326, "hourpresmax": null, "province": "BARCELONA", "tmed": "23,6", "tmin": "21,1", "presmax": null, "presmin": null, "hourpresmin": null, "date": "2018-06-28", "name": "BARCELONA", "gust": "8,3", "tmax": "26,0", "longitude": 21200, "avgspeed": "3,1", "dir": "20"}, {"code": "0201D", "hourtmin": "02:00", "hourgust": "10:50", "hourtmax": "09:00", "sun": null, "altitude": "6", "prec": "0,0", "latitude": 412326, "hourpresmax": null, "province": "BARCELONA", "tmed": "24,0", "tmin": "20,9", "presmax": null, "presmin": null, "hourpresmin": null, "date": "2018-06-29", "name": "BARCELONA", "gust": "7,2", "tmax": "27,2", "longitude": 21200, "avgspeed": "2,8", "dir": "18"}, {"code": "0201D", "hourtmin": "04:50", "hourgust": "16:40", "hourtmax": "14:00", "sun": null, "altitude": "6", "prec": "0,0", "latitude": 412326, "hourpresmax": null, "province": "BARCELONA", "tmed": "23,2", "tmin": "21,1", "presmax": null, "presmin": null, "hourpresmin": null, "date": "2018-06-30", "name": "BARCELONA", "gust": "6,9", "tmax": "25,2", "longitude": 21200, "avgspeed": "4,2", "dir": "09"}, {"code": "0201D", "hourtmin": "04:50", "hourgust": "08:20", "hourtmax": "13:20", "sun": null, "altitude": "6", "prec": "0,0", "latitude": 412326, "hourpresmax": null, "province": "BARCELONA", "tmed": "24,1", "tmin": "21,4", "presmax": null, "presmin": null, "hourpresmin": null, "date": "2018-07-01", "name": "BARCELONA", "gust": "5,8", "tmax": "26,8", "longitude": 21200, "avgspeed": "3,1", "dir": "09"}, {"code": "0201D", "hourtmin": "04:00", "hourgust": "12:00", "hourtmax": "10:40", "sun": null, "altitude": "6", "prec": "0,0", "latitude": 412326, "hourpresmax": null, "province": "BARCELONA", "tmed": "24,7", "tmin": "22,0", "presmax": null, "presmin": null, "hourpresmin": null, "date": "2018-07-02", "name": "BARCELONA", "gust": "6,7", "tmax": "27,4", "longitude": 21200, "avgspeed": "2,8", "dir": "13"}, {"code": "0201D", "hourtmin": "05:20", "hourgust": "14:20", "hourtmax": "12:30", "sun": null, "altitude": "6", "prec": "0,0", "latitude": 412326, "hourpresmax": null, "province": "BARCELONA", "tmed": "25,1", "tmin": "22,9", "presmax": null, "presmin": null, "hourpresmin": null, "date": "2018-07-03", "name": "BARCELONA", "gust": "8,6", "tmax": "27,3", "longitude": 21200, "avgspeed": "3,9", "dir": "20"}, {"code": "0201D", "hourtmin": "04:30", "hourgust": "19:20", "hourtmax": "13:00", "sun": null, "altitude": "6", "prec": "0,0", "latitude": 412326, "hourpresmax": null, "province": "BARCELONA", "tmed": "25,0", "tmin": "22,0", "presmax": null, "presmin": null, "hourpresmin": null, "date": "2018-07-04", "name": "BARCELONA", "gust": "6,4", "tmax": "28,0", "longitude": 21200, "avgspeed": "2,8", "dir": "22"}, {"code": "0201D", "hourtmin": "04:40", "hourgust": "12:30", "hourtmax": "07:50", "sun": null, "altitude": "6", "prec": "0,0", "latitude": 412326, "hourpresmax": null, "province": "BARCELONA", "tmed": "25,0", "tmin": "22,9", "presmax": null, "presmin": null, "hourpresmin": null, "date": "2018-07-05", "name": "BARCELONA", "gust": "11,4", "tmax": "27,2", "longitude": 21200, "avgspeed": "5,0", "dir": "22"}, {"code": "0201D", "hourtmin": "05:00", "hourgust": "13:10", "hourtmax": "09:00", "sun": null, "altitude": "6", "prec": "0,0", "latitude": 412326, "hourpresmax": null, "province": "BARCELONA", "tmed": "25,2", "tmin": "23,0", "presmax": null, "presmin": null, "hourpresmin": null, "date": "2018-07-06", "name": "BARCELONA", "gust": "8,1", "tmax": "27,4", "longitude": 21200, "avgspeed": "3,9", "dir": "18"}, {"code": "0201D", "hourtmin": "04:00", "hourgust": "14:40", "hourtmax": "08:10", "sun": null, "altitude": "6", "prec": "0,0", "latitude": 412326, "hourpresmax": null, "province": "BARCELONA", "tmed": "24,8", "tmin": "22,2", "presmax": null, "presmin": null, "hourpresmin": null, "date": "2018-07-07", "name": "BARCELONA", "gust": "11,4", "tmax": "27,3", "longitude": 21200, "avgspeed": "4,2", "dir": "22"}, {"code": "0201D", "hourtmin": "02:00", "hourgust": "15:00", "hourtmax": "10:50", "sun": null, "altitude": "6", "prec": "0,0", "latitude": 412326, "hourpresmax": null, "province": "BARCELONA", "tmed": "26,8", "tmin": "23,3", "presmax": null, "presmin": null, "hourpresmin": null, "date": "2018-07-08", "name": "BARCELONA", "gust": "7,2", "tmax": "30,2", "longitude": 21200, "avgspeed": "3,3", "dir": "20"}, {"code": "0201D", "hourtmin": "04:50", "hourgust": "17:40", "hourtmax": "17:10", "sun": null, "altitude": "6", "prec": "0,0", "latitude": 412326, "hourpresmax": null, "province": "BARCELONA", "tmed": "26,6", "tmin": "23,2", "presmax": null, "presmin": null, "hourpresmin": null, "date": "2018-07-09", "name": "BARCELONA", "gust": "12,2", "tmax": "30,1", "longitude": 21200, "avgspeed": "4,7", "dir": "14"}, {"code": "0201D", "hourtmin": "04:50", "hourgust": "17:10", "hourtmax": "16:50", "sun": null, "altitude": "6", "prec": "0,0", "latitude": 412326, "hourpresmax": null, "province": "BARCELONA", "tmed": "25,6", "tmin": "23,2", "presmax": null, "presmin": null, "hourpresmin": null, "date": "2018-07-10", "name": "BARCELONA", "gust": "10,0", "tmax": "28,1", "longitude": 21200, "avgspeed": "4,4", "dir": "22"}, {"code": "0201D", "hourtmin": "04:30", "hourgust": "14:40", "hourtmax": "13:10", "sun": null, "altitude": "6", "prec": "0,1", "latitude": 412326, "hourpresmax": null, "province": "BARCELONA", "tmed": "26,0", "tmin": "23,1", "presmax": null, "presmin": null, "hourpresmin": null, "date": "2018-07-11", "name": "BARCELONA", "gust": "7,2", "tmax": "28,9", "longitude": 21200, "avgspeed": "3,3", "dir": "18"}, {"code": "0201D", "hourtmin": "05:10", "hourgust": "17:00", "hourtmax": "09:10", "sun": null, "altitude": "6", "prec": "0,0", "latitude": 412326, "hourpresmax": null, "province": "BARCELONA", "tmed": "25,0", "tmin": "22,8", "presmax": null, "presmin": null, "hourpresmin": null, "date": "2018-07-12", "name": "BARCELONA", "gust": "9,2", "tmax": "27,1", "longitude": 21200, "avgspeed": "4,7", "dir": "09"}, {"code": "0201D", "hourtmin": "04:20", "hourgust": "12:50", "hourtmax": "09:30", "sun": null, "altitude": "6", "prec": "0,0", "latitude": 412326, "hourpresmax": null, "province": "BARCELONA", "tmed": "25,6", "tmin": "22,5", "presmax": null, "presmin": null, "hourpresmin": null, "date": "2018-07-13", "name": "BARCELONA", "gust": "8,1", "tmax": "28,8", "longitude": 21200, "avgspeed": "4,2", "dir": "99"}, {"code": "0201D", "hourtmin": "04:40", "hourgust": "16:50", "hourtmax": "08:10", "sun": null, "altitude": "6", "prec": "0,0", "latitude": 412326, "hourpresmax": null, "province": "BARCELONA", "tmed": "26,2", "tmin": "22,9", "presmax": null, "presmin": null, "hourpresmin": null, "date": "2018-07-14", "name": "BARCELONA", "gust": "6,7", "tmax": "29,5", "longitude": 21200, "avgspeed": "2,5", "dir": "20"}, {"code": "0201D", "hourtmin": "04:30", "hourgust": "20:10", "hourtmax": "09:10", "sun": null, "altitude": "6", "prec": "0,1", "latitude": 412326, "hourpresmax": null, "province": "BARCELONA", "tmed": "25,8", "tmin": "22,4", "presmax": null, "presmin": null, "hourpresmin": null, "date": "2018-07-15", "name": "BARCELONA", "gust": "6,4", "tmax": "29,1", "longitude": 21200, "avgspeed": "2,8", "dir": "20"}, {"code": "0201D", "hourtmin": "08:20", "hourgust": "10:50", "hourtmax": "13:30", "sun": null, "altitude": "6", "prec": "9,9", "latitude": 412326, "hourpresmax": null, "province": "BARCELONA", "tmed": "22,9", "tmin": "19,0", "presmax": null, "presmin": null, "hourpresmin": null, "date": "2018-07-16", "name": "BARCELONA", "gust": "12,5", "tmax": "26,8", "longitude": 21200, "avgspeed": "4,2", "dir": "34"}, {"code": "0201D", "hourtmin": "04:00", "hourgust": "09:50", "hourtmax": "09:10", "sun": null, "altitude": "6", "prec": "0,0", "latitude": 412326, "hourpresmax": null, "province": "BARCELONA", "tmed": "25,6", "tmin": "22,3", "presmax": null, "presmin": null, "hourpresmin": null, "date": "2018-07-17", "name": "BARCELONA", "gust": "7,8", "tmax": "28,9", "longitude": 21200, "avgspeed": "2,8", "dir": "19"}, {"code": "0201D", "hourtmin": "04:00", "hourgust": "18:00", "hourtmax": "12:40", "sun": null, "altitude": "6", "prec": "0,0", "latitude": 412326, "hourpresmax": null, "province": "BARCELONA", "tmed": "25,4", "tmin": "22,7", "presmax": null, "presmin": null, "hourpresmin": null, "date": "2018-07-18", "name": "BARCELONA", "gust": "7,2", "tmax": "28,2", "longitude": 21200, "avgspeed": "2,8", "dir": "20"}, {"code": "0201D", "hourtmin": "04:50", "hourgust": "19:20", "hourtmax": "11:20", "sun": null, "altitude": "6", "prec": "0,0", "latitude": 412326, "hourpresmax": null, "province": "BARCELONA", "tmed": "25,6", "tmin": "23,1", "presmax": null, "presmin": null, "hourpresmin": null, "date": "2018-07-19", "name": "BARCELONA", "gust": "7,8", "tmax": "28,1", "longitude": 21200, "avgspeed": "5,0", "dir": "23"}, {"code": "0201D", "hourtmin": "05:00", "hourgust": "23:59", "hourtmax": "14:20", "sun": null, "altitude": "6", "prec": "0,0", "latitude": 412326, "hourpresmax": null, "province": "BARCELONA", "tmed": "25,9", "tmin": "22,7", "presmax": null, "presmin": null, "hourpresmin": null, "date": "2018-07-20", "name": "BARCELONA", "gust": "6,4", "tmax": "29,1", "longitude": 21200, "avgspeed": "3,1", "dir": "11"}, {"code": "0201D", "hourtmin": "23:59", "hourgust": "13:40", "hourtmax": "12:40", "sun": null, "altitude": "6", "prec": "0,1", "latitude": 412326, "hourpresmax": null, "province": "BARCELONA", "tmed": "25,1", "tmin": "22,8", "presmax": null, "presmin": null, "hourpresmin": null, "date": "2018-07-21", "name": "BARCELONA", "gust": "10,3", "tmax": "27,4", "longitude": 21200, "avgspeed": "4,4", "dir": "20"}, {"code": "0201D", "hourtmin": "04:40", "hourgust": "04:40", "hourtmax": "12:10", "sun": null, "altitude": "6", "prec": "3,4", "latitude": 412326, "hourpresmax": null, "province": "BARCELONA", "tmed": "22,9", "tmin": "20,4", "presmax": null, "presmin": null, "hourpresmin": null, "date": "2018-07-22", "name": "BARCELONA", "gust": "10,0", "tmax": "25,4", "longitude": 21200, "avgspeed": "4,2", "dir": "23"}, {"code": "0201D", "hourtmin": "04:00", "hourgust": "16:50", "hourtmax": "09:30", "sun": null, "altitude": "6", "prec": "0,0", "latitude": 412326, "hourpresmax": null, "province": "BARCELONA", "tmed": "24,2", "tmin": "20,5", "presmax": null, "presmin": null, "hourpresmin": null, "date": "2018-07-23", "name": "BARCELONA", "gust": "10,6", "tmax": "28,0", "longitude": 21200, "avgspeed": "5,0", "dir": "24"}, {"code": "0201D", "hourtmin": "22:50", "hourgust": "12:00", "hourtmax": "16:30", "sun": null, "altitude": "6", "prec": "0,0", "latitude": 412326, "hourpresmax": null, "province": "BARCELONA", "tmed": "25,7", "tmin": "23,6", "presmax": null, "presmin": null, "hourpresmin": null, "date": "2018-07-24", "name": "BARCELONA", "gust": "10,0", "tmax": "27,8", "longitude": 21200, "avgspeed": "4,7", "dir": "20"}, {"code": "0201D", "hourtmin": "Varias", "hourgust": "14:30", "hourtmax": "10:20", "sun": null, "altitude": "6", "prec": "0,0", "latitude": 412326, "hourpresmax": null, "province": "BARCELONA", "tmed": "26,2", "tmin": "22,5", "presmax": null, "presmin": null, "hourpresmin": null, "date": "2018-07-25", "name": "BARCELONA", "gust": "6,4", "tmax": "29,9", "longitude": 21200, "avgspeed": "3,3", "dir": "20"}, {"code": "0201D", "hourtmin": "05:00", "hourgust": "14:40", "hourtmax": "07:00", "sun": null, "altitude": "6", "prec": "0,0", "latitude": 412326, "hourpresmax": null, "province": "BARCELONA", "tmed": "27,1", "tmin": "24,9", "presmax": null, "presmin": null, "hourpresmin": null, "date": "2018-07-26", "name": "BARCELONA", "gust": "9,4", "tmax": "29,3", "longitude": 21200, "avgspeed": "3,9", "dir": "20"}, {"code": "0201D", "hourtmin": "03:20", "hourgust": "13:10", "hourtmax": "16:40", "sun": null, "altitude": "6", "prec": "0,0", "latitude": 412326, "hourpresmax": null, "province": "BARCELONA", "tmed": "26,1", "tmin": "23,4", "presmax": null, "presmin": null, "hourpresmin": null, "date": "2018-07-27", "name": "BARCELONA", "gust": "10,8", "tmax": "28,8", "longitude": 21200, "avgspeed": "4,7", "dir": "20"}, {"code": "0201D", "hourtmin": "04:50", "hourgust": "Varias", "hourtmax": "17:00", "sun": null, "altitude": "6", "prec": "0,0", "latitude": 412326, "hourpresmax": null, "province": "BARCELONA", "tmed": "26,1", "tmin": "23,6", "presmax": null, "presmin": null, "hourpresmin": null, "date": "2018-07-28", "name": "BARCELONA", "gust": "7,8", "tmax": "28,6", "longitude": 21200, "avgspeed": "3,3", "dir": "99"}, {"code": "0201D", "hourtmin": "04:00", "hourgust": "16:00", "hourtmax": "11:40", "sun": null, "altitude": "6", "prec": "0,0", "latitude": 412326, "hourpresmax": null, "province": "BARCELONA", "tmed": "25,8", "tmin": "23,6", "presmax": null, "presmin": null, "hourpresmin": null, "date": "2018-07-29", "name": "BARCELONA", "gust": "8,6", "tmax": "28,0", "longitude": 21200, "avgspeed": "3,9", "dir": "20"}, {"code": "0201D", "hourtmin": "04:00", "hourgust": "12:10", "hourtmax": "09:10", "sun": null, "altitude": "6", "prec": "0,0", "latitude": 412326, "hourpresmax": null, "province": "BARCELONA", "tmed": "27,0", "tmin": "24,3", "presmax": null, "presmin": null, "hourpresmin": null, "date": "2018-07-30", "name": "BARCELONA", "gust": "5,6", "tmax": "29,8", "longitude": 21200, "avgspeed": "2,2", "dir": "20"}, {"code": "0201D", "hourtmin": "05:00", "hourgust": "11:00", "hourtmax": "16:40", "sun": null, "altitude": "6", "prec": "0,0", "latitude": 412326, "hourpresmax": null, "province": "BARCELONA", "tmed": "27,1", "tmin": "24,0", "presmax": null, "presmin": null, "hourpresmin": null, "date": "2018-07-31", "name": "BARCELONA", "gust": "5,3", "tmax": "30,2", "longitude": 21200, "avgspeed": "2,2", "dir": "20"}, {"code": "0201D", "hourtmin": "01:20", "hourgust": "14:50", "hourtmax": "08:20", "sun": null, "altitude": "6", "prec": "0,0", "latitude": 412326, "hourpresmax": null, "province": "BARCELONA", "tmed": "28,2", "tmin": "24,3", "presmax": null, "presmin": null, "hourpresmin": null, "date": "2018-08-01", "name": "BARCELONA", "gust": "8,3", "tmax": "32,0", "longitude": 21200, "avgspeed": "3,3", "dir": "21"}, {"code": "0201D", "hourtmin": "00:20", "hourgust": "13:40", "hourtmax": "08:30", "sun": null, "altitude": "6", "prec": "0,0", "latitude": 412326, "hourpresmax": null, "province": "BARCELONA", "tmed": "28,8", "tmin": "26,8", "presmax": null, "presmin": null, "hourpresmin": null, "date": "2018-08-02", "name": "BARCELONA", "gust": "6,4", "tmax": "30,7", "longitude": 21200, "avgspeed": "3,1", "dir": "20"}, {"code": "0201D", "hourtmin": "05:10", "hourgust": "10:40", "hourtmax": "09:10", "sun": null, "altitude": "6", "prec": "0,0", "latitude": 412326, "hourpresmax": null, "province": "BARCELONA", "tmed": "29,7", "tmin": "27,0", "presmax": null, "presmin": null, "hourpresmin": null, "date": "2018-08-03", "name": "BARCELONA", "gust": "5,0", "tmax": "32,4", "longitude": 21200, "avgspeed": "1,9", "dir": "21"}, {"code": "0201D", "hourtmin": "02:00", "hourgust": "14:20", "hourtmax": "08:50", "sun": null, "altitude": "6", "prec": "0,0", "latitude": 412326, "hourpresmax": null, "province": "BARCELONA", "tmed": "30,0", "tmin": "27,1", "presmax": null, "presmin": null, "hourpresmin": null, "date": "2018-08-04", "name": "BARCELONA", "gust": "9,4", "tmax": "33,0", "longitude": 21200, "avgspeed": "1,9", "dir": "10"}, {"code": "0201D", "hourtmin": "23:00", "hourgust": "Varias", "hourtmax": "08:10", "sun": null, "altitude": "6", "prec": "0,0", "latitude": 412326, "hourpresmax": null, "province": "BARCELONA", "tmed": "29,7", "tmin": "25,9", "presmax": null, "presmin": null, "hourpresmin": null, "date": "2018-08-05", "name": "BARCELONA", "gust": "5,0", "tmax": "33,5", "longitude": 21200, "avgspeed": "2,2", "dir": "99"}, {"code": "0201D", "hourtmin": "00:50", "hourgust": "08:40", "hourtmax": "12:00", "sun": null, "altitude": "6", "prec": "0,0", "latitude": 412326, "hourpresmax": null, "province": "BARCELONA", "tmed": "28,4", "tmin": "25,8", "presmax": null, "presmin": null, "hourpresmin": null, "date": "2018-08-06", "name": "BARCELONA", "gust": "5,3", "tmax": "30,9", "longitude": 21200, "avgspeed": "2,8", "dir": "09"}, {"code": "0201D", "hourtmin": "23:59", "hourgust": "12:40", "hourtmax": "16:10", "sun": null, "altitude": "6", "prec": "0,0", "latitude": 412326, "hourpresmax": null, "province": "BARCELONA", "tmed": "27,8", "tmin": "25,8", "presmax": null, "presmin": null, "hourpresmin": null, "date": "2018-08-07", "name": "BARCELONA", "gust": "10,0", "tmax": "29,9", "longitude": 21200, "avgspeed": "4,2", "dir": "20"}, {"code": "0201D", "hourtmin": "07:00", "hourgust": "11:40", "hourtmax": "14:40", "sun": null, "altitude": "6", "prec": "0,5", "latitude": 412326, "hourpresmax": null, "province": "BARCELONA", "tmed": "28,0", "tmin": "25,8", "presmax": null, "presmin": null, "hourpresmin": null, "date": "2018-08-08", "name": "BARCELONA", "gust": "7,8", "tmax": "30,2", "longitude": 21200, "avgspeed": "4,4", "dir": "10"}, {"code": "0201D", "hourtmin": "23:59", "hourgust": "18:40", "hourtmax": "12:00", "sun": null, "altitude": "6", "prec": "2,9", "latitude": 412326, "hourpresmax": null, "province": "BARCELONA", "tmed": "26,0", "tmin": "22,5", "presmax": null, "presmin": null, "hourpresmin": null, "date": "2018-08-09", "name": "BARCELONA", "gust": "11,1", "tmax": "29,4", "longitude": 21200, "avgspeed": "3,9", "dir": "09"}, {"code": "0201D", "hourtmin": "05:00", "hourgust": "12:20", "hourtmax": "10:40", "sun": null, "altitude": "6", "prec": "0,0", "latitude": 412326, "hourpresmax": null, "province": "BARCELONA", "tmed": "24,6", "tmin": "21,5", "presmax": null, "presmin": null, "hourpresmin": null, "date": "2018-08-10", "name": "BARCELONA", "gust": "7,2", "tmax": "27,6", "longitude": 21200, "avgspeed": "4,2", "dir": "13"}, {"code": "0201D", "hourtmin": "04:40", "hourgust": "10:20", "hourtmax": "12:30", "sun": null, "altitude": "6", "prec": "0,0", "latitude": 412326, "hourpresmax": null, "province": "BARCELONA", "tmed": "24,6", "tmin": "21,8", "presmax": null, "presmin": null, "hourpresmin": null, "date": "2018-08-11", "name": "BARCELONA", "gust": "6,7", "tmax": "27,3", "longitude": 21200, "avgspeed": "2,8", "dir": "11"}, {"code": "0201D", "hourtmin": "Varias", "hourgust": "14:30", "hourtmax": "16:10", "sun": null, "altitude": "6", "prec": "0,0", "latitude": 412326, "hourpresmax": null, "province": "BARCELONA", "tmed": "26,6", "tmin": "24,5", "presmax": null, "presmin": null, "hourpresmin": null, "date": "2018-08-12", "name": "BARCELONA", "gust": "11,7", "tmax": "28,7", "longitude": 21200, "avgspeed": "4,7", "dir": "21"}, {"code": "0201D", "hourtmin": "19:40", "hourgust": "21:00", "hourtmax": "07:50", "sun": null, "altitude": "6", "prec": "1,2", "latitude": 412326, "hourpresmax": null, "province": "BARCELONA", "tmed": "25,6", "tmin": "23,9", "presmax": null, "presmin": null, "hourpresmin": null, "date": "2018-08-13", "name": "BARCELONA", "gust": "9,7", "tmax": "27,4", "longitude": 21200, "avgspeed": "4,4", "dir": "08"}, {"code": "0201D", "hourtmin": "03:00", "hourgust": "13:00", "hourtmax": "10:30", "sun": null, "altitude": "6", "prec": "0,0", "latitude": 412326, "hourpresmax": null, "province": "BARCELONA", "tmed": "24,5", "tmin": "22,4", "presmax": null, "presmin": null, "hourpresmin": null, "date": "2018-08-14", "name": "BARCELONA", "gust": "10,0", "tmax": "26,6", "longitude": 21200, "avgspeed": "4,2", "dir": "20"}, {"code": "0201D", "hourtmin": "06:20", "hourgust": "14:20", "hourtmax": "09:20", "sun": null, "altitude": "6", "prec": "0,0", "latitude": 412326, "hourpresmax": null, "province": "BARCELONA", "tmed": "25,0", "tmin": "23,1", "presmax": null, "presmin": null, "hourpresmin": null, "date": "2018-08-15", "name": "BARCELONA", "gust": "9,4", "tmax": "27,0", "longitude": 21200, "avgspeed": "3,9", "dir": "20"}, {"code": "0201D", "hourtmin": "05:20", "hourgust": "15:30", "hourtmax": "09:50", "sun": null, "altitude": "6", "prec": "0,0", "latitude": 412326, "hourpresmax": null, "province": "BARCELONA", "tmed": "26,1", "tmin": "23,8", "presmax": null, "presmin": null, "hourpresmin": null, "date": "2018-08-16", "name": "BARCELONA", "gust": "10,6", "tmax": "28,4", "longitude": 21200, "avgspeed": "3,9", "dir": "21"}, {"code": "0201D", "hourtmin": "13:00", "hourgust": "14:10", "hourtmax": "11:30", "sun": null, "altitude": "6", "prec": "25,8", "latitude": 412326, "hourpresmax": null, "province": "BARCELONA", "tmed": "23,8", "tmin": "18,5", "presmax": null, "presmin": null, "hourpresmin": null, "date": "2018-08-17", "name": "BARCELONA", "gust": "17,8", "tmax": "29,0", "longitude": 21200, "avgspeed": "2,8", "dir": "09"}, {"code": "0201D", "hourtmin": "05:20", "hourgust": "07:20", "hourtmax": "10:40", "sun": null, "altitude": "6", "prec": "0,0", "latitude": 412326, "hourpresmax": null, "province": "BARCELONA", "tmed": "23,6", "tmin": "19,9", "presmax": null, "presmin": null, "hourpresmin": null, "date": "2018-08-18", "name": "BARCELONA", "gust": "7,2", "tmax": "27,2", "longitude": 21200, "avgspeed": "3,3", "dir": "34"}, {"code": "0201D", "hourtmin": "05:00", "hourgust": "13:00", "hourtmax": "09:40", "sun": null, "altitude": "6", "prec": "0,0", "latitude": 412326, "hourpresmax": null, "province": "BARCELONA", "tmed": "25,7", "tmin": "22,3", "presmax": null, "presmin": null, "hourpresmin": null, "date": "2018-08-19", "name": "BARCELONA", "gust": "7,8", "tmax": "29,1", "longitude": 21200, "avgspeed": "3,1", "dir": "20"}, {"code": "0201D", "hourtmin": "03:00", "hourgust": "11:50", "hourtmax": "08:50", "sun": null, "altitude": "6", "prec": "0,0", "latitude": 412326, "hourpresmax": null, "province": "BARCELONA", "tmed": "26,2", "tmin": "23,6", "presmax": null, "presmin": null, "hourpresmin": null, "date": "2018-08-20", "name": "BARCELONA", "gust": "7,5", "tmax": "28,7", "longitude": 21200, "avgspeed": "2,5", "dir": "21"}, {"code": "0201D", "hourtmin": "05:50", "hourgust": "15:10", "hourtmax": "14:20", "sun": null, "altitude": "6", "prec": "0,0", "latitude": 412326, "hourpresmax": null, "province": "BARCELONA", "tmed": "26,0", "tmin": "22,7", "presmax": null, "presmin": null, "hourpresmin": null, "date": "2018-08-21", "name": "BARCELONA", "gust": "8,9", "tmax": "29,3", "longitude": 21200, "avgspeed": "3,6", "dir": "21"}, {"code": "0201D", "hourtmin": "05:30", "hourgust": "03:50", "hourtmax": "09:50", "sun": null, "altitude": "6", "prec": "0,0", "latitude": 412326, "hourpresmax": null, "province": "BARCELONA", "tmed": "27,0", "tmin": "22,9", "presmax": null, "presmin": null, "hourpresmin": null, "date": "2018-08-22", "name": "BARCELONA", "gust": "5,0", "tmax": "31,0", "longitude": 21200, "avgspeed": "1,9", "dir": "03"}, {"code": "0201D", "hourtmin": "05:30", "hourgust": "14:00", "hourtmax": "08:50", "sun": null, "altitude": "6", "prec": "0,0", "latitude": 412326, "hourpresmax": null, "province": "BARCELONA", "tmed": "25,8", "tmin": "23,0", "presmax": null, "presmin": null, "hourpresmin": null, "date": "2018-08-23", "name": "BARCELONA", "gust": "7,8", "tmax": "28,6", "longitude": 21200, "avgspeed": "3,3", "dir": "19"}, {"code": "0201D", "hourtmin": "05:00", "hourgust": "23:30", "hourtmax": "10:50", "sun": null, "altitude": "6", "prec": "0,0", "latitude": 412326, "hourpresmax": null, "province": "BARCELONA", "tmed": "26,0", "tmin": "22,9", "presmax": null, "presmin": null, "hourpresmin": null, "date": "2018-08-24", "name": "BARCELONA", "gust": "7,8", "tmax": "29,0", "longitude": 21200, "avgspeed": "3,1", "dir": "10"}, {"code": "0201D", "hourtmin": "05:30", "hourgust": "15:30", "hourtmax": "10:00", "sun": null, "altitude": "6", "prec": "0,0", "latitude": 412326, "hourpresmax": null, "province": "BARCELONA", "tmed": "24,0", "tmin": "22,0", "presmax": null, "presmin": null, "hourpresmin": null, "date": "2018-08-25", "name": "BARCELONA", "gust": "10,0", "tmax": "26,0", "longitude": 21200, "avgspeed": "4,4", "dir": "15"}, {"code": "0201D", "hourtmin": "07:20", "hourgust": "16:00", "hourtmax": "17:00", "sun": null, "altitude": "6", "prec": "0,0", "latitude": 412326, "hourpresmax": null, "province": "BARCELONA", "tmed": "22,4", "tmin": "20,7", "presmax": null, "presmin": null, "hourpresmin": null, "date": "2018-08-26", "name": "BARCELONA", "gust": "10,8", "tmax": "24,2", "longitude": 21200, "avgspeed": "4,4", "dir": "21"}, {"code": "0201D", "hourtmin": "05:20", "hourgust": "11:40", "hourtmax": "12:20", "sun": null, "altitude": "6", "prec": "0,0", "latitude": 412326, "hourpresmax": null, "province": "BARCELONA", "tmed": "24,8", "tmin": "21,9", "presmax": null, "presmin": null, "hourpresmin": null, "date": "2018-08-27", "name": "BARCELONA", "gust": "6,9", "tmax": "27,6", "longitude": 21200, "avgspeed": "3,9", "dir": "13"}, {"code": "0201D", "hourtmin": "04:00", "hourgust": "15:30", "hourtmax": "14:30", "sun": null, "altitude": "6", "prec": "0,6", "latitude": 412326, "hourpresmax": null, "province": "BARCELONA", "tmed": "25,9", "tmin": "23,7", "presmax": null, "presmin": null, "hourpresmin": null, "date": "2018-08-28", "name": "BARCELONA", "gust": "12,8", "tmax": "28,1", "longitude": 21200, "avgspeed": "4,7", "dir": "24"}, {"code": "0201D", "hourtmin": "23:40", "hourgust": "00:20", "hourtmax": "07:20", "sun": null, "altitude": "6", "prec": "1,2", "latitude": 412326, "hourpresmax": null, "province": "BARCELONA", "tmed": "25,5", "tmin": "23,5", "presmax": null, "presmin": null, "hourpresmin": null, "date": "2018-08-29", "name": "BARCELONA", "gust": "11,1", "tmax": "27,5", "longitude": 21200, "avgspeed": "2,8", "dir": "26"}, {"code": "0201D", "hourtmin": "03:50", "hourgust": "14:10", "hourtmax": "08:20", "sun": null, "altitude": "6", "prec": "29,6", "latitude": 412326, "hourpresmax": null, "province": "BARCELONA", "tmed": "25,4", "tmin": "22,9", "presmax": null, "presmin": null, "hourpresmin": null, "date": "2018-08-30", "name": "BARCELONA", "gust": "10,8", "tmax": "27,9", "longitude": 21200, "avgspeed": "4,2", "dir": "22"}, {"code": "0201D", "hourtmin": "06:50", "hourgust": "06:20", "hourtmax": "21:10", "sun": null, "altitude": "6", "prec": "0,3", "latitude": 412326, "hourpresmax": null, "province": "BARCELONA", "tmed": "22,1", "tmin": "20,1", "presmax": null, "presmin": null, "hourpresmin": null, "date": "2018-08-31", "name": "BARCELONA", "gust": "12,5", "tmax": "24,1", "longitude": 21200, "avgspeed": "3,3", "dir": "12"}, {"code": "0201D", "hourtmin": "10:00", "hourgust": "09:00", "hourtmax": "14:00", "sun": null, "altitude": "6", "prec": "1,4", "latitude": 412326, "hourpresmax": null, "province": "BARCELONA", "tmed": "23,8", "tmin": "22,3", "presmax": null, "presmin": null, "hourpresmin": null, "date": "2018-09-01", "name": "BARCELONA", "gust": "8,9", "tmax": "25,3", "longitude": 21200, "avgspeed": "2,5", "dir": "12"}, {"code": "0201D", "hourtmin": "04:30", "hourgust": "17:50", "hourtmax": "13:00", "sun": null, "altitude": "6", "prec": "0,0", "latitude": 412326, "hourpresmax": null, "province": "BARCELONA", "tmed": "24,2", "tmin": "21,5", "presmax": null, "presmin": null, "hourpresmin": null, "date": "2018-09-02", "name": "BARCELONA", "gust": "8,6", "tmax": "26,8", "longitude": 21200, "avgspeed": "4,4", "dir": "08"}]