[{"code": "0252D", "hourtmin": "Varias", "hourgust": "09:10", "hourtmax": "12:00", "sun": null, "altitude": "74", "prec": "9,2", "latitude": 413515, "hourpresmax": null, "province": "BARCELONA", "tmed": "7,0", "tmin": "2,0", "presmax": null, "presmin": null, "hourpresmin": null, "date": "1997-01-01", "name": "ARENYS DE MAR", "gust": "6,7", "tmax": "12,1", "longitude": 23224, "avgspeed": "1,1", "dir": "33"}, {"code": "0252D", "hourtmin": "23:20", "hourgust": "07:50", "hourtmax": "12:40", "sun": null, "altitude": "74", "prec": "1,4", "latitude": 413515, "hourpresmax": null, "province": "BARCELONA", "tmed": "7,2", "tmin": "3,8", "presmax": null, "presmin": null, "hourpresmin": null, "date": "1997-01-02", "name": "ARENYS DE MAR", "gust": "9,2", "tmax": "10,5", "longitude": 23224, "avgspeed": "1,4", "dir": "33"}, {"code": "0252D", "hourtmin": "00:10", "hourgust": "09:20", "hourtmax": "09:10", "sun": null, "altitude": "74", "prec": "12,3", "latitude": 413515, "hourpresmax": null, "province": "BARCELONA", "tmed": "7,2", "tmin": "3,3", "presmax": null, "presmin": null, "hourpresmin": null, "date": "1997-01-03", "name": "ARENYS DE MAR", "gust": "14,2", "tmax": "11,0", "longitude": 23224, "avgspeed": "3,3", "dir": "11"}, {"code": "0252D", "hourtmin": "22:30", "hourgust": "06:30", "hourtmax": "12:20", "sun": null, "altitude": "74", "prec": "0,0", "latitude": 413515, "hourpresmax": null, "province": "BARCELONA", "tmed": "6,6", "tmin": "2,7", "presmax": null, "presmin": null, "hourpresmin": null, "date": "1997-01-04", "name": "ARENYS DE MAR", "gust": "15,6", "tmax": "10,6", "longitude": 23224, "avgspeed": "3,3", "dir": "30"}, {"code": "0252D", "hourtmin": "00:00", "hourgust": "03:30", "hourtmax": "11:10", "sun": null, "altitude": "74", "prec": "0,0", "latitude": 413515, "hourpresmax": null, "province": "BARCELONA", "tmed": "6,4", "tmin": "2,4", "presmax": null, "presmin": null, "hourpresmin": null, "date": "1997-01-05", "name": "ARENYS DE MAR", "gust": "4,7", "tmax": "10,5", "longitude": 23224, "avgspeed": "0,6", "dir": "14"}, {"code": "0252D", "hourtmin": "15:10", "hourgust": "12:50", "hourtmax": "20:05", "sun": null, "altitude": "74", "prec": "7,4", "latitude": 413515, "hourpresmax": null, "province": "BARCELONA", "tmed": "6,8", "tmin": "4,6", "presmax": null, "presmin": null, "hourpresmin": null, "date": "1997-01-06", "name": "ARENYS DE MAR", "gust": "18,9", "tmax": "9,1", "longitude": 23224, "avgspeed": "4,4", "dir": "36"}, {"code": "0252D", "hourtmin": "07:20", "hourgust": "21:20", "hourtmax": "14:30", "sun": null, "altitude": "74", "prec": "0,6", "latitude": 413515, "hourpresmax": null, "province": "BARCELONA", "tmed": "6,7", "tmin": "3,5", "presmax": null, "presmin": null, "hourpresmin": null, "date": "1997-01-07", "name": "ARENYS DE MAR", "gust": "6,1", "tmax": "9,9", "longitude": 23224, "avgspeed": "1,1", "dir": "28"}, {"code": "0252D", "hourtmin": "Varias", "hourgust": "21:20", "hourtmax": "13:45", "sun": null, "altitude": "74", "prec": "29,5", "latitude": 413515, "hourpresmax": null, "province": "BARCELONA", "tmed": "7,6", "tmin": "5,8", "presmax": null, "presmin": null, "hourpresmin": null, "date": "1997-01-08", "name": "ARENYS DE MAR", "gust": "11,9", "tmax": "9,3", "longitude": 23224, "avgspeed": "0,8", "dir": "27"}, {"code": "0252D", "hourtmin": "02:30", "hourgust": "00:00", "hourtmax": "12:35", "sun": null, "altitude": "74", "prec": "0,0", "latitude": 413515, "hourpresmax": null, "province": "BARCELONA", "tmed": "7,7", "tmin": "3,7", "presmax": null, "presmin": null, "hourpresmin": null, "date": "1997-01-09", "name": "ARENYS DE MAR", "gust": "6,7", "tmax": "11,7", "longitude": 23224, "avgspeed": "1,1", "dir": "24"}, {"code": "0252D", "hourtmin": "04:20", "hourgust": "11:50", "hourtmax": "14:20", "sun": null, "altitude": "74", "prec": "0,0", "latitude": 413515, "hourpresmax": null, "province": "BARCELONA", "tmed": "7,4", "tmin": "3,5", "presmax": null, "presmin": null, "hourpresmin": null, "date": "1997-01-10", "name": "ARENYS DE MAR", "gust": "6,1", "tmax": "11,3", "longitude": 23224, "avgspeed": "1,9", "dir": "18"}, {"code": "0252D", "hourtmin": "Varias", "hourgust": "08:00", "hourtmax": "12:10", "sun": null, "altitude": "74", "prec": "0,0", "latitude": 413515, "hourpresmax": null, "province": "BARCELONA", "tmed": "8,5", "tmin": "3,4", "presmax": null, "presmin": null, "hourpresmin": null, "date": "1997-01-11", "name": "ARENYS DE MAR", "gust": "5,0", "tmax": "13,6", "longitude": 23224, "avgspeed": "1,1", "dir": "14"}, {"code": "0252D", "hourtmin": "06:20", "hourgust": "12:20", "hourtmax": "12:05", "sun": null, "altitude": "74", "prec": "0,0", "latitude": 413515, "hourpresmax": null, "province": "BARCELONA", "tmed": "9,5", "tmin": "4,6", "presmax": null, "presmin": null, "hourpresmin": null, "date": "1997-01-12", "name": "ARENYS DE MAR", "gust": "5,0", "tmax": "14,4", "longitude": 23224, "avgspeed": "1,4", "dir": "13"}, {"code": "0252D", "hourtmin": "06:50", "hourgust": "12:40", "hourtmax": "13:20", "sun": null, "altitude": "74", "prec": "0,0", "latitude": 413515, "hourpresmax": null, "province": "BARCELONA", "tmed": "8,2", "tmin": "3,5", "presmax": null, "presmin": null, "hourpresmin": null, "date": "1997-01-13", "name": "ARENYS DE MAR", "gust": "3,1", "tmax": "13,0", "longitude": 23224, "avgspeed": "1,1", "dir": "13"}, {"code": "0252D", "hourtmin": "05:30", "hourgust": "Varias", "hourtmax": "13:20", "sun": null, "altitude": "74", "prec": "0,0", "latitude": 413515, "hourpresmax": null, "province": "BARCELONA", "tmed": "7,6", "tmin": "3,7", "presmax": null, "presmin": null, "hourpresmin": null, "date": "1997-01-14", "name": "ARENYS DE MAR", "gust": "3,6", "tmax": "11,4", "longitude": 23224, "avgspeed": "1,1", "dir": "16"}, {"code": "0252D", "hourtmin": "00:30", "hourgust": "09:10", "hourtmax": "12:15", "sun": null, "altitude": "74", "prec": "2,0", "latitude": 413515, "hourpresmax": null, "province": "BARCELONA", "tmed": "7,6", "tmin": "4,2", "presmax": null, "presmin": null, "hourpresmin": null, "date": "1997-01-15", "name": "ARENYS DE MAR", "gust": "5,8", "tmax": "11,1", "longitude": 23224, "avgspeed": "0,8", "dir": "03"}, {"code": "0252D", "hourtmin": "22:00", "hourgust": "12:10", "hourtmax": "12:00", "sun": null, "altitude": "74", "prec": "0,0", "latitude": 413515, "hourpresmax": null, "province": "BARCELONA", "tmed": "11,4", "tmin": "9,2", "presmax": null, "presmin": null, "hourpresmin": null, "date": "1997-01-16", "name": "ARENYS DE MAR", "gust": "4,7", "tmax": "13,5", "longitude": 23224, "avgspeed": "0,6", "dir": "16"}, {"code": "0252D", "hourtmin": "05:00", "hourgust": "23:50", "hourtmax": "11:40", "sun": null, "altitude": "74", "prec": "3,0", "latitude": 413515, "hourpresmax": null, "province": "BARCELONA", "tmed": "10,1", "tmin": "8,0", "presmax": null, "presmin": null, "hourpresmin": null, "date": "1997-01-17", "name": "ARENYS DE MAR", "gust": "6,7", "tmax": "12,2", "longitude": 23224, "avgspeed": "0,6", "dir": "02"}, {"code": "0252D", "hourtmin": "Varias", "hourgust": "02:50", "hourtmax": "12:00", "sun": null, "altitude": "74", "prec": "0,0", "latitude": 413515, "hourpresmax": null, "province": "BARCELONA", "tmed": "10,2", "tmin": "9,0", "presmax": null, "presmin": null, "hourpresmin": null, "date": "1997-01-18", "name": "ARENYS DE MAR", "gust": "8,1", "tmax": "11,4", "longitude": 23224, "avgspeed": null, "dir": "01"}, {"code": "0252D", "hourtmin": "03:10", "hourgust": "11:40", "hourtmax": "11:40", "sun": null, "altitude": "74", "prec": "0,1", "latitude": 413515, "hourpresmax": null, "province": "BARCELONA", "tmed": "10,4", "tmin": "7,9", "presmax": null, "presmin": null, "hourpresmin": null, "date": "1997-01-19", "name": "ARENYS DE MAR", "gust": "5,8", "tmax": "13,0", "longitude": 23224, "avgspeed": "0,8", "dir": "23"}, {"code": "0252D", "hourtmin": "03:20", "hourgust": "23:50", "hourtmax": "15:30", "sun": null, "altitude": "74", "prec": "2,7", "latitude": 413515, "hourpresmax": null, "province": "BARCELONA", "tmed": "12,3", "tmin": "9,4", "presmax": null, "presmin": null, "hourpresmin": null, "date": "1997-01-20", "name": "ARENYS DE MAR", "gust": "6,1", "tmax": "15,2", "longitude": 23224, "avgspeed": "0,3", "dir": "33"}, {"code": "0252D", "hourtmin": "05:45", "hourgust": "23:30", "hourtmax": "12:20", "sun": null, "altitude": "74", "prec": "0,0", "latitude": 413515, "hourpresmax": null, "province": "BARCELONA", "tmed": "12,8", "tmin": "10,4", "presmax": null, "presmin": null, "hourpresmin": null, "date": "1997-01-21", "name": "ARENYS DE MAR", "gust": "7,8", "tmax": "15,1", "longitude": 23224, "avgspeed": "0,6", "dir": "14"}, {"code": "0252D", "hourtmin": "23:50", "hourgust": "00:00", "hourtmax": "13:40", "sun": null, "altitude": "74", "prec": "0,0", "latitude": 413515, "hourpresmax": null, "province": "BARCELONA", "tmed": "13,4", "tmin": "11,9", "presmax": null, "presmin": null, "hourpresmin": null, "date": "1997-01-22", "name": "ARENYS DE MAR", "gust": "8,3", "tmax": "15,0", "longitude": 23224, "avgspeed": "1,1", "dir": "01"}, {"code": "0252D", "hourtmin": "02:50", "hourgust": "11:10", "hourtmax": "11:40", "sun": null, "altitude": "74", "prec": "0,4", "latitude": 413515, "hourpresmax": null, "province": "BARCELONA", "tmed": "12,6", "tmin": "10,8", "presmax": null, "presmin": null, "hourpresmin": null, "date": "1997-01-23", "name": "ARENYS DE MAR", "gust": "11,4", "tmax": "14,5", "longitude": 23224, "avgspeed": "2,8", "dir": "04"}, {"code": "0252D", "hourtmin": "23:10", "hourgust": "06:30", "hourtmax": "13:20", "sun": null, "altitude": "74", "prec": "0,0", "latitude": 413515, "hourpresmax": null, "province": "BARCELONA", "tmed": "13,6", "tmin": "11,9", "presmax": null, "presmin": null, "hourpresmin": null, "date": "1997-01-24", "name": "ARENYS DE MAR", "gust": "8,9", "tmax": "15,2", "longitude": 23224, "avgspeed": "0,6", "dir": "08"}, {"code": "0252D", "hourtmin": "21:30", "hourgust": "11:00", "hourtmax": "13:10", "sun": null, "altitude": "74", "prec": "2,1", "latitude": 413515, "hourpresmax": null, "province": "BARCELONA", "tmed": "11,1", "tmin": "8,7", "presmax": null, "presmin": null, "hourpresmin": null, "date": "1997-01-25", "name": "ARENYS DE MAR", "gust": "8,1", "tmax": "13,5", "longitude": 23224, "avgspeed": "2,2", "dir": "01"}, {"code": "0252D", "hourtmin": "Varias", "hourgust": "02:10", "hourtmax": "13:25", "sun": null, "altitude": "74", "prec": "0,0", "latitude": 413515, "hourpresmax": null, "province": "BARCELONA", "tmed": "11,1", "tmin": "7,6", "presmax": null, "presmin": null, "hourpresmin": null, "date": "1997-01-26", "name": "ARENYS DE MAR", "gust": "4,2", "tmax": "14,6", "longitude": 23224, "avgspeed": "0,8", "dir": "02"}, {"code": "0252D", "hourtmin": "Varias", "hourgust": "05:30", "hourtmax": "13:20", "sun": null, "altitude": "74", "prec": "0,1", "latitude": 413515, "hourpresmax": null, "province": "BARCELONA", "tmed": "9,6", "tmin": "7,5", "presmax": null, "presmin": null, "hourpresmin": null, "date": "1997-01-27", "name": "ARENYS DE MAR", "gust": "3,1", "tmax": "11,6", "longitude": 23224, "avgspeed": "0,8", "dir": "36"}, {"code": "0252D", "hourtmin": "19:55", "hourgust": "16:40", "hourtmax": "Varias", "sun": null, "altitude": "74", "prec": "11,6", "latitude": 413515, "hourpresmax": null, "province": "BARCELONA", "tmed": "7,1", "tmin": "5,3", "presmax": null, "presmin": null, "hourpresmin": null, "date": "1997-01-28", "name": "ARENYS DE MAR", "gust": "7,8", "tmax": "8,9", "longitude": 23224, "avgspeed": "0,6", "dir": "03"}, {"code": "0252D", "hourtmin": "23:40", "hourgust": "07:40", "hourtmax": "12:50", "sun": null, "altitude": "74", "prec": "0,0", "latitude": 413515, "hourpresmax": null, "province": "BARCELONA", "tmed": "9,0", "tmin": "5,5", "presmax": null, "presmin": null, "hourpresmin": null, "date": "1997-01-29", "name": "ARENYS DE MAR", "gust": "4,4", "tmax": "12,6", "longitude": 23224, "avgspeed": "1,1", "dir": "02"}, {"code": "0252D", "hourtmin": "05:20", "hourgust": "12:50", "hourtmax": "12:10", "sun": null, "altitude": "74", "prec": "0,0", "latitude": 413515, "hourpresmax": null, "province": "BARCELONA", "tmed": "8,9", "tmin": "5,1", "presmax": null, "presmin": null, "hourpresmin": null, "date": "1997-01-30", "name": "ARENYS DE MAR", "gust": "3,6", "tmax": "12,7", "longitude": 23224, "avgspeed": "1,1", "dir": "14"}, {"code": "0252D", "hourtmin": "06:10", "hourgust": "Varias", "hourtmax": "13:20", "sun": null, "altitude": "74", "prec": "0,0", "latitude": 413515, "hourpresmax": null, "province": "BARCELONA", "tmed": "8,0", "tmin": "4,7", "presmax": null, "presmin": null, "hourpresmin": null, "date": "1997-01-31", "name": "ARENYS DE MAR", "gust": "3,3", "tmax": "11,2", "longitude": 23224, "avgspeed": "1,1", "dir": "13"}, {"code": "0252D", "hourtmin": "08:05", "hourgust": "12:00", "hourtmax": "13:30", "sun": null, "altitude": "74", "prec": "0,0", "latitude": 413515, "hourpresmax": null, "province": "BARCELONA", "tmed": "8,9", "tmin": "5,9", "presmax": null, "presmin": null, "hourpresmin": null, "date": "1997-02-01", "name": "ARENYS DE MAR", "gust": "3,9", "tmax": "11,9", "longitude": 23224, "avgspeed": "0,8", "dir": "18"}, {"code": "0252D", "hourtmin": "06:25", "hourgust": "15:10", "hourtmax": "11:00", "sun": null, "altitude": "74", "prec": "0,0", "latitude": 413515, "hourpresmax": null, "province": "BARCELONA", "tmed": "9,3", "tmin": "6,4", "presmax": null, "presmin": null, "hourpresmin": null, "date": "1997-02-02", "name": "ARENYS DE MAR", "gust": "4,7", "tmax": "12,2", "longitude": 23224, "avgspeed": "0,6", "dir": "21"}, {"code": "0252D", "hourtmin": "00:20", "hourgust": "15:40", "hourtmax": "11:55", "sun": null, "altitude": "74", "prec": "0,0", "latitude": 413515, "hourpresmax": null, "province": "BARCELONA", "tmed": "10,2", "tmin": "8,0", "presmax": null, "presmin": null, "hourpresmin": null, "date": "1997-02-03", "name": "ARENYS DE MAR", "gust": "5,3", "tmax": "12,4", "longitude": 23224, "avgspeed": "0,3", "dir": "09"}, {"code": "0252D", "hourtmin": "23:50", "hourgust": "11:30", "hourtmax": "11:40", "sun": null, "altitude": "74", "prec": "0,0", "latitude": 413515, "hourpresmax": null, "province": "BARCELONA", "tmed": "8,9", "tmin": "5,5", "presmax": null, "presmin": null, "hourpresmin": null, "date": "1997-02-04", "name": "ARENYS DE MAR", "gust": "3,9", "tmax": "12,3", "longitude": 23224, "avgspeed": "0,8", "dir": "07"}, {"code": "0252D", "hourtmin": "03:05", "hourgust": "14:50", "hourtmax": "Varias", "sun": null, "altitude": "74", "prec": "0,0", "latitude": 413515, "hourpresmax": null, "province": "BARCELONA", "tmed": "9,0", "tmin": "4,9", "presmax": null, "presmin": null, "hourpresmin": null, "date": "1997-02-05", "name": "ARENYS DE MAR", "gust": "6,4", "tmax": "13,2", "longitude": 23224, "avgspeed": "1,7", "dir": "22"}, {"code": "0252D", "hourtmin": "23:20", "hourgust": "09:30", "hourtmax": "13:50", "sun": null, "altitude": "74", "prec": "0,0", "latitude": 413515, "hourpresmax": null, "province": "BARCELONA", "tmed": "10,5", "tmin": "5,5", "presmax": null, "presmin": null, "hourpresmin": null, "date": "1997-02-06", "name": "ARENYS DE MAR", "gust": "4,7", "tmax": "15,5", "longitude": 23224, "avgspeed": "0,6", "dir": "34"}, {"code": "0252D", "hourtmin": "00:10", "hourgust": "02:10", "hourtmax": "11:00", "sun": null, "altitude": "74", "prec": "0,0", "latitude": 413515, "hourpresmax": null, "province": "BARCELONA", "tmed": "10,2", "tmin": "5,3", "presmax": null, "presmin": null, "hourpresmin": null, "date": "1997-02-07", "name": "ARENYS DE MAR", "gust": "4,7", "tmax": "15,0", "longitude": 23224, "avgspeed": "1,1", "dir": "36"}, {"code": "0252D", "hourtmin": "08:05", "hourgust": "16:40", "hourtmax": "11:50", "sun": null, "altitude": "74", "prec": "0,0", "latitude": 413515, "hourpresmax": null, "province": "BARCELONA", "tmed": "8,4", "tmin": "3,6", "presmax": null, "presmin": null, "hourpresmin": null, "date": "1997-02-08", "name": "ARENYS DE MAR", "gust": "8,3", "tmax": "13,2", "longitude": 23224, "avgspeed": "1,9", "dir": "22"}, {"code": "0252D", "hourtmin": "06:10", "hourgust": "Varias", "hourtmax": "15:15", "sun": null, "altitude": "74", "prec": "0,0", "latitude": 413515, "hourpresmax": null, "province": "BARCELONA", "tmed": "7,8", "tmin": "2,5", "presmax": null, "presmin": null, "hourpresmin": null, "date": "1997-02-09", "name": "ARENYS DE MAR", "gust": "6,7", "tmax": "13,0", "longitude": 23224, "avgspeed": "1,4", "dir": "22"}, {"code": "0252D", "hourtmin": "06:50", "hourgust": "15:50", "hourtmax": "Varias", "sun": null, "altitude": "74", "prec": "0,0", "latitude": 413515, "hourpresmax": null, "province": "BARCELONA", "tmed": "7,9", "tmin": "2,8", "presmax": null, "presmin": null, "hourpresmin": null, "date": "1997-02-10", "name": "ARENYS DE MAR", "gust": "10,3", "tmax": "13,0", "longitude": 23224, "avgspeed": "2,5", "dir": "22"}, {"code": "0252D", "hourtmin": "04:00", "hourgust": "13:50", "hourtmax": "14:30", "sun": null, "altitude": "74", "prec": "0,0", "latitude": 413515, "hourpresmax": null, "province": "BARCELONA", "tmed": "9,0", "tmin": "4,9", "presmax": null, "presmin": null, "hourpresmin": null, "date": "1997-02-11", "name": "ARENYS DE MAR", "gust": "5,0", "tmax": "13,2", "longitude": 23224, "avgspeed": "0,8", "dir": "21"}, {"code": "0252D", "hourtmin": "07:50", "hourgust": "14:50", "hourtmax": "13:25", "sun": null, "altitude": "74", "prec": "0,0", "latitude": 413515, "hourpresmax": null, "province": "BARCELONA", "tmed": "11,0", "tmin": "6,9", "presmax": null, "presmin": null, "hourpresmin": null, "date": "1997-02-12", "name": "ARENYS DE MAR", "gust": "5,6", "tmax": "15,2", "longitude": 23224, "avgspeed": "0,3", "dir": "19"}, {"code": "0252D", "hourtmin": "04:05", "hourgust": "12:50", "hourtmax": "14:50", "sun": null, "altitude": "74", "prec": "0,0", "latitude": 413515, "hourpresmax": null, "province": "BARCELONA", "tmed": "13,0", "tmin": "8,0", "presmax": null, "presmin": null, "hourpresmin": null, "date": "1997-02-13", "name": "ARENYS DE MAR", "gust": "6,1", "tmax": "18,1", "longitude": 23224, "avgspeed": "1,4", "dir": "27"}, {"code": "0252D", "hourtmin": "04:50", "hourgust": "19:50", "hourtmax": "17:10", "sun": null, "altitude": "74", "prec": "0,0", "latitude": 413515, "hourpresmax": null, "province": "BARCELONA", "tmed": "12,3", "tmin": "6,3", "presmax": null, "presmin": null, "hourpresmin": null, "date": "1997-02-14", "name": "ARENYS DE MAR", "gust": "15,8", "tmax": "18,3", "longitude": 23224, "avgspeed": "2,5", "dir": "24"}, {"code": "0252D", "hourtmin": "23:30", "hourgust": "14:30", "hourtmax": "Varias", "sun": null, "altitude": "74", "prec": "0,0", "latitude": 413515, "hourpresmax": null, "province": "BARCELONA", "tmed": "13,2", "tmin": "8,1", "presmax": null, "presmin": null, "hourpresmin": null, "date": "1997-02-15", "name": "ARENYS DE MAR", "gust": "17,8", "tmax": "18,2", "longitude": 23224, "avgspeed": "2,2", "dir": "35"}, {"code": "0252D", "hourtmin": "08:00", "hourgust": "02:20", "hourtmax": "14:50", "sun": null, "altitude": "74", "prec": "0,0", "latitude": 413515, "hourpresmax": null, "province": "BARCELONA", "tmed": "9,6", "tmin": "5,6", "presmax": null, "presmin": null, "hourpresmin": null, "date": "1997-02-16", "name": "ARENYS DE MAR", "gust": "5,0", "tmax": "13,6", "longitude": 23224, "avgspeed": "1,4", "dir": "22"}, {"code": "0252D", "hourtmin": "07:35", "hourgust": "17:00", "hourtmax": "14:00", "sun": null, "altitude": "74", "prec": "0,0", "latitude": 413515, "hourpresmax": null, "province": "BARCELONA", "tmed": "9,8", "tmin": "5,3", "presmax": null, "presmin": null, "hourpresmin": null, "date": "1997-02-17", "name": "ARENYS DE MAR", "gust": "6,7", "tmax": "14,3", "longitude": 23224, "avgspeed": "1,7", "dir": "22"}, {"code": "0252D", "hourtmin": "06:45", "hourgust": "15:00", "hourtmax": "13:20", "sun": null, "altitude": "74", "prec": "0,0", "latitude": 413515, "hourpresmax": null, "province": "BARCELONA", "tmed": "10,8", "tmin": "6,6", "presmax": null, "presmin": null, "hourpresmin": null, "date": "1997-02-18", "name": "ARENYS DE MAR", "gust": "6,4", "tmax": "15,1", "longitude": 23224, "avgspeed": "1,1", "dir": "22"}, {"code": "0252D", "hourtmin": "07:00", "hourgust": "15:10", "hourtmax": "11:10", "sun": null, "altitude": "74", "prec": "0,0", "latitude": 413515, "hourpresmax": null, "province": "BARCELONA", "tmed": "10,5", "tmin": "6,8", "presmax": null, "presmin": null, "hourpresmin": null, "date": "1997-02-19", "name": "ARENYS DE MAR", "gust": "8,9", "tmax": "14,2", "longitude": 23224, "avgspeed": "2,5", "dir": "22"}, {"code": "0252D", "hourtmin": "03:40", "hourgust": "17:10", "hourtmax": "12:50", "sun": null, "altitude": "74", "prec": "0,0", "latitude": 413515, "hourpresmax": null, "province": "BARCELONA", "tmed": "11,0", "tmin": "6,5", "presmax": null, "presmin": null, "hourpresmin": null, "date": "1997-02-20", "name": "ARENYS DE MAR", "gust": "9,2", "tmax": "15,4", "longitude": 23224, "avgspeed": "2,5", "dir": "22"}, {"code": "0252D", "hourtmin": "07:30", "hourgust": "Varias", "hourtmax": "12:25", "sun": null, "altitude": "74", "prec": "0,0", "latitude": 413515, "hourpresmax": null, "province": "BARCELONA", "tmed": "11,4", "tmin": "6,9", "presmax": null, "presmin": null, "hourpresmin": null, "date": "1997-02-21", "name": "ARENYS DE MAR", "gust": "5,8", "tmax": "15,9", "longitude": 23224, "avgspeed": "1,4", "dir": "18"}, {"code": "0252D", "hourtmin": "07:35", "hourgust": "14:20", "hourtmax": "Varias", "sun": null, "altitude": "74", "prec": "0,0", "latitude": 413515, "hourpresmax": null, "province": "BARCELONA", "tmed": "10,4", "tmin": "6,8", "presmax": null, "presmin": null, "hourpresmin": null, "date": "1997-02-22", "name": "ARENYS DE MAR", "gust": "6,7", "tmax": "13,9", "longitude": 23224, "avgspeed": "1,9", "dir": "23"}, {"code": "0252D", "hourtmin": "05:20", "hourgust": "15:20", "hourtmax": "14:20", "sun": null, "altitude": "74", "prec": "0,0", "latitude": 413515, "hourpresmax": null, "province": "BARCELONA", "tmed": "10,7", "tmin": "7,8", "presmax": null, "presmin": null, "hourpresmin": null, "date": "1997-02-23", "name": "ARENYS DE MAR", "gust": "5,8", "tmax": "13,6", "longitude": 23224, "avgspeed": "1,7", "dir": "18"}, {"code": "0252D", "hourtmin": "05:20", "hourgust": "15:00", "hourtmax": "11:55", "sun": null, "altitude": "74", "prec": "0,0", "latitude": 413515, "hourpresmax": null, "province": "BARCELONA", "tmed": "12,0", "tmin": "8,7", "presmax": null, "presmin": null, "hourpresmin": null, "date": "1997-02-24", "name": "ARENYS DE MAR", "gust": "9,7", "tmax": "15,4", "longitude": 23224, "avgspeed": "1,9", "dir": "21"}, {"code": "0252D", "hourtmin": "07:40", "hourgust": "17:20", "hourtmax": "15:35", "sun": null, "altitude": "74", "prec": "0,0", "latitude": 413515, "hourpresmax": null, "province": "BARCELONA", "tmed": "13,4", "tmin": "8,5", "presmax": null, "presmin": null, "hourpresmin": null, "date": "1997-02-25", "name": "ARENYS DE MAR", "gust": "10,0", "tmax": "18,3", "longitude": 23224, "avgspeed": "2,2", "dir": "23"}, {"code": "0252D", "hourtmin": "07:50", "hourgust": "14:00", "hourtmax": "15:30", "sun": null, "altitude": "74", "prec": "0,0", "latitude": 413515, "hourpresmax": null, "province": "BARCELONA", "tmed": "12,4", "tmin": "7,9", "presmax": null, "presmin": null, "hourpresmin": null, "date": "1997-02-26", "name": "ARENYS DE MAR", "gust": "5,3", "tmax": "16,9", "longitude": 23224, "avgspeed": "0,6", "dir": "16"}, {"code": "0252D", "hourtmin": "07:20", "hourgust": "12:40", "hourtmax": "13:10", "sun": null, "altitude": "74", "prec": "0,0", "latitude": 413515, "hourpresmax": null, "province": "BARCELONA", "tmed": "11,0", "tmin": "7,6", "presmax": null, "presmin": null, "hourpresmin": null, "date": "1997-02-27", "name": "ARENYS DE MAR", "gust": "5,6", "tmax": "14,4", "longitude": 23224, "avgspeed": "1,4", "dir": "18"}, {"code": "0252D", "hourtmin": "06:10", "hourgust": "15:40", "hourtmax": "15:10", "sun": null, "altitude": "74", "prec": "0,0", "latitude": 413515, "hourpresmax": null, "province": "BARCELONA", "tmed": "10,5", "tmin": "6,5", "presmax": null, "presmin": null, "hourpresmin": null, "date": "1997-02-28", "name": "ARENYS DE MAR", "gust": "5,0", "tmax": "14,5", "longitude": 23224, "avgspeed": "0,8", "dir": "18"}, {"code": "0252D", "hourtmin": "07:25", "hourgust": "16:00", "hourtmax": "14:30", "sun": null, "altitude": "74", "prec": "0,0", "latitude": 413515, "hourpresmax": null, "province": "BARCELONA", "tmed": "9,6", "tmin": "6,0", "presmax": null, "presmin": null, "hourpresmin": null, "date": "1997-03-01", "name": "ARENYS DE MAR", "gust": "9,2", "tmax": "13,1", "longitude": 23224, "avgspeed": "1,9", "dir": "22"}, {"code": "0252D", "hourtmin": "23:50", "hourgust": "13:50", "hourtmax": "14:40", "sun": null, "altitude": "74", "prec": "0,0", "latitude": 413515, "hourpresmax": null, "province": "BARCELONA", "tmed": "10,8", "tmin": "7,7", "presmax": null, "presmin": null, "hourpresmin": null, "date": "1997-03-02", "name": "ARENYS DE MAR", "gust": "3,6", "tmax": "13,9", "longitude": 23224, "avgspeed": "0,6", "dir": "16"}, {"code": "0252D", "hourtmin": "Varias", "hourgust": "13:00", "hourtmax": "12:45", "sun": null, "altitude": "74", "prec": "0,0", "latitude": 413515, "hourpresmax": null, "province": "BARCELONA", "tmed": "13,4", "tmin": "7,2", "presmax": null, "presmin": null, "hourpresmin": null, "date": "1997-03-03", "name": "ARENYS DE MAR", "gust": "5,3", "tmax": "19,7", "longitude": 23224, "avgspeed": "1,4", "dir": "20"}, {"code": "0252D", "hourtmin": "06:20", "hourgust": "21:30", "hourtmax": "11:40", "sun": null, "altitude": "74", "prec": "0,0", "latitude": 413515, "hourpresmax": null, "province": "BARCELONA", "tmed": "12,9", "tmin": "7,6", "presmax": null, "presmin": null, "hourpresmin": null, "date": "1997-03-04", "name": "ARENYS DE MAR", "gust": "5,0", "tmax": "18,2", "longitude": 23224, "avgspeed": "0,8", "dir": "25"}, {"code": "0252D", "hourtmin": "05:00", "hourgust": "23:00", "hourtmax": "00:00", "sun": null, "altitude": "74", "prec": "0,0", "latitude": 413515, "hourpresmax": null, "province": "BARCELONA", "tmed": "10,2", "tmin": "6,8", "presmax": null, "presmin": null, "hourpresmin": null, "date": "1997-03-05", "name": "ARENYS DE MAR", "gust": "4,7", "tmax": "13,5", "longitude": 23224, "avgspeed": "0,6", "dir": "02"}, {"code": "0252D", "hourtmin": "00:35", "hourgust": "14:30", "hourtmax": "14:00", "sun": null, "altitude": "74", "prec": "0,0", "latitude": 413515, "hourpresmax": null, "province": "BARCELONA", "tmed": "12,2", "tmin": "8,6", "presmax": null, "presmin": null, "hourpresmin": null, "date": "1997-03-06", "name": "ARENYS DE MAR", "gust": "5,0", "tmax": "15,7", "longitude": 23224, "avgspeed": "0,6", "dir": "22"}, {"code": "0252D", "hourtmin": "04:55", "hourgust": "13:20", "hourtmax": "Varias", "sun": null, "altitude": "74", "prec": "0,0", "latitude": 413515, "hourpresmax": null, "province": "BARCELONA", "tmed": "11,4", "tmin": "7,5", "presmax": null, "presmin": null, "hourpresmin": null, "date": "1997-03-07", "name": "ARENYS DE MAR", "gust": "5,8", "tmax": "15,3", "longitude": 23224, "avgspeed": "1,1", "dir": "13"}, {"code": "0252D", "hourtmin": "23:40", "hourgust": "12:00", "hourtmax": "11:30", "sun": null, "altitude": "74", "prec": "0,0", "latitude": 413515, "hourpresmax": null, "province": "BARCELONA", "tmed": "13,4", "tmin": "8,2", "presmax": null, "presmin": null, "hourpresmin": null, "date": "1997-03-08", "name": "ARENYS DE MAR", "gust": "6,1", "tmax": "18,7", "longitude": 23224, "avgspeed": "0,8", "dir": "12"}, {"code": "0252D", "hourtmin": "06:30", "hourgust": "15:00", "hourtmax": "12:20", "sun": null, "altitude": "74", "prec": "0,0", "latitude": 413515, "hourpresmax": null, "province": "BARCELONA", "tmed": "12,2", "tmin": "7,2", "presmax": null, "presmin": null, "hourpresmin": null, "date": "1997-03-09", "name": "ARENYS DE MAR", "gust": "6,7", "tmax": "17,2", "longitude": 23224, "avgspeed": "0,8", "dir": "08"}, {"code": "0252D", "hourtmin": "06:20", "hourgust": "09:40", "hourtmax": "Varias", "sun": null, "altitude": "74", "prec": "0,0", "latitude": 413515, "hourpresmax": null, "province": "BARCELONA", "tmed": "10,9", "tmin": "6,4", "presmax": null, "presmin": null, "hourpresmin": null, "date": "1997-03-10", "name": "ARENYS DE MAR", "gust": "6,4", "tmax": "15,4", "longitude": 23224, "avgspeed": "0,8", "dir": "12"}, {"code": "0252D", "hourtmin": "03:30", "hourgust": "22:20", "hourtmax": "12:00", "sun": null, "altitude": "74", "prec": "0,0", "latitude": 413515, "hourpresmax": null, "province": "BARCELONA", "tmed": "12,2", "tmin": "5,9", "presmax": null, "presmin": null, "hourpresmin": null, "date": "1997-03-11", "name": "ARENYS DE MAR", "gust": "5,3", "tmax": "18,6", "longitude": 23224, "avgspeed": "0,8", "dir": "02"}, {"code": "0252D", "hourtmin": "23:40", "hourgust": "16:10", "hourtmax": "12:00", "sun": null, "altitude": "74", "prec": "0,0", "latitude": 413515, "hourpresmax": null, "province": "BARCELONA", "tmed": "11,4", "tmin": "7,9", "presmax": null, "presmin": null, "hourpresmin": null, "date": "1997-03-12", "name": "ARENYS DE MAR", "gust": "6,9", "tmax": "15,0", "longitude": 23224, "avgspeed": "1,9", "dir": "21"}, {"code": "0252D", "hourtmin": "Varias", "hourgust": "14:20", "hourtmax": "13:00", "sun": null, "altitude": "74", "prec": "0,0", "latitude": 413515, "hourpresmax": null, "province": "BARCELONA", "tmed": "12,8", "tmin": "6,8", "presmax": null, "presmin": null, "hourpresmin": null, "date": "1997-03-13", "name": "ARENYS DE MAR", "gust": "5,8", "tmax": "18,7", "longitude": 23224, "avgspeed": "1,4", "dir": "22"}, {"code": "0252D", "hourtmin": "06:10", "hourgust": "Varias", "hourtmax": "11:10", "sun": null, "altitude": "74", "prec": "0,0", "latitude": 413515, "hourpresmax": null, "province": "BARCELONA", "tmed": "13,0", "tmin": "7,9", "presmax": null, "presmin": null, "hourpresmin": null, "date": "1997-03-14", "name": "ARENYS DE MAR", "gust": "3,6", "tmax": "18,0", "longitude": 23224, "avgspeed": "0,6", "dir": "16"}, {"code": "0252D", "hourtmin": "06:20", "hourgust": "15:30", "hourtmax": "14:50", "sun": null, "altitude": "74", "prec": "0,0", "latitude": 413515, "hourpresmax": null, "province": "BARCELONA", "tmed": "12,9", "tmin": "7,7", "presmax": null, "presmin": null, "hourpresmin": null, "date": "1997-03-15", "name": "ARENYS DE MAR", "gust": "5,8", "tmax": "18,1", "longitude": 23224, "avgspeed": "0,8", "dir": "18"}, {"code": "0252D", "hourtmin": "05:20", "hourgust": "13:30", "hourtmax": "10:10", "sun": null, "altitude": "74", "prec": "0,0", "latitude": 413515, "hourpresmax": null, "province": "BARCELONA", "tmed": "12,8", "tmin": "8,6", "presmax": null, "presmin": null, "hourpresmin": null, "date": "1997-03-16", "name": "ARENYS DE MAR", "gust": "7,5", "tmax": "17,1", "longitude": 23224, "avgspeed": "1,4", "dir": "19"}, {"code": "0252D", "hourtmin": "03:10", "hourgust": "13:30", "hourtmax": "12:50", "sun": null, "altitude": "74", "prec": "0,0", "latitude": 413515, "hourpresmax": null, "province": "BARCELONA", "tmed": "14,4", "tmin": "8,4", "presmax": null, "presmin": null, "hourpresmin": null, "date": "1997-03-17", "name": "ARENYS DE MAR", "gust": "5,8", "tmax": "20,3", "longitude": 23224, "avgspeed": "0,6", "dir": "22"}, {"code": "0252D", "hourtmin": "02:10", "hourgust": "00:20", "hourtmax": "09:55", "sun": null, "altitude": "74", "prec": "0,0", "latitude": 413515, "hourpresmax": null, "province": "BARCELONA", "tmed": "15,8", "tmin": "10,7", "presmax": null, "presmin": null, "hourpresmin": null, "date": "1997-03-18", "name": "ARENYS DE MAR", "gust": "3,9", "tmax": "20,9", "longitude": 23224, "avgspeed": "0,6", "dir": "35"}, {"code": "0252D", "hourtmin": "05:40", "hourgust": "12:10", "hourtmax": "12:20", "sun": null, "altitude": "74", "prec": "0,0", "latitude": 413515, "hourpresmax": null, "province": "BARCELONA", "tmed": "12,8", "tmin": "9,1", "presmax": null, "presmin": null, "hourpresmin": null, "date": "1997-03-19", "name": "ARENYS DE MAR", "gust": "6,7", "tmax": "16,5", "longitude": 23224, "avgspeed": "1,4", "dir": "21"}, {"code": "0252D", "hourtmin": "23:10", "hourgust": "12:50", "hourtmax": "11:40", "sun": null, "altitude": "74", "prec": "0,0", "latitude": 413515, "hourpresmax": null, "province": "BARCELONA", "tmed": "12,2", "tmin": "8,4", "presmax": null, "presmin": null, "hourpresmin": null, "date": "1997-03-20", "name": "ARENYS DE MAR", "gust": "9,2", "tmax": "16,1", "longitude": 23224, "avgspeed": "2,5", "dir": "22"}, {"code": "0252D", "hourtmin": "05:55", "hourgust": "13:10", "hourtmax": "13:00", "sun": null, "altitude": "74", "prec": "0,0", "latitude": 413515, "hourpresmax": null, "province": "BARCELONA", "tmed": "10,8", "tmin": "6,6", "presmax": null, "presmin": null, "hourpresmin": null, "date": "1997-03-21", "name": "ARENYS DE MAR", "gust": "4,7", "tmax": "15,0", "longitude": 23224, "avgspeed": "0,8", "dir": "13"}, {"code": "0252D", "hourtmin": "03:20", "hourgust": "12:30", "hourtmax": "11:10", "sun": null, "altitude": "74", "prec": "0,0", "latitude": 413515, "hourpresmax": null, "province": "BARCELONA", "tmed": "12,3", "tmin": "7,3", "presmax": null, "presmin": null, "hourpresmin": null, "date": "1997-03-22", "name": "ARENYS DE MAR", "gust": "6,4", "tmax": "17,3", "longitude": 23224, "avgspeed": "1,1", "dir": "20"}, {"code": "0252D", "hourtmin": "05:05", "hourgust": "15:30", "hourtmax": "13:10", "sun": null, "altitude": "74", "prec": "0,0", "latitude": 413515, "hourpresmax": null, "province": "BARCELONA", "tmed": "11,4", "tmin": "6,6", "presmax": null, "presmin": null, "hourpresmin": null, "date": "1997-03-23", "name": "ARENYS DE MAR", "gust": "5,8", "tmax": "16,2", "longitude": 23224, "avgspeed": "1,1", "dir": "23"}, {"code": "0252D", "hourtmin": "01:25", "hourgust": "09:30", "hourtmax": "Varias", "sun": null, "altitude": "74", "prec": "0,5", "latitude": 413515, "hourpresmax": null, "province": "BARCELONA", "tmed": "12,7", "tmin": "9,2", "presmax": null, "presmin": null, "hourpresmin": null, "date": "1997-03-24", "name": "ARENYS DE MAR", "gust": "7,2", "tmax": "16,2", "longitude": 23224, "avgspeed": "0,8", "dir": "06"}, {"code": "0252D", "hourtmin": "06:00", "hourgust": "12:00", "hourtmax": "11:00", "sun": null, "altitude": "74", "prec": "0,0", "latitude": 413515, "hourpresmax": null, "province": "BARCELONA", "tmed": "14,2", "tmin": "10,2", "presmax": null, "presmin": null, "hourpresmin": null, "date": "1997-03-25", "name": "ARENYS DE MAR", "gust": "6,9", "tmax": "18,2", "longitude": 23224, "avgspeed": "1,9", "dir": "21"}, {"code": "0252D", "hourtmin": "04:45", "hourgust": "06:40", "hourtmax": "11:30", "sun": null, "altitude": "74", "prec": "0,0", "latitude": 413515, "hourpresmax": null, "province": "BARCELONA", "tmed": "13,1", "tmin": "8,3", "presmax": null, "presmin": null, "hourpresmin": null, "date": "1997-03-26", "name": "ARENYS DE MAR", "gust": "6,7", "tmax": "17,9", "longitude": 23224, "avgspeed": "1,7", "dir": "04"}, {"code": "0252D", "hourtmin": "05:50", "hourgust": "15:20", "hourtmax": "11:10", "sun": null, "altitude": "74", "prec": "0,0", "latitude": 413515, "hourpresmax": null, "province": "BARCELONA", "tmed": "13,0", "tmin": "7,8", "presmax": null, "presmin": null, "hourpresmin": null, "date": "1997-03-27", "name": "ARENYS DE MAR", "gust": "9,2", "tmax": "18,1", "longitude": 23224, "avgspeed": "2,2", "dir": "22"}, {"code": "0252D", "hourtmin": "05:15", "hourgust": "11:40", "hourtmax": "13:40", "sun": null, "altitude": "74", "prec": "0,0", "latitude": 413515, "hourpresmax": null, "province": "BARCELONA", "tmed": "14,1", "tmin": "9,3", "presmax": null, "presmin": null, "hourpresmin": null, "date": "1997-03-28", "name": "ARENYS DE MAR", "gust": "8,6", "tmax": "18,9", "longitude": 23224, "avgspeed": "1,7", "dir": "22"}, {"code": "0252D", "hourtmin": "22:40", "hourgust": "16:00", "hourtmax": "12:20", "sun": null, "altitude": "74", "prec": "0,0", "latitude": 413515, "hourpresmax": null, "province": "BARCELONA", "tmed": "12,6", "tmin": "8,5", "presmax": null, "presmin": null, "hourpresmin": null, "date": "1997-03-29", "name": "ARENYS DE MAR", "gust": "6,7", "tmax": "16,6", "longitude": 23224, "avgspeed": "1,7", "dir": "22"}, {"code": "0252D", "hourtmin": "22:35", "hourgust": "14:40", "hourtmax": "13:20", "sun": null, "altitude": "74", "prec": "0,0", "latitude": 413515, "hourpresmax": null, "province": "BARCELONA", "tmed": "11,8", "tmin": "7,7", "presmax": null, "presmin": null, "hourpresmin": null, "date": "1997-03-30", "name": "ARENYS DE MAR", "gust": "5,8", "tmax": "15,8", "longitude": 23224, "avgspeed": "1,4", "dir": "13"}, {"code": "0252D", "hourtmin": "05:00", "hourgust": "14:00", "hourtmax": "09:30", "sun": null, "altitude": "74", "prec": "0,0", "latitude": 413515, "hourpresmax": null, "province": "BARCELONA", "tmed": "11,2", "tmin": "6,8", "presmax": null, "presmin": null, "hourpresmin": null, "date": "1997-03-31", "name": "ARENYS DE MAR", "gust": "6,1", "tmax": "15,6", "longitude": 23224, "avgspeed": "1,9", "dir": "18"}, {"code": "0252D", "hourtmin": "04:50", "hourgust": "13:00", "hourtmax": "12:20", "sun": null, "altitude": "74", "prec": "0,0", "latitude": 413515, "hourpresmax": null, "province": "BARCELONA", "tmed": "12,1", "tmin": "8,3", "presmax": null, "presmin": null, "hourpresmin": null, "date": "1997-04-01", "name": "ARENYS DE MAR", "gust": "9,4", "tmax": "15,9", "longitude": 23224, "avgspeed": "3,3", "dir": "19"}, {"code": "0252D", "hourtmin": "05:20", "hourgust": "12:10", "hourtmax": "11:40", "sun": null, "altitude": "74", "prec": "0,0", "latitude": 413515, "hourpresmax": null, "province": "BARCELONA", "tmed": "13,8", "tmin": "9,2", "presmax": null, "presmin": null, "hourpresmin": null, "date": "1997-04-02", "name": "ARENYS DE MAR", "gust": "6,1", "tmax": "18,5", "longitude": 23224, "avgspeed": "0,8", "dir": "13"}, {"code": "0252D", "hourtmin": "04:40", "hourgust": "13:40", "hourtmax": "09:20", "sun": null, "altitude": "74", "prec": "0,0", "latitude": 413515, "hourpresmax": null, "province": "BARCELONA", "tmed": "14,8", "tmin": "9,7", "presmax": null, "presmin": null, "hourpresmin": null, "date": "1997-04-03", "name": "ARENYS DE MAR", "gust": "6,9", "tmax": "19,9", "longitude": 23224, "avgspeed": "1,1", "dir": "18"}, {"code": "0252D", "hourtmin": "04:50", "hourgust": "Varias", "hourtmax": "09:30", "sun": null, "altitude": "74", "prec": "0,0", "latitude": 413515, "hourpresmax": null, "province": "BARCELONA", "tmed": "14,2", "tmin": "9,5", "presmax": null, "presmin": null, "hourpresmin": null, "date": "1997-04-04", "name": "ARENYS DE MAR", "gust": "4,7", "tmax": "18,9", "longitude": 23224, "avgspeed": "0,8", "dir": "13"}, {"code": "0252D", "hourtmin": "05:15", "hourgust": "13:30", "hourtmax": "12:00", "sun": null, "altitude": "74", "prec": "0,0", "latitude": 413515, "hourpresmax": null, "province": "BARCELONA", "tmed": "13,1", "tmin": "8,9", "presmax": null, "presmin": null, "hourpresmin": null, "date": "1997-04-05", "name": "ARENYS DE MAR", "gust": "8,6", "tmax": "17,3", "longitude": 23224, "avgspeed": "2,2", "dir": "20"}, {"code": "0252D", "hourtmin": "05:05", "hourgust": "14:50", "hourtmax": "14:50", "sun": null, "altitude": "74", "prec": "0,0", "latitude": 413515, "hourpresmax": null, "province": "BARCELONA", "tmed": "14,2", "tmin": "8,7", "presmax": null, "presmin": null, "hourpresmin": null, "date": "1997-04-06", "name": "ARENYS DE MAR", "gust": "5,8", "tmax": "19,8", "longitude": 23224, "avgspeed": "1,1", "dir": "22"}, {"code": "0252D", "hourtmin": "02:30", "hourgust": "05:50", "hourtmax": "12:50", "sun": null, "altitude": "74", "prec": "0,0", "latitude": 413515, "hourpresmax": null, "province": "BARCELONA", "tmed": "16,2", "tmin": "11,2", "presmax": null, "presmin": null, "hourpresmin": null, "date": "1997-04-07", "name": "ARENYS DE MAR", "gust": "13,1", "tmax": "21,2", "longitude": 23224, "avgspeed": "1,9", "dir": "08"}, {"code": "0252D", "hourtmin": "23:30", "hourgust": "06:30", "hourtmax": "13:10", "sun": null, "altitude": "74", "prec": "0,0", "latitude": 413515, "hourpresmax": null, "province": "BARCELONA", "tmed": "13,6", "tmin": "10,1", "presmax": null, "presmin": null, "hourpresmin": null, "date": "1997-04-08", "name": "ARENYS DE MAR", "gust": "9,2", "tmax": "17,1", "longitude": 23224, "avgspeed": "1,9", "dir": "04"}, {"code": "0252D", "hourtmin": "23:20", "hourgust": "16:00", "hourtmax": "11:30", "sun": null, "altitude": "74", "prec": "0,0", "latitude": 413515, "hourpresmax": null, "province": "BARCELONA", "tmed": "12,0", "tmin": "7,8", "presmax": null, "presmin": null, "hourpresmin": null, "date": "1997-04-09", "name": "ARENYS DE MAR", "gust": "9,7", "tmax": "16,2", "longitude": 23224, "avgspeed": "1,7", "dir": "10"}, {"code": "0252D", "hourtmin": "03:30", "hourgust": "11:50", "hourtmax": "10:20", "sun": null, "altitude": "74", "prec": "0,0", "latitude": 413515, "hourpresmax": null, "province": "BARCELONA", "tmed": "11,2", "tmin": "6,5", "presmax": null, "presmin": null, "hourpresmin": null, "date": "1997-04-10", "name": "ARENYS DE MAR", "gust": "5,8", "tmax": "16,0", "longitude": 23224, "avgspeed": "1,4", "dir": "13"}, {"code": "0252D", "hourtmin": "05:20", "hourgust": "15:20", "hourtmax": "11:40", "sun": null, "altitude": "74", "prec": "0,0", "latitude": 413515, "hourpresmax": null, "province": "BARCELONA", "tmed": "12,1", "tmin": "7,0", "presmax": null, "presmin": null, "hourpresmin": null, "date": "1997-04-11", "name": "ARENYS DE MAR", "gust": "8,3", "tmax": "17,2", "longitude": 23224, "avgspeed": "2,5", "dir": "23"}, {"code": "0252D", "hourtmin": "Varias", "hourgust": "13:20", "hourtmax": "Varias", "sun": null, "altitude": "74", "prec": "0,0", "latitude": 413515, "hourpresmax": null, "province": "BARCELONA", "tmed": "14,0", "tmin": "8,7", "presmax": null, "presmin": null, "hourpresmin": null, "date": "1997-04-12", "name": "ARENYS DE MAR", "gust": "5,0", "tmax": "19,4", "longitude": 23224, "avgspeed": "1,4", "dir": "15"}, {"code": "0252D", "hourtmin": "05:30", "hourgust": "11:00", "hourtmax": "12:00", "sun": null, "altitude": "74", "prec": "0,0", "latitude": 413515, "hourpresmax": null, "province": "BARCELONA", "tmed": "12,9", "tmin": "8,9", "presmax": null, "presmin": null, "hourpresmin": null, "date": "1997-04-13", "name": "ARENYS DE MAR", "gust": "6,9", "tmax": "16,9", "longitude": 23224, "avgspeed": "1,4", "dir": "21"}, {"code": "0252D", "hourtmin": "04:20", "hourgust": "09:10", "hourtmax": "Varias", "sun": null, "altitude": "74", "prec": "0,0", "latitude": 413515, "hourpresmax": null, "province": "BARCELONA", "tmed": "12,5", "tmin": "8,1", "presmax": null, "presmin": null, "hourpresmin": null, "date": "1997-04-14", "name": "ARENYS DE MAR", "gust": "6,9", "tmax": "16,9", "longitude": 23224, "avgspeed": "0,8", "dir": "13"}, {"code": "0252D", "hourtmin": "05:00", "hourgust": "15:00", "hourtmax": "11:00", "sun": null, "altitude": "74", "prec": "0,0", "latitude": 413515, "hourpresmax": null, "province": "BARCELONA", "tmed": "12,8", "tmin": "7,8", "presmax": null, "presmin": null, "hourpresmin": null, "date": "1997-04-15", "name": "ARENYS DE MAR", "gust": "7,5", "tmax": "17,9", "longitude": 23224, "avgspeed": "1,9", "dir": "20"}, {"code": "0252D", "hourtmin": "05:05", "hourgust": "12:00", "hourtmax": "08:50", "sun": null, "altitude": "74", "prec": "0,0", "latitude": 413515, "hourpresmax": null, "province": "BARCELONA", "tmed": "14,1", "tmin": "10,5", "presmax": null, "presmin": null, "hourpresmin": null, "date": "1997-04-16", "name": "ARENYS DE MAR", "gust": "6,9", "tmax": "17,7", "longitude": 23224, "avgspeed": "1,1", "dir": "22"}, {"code": "0252D", "hourtmin": "23:25", "hourgust": "09:10", "hourtmax": "12:10", "sun": null, "altitude": "74", "prec": "9,0", "latitude": 413515, "hourpresmax": null, "province": "BARCELONA", "tmed": "14,0", "tmin": "9,7", "presmax": null, "presmin": null, "hourpresmin": null, "date": "1997-04-17", "name": "ARENYS DE MAR", "gust": "9,4", "tmax": "18,4", "longitude": 23224, "avgspeed": "1,9", "dir": "02"}, {"code": "0252D", "hourtmin": "02:50", "hourgust": "05:10", "hourtmax": "Varias", "sun": null, "altitude": "74", "prec": "4,7", "latitude": 413515, "hourpresmax": null, "province": "BARCELONA", "tmed": "10,6", "tmin": "9,6", "presmax": null, "presmin": null, "hourpresmin": null, "date": "1997-04-18", "name": "ARENYS DE MAR", "gust": "10,0", "tmax": "11,7", "longitude": 23224, "avgspeed": "2,2", "dir": "07"}, {"code": "0252D", "hourtmin": "04:25", "hourgust": "10:20", "hourtmax": "Varias", "sun": null, "altitude": "74", "prec": "30,0", "latitude": 413515, "hourpresmax": null, "province": "BARCELONA", "tmed": "12,0", "tmin": "10,7", "presmax": null, "presmin": null, "hourpresmin": null, "date": "1997-04-19", "name": "ARENYS DE MAR", "gust": "5,6", "tmax": "13,4", "longitude": 23224, "avgspeed": "0,3", "dir": "18"}, {"code": "0252D", "hourtmin": "Varias", "hourgust": "22:20", "hourtmax": "00:20", "sun": null, "altitude": "74", "prec": "4,1", "latitude": 413515, "hourpresmax": null, "province": "BARCELONA", "tmed": "12,0", "tmin": "10,8", "presmax": null, "presmin": null, "hourpresmin": null, "date": "1997-04-20", "name": "ARENYS DE MAR", "gust": "12,5", "tmax": "13,1", "longitude": 23224, "avgspeed": "1,4", "dir": "01"}, {"code": "0252D", "hourtmin": "05:20", "hourgust": "00:40", "hourtmax": "12:40", "sun": null, "altitude": "74", "latitude": 413515, "hourpresmax": null, "province": "BARCELONA", "tmed": "13,6", "tmin": "8,7", "presmax": null, "presmin": null, "hourpresmin": null, "date": "1997-04-21", "name": "ARENYS DE MAR", "gust": "11,9", "tmax": "18,5", "longitude": 23224, "avgspeed": "3,1", "dir": "22"}, {"province": "BARCELONA", "hourtmax": null, "presmin": null, "code": "0252D", "name": "ARENYS DE MAR", "presmax": null, "gust": null, "altitude": "74", "longitude": 23224, "hourpresmax": null, "date": "1997-04-22", "hourpresmin": null, "hourtmin": null, "avgspeed": "1,4", "latitude": 413515, "sun": null, "hourgust": null}, {"code": "0252D", "hourtmin": "00:20", "hourgust": "12:40", "hourtmax": "13:00", "sun": null, "altitude": "74", "prec": "0,0", "latitude": 413515, "hourpresmax": null, "province": "BARCELONA", "tmed": "12,2", "tmin": "8,2", "presmax": null, "presmin": null, "hourpresmin": null, "date": "1997-04-23", "name": "ARENYS DE MAR", "gust": "6,4", "tmax": "16,3", "longitude": 23224, "avgspeed": "1,1", "dir": "15"}, {"code": "0252D", "hourtmin": "02:50", "hourgust": "14:40", "hourtmax": "Varias", "sun": null, "altitude": "74", "prec": "0,0", "latitude": 413515, "hourpresmax": null, "province": "BARCELONA", "tmed": "12,4", "tmin": "8,2", "presmax": null, "presmin": null, "hourpresmin": null, "date": "1997-04-24", "name": "ARENYS DE MAR", "gust": "8,6", "tmax": "16,5", "longitude": 23224, "avgspeed": "2,2", "dir": "19"}, {"code": "0252D", "hourtmin": "00:45", "hourgust": "16:50", "hourtmax": "13:00", "sun": null, "altitude": "74", "prec": "0,0", "latitude": 413515, "hourpresmax": null, "province": "BARCELONA", "tmed": "14,6", "tmin": "11,4", "presmax": null, "presmin": null, "hourpresmin": null, "date": "1997-04-25", "name": "ARENYS DE MAR", "gust": "10,0", "tmax": "17,8", "longitude": 23224, "avgspeed": "3,3", "dir": "22"}, {"code": "0252D", "hourtmin": "04:25", "hourgust": "13:20", "hourtmax": "11:45", "sun": null, "altitude": "74", "prec": "0,0", "latitude": 413515, "hourpresmax": null, "province": "BARCELONA", "tmed": "15,4", "tmin": "12,6", "presmax": null, "presmin": null, "hourpresmin": null, "date": "1997-04-26", "name": "ARENYS DE MAR", "gust": "11,4", "tmax": "18,3", "longitude": 23224, "avgspeed": "3,6", "dir": "22"}, {"code": "0252D", "hourtmin": "23:20", "hourgust": "13:00", "hourtmax": "13:50", "sun": null, "altitude": "74", "prec": "0,1", "latitude": 413515, "hourpresmax": null, "province": "BARCELONA", "tmed": "15,2", "tmin": "12,6", "presmax": null, "presmin": null, "hourpresmin": null, "date": "1997-04-27", "name": "ARENYS DE MAR", "gust": "5,3", "tmax": "17,7", "longitude": 23224, "avgspeed": "1,1", "dir": "13"}, {"code": "0252D", "hourtmin": "02:10", "hourgust": "12:10", "hourtmax": "13:10", "sun": null, "altitude": "74", "prec": "0,1", "latitude": 413515, "hourpresmax": null, "province": "BARCELONA", "tmed": "15,4", "tmin": "11,7", "presmax": null, "presmin": null, "hourpresmin": null, "date": "1997-04-28", "name": "ARENYS DE MAR", "gust": "6,7", "tmax": "19,2", "longitude": 23224, "avgspeed": "1,7", "dir": "22"}, {"code": "0252D", "hourtmin": "04:40", "hourgust": "07:30", "hourtmax": "08:20", "sun": null, "altitude": "74", "prec": "0,0", "latitude": 413515, "hourpresmax": null, "province": "BARCELONA", "tmed": "16,0", "tmin": "12,4", "presmax": null, "presmin": null, "hourpresmin": null, "date": "1997-04-29", "name": "ARENYS DE MAR", "gust": "7,5", "tmax": "19,7", "longitude": 23224, "avgspeed": "1,9", "dir": "24"}, {"code": "0252D", "hourtmin": "02:40", "hourgust": "12:50", "hourtmax": "13:00", "sun": null, "altitude": "74", "prec": "0,0", "latitude": 413515, "hourpresmax": null, "province": "BARCELONA", "tmed": "15,6", "tmin": "11,6", "presmax": null, "presmin": null, "hourpresmin": null, "date": "1997-04-30", "name": "ARENYS DE MAR", "gust": "8,3", "tmax": "19,7", "longitude": 23224, "avgspeed": "2,8", "dir": "22"}, {"code": "0252D", "hourtmin": "04:50", "hourgust": "00:10", "hourtmax": "10:00", "sun": null, "altitude": "74", "prec": "0,0", "latitude": 413515, "hourpresmax": null, "province": "BARCELONA", "tmed": "14,4", "tmin": "9,8", "presmax": null, "presmin": null, "hourpresmin": null, "date": "1997-05-01", "name": "ARENYS DE MAR", "gust": "5,8", "tmax": "18,9", "longitude": 23224, "avgspeed": "0,8", "dir": "30"}, {"code": "0252D", "hourtmin": "Varias", "hourgust": "15:10", "hourtmax": "13:30", "sun": null, "altitude": "74", "prec": "0,0", "latitude": 413515, "hourpresmax": null, "province": "BARCELONA", "tmed": "14,7", "tmin": "10,2", "presmax": null, "presmin": null, "hourpresmin": null, "date": "1997-05-02", "name": "ARENYS DE MAR", "gust": "7,8", "tmax": "19,2", "longitude": 23224, "avgspeed": "1,9", "dir": "22"}, {"code": "0252D", "hourtmin": "05:20", "hourgust": "13:00", "hourtmax": "14:10", "sun": null, "altitude": "74", "prec": "0,0", "latitude": 413515, "hourpresmax": null, "province": "BARCELONA", "tmed": "16,0", "tmin": "13,2", "presmax": null, "presmin": null, "hourpresmin": null, "date": "1997-05-03", "name": "ARENYS DE MAR", "gust": "10,0", "tmax": "18,8", "longitude": 23224, "avgspeed": "3,3", "dir": "20"}, {"code": "0252D", "hourtmin": "00:00", "hourgust": "14:10", "hourtmax": "Varias", "sun": null, "altitude": "74", "prec": "0,2", "latitude": 413515, "hourpresmax": null, "province": "BARCELONA", "tmed": "16,7", "tmin": "13,6", "presmax": null, "presmin": null, "hourpresmin": null, "date": "1997-05-04", "name": "ARENYS DE MAR", "gust": "10,6", "tmax": "19,8", "longitude": 23224, "avgspeed": "2,8", "dir": "22"}, {"code": "0252D", "hourtmin": "05:10", "hourgust": "13:30", "hourtmax": "12:30", "sun": null, "altitude": "74", "prec": "0,0", "latitude": 413515, "hourpresmax": null, "province": "BARCELONA", "tmed": "20,2", "tmin": "13,6", "presmax": null, "presmin": null, "hourpresmin": null, "date": "1997-05-05", "name": "ARENYS DE MAR", "gust": "12,2", "tmax": "26,7", "longitude": 23224, "avgspeed": "3,9", "dir": "22"}, {"code": "0252D", "hourtmin": "23:50", "hourgust": "10:40", "hourtmax": "15:50", "sun": null, "altitude": "74", "prec": "0,0", "latitude": 413515, "hourpresmax": null, "province": "BARCELONA", "tmed": "17,0", "tmin": "12,6", "presmax": null, "presmin": null, "hourpresmin": null, "date": "1997-05-06", "name": "ARENYS DE MAR", "gust": "16,4", "tmax": "21,5", "longitude": 23224, "avgspeed": "4,2", "dir": "27"}, {"code": "0252D", "hourtmin": "23:10", "hourgust": "16:10", "hourtmax": "12:50", "sun": null, "altitude": "74", "prec": "12,0", "latitude": 413515, "hourpresmax": null, "province": "BARCELONA", "tmed": "10,4", "tmin": "5,8", "presmax": null, "presmin": null, "hourpresmin": null, "date": "1997-05-07", "name": "ARENYS DE MAR", "gust": "15,3", "tmax": "15,1", "longitude": 23224, "avgspeed": "1,7", "dir": "21"}, {"code": "0252D", "hourtmin": "05:05", "hourgust": "11:20", "hourtmax": "18:00", "sun": null, "altitude": "74", "prec": "0,0", "latitude": 413515, "hourpresmax": null, "province": "BARCELONA", "tmed": "10,0", "tmin": "3,4", "presmax": null, "presmin": null, "hourpresmin": null, "date": "1997-05-08", "name": "ARENYS DE MAR", "gust": "6,7", "tmax": "16,5", "longitude": 23224, "avgspeed": "0,6", "dir": "19"}, {"code": "0252D", "hourtmin": "00:00", "hourgust": "14:00", "hourtmax": "Varias", "sun": null, "altitude": "74", "prec": "0,0", "latitude": 413515, "hourpresmax": null, "province": "BARCELONA", "tmed": "14,2", "tmin": "10,0", "presmax": null, "presmin": null, "hourpresmin": null, "date": "1997-05-09", "name": "ARENYS DE MAR", "gust": "9,7", "tmax": "18,5", "longitude": 23224, "avgspeed": "2,2", "dir": "21"}, {"code": "0252D", "hourtmin": "03:30", "hourgust": "10:10", "hourtmax": "10:50", "sun": null, "altitude": "74", "prec": "0,0", "latitude": 413515, "hourpresmax": null, "province": "BARCELONA", "tmed": "14,0", "tmin": "9,6", "presmax": null, "presmin": null, "hourpresmin": null, "date": "1997-05-10", "name": "ARENYS DE MAR", "gust": "6,9", "tmax": "18,4", "longitude": 23224, "avgspeed": "0,8", "dir": "32"}, {"code": "0252D", "hourtmin": "Varias", "hourgust": "17:20", "hourtmax": "13:00", "sun": null, "altitude": "74", "prec": "0,0", "latitude": 413515, "hourpresmax": null, "province": "BARCELONA", "tmed": "15,2", "tmin": "11,8", "presmax": null, "presmin": null, "hourpresmin": null, "date": "1997-05-11", "name": "ARENYS DE MAR", "gust": "4,7", "tmax": "18,5", "longitude": 23224, "avgspeed": "0,8", "dir": "13"}, {"code": "0252D", "hourtmin": "05:00", "hourgust": "23:50", "hourtmax": "09:30", "sun": null, "altitude": "74", "prec": "0,2", "latitude": 413515, "hourpresmax": null, "province": "BARCELONA", "tmed": "15,7", "tmin": "13,9", "presmax": null, "presmin": null, "hourpresmin": null, "date": "1997-05-12", "name": "ARENYS DE MAR", "gust": "6,4", "tmax": "17,5", "longitude": 23224, "avgspeed": "0,8", "dir": "14"}, {"code": "0252D", "hourtmin": "06:50", "hourgust": "10:40", "hourtmax": "14:05", "sun": null, "altitude": "74", "prec": "0,1", "latitude": 413515, "hourpresmax": null, "province": "BARCELONA", "tmed": "18,6", "tmin": "14,2", "presmax": null, "presmin": null, "hourpresmin": null, "date": "1997-05-13", "name": "ARENYS DE MAR", "gust": "10,8", "tmax": "23,0", "longitude": 23224, "avgspeed": "1,4", "dir": "02"}, {"code": "0252D", "hourtmin": "04:50", "hourgust": "12:10", "hourtmax": "13:30", "sun": null, "altitude": "74", "prec": "0,0", "latitude": 413515, "hourpresmax": null, "province": "BARCELONA", "tmed": "20,0", "tmin": "16,1", "presmax": null, "presmin": null, "hourpresmin": null, "date": "1997-05-14", "name": "ARENYS DE MAR", "gust": "11,7", "tmax": "24,0", "longitude": 23224, "avgspeed": "2,8", "dir": "08"}, {"code": "0252D", "hourtmin": "23:40", "hourgust": "09:40", "hourtmax": "14:20", "sun": null, "altitude": "74", "prec": "0,2", "latitude": 413515, "hourpresmax": null, "province": "BARCELONA", "tmed": "18,1", "tmin": "13,6", "presmax": null, "presmin": null, "hourpresmin": null, "date": "1997-05-15", "name": "ARENYS DE MAR", "gust": "7,8", "tmax": "22,6", "longitude": 23224, "avgspeed": "0,3", "dir": "36"}, {"code": "0252D", "hourtmin": "00:10", "hourgust": "09:30", "hourtmax": "10:50", "sun": null, "altitude": "74", "prec": "0,2", "latitude": 413515, "hourpresmax": null, "province": "BARCELONA", "tmed": "17,4", "tmin": "14,0", "presmax": null, "presmin": null, "hourpresmin": null, "date": "1997-05-16", "name": "ARENYS DE MAR", "gust": "6,1", "tmax": "20,7", "longitude": 23224, "avgspeed": "0,8", "dir": "11"}, {"code": "0252D", "hourtmin": "23:50", "hourgust": "14:30", "hourtmax": "11:30", "sun": null, "altitude": "74", "prec": "1,9", "latitude": 413515, "hourpresmax": null, "province": "BARCELONA", "tmed": "16,0", "tmin": "12,6", "presmax": null, "presmin": null, "hourpresmin": null, "date": "1997-05-17", "name": "ARENYS DE MAR", "gust": "6,7", "tmax": "19,5", "longitude": 23224, "avgspeed": "1,7", "dir": "22"}, {"code": "0252D", "hourtmin": "05:00", "hourgust": "15:20", "hourtmax": "12:00", "sun": null, "altitude": "74", "prec": "0,0", "latitude": 413515, "hourpresmax": null, "province": "BARCELONA", "tmed": "15,6", "tmin": "11,0", "presmax": null, "presmin": null, "hourpresmin": null, "date": "1997-05-18", "name": "ARENYS DE MAR", "gust": "8,9", "tmax": "20,1", "longitude": 23224, "avgspeed": "2,8", "dir": "22"}, {"code": "0252D", "hourtmin": "04:30", "hourgust": "Varias", "hourtmax": "11:40", "sun": null, "altitude": "74", "prec": "0,0", "latitude": 413515, "hourpresmax": null, "province": "BARCELONA", "tmed": "16,3", "tmin": "12,8", "presmax": null, "presmin": null, "hourpresmin": null, "date": "1997-05-19", "name": "ARENYS DE MAR", "gust": "7,8", "tmax": "19,8", "longitude": 23224, "avgspeed": "2,8", "dir": "22"}, {"code": "0252D", "hourtmin": "04:20", "hourgust": "09:40", "hourtmax": "10:00", "sun": null, "altitude": "74", "prec": "0,0", "latitude": 413515, "hourpresmax": null, "province": "BARCELONA", "tmed": "19,0", "tmin": "13,4", "presmax": null, "presmin": null, "hourpresmin": null, "date": "1997-05-20", "name": "ARENYS DE MAR", "gust": "7,8", "tmax": "24,5", "longitude": 23224, "avgspeed": "1,4", "dir": "30"}, {"code": "0252D", "hourtmin": "21:20", "hourgust": "20:10", "hourtmax": "09:30", "sun": null, "altitude": "74", "prec": "2,4", "latitude": 413515, "hourpresmax": null, "province": "BARCELONA", "tmed": "17,8", "tmin": "13,6", "presmax": null, "presmin": null, "hourpresmin": null, "date": "1997-05-21", "name": "ARENYS DE MAR", "gust": "6,7", "tmax": "22,0", "longitude": 23224, "avgspeed": "1,7", "dir": "32"}, {"code": "0252D", "hourtmin": "03:10", "hourgust": "12:00", "hourtmax": "11:10", "sun": null, "altitude": "74", "prec": "0,0", "latitude": 413515, "hourpresmax": null, "province": "BARCELONA", "tmed": "16,0", "tmin": "12,5", "presmax": null, "presmin": null, "hourpresmin": null, "date": "1997-05-22", "name": "ARENYS DE MAR", "gust": "7,2", "tmax": "19,6", "longitude": 23224, "avgspeed": "1,4", "dir": "21"}, {"code": "0252D", "hourtmin": "Varias", "hourgust": "12:20", "hourtmax": "14:50", "sun": null, "altitude": "74", "prec": "0,0", "latitude": 413515, "hourpresmax": null, "province": "BARCELONA", "tmed": "17,1", "tmin": "12,7", "presmax": null, "presmin": null, "hourpresmin": null, "date": "1997-05-23", "name": "ARENYS DE MAR", "gust": "8,1", "tmax": "21,5", "longitude": 23224, "avgspeed": "1,9", "dir": "18"}, {"code": "0252D", "hourtmin": "02:00", "hourgust": "09:50", "hourtmax": "10:30", "sun": null, "altitude": "74", "prec": "0,0", "latitude": 413515, "hourpresmax": null, "province": "BARCELONA", "tmed": "18,0", "tmin": "13,2", "presmax": null, "presmin": null, "hourpresmin": null, "date": "1997-05-24", "name": "ARENYS DE MAR", "gust": "5,0", "tmax": "22,8", "longitude": 23224, "avgspeed": "0,6", "dir": "18"}, {"code": "0252D", "hourtmin": "01:50", "hourgust": "10:30", "hourtmax": "15:35", "sun": null, "altitude": "74", "prec": "0,0", "latitude": 413515, "hourpresmax": null, "province": "BARCELONA", "tmed": "19,8", "tmin": "15,4", "presmax": null, "presmin": null, "hourpresmin": null, "date": "1997-05-25", "name": "ARENYS DE MAR", "gust": "11,1", "tmax": "24,1", "longitude": 23224, "avgspeed": "2,2", "dir": "05"}, {"code": "0252D", "hourtmin": "22:40", "hourgust": "15:00", "hourtmax": "09:00", "sun": null, "altitude": "74", "prec": "0,0", "latitude": 413515, "hourpresmax": null, "province": "BARCELONA", "tmed": "21,6", "tmin": "16,4", "presmax": null, "presmin": null, "hourpresmin": null, "date": "1997-05-26", "name": "ARENYS DE MAR", "gust": "9,4", "tmax": "26,8", "longitude": 23224, "avgspeed": "0,8", "dir": "13"}, {"code": "0252D", "hourtmin": "Varias", "hourgust": "11:40", "hourtmax": "11:10", "sun": null, "altitude": "74", "prec": "0,0", "latitude": 413515, "hourpresmax": null, "province": "BARCELONA", "tmed": "20,7", "tmin": "15,6", "presmax": null, "presmin": null, "hourpresmin": null, "date": "1997-05-27", "name": "ARENYS DE MAR", "gust": "4,4", "tmax": "25,8", "longitude": 23224, "avgspeed": "1,1", "dir": "13"}, {"code": "0252D", "hourtmin": "05:00", "hourgust": "12:00", "hourtmax": "15:10", "sun": null, "altitude": "74", "prec": "0,0", "latitude": 413515, "hourpresmax": null, "province": "BARCELONA", "tmed": "20,5", "tmin": "16,3", "presmax": null, "presmin": null, "hourpresmin": null, "date": "1997-05-28", "name": "ARENYS DE MAR", "gust": "5,6", "tmax": "24,7", "longitude": 23224, "avgspeed": "1,4", "dir": "16"}, {"code": "0252D", "hourtmin": "23:50", "hourgust": "14:40", "hourtmax": "11:10", "sun": null, "altitude": "74", "prec": "0,0", "latitude": 413515, "hourpresmax": null, "province": "BARCELONA", "tmed": "20,9", "tmin": "15,2", "presmax": null, "presmin": null, "hourpresmin": null, "date": "1997-05-29", "name": "ARENYS DE MAR", "gust": "9,4", "tmax": "26,6", "longitude": 23224, "avgspeed": "1,1", "dir": "04"}, {"code": "0252D", "hourtmin": "04:00", "hourgust": "11:50", "hourtmax": "11:30", "sun": null, "altitude": "74", "prec": "0,0", "latitude": 413515, "hourpresmax": null, "province": "BARCELONA", "tmed": "19,0", "tmin": "14,9", "presmax": null, "presmin": null, "hourpresmin": null, "date": "1997-05-30", "name": "ARENYS DE MAR", "gust": "5,0", "tmax": "23,1", "longitude": 23224, "avgspeed": "1,1", "dir": "13"}, {"code": "0252D", "hourtmin": "03:50", "hourgust": "14:20", "hourtmax": "Varias", "sun": null, "altitude": "74", "prec": "8,7", "latitude": 413515, "hourpresmax": null, "province": "BARCELONA", "tmed": "18,6", "tmin": "14,8", "presmax": null, "presmin": null, "hourpresmin": null, "date": "1997-05-31", "name": "ARENYS DE MAR", "gust": "5,0", "tmax": "22,4", "longitude": 23224, "avgspeed": "1,1", "dir": "13"}, {"code": "0252D", "hourtmin": "23:20", "hourgust": "12:20", "hourtmax": "15:35", "sun": null, "altitude": "74", "prec": "0,8", "latitude": 413515, "hourpresmax": null, "province": "BARCELONA", "tmed": "18,0", "tmin": "15,4", "presmax": null, "presmin": null, "hourpresmin": null, "date": "1997-06-01", "name": "ARENYS DE MAR", "gust": "11,1", "tmax": "20,7", "longitude": 23224, "avgspeed": "1,9", "dir": "22"}, {"code": "0252D", "hourtmin": "03:10", "hourgust": "13:10", "hourtmax": "Varias", "sun": null, "altitude": "74", "prec": "0,0", "latitude": 413515, "hourpresmax": null, "province": "BARCELONA", "tmed": "18,0", "tmin": "14,8", "presmax": null, "presmin": null, "hourpresmin": null, "date": "1997-06-02", "name": "ARENYS DE MAR", "gust": "6,4", "tmax": "21,1", "longitude": 23224, "avgspeed": "0,6", "dir": "13"}, {"code": "0252D", "hourtmin": "Varias", "hourgust": "13:00", "hourtmax": "11:40", "sun": null, "altitude": "74", "prec": "0,5", "latitude": 413515, "hourpresmax": null, "province": "BARCELONA", "tmed": "18,6", "tmin": "14,1", "presmax": null, "presmin": null, "hourpresmin": null, "date": "1997-06-03", "name": "ARENYS DE MAR", "gust": "6,1", "tmax": "23,1", "longitude": 23224, "avgspeed": "1,7", "dir": "15"}, {"code": "0252D", "hourtmin": "Varias", "hourgust": "Varias", "hourtmax": "12:40", "sun": null, "altitude": "74", "prec": "31,1", "latitude": 413515, "hourpresmax": null, "province": "BARCELONA", "tmed": "18,1", "tmin": "14,9", "presmax": null, "presmin": null, "hourpresmin": null, "date": "1997-06-04", "name": "ARENYS DE MAR", "gust": "10,3", "tmax": "21,3", "longitude": 23224, "avgspeed": "1,7", "dir": "02"}, {"code": "0252D", "hourtmin": "00:20", "hourgust": "15:20", "hourtmax": "12:30", "sun": null, "altitude": "74", "prec": "0,1", "latitude": 413515, "hourpresmax": null, "province": "BARCELONA", "tmed": "20,6", "tmin": "16,2", "presmax": null, "presmin": null, "hourpresmin": null, "date": "1997-06-05", "name": "ARENYS DE MAR", "gust": "13,9", "tmax": "25,0", "longitude": 23224, "avgspeed": "3,3", "dir": "22"}, {"code": "0252D", "hourtmin": "05:20", "hourgust": "Varias", "hourtmax": "13:45", "sun": null, "altitude": "74", "prec": "0,0", "latitude": 413515, "hourpresmax": null, "province": "BARCELONA", "tmed": "18,8", "tmin": "15,8", "presmax": null, "presmin": null, "hourpresmin": null, "date": "1997-06-06", "name": "ARENYS DE MAR", "gust": "5,3", "tmax": "21,7", "longitude": 23224, "avgspeed": "1,1", "dir": "13"}, {"code": "0252D", "hourtmin": "04:30", "hourgust": "15:30", "hourtmax": "11:00", "sun": null, "altitude": "74", "prec": "0,0", "latitude": 413515, "hourpresmax": null, "province": "BARCELONA", "tmed": "19,8", "tmin": "15,3", "presmax": null, "presmin": null, "hourpresmin": null, "date": "1997-06-07", "name": "ARENYS DE MAR", "gust": "7,2", "tmax": "24,4", "longitude": 23224, "avgspeed": "2,8", "dir": "22"}, {"code": "0252D", "hourtmin": "01:35", "hourgust": "12:10", "hourtmax": "15:25", "sun": null, "altitude": "74", "prec": "0,0", "latitude": 413515, "hourpresmax": null, "province": "BARCELONA", "tmed": "20,3", "tmin": "17,0", "presmax": null, "presmin": null, "hourpresmin": null, "date": "1997-06-08", "name": "ARENYS DE MAR", "gust": "4,7", "tmax": "23,6", "longitude": 23224, "avgspeed": "0,8", "dir": "13"}, {"code": "0252D", "hourtmin": "23:50", "hourgust": "15:10", "hourtmax": "13:30", "sun": null, "altitude": "74", "prec": "0,0", "latitude": 413515, "hourpresmax": null, "province": "BARCELONA", "tmed": "21,2", "tmin": "17,3", "presmax": null, "presmin": null, "hourpresmin": null, "date": "1997-06-09", "name": "ARENYS DE MAR", "gust": "6,1", "tmax": "25,2", "longitude": 23224, "avgspeed": "1,4", "dir": "10"}, {"code": "0252D", "hourtmin": "03:40", "hourgust": "15:30", "hourtmax": "13:20", "sun": null, "altitude": "74", "prec": "0,0", "latitude": 413515, "hourpresmax": null, "province": "BARCELONA", "tmed": "21,6", "tmin": "16,0", "presmax": null, "presmin": null, "hourpresmin": null, "date": "1997-06-10", "name": "ARENYS DE MAR", "gust": "7,8", "tmax": "27,1", "longitude": 23224, "avgspeed": "1,1", "dir": "07"}, {"code": "0252D", "hourtmin": "23:25", "hourgust": "04:10", "hourtmax": "12:30", "sun": null, "altitude": "74", "prec": "0,0", "latitude": 413515, "hourpresmax": null, "province": "BARCELONA", "tmed": "21,2", "tmin": "18,4", "presmax": null, "presmin": null, "hourpresmin": null, "date": "1997-06-11", "name": "ARENYS DE MAR", "gust": "8,6", "tmax": "23,9", "longitude": 23224, "avgspeed": "1,1", "dir": "29"}, {"code": "0252D", "hourtmin": "01:00", "hourgust": "11:00", "hourtmax": "09:30", "sun": null, "altitude": "74", "prec": "0,0", "latitude": 413515, "hourpresmax": null, "province": "BARCELONA", "tmed": "21,8", "tmin": "17,8", "presmax": null, "presmin": null, "hourpresmin": null, "date": "1997-06-12", "name": "ARENYS DE MAR", "gust": "5,0", "tmax": "25,9", "longitude": 23224, "avgspeed": "0,8", "dir": "13"}, {"code": "0252D", "hourtmin": "04:40", "hourgust": "16:10", "hourtmax": "14:00", "sun": null, "altitude": "74", "prec": "0,0", "latitude": 413515, "hourpresmax": null, "province": "BARCELONA", "tmed": "22,2", "tmin": "18,3", "presmax": null, "presmin": null, "hourpresmin": null, "date": "1997-06-13", "name": "ARENYS DE MAR", "gust": "7,8", "tmax": "26,2", "longitude": 23224, "avgspeed": "1,7", "dir": "22"}, {"code": "0252D", "hourtmin": "23:40", "hourgust": "14:00", "hourtmax": "11:30", "sun": null, "altitude": "74", "prec": "0,0", "latitude": 413515, "hourpresmax": null, "province": "BARCELONA", "tmed": "22,0", "tmin": "18,5", "presmax": null, "presmin": null, "hourpresmin": null, "date": "1997-06-14", "name": "ARENYS DE MAR", "gust": "5,6", "tmax": "25,6", "longitude": 23224, "avgspeed": "1,1", "dir": "16"}, {"code": "0252D", "hourtmin": "23:15", "hourgust": "11:20", "hourtmax": "11:00", "sun": null, "altitude": "74", "prec": "0,0", "latitude": 413515, "hourpresmax": null, "province": "BARCELONA", "tmed": "20,6", "tmin": "17,7", "presmax": null, "presmin": null, "hourpresmin": null, "date": "1997-06-15", "name": "ARENYS DE MAR", "gust": "6,7", "tmax": "23,6", "longitude": 23224, "avgspeed": "1,9", "dir": "18"}, {"code": "0252D", "hourtmin": "Varias", "hourgust": "12:00", "hourtmax": "08:10", "sun": null, "altitude": "74", "prec": "0,0", "latitude": 413515, "hourpresmax": null, "province": "BARCELONA", "tmed": "21,0", "tmin": "17,8", "presmax": null, "presmin": null, "hourpresmin": null, "date": "1997-06-16", "name": "ARENYS DE MAR", "gust": "6,7", "tmax": "24,3", "longitude": 23224, "avgspeed": "1,7", "dir": "21"}, {"code": "0252D", "hourtmin": "03:40", "hourgust": "Varias", "hourtmax": "08:50", "sun": null, "altitude": "74", "latitude": 413515, "hourpresmax": null, "province": "BARCELONA", "tmed": "20,8", "tmin": "17,5", "presmax": null, "presmin": null, "hourpresmin": null, "date": "1997-06-17", "name": "ARENYS DE MAR", "gust": "4,7", "tmax": "24,2", "longitude": 23224, "avgspeed": "0,6", "dir": "13"}, {"province": "BARCELONA", "hourtmax": null, "presmin": null, "code": "0252D", "name": "ARENYS DE MAR", "presmax": null, "gust": null, "altitude": "74", "longitude": 23224, "hourpresmax": null, "date": "1997-06-18", "hourpresmin": null, "hourtmin": null, "avgspeed": "1,7", "latitude": 413515, "sun": null, "hourgust": null}, {"province": "BARCELONA", "hourtmax": null, "presmin": null, "code": "0252D", "name": "ARENYS DE MAR", "presmax": null, "gust": null, "altitude": "74", "longitude": 23224, "hourpresmax": null, "date": "1997-07-18", "hourpresmin": null, "hourtmin": null, "avgspeed": "1,4", "latitude": 413515, "sun": null, "hourgust": null}, {"code": "0252D", "hourtmin": null, "hourgust": "13:40", "hourtmax": null, "sun": null, "altitude": "74", "prec": "0,0", "latitude": 413515, "hourpresmax": null, "province": "BARCELONA", "presmax": null, "presmin": null, "hourpresmin": null, "date": "1997-07-19", "name": "ARENYS DE MAR", "gust": "6,4", "longitude": 23224, "avgspeed": "1,7", "dir": "20"}, {"code": "0252D", "hourtmin": null, "hourgust": "13:30", "hourtmax": null, "sun": null, "altitude": "74", "prec": "0,0", "latitude": 413515, "hourpresmax": null, "province": "BARCELONA", "presmax": null, "presmin": null, "hourpresmin": null, "date": "1997-07-20", "name": "ARENYS DE MAR", "gust": "7,5", "longitude": 23224, "avgspeed": "1,9", "dir": "24"}, {"code": "0252D", "hourtmin": null, "hourgust": "10:30", "hourtmax": null, "sun": null, "altitude": "74", "prec": "0,0", "latitude": 413515, "hourpresmax": null, "province": "BARCELONA", "presmax": null, "presmin": null, "hourpresmin": null, "date": "1997-07-21", "name": "ARENYS DE MAR", "gust": "5,8", "longitude": 23224, "avgspeed": "1,1", "dir": "13"}, {"code": "0252D", "hourtmin": null, "hourgust": "10:10", "hourtmax": null, "sun": null, "altitude": "74", "prec": "0,0", "latitude": 413515, "hourpresmax": null, "province": "BARCELONA", "presmax": null, "presmin": null, "hourpresmin": null, "date": "1997-07-22", "name": "ARENYS DE MAR", "gust": "6,4", "longitude": 23224, "avgspeed": "0,8", "dir": "13"}, {"code": "0252D", "hourtmin": null, "hourgust": "10:50", "hourtmax": null, "sun": null, "altitude": "74", "prec": "0,0", "latitude": 413515, "hourpresmax": null, "province": "BARCELONA", "presmax": null, "presmin": null, "hourpresmin": null, "date": "1997-07-23", "name": "ARENYS DE MAR", "gust": "8,3", "longitude": 23224, "avgspeed": "1,1", "dir": "01"}, {"code": "0252D", "hourtmin": null, "hourgust": "12:40", "hourtmax": null, "sun": null, "altitude": "74", "prec": "0,0", "latitude": 413515, "hourpresmax": null, "province": "BARCELONA", "presmax": null, "presmin": null, "hourpresmin": null, "date": "1997-07-24", "name": "ARENYS DE MAR", "gust": "5,8", "longitude": 23224, "avgspeed": "1,1", "dir": "22"}, {"code": "0252D", "hourtmin": null, "hourgust": "15:40", "hourtmax": null, "sun": null, "altitude": "74", "prec": "0,0", "latitude": 413515, "hourpresmax": null, "province": "BARCELONA", "presmax": null, "presmin": null, "hourpresmin": null, "date": "1997-07-25", "name": "ARENYS DE MAR", "gust": "5,6", "longitude": 23224, "avgspeed": "1,4", "dir": "21"}, {"code": "0252D", "hourtmin": null, "hourgust": "14:50", "hourtmax": null, "sun": null, "altitude": "74", "prec": "0,0", "latitude": 413515, "hourpresmax": null, "province": "BARCELONA", "presmax": null, "presmin": null, "hourpresmin": null, "date": "1997-07-26", "name": "ARENYS DE MAR", "gust": "5,3", "longitude": 23224, "avgspeed": "1,7", "dir": "15"}, {"code": "0252D", "hourtmin": null, "hourgust": "12:50", "hourtmax": null, "sun": null, "altitude": "74", "prec": "0,0", "latitude": 413515, "hourpresmax": null, "province": "BARCELONA", "presmax": null, "presmin": null, "hourpresmin": null, "date": "1997-07-27", "name": "ARENYS DE MAR", "gust": "6,1", "longitude": 23224, "avgspeed": "1,7", "dir": "18"}, {"code": "0252D", "hourtmin": null, "hourgust": "14:40", "hourtmax": null, "sun": null, "altitude": "74", "prec": "0,0", "latitude": 413515, "hourpresmax": null, "province": "BARCELONA", "presmax": null, "presmin": null, "hourpresmin": null, "date": "1997-07-28", "name": "ARENYS DE MAR", "gust": "7,2", "longitude": 23224, "avgspeed": "2,2", "dir": "21"}, {"code": "0252D", "hourtmin": null, "hourgust": "12:40", "hourtmax": null, "sun": null, "altitude": "74", "prec": "0,0", "latitude": 413515, "hourpresmax": null, "province": "BARCELONA", "presmax": null, "presmin": null, "hourpresmin": null, "date": "1997-07-29", "name": "ARENYS DE MAR", "gust": "4,7", "longitude": 23224, "avgspeed": "0,6", "dir": "13"}, {"code": "0252D", "hourtmin": null, "hourgust": "14:00", "hourtmax": null, "sun": null, "altitude": "74", "prec": "0,4", "latitude": 413515, "hourpresmax": null, "province": "BARCELONA", "presmax": null, "presmin": null, "hourpresmin": null, "date": "1997-07-30", "name": "ARENYS DE MAR", "gust": "5,3", "longitude": 23224, "avgspeed": "0,6", "dir": "15"}, {"code": "0252D", "hourtmin": null, "hourgust": "17:20", "hourtmax": null, "sun": null, "altitude": "74", "prec": "0,0", "latitude": 413515, "hourpresmax": null, "province": "BARCELONA", "presmax": null, "presmin": null, "hourpresmin": null, "date": "1997-07-31", "name": "ARENYS DE MAR", "gust": "5,8", "longitude": 23224, "avgspeed": "1,7", "dir": "18"}, {"code": "0252D", "hourtmin": null, "hourgust": "10:40", "hourtmax": null, "sun": null, "altitude": "74", "prec": "0,0", "latitude": 413515, "hourpresmax": null, "province": "BARCELONA", "presmax": null, "presmin": null, "hourpresmin": null, "date": "1997-08-01", "name": "ARENYS DE MAR", "gust": "5,6", "longitude": 23224, "avgspeed": "1,1", "dir": "13"}, {"code": "0252D", "hourtmin": null, "hourgust": "15:00", "hourtmax": null, "sun": null, "altitude": "74", "prec": "0,0", "latitude": 413515, "hourpresmax": null, "province": "BARCELONA", "presmax": null, "presmin": null, "hourpresmin": null, "date": "1997-08-02", "name": "ARENYS DE MAR", "gust": "5,8", "longitude": 23224, "avgspeed": "1,4", "dir": "22"}, {"code": "0252D", "hourtmin": null, "hourgust": "15:30", "hourtmax": null, "sun": null, "altitude": "74", "prec": "0,0", "latitude": 413515, "hourpresmax": null, "province": "BARCELONA", "presmax": null, "presmin": null, "hourpresmin": null, "date": "1997-08-03", "name": "ARENYS DE MAR", "gust": "7,5", "longitude": 23224, "avgspeed": "1,4", "dir": "22"}, {"code": "0252D", "hourtmin": null, "hourgust": "10:20", "hourtmax": null, "sun": null, "altitude": "74", "prec": "0,0", "latitude": 413515, "hourpresmax": null, "province": "BARCELONA", "presmax": null, "presmin": null, "hourpresmin": null, "date": "1997-08-04", "name": "ARENYS DE MAR", "gust": "6,9", "longitude": 23224, "avgspeed": "0,8", "dir": "21"}, {"code": "0252D", "hourtmin": null, "hourgust": "04:00", "hourtmax": null, "sun": null, "altitude": "74", "prec": "1,1", "latitude": 413515, "hourpresmax": null, "province": "BARCELONA", "presmax": null, "presmin": null, "hourpresmin": null, "date": "1997-08-05", "name": "ARENYS DE MAR", "gust": "7,8", "longitude": 23224, "avgspeed": "1,1", "dir": "34"}, {"code": "0252D", "hourtmin": null, "hourgust": "Varias", "hourtmax": null, "sun": null, "altitude": "74", "prec": "0,0", "latitude": 413515, "hourpresmax": null, "province": "BARCELONA", "presmax": null, "presmin": null, "hourpresmin": null, "date": "1997-08-06", "name": "ARENYS DE MAR", "gust": "6,1", "longitude": 23224, "avgspeed": "1,4", "dir": "19"}, {"code": "0252D", "hourtmin": null, "hourgust": "12:40", "hourtmax": null, "sun": null, "altitude": "74", "prec": "0,0", "latitude": 413515, "hourpresmax": null, "province": "BARCELONA", "presmax": null, "presmin": null, "hourpresmin": null, "date": "1997-08-07", "name": "ARENYS DE MAR", "gust": "5,8", "longitude": 23224, "avgspeed": "1,4", "dir": "13"}, {"code": "0252D", "hourtmin": null, "hourgust": "13:00", "hourtmax": null, "sun": null, "altitude": "74", "prec": "0,0", "latitude": 413515, "hourpresmax": null, "province": "BARCELONA", "presmax": null, "presmin": null, "hourpresmin": null, "date": "1997-08-08", "name": "ARENYS DE MAR", "gust": "7,2", "longitude": 23224, "avgspeed": "0,6", "dir": "14"}, {"code": "0252D", "hourtmin": null, "hourgust": "08:50", "hourtmax": null, "sun": null, "altitude": "74", "prec": "0,0", "latitude": 413515, "hourpresmax": null, "province": "BARCELONA", "presmax": null, "presmin": null, "hourpresmin": null, "date": "1997-08-09", "name": "ARENYS DE MAR", "gust": "6,4", "longitude": 23224, "avgspeed": "0,8", "dir": "10"}, {"code": "0252D", "hourtmin": null, "hourgust": "22:30", "hourtmax": null, "sun": null, "altitude": "74", "prec": "9,9", "latitude": 413515, "hourpresmax": null, "province": "BARCELONA", "presmax": null, "presmin": null, "hourpresmin": null, "date": "1997-08-10", "name": "ARENYS DE MAR", "gust": "6,4", "longitude": 23224, "avgspeed": "0,6", "dir": "31"}, {"code": "0252D", "hourtmin": null, "hourgust": "00:30", "hourtmax": null, "sun": null, "altitude": "74", "prec": "0,0", "latitude": 413515, "hourpresmax": null, "province": "BARCELONA", "presmax": null, "presmin": null, "hourpresmin": null, "date": "1997-08-11", "name": "ARENYS DE MAR", "gust": "15,8", "longitude": 23224, "avgspeed": "1,4", "dir": "30"}, {"code": "0252D", "hourtmin": null, "hourgust": "12:20", "hourtmax": null, "sun": null, "altitude": "74", "latitude": 413515, "hourpresmax": null, "province": "BARCELONA", "presmax": null, "presmin": null, "hourpresmin": null, "date": "1997-08-12", "name": "ARENYS DE MAR", "gust": "6,4", "longitude": 23224, "avgspeed": "1,1", "dir": "22"}, {"code": "0252D", "hourtmin": null, "hourgust": "14:30", "hourtmax": null, "sun": null, "altitude": "74", "latitude": 413515, "hourpresmax": null, "province": "BARCELONA", "presmax": null, "presmin": null, "hourpresmin": null, "date": "1997-08-13", "name": "ARENYS DE MAR", "gust": "5,8", "longitude": 23224, "avgspeed": "1,4", "dir": "22"}, {"code": "0252D", "hourtmin": null, "hourgust": null, "hourtmax": null, "sun": null, "altitude": "74", "prec": "0,0", "latitude": 413515, "hourpresmax": "Varias", "province": "BARCELONA", "avgspeed": null, "presmax": "1013,8", "presmin": "1011,5", "hourpresmin": "16", "date": "1997-09-01", "name": "ARENYS DE MAR", "gust": null, "longitude": 23224}, {"code": "0252D", "hourtmin": null, "hourgust": null, "hourtmax": null, "sun": null, "altitude": "74", "prec": "0,0", "latitude": 413515, "hourpresmax": "Varias", "province": "BARCELONA", "avgspeed": null, "presmax": "1013,8", "presmin": "1011,5", "hourpresmin": "16", "date": "1997-09-02", "name": "ARENYS DE MAR", "gust": null, "longitude": 23224}, {"code": "0252D", "hourtmin": null, "hourgust": null, "hourtmax": null, "sun": null, "altitude": "74", "prec": "0,0", "latitude": 413515, "hourpresmax": "Varias", "province": "BARCELONA", "avgspeed": null, "presmax": "1013,8", "presmin": "1011,5", "hourpresmin": "16", "date": "1997-09-03", "name": "ARENYS DE MAR", "gust": null, "longitude": 23224}, {"code": "0252D", "hourtmin": null, "hourgust": null, "hourtmax": null, "sun": null, "altitude": "74", "prec": "0,0", "latitude": 413515, "hourpresmax": "Varias", "province": "BARCELONA", "avgspeed": null, "presmax": "1013,8", "presmin": "1011,5", "hourpresmin": "16", "date": "1997-09-04", "name": "ARENYS DE MAR", "gust": null, "longitude": 23224}, {"code": "0252D", "hourtmin": null, "hourgust": null, "hourtmax": null, "sun": null, "altitude": "74", "prec": "0,0", "latitude": 413515, "hourpresmax": "Varias", "province": "BARCELONA", "avgspeed": null, "presmax": "1013,8", "presmin": "1011,5", "hourpresmin": "16", "date": "1997-09-05", "name": "ARENYS DE MAR", "gust": null, "longitude": 23224}, {"code": "0252D", "hourtmin": null, "hourgust": null, "hourtmax": null, "sun": null, "altitude": "74", "prec": "0,0", "latitude": 413515, "hourpresmax": "Varias", "province": "BARCELONA", "avgspeed": null, "presmax": "1013,8", "presmin": "1011,5", "hourpresmin": "16", "date": "1997-09-06", "name": "ARENYS DE MAR", "gust": null, "longitude": 23224}, {"code": "0252D", "hourtmin": null, "hourgust": null, "hourtmax": null, "sun": null, "altitude": "74", "prec": "0,0", "latitude": 413515, "hourpresmax": "Varias", "province": "BARCELONA", "avgspeed": null, "presmax": "1013,8", "presmin": "1011,5", "hourpresmin": "16", "date": "1997-09-07", "name": "ARENYS DE MAR", "gust": null, "longitude": 23224}, {"code": "0252D", "hourtmin": null, "hourgust": null, "hourtmax": null, "sun": null, "altitude": "74", "prec": "0,0", "latitude": 413515, "hourpresmax": "Varias", "province": "BARCELONA", "avgspeed": null, "presmax": "1013,8", "presmin": "1011,5", "hourpresmin": "16", "date": "1997-09-08", "name": "ARENYS DE MAR", "gust": null, "longitude": 23224}, {"code": "0252D", "hourtmin": null, "hourgust": null, "hourtmax": null, "sun": null, "altitude": "74", "prec": "0,0", "latitude": 413515, "hourpresmax": "Varias", "province": "BARCELONA", "avgspeed": null, "presmax": "1013,8", "presmin": "1011,5", "hourpresmin": "16", "date": "1997-09-09", "name": "ARENYS DE MAR", "gust": null, "longitude": 23224}, {"code": "0252D", "hourtmin": null, "hourgust": null, "hourtmax": null, "sun": null, "altitude": "74", "prec": "0,0", "latitude": 413515, "hourpresmax": "Varias", "province": "BARCELONA", "avgspeed": null, "presmax": "1013,8", "presmin": "1011,5", "hourpresmin": "16", "date": "1997-09-10", "name": "ARENYS DE MAR", "gust": null, "longitude": 23224}, {"code": "0252D", "hourtmin": null, "hourgust": null, "hourtmax": null, "sun": null, "altitude": "74", "prec": "0,0", "latitude": 413515, "hourpresmax": "Varias", "province": "BARCELONA", "avgspeed": null, "presmax": "1013,8", "presmin": "1011,5", "hourpresmin": "16", "date": "1997-09-11", "name": "ARENYS DE MAR", "gust": null, "longitude": 23224}, {"code": "0252D", "hourtmin": null, "hourgust": null, "hourtmax": null, "sun": null, "altitude": "74", "prec": "0,0", "latitude": 413515, "hourpresmax": "Varias", "province": "BARCELONA", "avgspeed": null, "presmax": "1013,8", "presmin": "1011,5", "hourpresmin": "16", "date": "1997-09-12", "name": "ARENYS DE MAR", "gust": null, "longitude": 23224}, {"code": "0252D", "hourtmin": null, "hourgust": null, "hourtmax": null, "sun": null, "altitude": "74", "prec": "0,0", "latitude": 413515, "hourpresmax": "Varias", "province": "BARCELONA", "avgspeed": null, "presmax": "1013,8", "presmin": "1011,5", "hourpresmin": "16", "date": "1997-09-13", "name": "ARENYS DE MAR", "gust": null, "longitude": 23224}, {"code": "0252D", "hourtmin": null, "hourgust": null, "hourtmax": null, "sun": null, "altitude": "74", "prec": "0,0", "latitude": 413515, "hourpresmax": "Varias", "province": "BARCELONA", "avgspeed": null, "presmax": "1013,8", "presmin": "1011,5", "hourpresmin": "16", "date": "1997-09-14", "name": "ARENYS DE MAR", "gust": null, "longitude": 23224}, {"code": "0252D", "hourtmin": null, "hourgust": null, "hourtmax": null, "sun": null, "altitude": "74", "prec": "0,0", "latitude": 413515, "hourpresmax": "Varias", "province": "BARCELONA", "avgspeed": null, "presmax": "1013,8", "presmin": "1011,5", "hourpresmin": "16", "date": "1997-09-15", "name": "ARENYS DE MAR", "gust": null, "longitude": 23224}, {"code": "0252D", "hourtmin": null, "hourgust": null, "hourtmax": null, "sun": null, "altitude": "74", "prec": "0,0", "latitude": 413515, "hourpresmax": "Varias", "province": "BARCELONA", "avgspeed": null, "presmax": "1013,8", "presmin": "1011,5", "hourpresmin": "16", "date": "1997-09-16", "name": "ARENYS DE MAR", "gust": null, "longitude": 23224}, {"code": "0252D", "hourtmin": "23:50", "hourgust": "10:20", "hourtmax": "11:10", "sun": null, "altitude": "74", "prec": "0,0", "latitude": 413515, "hourpresmax": "06", "province": "BARCELONA", "tmed": "19,4", "tmin": "14,8", "avgspeed": "0,8", "presmax": "1016,2", "presmin": "1013,0", "hourpresmin": "Varias", "date": "1997-09-18", "name": "ARENYS DE MAR", "gust": "5,6", "tmax": "24,1", "longitude": 23224, "dir": "13"}, {"code": "0252D", "hourtmin": "05:40", "hourgust": "15:00", "hourtmax": "13:20", "sun": null, "altitude": "74", "prec": "0,0", "latitude": 413515, "hourpresmax": "00", "province": "BARCELONA", "tmed": "18,4", "tmin": "13,6", "avgspeed": "1,4", "presmax": "1015,3", "presmin": "1010,8", "hourpresmin": "16", "date": "1997-09-19", "name": "ARENYS DE MAR", "gust": "6,1", "tmax": "23,2", "longitude": 23224, "dir": "22"}, {"code": "0252D", "hourtmin": "05:30", "hourgust": "11:00", "hourtmax": "11:10", "sun": null, "altitude": "74", "prec": "0,0", "latitude": 413515, "hourpresmax": "23", "province": "BARCELONA", "tmed": "19,9", "tmin": "14,6", "avgspeed": "0,8", "presmax": "1012,9", "presmin": "1009,3", "hourpresmin": "16", "date": "1997-09-20", "name": "ARENYS DE MAR", "gust": "5,0", "tmax": "25,2", "longitude": 23224, "dir": "16"}, {"code": "0252D", "hourtmin": "Varias", "hourgust": "10:50", "hourtmax": "10:30", "sun": null, "altitude": "74", "prec": "2,4", "latitude": 413515, "hourpresmax": "Varias", "province": "BARCELONA", "tmed": "20,0", "tmin": "15,6", "avgspeed": "0,8", "presmax": "1013,1", "presmin": "1010,2", "hourpresmin": "11", "date": "1997-09-21", "name": "ARENYS DE MAR", "gust": "6,1", "tmax": "24,4", "longitude": 23224, "dir": "14"}]