[{"code": "0252D", "hourtmin": "22:30", "hourgust": "12:50", "hourtmax": "12:00", "sun": null, "altitude": "74", "prec": "0,1", "latitude": 413515, "hourpresmax": null, "province": "BARCELONA", "tmed": "9,4", "tmin": "4,1", "presmax": null, "presmin": null, "hourpresmin": null, "date": "1998-04-11", "name": "ARENYS DE MAR", "gust": "13,6", "tmax": "14,6", "longitude": 23224, "avgspeed": "3,1", "dir": "22"}, {"code": "0252D", "hourtmin": "01:00", "hourgust": "15:40", "hourtmax": "10:40", "sun": null, "altitude": "74", "prec": "0,4", "latitude": 413515, "hourpresmax": null, "province": "BARCELONA", "tmed": "9,0", "tmin": "3,8", "presmax": null, "presmin": null, "hourpresmin": null, "date": "1998-04-12", "name": "ARENYS DE MAR", "gust": "11,1", "tmax": "14,3", "longitude": 23224, "avgspeed": "2,2", "dir": "31"}, {"code": "0252D", "hourtmin": "23:40", "hourgust": "16:20", "hourtmax": "12:10", "sun": null, "altitude": "74", "prec": "0,1", "latitude": 413515, "hourpresmax": null, "province": "BARCELONA", "tmed": "9,7", "tmin": "4,3", "presmax": null, "presmin": null, "hourpresmin": null, "date": "1998-04-13", "name": "ARENYS DE MAR", "gust": "14,4", "tmax": "15,1", "longitude": 23224, "avgspeed": "2,2", "dir": "33"}, {"code": "0252D", "hourtmin": "05:10", "hourgust": "12:30", "hourtmax": "Varias", "sun": null, "altitude": "74", "prec": "0,5", "latitude": 413515, "hourpresmax": null, "province": "BARCELONA", "tmed": "8,8", "tmin": "4,3", "presmax": null, "presmin": null, "hourpresmin": null, "date": "1998-04-14", "name": "ARENYS DE MAR", "gust": "9,2", "tmax": "13,2", "longitude": 23224, "avgspeed": "1,9", "dir": "20"}, {"code": "0252D", "hourtmin": "23:40", "hourgust": "16:20", "hourtmax": "16:10", "sun": null, "altitude": "74", "prec": "1,6", "latitude": 413515, "hourpresmax": null, "province": "BARCELONA", "tmed": "13,3", "tmin": "9,1", "presmax": null, "presmin": null, "hourpresmin": null, "date": "1998-04-15", "name": "ARENYS DE MAR", "gust": "11,9", "tmax": "17,5", "longitude": 23224, "avgspeed": "2,2", "dir": "24"}, {"code": "0252D", "hourtmin": "04:10", "hourgust": "13:50", "hourtmax": "11:40", "sun": null, "altitude": "74", "prec": "0,1", "latitude": 413515, "hourpresmax": null, "province": "BARCELONA", "tmed": "11,4", "tmin": "6,8", "presmax": null, "presmin": null, "hourpresmin": null, "date": "1998-04-16", "name": "ARENYS DE MAR", "gust": "15,8", "tmax": "16,0", "longitude": 23224, "avgspeed": "4,2", "dir": "22"}, {"code": "0252D", "hourtmin": "22:50", "hourgust": "05:10", "hourtmax": "13:40", "sun": null, "altitude": "74", "prec": "0,0", "latitude": 413515, "hourpresmax": null, "province": "BARCELONA", "tmed": "12,5", "tmin": "6,2", "presmax": null, "presmin": null, "hourpresmin": null, "date": "1998-04-17", "name": "ARENYS DE MAR", "gust": "16,7", "tmax": "18,8", "longitude": 23224, "avgspeed": "2,8", "dir": "31"}, {"code": "0252D", "hourtmin": "05:30", "hourgust": "Varias", "hourtmax": "14:20", "sun": null, "altitude": "74", "prec": "0,0", "latitude": 413515, "hourpresmax": null, "province": "BARCELONA", "tmed": "10,0", "tmin": "4,7", "presmax": null, "presmin": null, "hourpresmin": null, "date": "1998-04-18", "name": "ARENYS DE MAR", "gust": "8,9", "tmax": "15,2", "longitude": 23224, "avgspeed": "2,2", "dir": "31"}, {"code": "0252D", "hourtmin": "02:15", "hourgust": "16:20", "hourtmax": "Varias", "sun": null, "altitude": "74", "prec": "0,0", "latitude": 413515, "hourpresmax": null, "province": "BARCELONA", "tmed": "11,4", "tmin": "7,1", "presmax": null, "presmin": null, "hourpresmin": null, "date": "1998-04-19", "name": "ARENYS DE MAR", "gust": "7,5", "tmax": "15,6", "longitude": 23224, "avgspeed": "1,9", "dir": "21"}, {"code": "0252D", "hourtmin": "04:40", "hourgust": "15:30", "hourtmax": "12:30", "sun": null, "altitude": "74", "prec": "0,0", "latitude": 413515, "hourpresmax": null, "province": "BARCELONA", "tmed": "12,6", "tmin": "7,3", "presmax": null, "presmin": null, "hourpresmin": null, "date": "1998-04-20", "name": "ARENYS DE MAR", "gust": "7,5", "tmax": "17,8", "longitude": 23224, "avgspeed": "2,8", "dir": "22"}, {"code": "0252D", "hourtmin": "05:05", "hourgust": "10:20", "hourtmax": "15:15", "sun": null, "altitude": "74", "prec": "0,0", "latitude": 413515, "hourpresmax": null, "province": "BARCELONA", "tmed": "13,0", "tmin": "8,7", "presmax": null, "presmin": null, "hourpresmin": null, "date": "1998-04-21", "name": "ARENYS DE MAR", "gust": "5,3", "tmax": "17,4", "longitude": 23224, "avgspeed": "0,8", "dir": "13"}, {"code": "0252D", "hourtmin": "03:35", "hourgust": "08:50", "hourtmax": "10:50", "sun": null, "altitude": "74", "prec": "0,0", "latitude": 413515, "hourpresmax": null, "province": "BARCELONA", "tmed": "14,5", "tmin": "9,0", "presmax": null, "presmin": null, "hourpresmin": null, "date": "1998-04-22", "name": "ARENYS DE MAR", "gust": "7,5", "tmax": "20,0", "longitude": 23224, "avgspeed": "0,8", "dir": "36"}, {"code": "0252D", "hourtmin": "05:30", "hourgust": "23:30", "hourtmax": "10:50", "sun": null, "altitude": "74", "prec": "0,0", "latitude": 413515, "hourpresmax": null, "province": "BARCELONA", "tmed": "16,6", "tmin": "11,6", "presmax": null, "presmin": null, "hourpresmin": null, "date": "1998-04-23", "name": "ARENYS DE MAR", "gust": "6,1", "tmax": "21,5", "longitude": 23224, "avgspeed": "1,7", "dir": "35"}, {"code": "0252D", "hourtmin": "04:35", "hourgust": "00:10", "hourtmax": "10:40", "sun": null, "altitude": "74", "prec": "0,0", "latitude": 413515, "hourpresmax": null, "province": "BARCELONA", "tmed": "15,2", "tmin": "11,2", "presmax": null, "presmin": null, "hourpresmin": null, "date": "1998-04-24", "name": "ARENYS DE MAR", "gust": "7,2", "tmax": "19,3", "longitude": 23224, "avgspeed": "1,9", "dir": "29"}, {"code": "0252D", "hourtmin": "04:25", "hourgust": "14:10", "hourtmax": "Varias", "sun": null, "altitude": "74", "prec": "0,0", "latitude": 413515, "hourpresmax": null, "province": "BARCELONA", "tmed": "15,0", "tmin": "10,6", "presmax": null, "presmin": null, "hourpresmin": null, "date": "1998-04-25", "name": "ARENYS DE MAR", "gust": "11,4", "tmax": "19,5", "longitude": 23224, "avgspeed": "2,8", "dir": "23"}, {"code": "0252D", "hourtmin": "04:00", "hourgust": "21:00", "hourtmax": "11:20", "sun": null, "altitude": "74", "prec": "10,3", "latitude": 413515, "hourpresmax": null, "province": "BARCELONA", "tmed": "15,9", "tmin": "11,0", "presmax": null, "presmin": null, "hourpresmin": null, "date": "1998-04-26", "name": "ARENYS DE MAR", "gust": "8,6", "tmax": "20,8", "longitude": 23224, "avgspeed": "0,8", "dir": "36"}, {"code": "0252D", "hourtmin": "23:50", "hourgust": "14:20", "hourtmax": "13:40", "sun": null, "altitude": "74", "prec": "3,4", "latitude": 413515, "hourpresmax": null, "province": "BARCELONA", "tmed": "11,9", "tmin": "7,4", "presmax": null, "presmin": null, "hourpresmin": null, "date": "1998-04-27", "name": "ARENYS DE MAR", "gust": "9,7", "tmax": "16,4", "longitude": 23224, "avgspeed": "1,4", "dir": "04"}, {"code": "0252D", "hourtmin": "04:40", "hourgust": "16:20", "hourtmax": "16:00", "sun": null, "altitude": "74", "prec": "0,0", "latitude": 413515, "hourpresmax": null, "province": "BARCELONA", "tmed": "11,0", "tmin": "6,4", "presmax": null, "presmin": null, "hourpresmin": null, "date": "1998-04-28", "name": "ARENYS DE MAR", "gust": "6,7", "tmax": "15,7", "longitude": 23224, "avgspeed": "1,9", "dir": "22"}, {"code": "0252D", "hourtmin": "23:50", "hourgust": "11:10", "hourtmax": "10:10", "sun": null, "altitude": "74", "latitude": 413515, "hourpresmax": null, "province": "BARCELONA", "tmed": "14,4", "tmin": "10,4", "presmax": null, "presmin": null, "hourpresmin": null, "date": "1998-04-29", "name": "ARENYS DE MAR", "gust": "8,9", "tmax": "18,4", "longitude": 23224, "avgspeed": "1,7", "dir": "22"}, {"code": "0252D", "hourtmin": "23:50", "hourgust": "12:50", "hourtmax": "12:50", "sun": null, "altitude": "74", "latitude": 413515, "hourpresmax": null, "province": "BARCELONA", "tmed": "12,8", "tmin": "8,7", "presmax": null, "presmin": null, "hourpresmin": null, "date": "1998-04-30", "name": "ARENYS DE MAR", "gust": "8,9", "tmax": "17,0", "longitude": 23224, "avgspeed": "2,2", "dir": "22"}, {"code": "0252D", "hourtmin": "Varias", "hourgust": "13:00", "hourtmax": "11:20", "sun": null, "altitude": "74", "prec": "0,0", "latitude": 413515, "hourpresmax": null, "province": "BARCELONA", "tmed": "13,4", "tmin": "8,7", "presmax": null, "presmin": null, "hourpresmin": null, "date": "1998-05-01", "name": "ARENYS DE MAR", "gust": "8,3", "tmax": "18,0", "longitude": 23224, "avgspeed": "1,7", "dir": "14"}, {"code": "0252D", "hourtmin": "Varias", "hourgust": "11:30", "hourtmax": "10:30", "sun": null, "altitude": "74", "prec": "0,0", "latitude": 413515, "hourpresmax": null, "province": "BARCELONA", "tmed": "12,8", "tmin": "8,3", "presmax": null, "presmin": null, "hourpresmin": null, "date": "1998-05-02", "name": "ARENYS DE MAR", "gust": "6,7", "tmax": "17,2", "longitude": 23224, "avgspeed": "1,1", "dir": "17"}, {"code": "0252D", "hourtmin": "01:50", "hourgust": "12:50", "hourtmax": "15:10", "sun": null, "altitude": "74", "prec": "0,0", "latitude": 413515, "hourpresmax": null, "province": "BARCELONA", "tmed": "13,5", "tmin": "9,2", "presmax": null, "presmin": null, "hourpresmin": null, "date": "1998-05-03", "name": "ARENYS DE MAR", "gust": "5,8", "tmax": "17,8", "longitude": 23224, "avgspeed": "1,7", "dir": "22"}, {"code": "0252D", "hourtmin": "23:50", "hourgust": "12:30", "hourtmax": "Varias", "sun": null, "altitude": "74", "prec": "2,5", "latitude": 413515, "hourpresmax": null, "province": "BARCELONA", "tmed": "13,2", "tmin": "10,2", "presmax": null, "presmin": null, "hourpresmin": null, "date": "1998-05-04", "name": "ARENYS DE MAR", "gust": "4,4", "tmax": "16,3", "longitude": 23224, "avgspeed": "0,6", "dir": "20"}, {"code": "0252D", "hourtmin": "23:40", "hourgust": "13:30", "hourtmax": "12:10", "sun": null, "altitude": "74", "prec": "0,1", "latitude": 413515, "hourpresmax": null, "province": "BARCELONA", "tmed": "13,0", "tmin": "9,6", "presmax": null, "presmin": null, "hourpresmin": null, "date": "1998-05-05", "name": "ARENYS DE MAR", "gust": "9,7", "tmax": "16,3", "longitude": 23224, "avgspeed": "2,2", "dir": "22"}, {"code": "0252D", "hourtmin": "01:30", "hourgust": "13:40", "hourtmax": "Varias", "sun": null, "altitude": "74", "prec": "0,0", "latitude": 413515, "hourpresmax": null, "province": "BARCELONA", "tmed": "13,0", "tmin": "9,2", "presmax": null, "presmin": null, "hourpresmin": null, "date": "1998-05-06", "name": "ARENYS DE MAR", "gust": "6,7", "tmax": "16,9", "longitude": 23224, "avgspeed": "1,7", "dir": "17"}, {"code": "0252D", "hourtmin": "04:35", "hourgust": "Varias", "hourtmax": "12:10", "sun": null, "altitude": "74", "prec": "0,0", "latitude": 413515, "hourpresmax": null, "province": "BARCELONA", "tmed": "13,8", "tmin": "9,4", "presmax": null, "presmin": null, "hourpresmin": null, "date": "1998-05-07", "name": "ARENYS DE MAR", "gust": "6,4", "tmax": "18,1", "longitude": 23224, "avgspeed": "2,2", "dir": "18"}, {"code": "0252D", "hourtmin": "01:50", "hourgust": "14:40", "hourtmax": "09:20", "sun": null, "altitude": "74", "prec": "0,0", "latitude": 413515, "hourpresmax": null, "province": "BARCELONA", "tmed": "14,8", "tmin": "9,8", "presmax": null, "presmin": null, "hourpresmin": null, "date": "1998-05-08", "name": "ARENYS DE MAR", "gust": "5,0", "tmax": "19,9", "longitude": 23224, "avgspeed": "1,1", "dir": "13"}, {"code": "0252D", "hourtmin": "04:05", "hourgust": "10:50", "hourtmax": "10:10", "sun": null, "altitude": "74", "prec": "0,0", "latitude": 413515, "hourpresmax": null, "province": "BARCELONA", "tmed": "15,7", "tmin": "10,9", "presmax": null, "presmin": null, "hourpresmin": null, "date": "1998-05-09", "name": "ARENYS DE MAR", "gust": "4,4", "tmax": "20,5", "longitude": 23224, "avgspeed": "0,8", "dir": "13"}, {"code": "0252D", "hourtmin": "03:10", "hourgust": "Varias", "hourtmax": "10:50", "sun": null, "altitude": "74", "prec": "0,0", "latitude": 413515, "hourpresmax": null, "province": "BARCELONA", "tmed": "16,2", "tmin": "12,0", "presmax": null, "presmin": null, "hourpresmin": null, "date": "1998-05-10", "name": "ARENYS DE MAR", "gust": "4,2", "tmax": "20,5", "longitude": 23224, "avgspeed": "0,8", "dir": "11"}, {"code": "0252D", "hourtmin": "03:35", "hourgust": "09:30", "hourtmax": "11:00", "sun": null, "altitude": "74", "prec": "0,0", "latitude": 413515, "hourpresmax": null, "province": "BARCELONA", "tmed": "17,7", "tmin": "12,9", "presmax": null, "presmin": null, "hourpresmin": null, "date": "1998-05-11", "name": "ARENYS DE MAR", "gust": "5,0", "tmax": "22,5", "longitude": 23224, "avgspeed": "0,6", "dir": "13"}, {"code": "0252D", "hourtmin": "01:30", "hourgust": "21:00", "hourtmax": "12:40", "sun": null, "altitude": "74", "prec": "0,1", "latitude": 413515, "hourpresmax": null, "province": "BARCELONA", "tmed": "18,2", "tmin": "13,0", "presmax": null, "presmin": null, "hourpresmin": null, "date": "1998-05-12", "name": "ARENYS DE MAR", "gust": "8,1", "tmax": "23,4", "longitude": 23224, "avgspeed": "0,8", "dir": "02"}, {"code": "0252D", "hourtmin": "23:50", "hourgust": "02:00", "hourtmax": "14:00", "sun": null, "altitude": "74", "prec": "0,0", "latitude": 413515, "hourpresmax": null, "province": "BARCELONA", "tmed": "20,0", "tmin": "16,6", "presmax": null, "presmin": null, "hourpresmin": null, "date": "1998-05-13", "name": "ARENYS DE MAR", "gust": "8,3", "tmax": "23,5", "longitude": 23224, "avgspeed": "1,1", "dir": "04"}, {"code": "0252D", "hourtmin": "03:30", "hourgust": "15:10", "hourtmax": "13:00", "sun": null, "altitude": "74", "prec": "0,0", "latitude": 413515, "hourpresmax": null, "province": "BARCELONA", "tmed": "20,2", "tmin": "14,8", "presmax": null, "presmin": null, "hourpresmin": null, "date": "1998-05-14", "name": "ARENYS DE MAR", "gust": "9,7", "tmax": "25,6", "longitude": 23224, "avgspeed": "0,8", "dir": "02"}, {"code": "0252D", "hourtmin": "02:45", "hourgust": "08:00", "hourtmax": "09:30", "sun": null, "altitude": "74", "prec": "0,0", "latitude": 413515, "hourpresmax": null, "province": "BARCELONA", "tmed": "19,2", "tmin": "14,9", "presmax": null, "presmin": null, "hourpresmin": null, "date": "1998-05-15", "name": "ARENYS DE MAR", "gust": "12,2", "tmax": "23,5", "longitude": 23224, "avgspeed": "1,4", "dir": "02"}, {"code": "0252D", "hourtmin": "04:30", "hourgust": "11:20", "hourtmax": "11:00", "sun": null, "altitude": "74", "prec": "1,2", "latitude": 413515, "hourpresmax": null, "province": "BARCELONA", "tmed": "19,0", "tmin": "14,2", "presmax": null, "presmin": null, "hourpresmin": null, "date": "1998-05-16", "name": "ARENYS DE MAR", "gust": "5,8", "tmax": "23,9", "longitude": 23224, "avgspeed": "1,1", "dir": "20"}, {"code": "0252D", "hourtmin": "05:00", "hourgust": "11:50", "hourtmax": "11:40", "sun": null, "altitude": "74", "prec": "0,0", "latitude": 413515, "hourpresmax": null, "province": "BARCELONA", "tmed": "18,1", "tmin": "13,7", "presmax": null, "presmin": null, "hourpresmin": null, "date": "1998-05-17", "name": "ARENYS DE MAR", "gust": "5,3", "tmax": "22,5", "longitude": 23224, "avgspeed": "1,4", "dir": "13"}, {"code": "0252D", "hourtmin": "23:50", "hourgust": "08:50", "hourtmax": "08:30", "sun": null, "altitude": "74", "prec": "0,0", "latitude": 413515, "hourpresmax": null, "province": "BARCELONA", "tmed": "17,9", "tmin": "13,5", "presmax": null, "presmin": null, "hourpresmin": null, "date": "1998-05-18", "name": "ARENYS DE MAR", "gust": "6,4", "tmax": "22,3", "longitude": 23224, "avgspeed": "1,1", "dir": "13"}, {"code": "0252D", "hourtmin": "05:05", "hourgust": "13:40", "hourtmax": "09:40", "sun": null, "altitude": "74", "prec": "0,0", "latitude": 413515, "hourpresmax": null, "province": "BARCELONA", "tmed": "17,1", "tmin": "13,0", "presmax": null, "presmin": null, "hourpresmin": null, "date": "1998-05-19", "name": "ARENYS DE MAR", "gust": "5,3", "tmax": "21,2", "longitude": 23224, "avgspeed": "1,1", "dir": "13"}, {"code": "0252D", "hourtmin": "02:10", "hourgust": "21:00", "hourtmax": "09:50", "sun": null, "altitude": "74", "prec": "0,0", "latitude": 413515, "hourpresmax": null, "province": "BARCELONA", "tmed": "16,6", "tmin": "12,9", "presmax": null, "presmin": null, "hourpresmin": null, "date": "1998-05-20", "name": "ARENYS DE MAR", "gust": "5,8", "tmax": "20,2", "longitude": 23224, "avgspeed": "1,7", "dir": "32"}, {"code": "0252D", "hourtmin": "23:50", "hourgust": "13:10", "hourtmax": "10:50", "sun": null, "altitude": "74", "prec": "0,0", "latitude": 413515, "hourpresmax": null, "province": "BARCELONA", "tmed": "19,6", "tmin": "15,0", "presmax": null, "presmin": null, "hourpresmin": null, "date": "1998-05-21", "name": "ARENYS DE MAR", "gust": "7,2", "tmax": "24,1", "longitude": 23224, "avgspeed": "1,7", "dir": "20"}, {"code": "0252D", "hourtmin": "04:40", "hourgust": "14:40", "hourtmax": "12:50", "sun": null, "altitude": "74", "prec": "0,0", "latitude": 413515, "hourpresmax": null, "province": "BARCELONA", "tmed": "19,0", "tmin": "13,8", "presmax": null, "presmin": null, "hourpresmin": null, "date": "1998-05-22", "name": "ARENYS DE MAR", "gust": "8,3", "tmax": "24,2", "longitude": 23224, "avgspeed": "2,5", "dir": "25"}, {"code": "0252D", "hourtmin": "03:40", "hourgust": "12:00", "hourtmax": "10:40", "sun": null, "altitude": "74", "prec": "0,0", "latitude": 413515, "hourpresmax": null, "province": "BARCELONA", "tmed": "18,4", "tmin": "14,0", "presmax": null, "presmin": null, "hourpresmin": null, "date": "1998-05-23", "name": "ARENYS DE MAR", "gust": "4,7", "tmax": "22,7", "longitude": 23224, "avgspeed": "0,8", "dir": "14"}, {"code": "0252D", "hourtmin": "04:00", "hourgust": "12:00", "hourtmax": "Varias", "sun": null, "altitude": "74", "prec": "15,9", "latitude": 413515, "hourpresmax": null, "province": "BARCELONA", "tmed": "17,3", "tmin": "13,9", "presmax": null, "presmin": null, "hourpresmin": null, "date": "1998-05-24", "name": "ARENYS DE MAR", "gust": "5,8", "tmax": "20,7", "longitude": 23224, "avgspeed": "1,4", "dir": "20"}, {"code": "0252D", "hourtmin": "04:10", "hourgust": "18:20", "hourtmax": "12:20", "sun": null, "altitude": "74", "prec": "1,0", "latitude": 413515, "hourpresmax": null, "province": "BARCELONA", "tmed": "16,6", "tmin": "13,1", "presmax": null, "presmin": null, "hourpresmin": null, "date": "1998-05-25", "name": "ARENYS DE MAR", "gust": "6,1", "tmax": "20,0", "longitude": 23224, "avgspeed": "1,7", "dir": "22"}, {"code": "0252D", "hourtmin": "05:05", "hourgust": "12:00", "hourtmax": "12:40", "sun": null, "altitude": "74", "prec": "13,6", "latitude": 413515, "hourpresmax": null, "province": "BARCELONA", "tmed": "17,0", "tmin": "13,6", "presmax": null, "presmin": null, "hourpresmin": null, "date": "1998-05-26", "name": "ARENYS DE MAR", "gust": "7,8", "tmax": "20,3", "longitude": 23224, "avgspeed": "1,7", "dir": "22"}, {"code": "0252D", "hourtmin": "02:35", "hourgust": "12:10", "hourtmax": "Varias", "sun": null, "altitude": "74", "prec": "33,7", "latitude": 413515, "hourpresmax": null, "province": "BARCELONA", "tmed": "16,5", "tmin": "13,3", "presmax": null, "presmin": null, "hourpresmin": null, "date": "1998-05-27", "name": "ARENYS DE MAR", "gust": "4,7", "tmax": "19,7", "longitude": 23224, "avgspeed": "0,8", "dir": "12"}, {"code": "0252D", "hourtmin": "Varias", "hourgust": "14:10", "hourtmax": "13:30", "sun": null, "altitude": "74", "prec": "0,0", "latitude": 413515, "hourpresmax": null, "province": "BARCELONA", "tmed": "17,4", "tmin": "14,0", "presmax": null, "presmin": null, "hourpresmin": null, "date": "1998-05-28", "name": "ARENYS DE MAR", "gust": "6,4", "tmax": "20,8", "longitude": 23224, "avgspeed": "0,8", "dir": "10"}, {"code": "0252D", "hourtmin": "Varias", "hourgust": "11:50", "hourtmax": "14:00", "sun": null, "altitude": "74", "prec": "0,0", "latitude": 413515, "hourpresmax": null, "province": "BARCELONA", "tmed": "15,4", "tmin": "11,4", "presmax": null, "presmin": null, "hourpresmin": null, "date": "1998-05-29", "name": "ARENYS DE MAR", "gust": "6,4", "tmax": "19,5", "longitude": 23224, "avgspeed": "1,1", "dir": "19"}, {"code": "0252D", "hourtmin": "03:05", "hourgust": "11:40", "hourtmax": "13:10", "sun": null, "altitude": "74", "latitude": 413515, "hourpresmax": null, "province": "BARCELONA", "tmed": "17,2", "tmin": "13,3", "presmax": null, "presmin": null, "hourpresmin": null, "date": "1998-05-30", "name": "ARENYS DE MAR", "gust": "8,6", "tmax": "21,1", "longitude": 23224, "avgspeed": "2,2", "dir": "22"}, {"code": "0252D", "hourtmin": "04:35", "hourgust": "17:10", "hourtmax": "10:10", "sun": null, "altitude": "74", "latitude": 413515, "hourpresmax": null, "province": "BARCELONA", "tmed": "18,5", "tmin": "14,3", "presmax": null, "presmin": null, "hourpresmin": null, "date": "1998-05-31", "name": "ARENYS DE MAR", "gust": "9,2", "tmax": "22,7", "longitude": 23224, "avgspeed": "3,6", "dir": "22"}, {"code": "0252D", "hourtmin": "22:45", "hourgust": "11:10", "hourtmax": "10:10", "sun": null, "altitude": "74", "prec": "0,0", "latitude": 413515, "hourpresmax": null, "province": "BARCELONA", "tmed": "19,1", "tmin": "16,1", "presmax": null, "presmin": null, "hourpresmin": null, "date": "1998-06-01", "name": "ARENYS DE MAR", "gust": "7,8", "tmax": "22,1", "longitude": 23224, "avgspeed": "3,1", "dir": "21"}, {"code": "0252D", "hourtmin": "03:00", "hourgust": "11:10", "hourtmax": "Varias", "sun": null, "altitude": "74", "prec": "0,0", "latitude": 413515, "hourpresmax": null, "province": "BARCELONA", "tmed": "18,8", "tmin": "14,7", "presmax": null, "presmin": null, "hourpresmin": null, "date": "1998-06-02", "name": "ARENYS DE MAR", "gust": "5,3", "tmax": "23,0", "longitude": 23224, "avgspeed": "1,1", "dir": "16"}, {"code": "0252D", "hourtmin": "00:10", "hourgust": "07:20", "hourtmax": "16:00", "sun": null, "altitude": "74", "prec": "0,3", "latitude": 413515, "hourpresmax": null, "province": "BARCELONA", "tmed": "21,5", "tmin": "16,4", "presmax": null, "presmin": null, "hourpresmin": null, "date": "1998-06-03", "name": "ARENYS DE MAR", "gust": "7,8", "tmax": "26,6", "longitude": 23224, "avgspeed": "0,8", "dir": "02"}, {"code": "0252D", "hourtmin": "21:40", "hourgust": "10:20", "hourtmax": "13:30", "sun": null, "altitude": "74", "prec": "0,0", "latitude": 413515, "hourpresmax": null, "province": "BARCELONA", "tmed": "24,8", "tmin": "20,0", "presmax": null, "presmin": null, "hourpresmin": null, "date": "1998-06-04", "name": "ARENYS DE MAR", "gust": "15,0", "tmax": "29,6", "longitude": 23224, "avgspeed": "2,2", "dir": "04"}, {"code": "0252D", "hourtmin": "03:20", "hourgust": "10:30", "hourtmax": "11:40", "sun": null, "altitude": "74", "prec": "6,3", "latitude": 413515, "hourpresmax": null, "province": "BARCELONA", "tmed": "23,6", "tmin": "18,6", "presmax": null, "presmin": null, "hourpresmin": null, "date": "1998-06-05", "name": "ARENYS DE MAR", "gust": "11,1", "tmax": "28,6", "longitude": 23224, "avgspeed": "2,2", "dir": "04"}, {"code": "0252D", "hourtmin": "06:10", "hourgust": "01:10", "hourtmax": "14:10", "sun": null, "altitude": "74", "prec": "0,2", "latitude": 413515, "hourpresmax": null, "province": "BARCELONA", "tmed": "19,2", "tmin": "16,3", "presmax": null, "presmin": null, "hourpresmin": null, "date": "1998-06-06", "name": "ARENYS DE MAR", "gust": "5,3", "tmax": "22,2", "longitude": 23224, "avgspeed": "0,6", "dir": "16"}, {"code": "0252D", "hourtmin": "Varias", "hourgust": "12:50", "hourtmax": "10:30", "sun": null, "altitude": "74", "prec": "0,6", "latitude": 413515, "hourpresmax": null, "province": "BARCELONA", "tmed": "19,4", "tmin": "16,6", "presmax": null, "presmin": null, "hourpresmin": null, "date": "1998-06-07", "name": "ARENYS DE MAR", "gust": "7,5", "tmax": "22,2", "longitude": 23224, "avgspeed": "1,9", "dir": "21"}, {"code": "0252D", "hourtmin": "02:50", "hourgust": "08:00", "hourtmax": "09:30", "sun": null, "altitude": "74", "prec": "0,0", "latitude": 413515, "hourpresmax": null, "province": "BARCELONA", "tmed": "17,8", "tmin": "15,8", "presmax": null, "presmin": null, "hourpresmin": null, "date": "1998-06-08", "name": "ARENYS DE MAR", "gust": "6,4", "tmax": "19,7", "longitude": 23224, "avgspeed": "1,7", "dir": "22"}, {"code": "0252D", "hourtmin": "Varias", "hourgust": "13:50", "hourtmax": "10:30", "sun": null, "altitude": "74", "prec": "0,0", "latitude": 413515, "hourpresmax": null, "province": "BARCELONA", "tmed": "19,0", "tmin": "15,7", "presmax": null, "presmin": null, "hourpresmin": null, "date": "1998-06-09", "name": "ARENYS DE MAR", "gust": "7,5", "tmax": "22,4", "longitude": 23224, "avgspeed": "2,5", "dir": "17"}, {"code": "0252D", "hourtmin": "23:10", "hourgust": "17:30", "hourtmax": "14:10", "sun": null, "altitude": "74", "prec": "0,7", "latitude": 413515, "hourpresmax": null, "province": "BARCELONA", "tmed": "19,6", "tmin": "16,0", "presmax": null, "presmin": null, "hourpresmin": null, "date": "1998-06-10", "name": "ARENYS DE MAR", "gust": "6,1", "tmax": "23,2", "longitude": 23224, "avgspeed": "0,8", "dir": "06"}, {"code": "0252D", "hourtmin": "23:25", "hourgust": "14:40", "hourtmax": "14:50", "sun": null, "altitude": "74", "latitude": 413515, "hourpresmax": null, "province": "BARCELONA", "tmed": "17,9", "tmin": "14,1", "presmax": null, "presmin": null, "hourpresmin": null, "date": "1998-06-11", "name": "ARENYS DE MAR", "gust": "7,5", "tmax": "21,7", "longitude": 23224, "avgspeed": "1,1", "dir": "08"}, {"code": "0252D", "hourtmin": "06:40", "hourgust": "14:40", "hourtmax": "16:05", "sun": null, "altitude": "74", "prec": "0,4", "latitude": 413515, "hourpresmax": null, "province": "BARCELONA", "tmed": "15,8", "tmin": "13,6", "presmax": null, "presmin": null, "hourpresmin": null, "date": "1998-06-15", "name": "ARENYS DE MAR", "gust": "5,8", "tmax": "18,0", "longitude": 23224, "avgspeed": "0,6", "dir": "20"}, {"code": "0252D", "hourtmin": "00:30", "hourgust": "10:50", "hourtmax": "13:10", "sun": null, "altitude": "74", "prec": "0,0", "latitude": 413515, "hourpresmax": null, "province": "BARCELONA", "tmed": "17,5", "tmin": "14,3", "presmax": null, "presmin": null, "hourpresmin": null, "date": "1998-06-16", "name": "ARENYS DE MAR", "gust": "6,7", "tmax": "20,7", "longitude": 23224, "avgspeed": "1,1", "dir": "16"}, {"code": "0252D", "hourtmin": "01:20", "hourgust": "13:30", "hourtmax": "13:30", "sun": null, "altitude": "74", "prec": "0,0", "latitude": 413515, "hourpresmax": null, "province": "BARCELONA", "tmed": "18,2", "tmin": "14,7", "presmax": null, "presmin": null, "hourpresmin": null, "date": "1998-06-17", "name": "ARENYS DE MAR", "gust": "7,5", "tmax": "21,6", "longitude": 23224, "avgspeed": "2,2", "dir": "22"}, {"code": "0252D", "hourtmin": "04:10", "hourgust": "15:30", "hourtmax": "13:00", "sun": null, "altitude": "74", "prec": "0,0", "latitude": 413515, "hourpresmax": null, "province": "BARCELONA", "tmed": "18,8", "tmin": "14,3", "presmax": null, "presmin": null, "hourpresmin": null, "date": "1998-06-18", "name": "ARENYS DE MAR", "gust": "7,5", "tmax": "23,2", "longitude": 23224, "avgspeed": "1,7", "dir": "21"}, {"code": "0252D", "hourtmin": "03:20", "hourgust": "13:50", "hourtmax": "09:50", "sun": null, "altitude": "74", "prec": "0,0", "latitude": 413515, "hourpresmax": null, "province": "BARCELONA", "tmed": "20,2", "tmin": "15,7", "presmax": null, "presmin": null, "hourpresmin": null, "date": "1998-06-19", "name": "ARENYS DE MAR", "gust": "8,3", "tmax": "24,8", "longitude": 23224, "avgspeed": "2,2", "dir": "22"}, {"code": "0252D", "hourtmin": "04:30", "hourgust": "16:40", "hourtmax": "10:00", "sun": null, "altitude": "74", "prec": "0,0", "latitude": 413515, "hourpresmax": null, "province": "BARCELONA", "tmed": "20,9", "tmin": "16,1", "presmax": null, "presmin": null, "hourpresmin": null, "date": "1998-06-20", "name": "ARENYS DE MAR", "gust": "6,9", "tmax": "25,7", "longitude": 23224, "avgspeed": "2,5", "dir": "22"}, {"code": "0252D", "hourtmin": "04:35", "hourgust": "13:10", "hourtmax": "12:45", "sun": null, "altitude": "74", "prec": "0,0", "latitude": 413515, "hourpresmax": null, "province": "BARCELONA", "tmed": "19,9", "tmin": "14,6", "presmax": null, "presmin": null, "hourpresmin": null, "date": "1998-06-21", "name": "ARENYS DE MAR", "gust": "6,4", "tmax": "25,2", "longitude": 23224, "avgspeed": "1,9", "dir": "18"}, {"code": "0252D", "hourtmin": "04:25", "hourgust": "12:30", "hourtmax": "11:05", "sun": null, "altitude": "74", "prec": "0,4", "latitude": 413515, "hourpresmax": null, "province": "BARCELONA", "tmed": "21,8", "tmin": "17,2", "presmax": null, "presmin": null, "hourpresmin": null, "date": "1998-06-22", "name": "ARENYS DE MAR", "gust": "6,4", "tmax": "26,3", "longitude": 23224, "avgspeed": "1,7", "dir": "22"}, {"code": "0252D", "hourtmin": "04:25", "hourgust": "13:10", "hourtmax": "08:50", "sun": null, "altitude": "74", "prec": "0,0", "latitude": 413515, "hourpresmax": null, "province": "BARCELONA", "tmed": "21,0", "tmin": "17,1", "presmax": null, "presmin": null, "hourpresmin": null, "date": "1998-06-23", "name": "ARENYS DE MAR", "gust": "7,8", "tmax": "24,8", "longitude": 23224, "avgspeed": "2,2", "dir": "18"}, {"code": "0252D", "hourtmin": "Varias", "hourgust": "13:20", "hourtmax": "11:50", "sun": null, "altitude": "74", "prec": "0,0", "latitude": 413515, "hourpresmax": null, "province": "BARCELONA", "tmed": "21,9", "tmin": "17,5", "presmax": null, "presmin": null, "hourpresmin": null, "date": "1998-06-24", "name": "ARENYS DE MAR", "gust": "5,6", "tmax": "26,3", "longitude": 23224, "avgspeed": "1,7", "dir": "13"}, {"code": "0252D", "hourtmin": "04:45", "hourgust": "12:30", "hourtmax": "10:10", "sun": null, "altitude": "74", "prec": "0,0", "latitude": 413515, "hourpresmax": null, "province": "BARCELONA", "tmed": "21,2", "tmin": "17,1", "presmax": null, "presmin": null, "hourpresmin": null, "date": "1998-06-25", "name": "ARENYS DE MAR", "gust": "5,8", "tmax": "25,3", "longitude": 23224, "avgspeed": "0,8", "dir": "09"}, {"code": "0252D", "hourtmin": "01:20", "hourgust": "09:20", "hourtmax": "12:30", "sun": null, "altitude": "74", "prec": "0,0", "latitude": 413515, "hourpresmax": null, "province": "BARCELONA", "tmed": "21,1", "tmin": "17,2", "presmax": null, "presmin": null, "hourpresmin": null, "date": "1998-06-26", "name": "ARENYS DE MAR", "gust": "5,6", "tmax": "25,0", "longitude": 23224, "avgspeed": "1,4", "dir": "14"}, {"code": "0252D", "hourtmin": "04:50", "hourgust": "14:10", "hourtmax": "13:20", "sun": null, "altitude": "74", "prec": "0,0", "latitude": 413515, "hourpresmax": null, "province": "BARCELONA", "tmed": "21,2", "tmin": "17,4", "presmax": null, "presmin": null, "hourpresmin": null, "date": "1998-06-27", "name": "ARENYS DE MAR", "gust": "6,7", "tmax": "25,1", "longitude": 23224, "avgspeed": "1,7", "dir": "22"}, {"code": "0252D", "hourtmin": "04:35", "hourgust": "09:10", "hourtmax": "15:10", "sun": null, "altitude": "74", "prec": "0,0", "latitude": 413515, "hourpresmax": null, "province": "BARCELONA", "tmed": "22,3", "tmin": "18,9", "presmax": null, "presmin": null, "hourpresmin": null, "date": "1998-06-28", "name": "ARENYS DE MAR", "gust": "5,6", "tmax": "25,7", "longitude": 23224, "avgspeed": "1,4", "dir": "13"}, {"code": "0252D", "hourtmin": "04:35", "hourgust": "12:10", "hourtmax": "09:40", "sun": null, "altitude": "74", "latitude": 413515, "hourpresmax": null, "province": "BARCELONA", "tmed": "22,4", "tmin": "19,0", "presmax": null, "presmin": null, "hourpresmin": null, "date": "1998-06-29", "name": "ARENYS DE MAR", "gust": "5,8", "tmax": "25,8", "longitude": 23224, "avgspeed": "1,7", "dir": "13"}, {"code": "0252D", "hourtmin": "04:30", "hourgust": "10:30", "hourtmax": "Varias", "sun": null, "altitude": "74", "latitude": 413515, "hourpresmax": null, "province": "BARCELONA", "tmed": "24,2", "tmin": "20,6", "presmax": null, "presmin": null, "hourpresmin": null, "date": "1998-06-30", "name": "ARENYS DE MAR", "gust": "5,3", "tmax": "27,9", "longitude": 23224, "avgspeed": "1,1", "dir": "16"}, {"code": "0252D", "hourtmin": null, "hourgust": "18:10", "hourtmax": null, "sun": null, "altitude": "74", "prec": "0,0", "latitude": 413515, "hourpresmax": null, "province": "BARCELONA", "presmax": null, "presmin": null, "hourpresmin": null, "date": "1998-07-01", "name": "ARENYS DE MAR", "gust": "12,5", "longitude": 23224, "avgspeed": "3,3", "dir": "22"}, {"code": "0252D", "hourtmin": null, "hourgust": "16:20", "hourtmax": null, "sun": null, "altitude": "74", "prec": "0,0", "latitude": 413515, "hourpresmax": null, "province": "BARCELONA", "presmax": null, "presmin": null, "hourpresmin": null, "date": "1998-07-02", "name": "ARENYS DE MAR", "gust": "7,5", "longitude": 23224, "avgspeed": "1,9", "dir": "22"}, {"code": "0252D", "hourtmin": null, "hourgust": "10:10", "hourtmax": null, "sun": null, "altitude": "74", "prec": "0,0", "latitude": 413515, "hourpresmax": null, "province": "BARCELONA", "presmax": null, "presmin": null, "hourpresmin": null, "date": "1998-07-03", "name": "ARENYS DE MAR", "gust": "6,9", "longitude": 23224, "avgspeed": "1,4", "dir": "18"}, {"code": "0252D", "hourtmin": null, "hourgust": "11:10", "hourtmax": null, "sun": null, "altitude": "74", "prec": "0,0", "latitude": 413515, "hourpresmax": null, "province": "BARCELONA", "presmax": null, "presmin": null, "hourpresmin": null, "date": "1998-07-04", "name": "ARENYS DE MAR", "gust": "10,6", "longitude": 23224, "avgspeed": "2,5", "dir": "21"}, {"code": "0252D", "hourtmin": null, "hourgust": "10:40", "hourtmax": null, "sun": null, "altitude": "74", "prec": "0,0", "latitude": 413515, "hourpresmax": null, "province": "BARCELONA", "presmax": null, "presmin": null, "hourpresmin": null, "date": "1998-07-05", "name": "ARENYS DE MAR", "gust": "7,5", "longitude": 23224, "avgspeed": "2,5", "dir": "21"}, {"code": "0252D", "hourtmin": null, "hourgust": "12:50", "hourtmax": null, "sun": null, "altitude": "74", "prec": "0,3", "latitude": 413515, "hourpresmax": null, "province": "BARCELONA", "presmax": null, "presmin": null, "hourpresmin": null, "date": "1998-07-06", "name": "ARENYS DE MAR", "gust": "12,8", "longitude": 23224, "avgspeed": "3,9", "dir": "23"}, {"code": "0252D", "hourtmin": null, "hourgust": "14:20", "hourtmax": null, "sun": null, "altitude": "74", "prec": "3,7", "latitude": 413515, "hourpresmax": null, "province": "BARCELONA", "presmax": null, "presmin": null, "hourpresmin": null, "date": "1998-07-07", "name": "ARENYS DE MAR", "gust": "14,7", "longitude": 23224, "avgspeed": "3,1", "dir": "31"}, {"code": "0252D", "hourtmin": null, "hourgust": "15:00", "hourtmax": null, "sun": null, "altitude": "74", "prec": "0,0", "latitude": 413515, "hourpresmax": null, "province": "BARCELONA", "presmax": null, "presmin": null, "hourpresmin": null, "date": "1998-07-08", "name": "ARENYS DE MAR", "gust": "6,7", "longitude": 23224, "avgspeed": "2,2", "dir": "17"}, {"code": "0252D", "hourtmin": null, "hourgust": "11:20", "hourtmax": null, "sun": null, "altitude": "74", "prec": "0,0", "latitude": 413515, "hourpresmax": null, "province": "BARCELONA", "presmax": null, "presmin": null, "hourpresmin": null, "date": "1998-07-09", "name": "ARENYS DE MAR", "gust": "7,2", "longitude": 23224, "avgspeed": "1,9", "dir": "19"}, {"code": "0252D", "hourtmin": null, "hourgust": "12:30", "hourtmax": null, "sun": null, "altitude": "74", "prec": "0,0", "latitude": 413515, "hourpresmax": null, "province": "BARCELONA", "presmax": null, "presmin": null, "hourpresmin": null, "date": "1998-07-10", "name": "ARENYS DE MAR", "gust": "6,1", "longitude": 23224, "avgspeed": "1,4", "dir": "13"}, {"code": "0252D", "hourtmin": null, "hourgust": "12:20", "hourtmax": null, "sun": null, "altitude": "74", "prec": "0,0", "latitude": 413515, "hourpresmax": null, "province": "BARCELONA", "presmax": null, "presmin": null, "hourpresmin": null, "date": "1998-07-11", "name": "ARENYS DE MAR", "gust": "5,3", "longitude": 23224, "avgspeed": "1,1", "dir": "18"}, {"code": "0252D", "hourtmin": null, "hourgust": "13:10", "hourtmax": null, "sun": null, "altitude": "74", "prec": "0,0", "latitude": 413515, "hourpresmax": null, "province": "BARCELONA", "presmax": null, "presmin": null, "hourpresmin": null, "date": "1998-07-12", "name": "ARENYS DE MAR", "gust": "9,2", "longitude": 23224, "avgspeed": "3,1", "dir": "19"}, {"code": "0252D", "hourtmin": null, "hourgust": "12:40", "hourtmax": null, "sun": null, "altitude": "74", "prec": "0,3", "latitude": 413515, "hourpresmax": null, "province": "BARCELONA", "presmax": null, "presmin": null, "hourpresmin": null, "date": "1998-07-13", "name": "ARENYS DE MAR", "gust": "11,4", "longitude": 23224, "avgspeed": "2,5", "dir": "21"}, {"code": "0252D", "hourtmin": null, "hourgust": "14:20", "hourtmax": null, "sun": null, "altitude": "74", "prec": "1,0", "latitude": 413515, "hourpresmax": null, "province": "BARCELONA", "presmax": null, "presmin": null, "hourpresmin": null, "date": "1998-07-14", "name": "ARENYS DE MAR", "gust": "6,9", "longitude": 23224, "avgspeed": "1,1", "dir": "20"}, {"code": "0252D", "hourtmin": null, "hourgust": "15:50", "hourtmax": null, "sun": null, "altitude": "74", "prec": "0,0", "latitude": 413515, "hourpresmax": null, "province": "BARCELONA", "presmax": null, "presmin": null, "hourpresmin": null, "date": "1998-07-15", "name": "ARENYS DE MAR", "gust": "8,3", "longitude": 23224, "avgspeed": "2,2", "dir": "20"}, {"code": "0252D", "hourtmin": null, "hourgust": "12:10", "hourtmax": null, "sun": null, "altitude": "74", "prec": "0,0", "latitude": 413515, "hourpresmax": null, "province": "BARCELONA", "presmax": null, "presmin": null, "hourpresmin": null, "date": "1998-07-16", "name": "ARENYS DE MAR", "gust": "10,8", "longitude": 23224, "avgspeed": "3,3", "dir": "22"}, {"code": "0252D", "hourtmin": null, "hourgust": "13:00", "hourtmax": null, "sun": null, "altitude": "74", "prec": "0,0", "latitude": 413515, "hourpresmax": null, "province": "BARCELONA", "presmax": null, "presmin": null, "hourpresmin": null, "date": "1998-07-17", "name": "ARENYS DE MAR", "gust": "7,2", "longitude": 23224, "avgspeed": "2,5", "dir": "20"}, {"code": "0252D", "hourtmin": null, "hourgust": "16:40", "hourtmax": null, "sun": null, "altitude": "74", "prec": "0,0", "latitude": 413515, "hourpresmax": null, "province": "BARCELONA", "presmax": null, "presmin": null, "hourpresmin": null, "date": "1998-07-18", "name": "ARENYS DE MAR", "gust": "8,3", "longitude": 23224, "avgspeed": "1,9", "dir": "22"}, {"code": "0252D", "hourtmin": null, "hourgust": "14:50", "hourtmax": null, "sun": null, "altitude": "74", "prec": "0,0", "latitude": 413515, "hourpresmax": null, "province": "BARCELONA", "presmax": null, "presmin": null, "hourpresmin": null, "date": "1998-07-19", "name": "ARENYS DE MAR", "gust": "5,8", "longitude": 23224, "avgspeed": "1,4", "dir": "20"}, {"code": "0252D", "hourtmin": null, "hourgust": "13:20", "hourtmax": null, "sun": null, "altitude": "74", "prec": "0,0", "latitude": 413515, "hourpresmax": null, "province": "BARCELONA", "presmax": null, "presmin": null, "hourpresmin": null, "date": "1998-07-20", "name": "ARENYS DE MAR", "gust": "6,1", "longitude": 23224, "avgspeed": "0,6", "dir": "13"}, {"code": "0252D", "hourtmin": null, "hourgust": "06:30", "hourtmax": null, "sun": null, "altitude": "74", "prec": "0,0", "latitude": 413515, "hourpresmax": null, "province": "BARCELONA", "presmax": null, "presmin": null, "hourpresmin": null, "date": "1998-07-21", "name": "ARENYS DE MAR", "gust": "6,9", "longitude": 23224, "avgspeed": "1,7", "dir": "03"}, {"code": "0252D", "hourtmin": null, "hourgust": "13:40", "hourtmax": null, "sun": null, "altitude": "74", "prec": "0,0", "latitude": 413515, "hourpresmax": null, "province": "BARCELONA", "presmax": null, "presmin": null, "hourpresmin": null, "date": "1998-07-22", "name": "ARENYS DE MAR", "gust": "7,5", "longitude": 23224, "avgspeed": "1,9", "dir": "22"}, {"code": "0252D", "hourtmin": null, "hourgust": "Varias", "hourtmax": null, "sun": null, "altitude": "74", "prec": "0,0", "latitude": 413515, "hourpresmax": null, "province": "BARCELONA", "presmax": null, "presmin": null, "hourpresmin": null, "date": "1998-07-23", "name": "ARENYS DE MAR", "gust": "9,2", "longitude": 23224, "avgspeed": "2,8", "dir": "22"}, {"code": "0252D", "hourtmin": null, "hourgust": "15:50", "hourtmax": null, "sun": null, "altitude": "74", "prec": "0,0", "latitude": 413515, "hourpresmax": null, "province": "BARCELONA", "presmax": null, "presmin": null, "hourpresmin": null, "date": "1998-07-24", "name": "ARENYS DE MAR", "gust": "9,7", "longitude": 23224, "avgspeed": "2,5", "dir": "18"}, {"code": "0252D", "hourtmin": null, "hourgust": "13:30", "hourtmax": null, "sun": null, "altitude": "74", "prec": "0,0", "latitude": 413515, "hourpresmax": null, "province": "BARCELONA", "presmax": null, "presmin": null, "hourpresmin": null, "date": "1998-07-25", "name": "ARENYS DE MAR", "gust": "8,6", "longitude": 23224, "avgspeed": "2,5", "dir": "20"}, {"code": "0252D", "hourtmin": null, "hourgust": "15:30", "hourtmax": null, "sun": null, "altitude": "74", "prec": "0,0", "latitude": 413515, "hourpresmax": null, "province": "BARCELONA", "presmax": null, "presmin": null, "hourpresmin": null, "date": "1998-07-26", "name": "ARENYS DE MAR", "gust": "10,3", "longitude": 23224, "avgspeed": "3,1", "dir": "22"}, {"code": "0252D", "hourtmin": null, "hourgust": "14:30", "hourtmax": null, "sun": null, "altitude": "74", "prec": "0,0", "latitude": 413515, "hourpresmax": null, "province": "BARCELONA", "presmax": null, "presmin": null, "hourpresmin": null, "date": "1998-07-27", "name": "ARENYS DE MAR", "gust": "6,7", "longitude": 23224, "avgspeed": "0,6", "dir": "15"}, {"code": "0252D", "hourtmin": null, "hourgust": "11:00", "hourtmax": null, "sun": null, "altitude": "74", "prec": "0,0", "latitude": 413515, "hourpresmax": null, "province": "BARCELONA", "presmax": null, "presmin": null, "hourpresmin": null, "date": "1998-07-28", "name": "ARENYS DE MAR", "gust": "8,1", "longitude": 23224, "avgspeed": "2,2", "dir": "15"}, {"code": "0252D", "hourtmin": null, "hourgust": "10:20", "hourtmax": null, "sun": null, "altitude": "74", "prec": "0,0", "latitude": 413515, "hourpresmax": null, "province": "BARCELONA", "presmax": null, "presmin": null, "hourpresmin": null, "date": "1998-07-29", "name": "ARENYS DE MAR", "gust": "6,7", "longitude": 23224, "avgspeed": "1,1", "dir": "13"}, {"code": "0252D", "hourtmin": null, "hourgust": "13:40", "hourtmax": null, "sun": null, "altitude": "74", "latitude": 413515, "hourpresmax": null, "province": "BARCELONA", "presmax": null, "presmin": null, "hourpresmin": null, "date": "1998-07-30", "name": "ARENYS DE MAR", "gust": "8,9", "longitude": 23224, "avgspeed": "3,1", "dir": "24"}, {"code": "0252D", "hourtmin": null, "hourgust": "14:00", "hourtmax": null, "sun": null, "altitude": "74", "latitude": 413515, "hourpresmax": null, "province": "BARCELONA", "presmax": null, "presmin": null, "hourpresmin": null, "date": "1998-07-31", "name": "ARENYS DE MAR", "gust": "7,8", "longitude": 23224, "avgspeed": "1,4", "dir": "11"}, {"code": "0252D", "hourtmin": null, "hourgust": "08:40", "hourtmax": null, "sun": null, "altitude": "74", "prec": "6,3", "latitude": 413515, "hourpresmax": null, "province": "BARCELONA", "presmax": null, "presmin": null, "hourpresmin": null, "date": "1998-08-01", "name": "ARENYS DE MAR", "gust": "5,8", "longitude": 23224, "avgspeed": "1,1", "dir": "13"}, {"code": "0252D", "hourtmin": null, "hourgust": "11:10", "hourtmax": null, "sun": null, "altitude": "74", "prec": "5,3", "latitude": 413515, "hourpresmax": null, "province": "BARCELONA", "presmax": null, "presmin": null, "hourpresmin": null, "date": "1998-08-02", "name": "ARENYS DE MAR", "gust": "7,8", "longitude": 23224, "avgspeed": "1,1", "dir": "31"}, {"code": "0252D", "hourtmin": null, "hourgust": "13:20", "hourtmax": null, "sun": null, "altitude": "74", "prec": "5,8", "latitude": 413515, "hourpresmax": null, "province": "BARCELONA", "presmax": null, "presmin": null, "hourpresmin": null, "date": "1998-08-03", "name": "ARENYS DE MAR", "gust": "10,0", "longitude": 23224, "avgspeed": "1,1", "dir": "34"}, {"code": "0252D", "hourtmin": null, "hourgust": "15:30", "hourtmax": null, "sun": null, "altitude": "74", "prec": "0,0", "latitude": 413515, "hourpresmax": null, "province": "BARCELONA", "presmax": null, "presmin": null, "hourpresmin": null, "date": "1998-08-04", "name": "ARENYS DE MAR", "gust": "7,2", "longitude": 23224, "avgspeed": "1,7", "dir": "24"}, {"code": "0252D", "hourtmin": null, "hourgust": "14:40", "hourtmax": null, "sun": null, "altitude": "74", "prec": "0,0", "latitude": 413515, "hourpresmax": null, "province": "BARCELONA", "presmax": null, "presmin": null, "hourpresmin": null, "date": "1998-08-05", "name": "ARENYS DE MAR", "gust": "6,1", "longitude": 23224, "avgspeed": "1,9", "dir": "21"}, {"code": "0252D", "hourtmin": null, "hourgust": "12:10", "hourtmax": null, "sun": null, "altitude": "74", "prec": "0,0", "latitude": 413515, "hourpresmax": null, "province": "BARCELONA", "presmax": null, "presmin": null, "hourpresmin": null, "date": "1998-08-06", "name": "ARENYS DE MAR", "gust": "5,6", "longitude": 23224, "avgspeed": "1,1", "dir": "17"}, {"code": "0252D", "hourtmin": null, "hourgust": "10:40", "hourtmax": null, "sun": null, "altitude": "74", "prec": "0,0", "latitude": 413515, "hourpresmax": null, "province": "BARCELONA", "presmax": null, "presmin": null, "hourpresmin": null, "date": "1998-08-07", "name": "ARENYS DE MAR", "gust": "5,3", "longitude": 23224, "avgspeed": "0,8", "dir": "13"}, {"code": "0252D", "hourtmin": null, "hourgust": "11:50", "hourtmax": null, "sun": null, "altitude": "74", "prec": "0,0", "latitude": 413515, "hourpresmax": null, "province": "BARCELONA", "presmax": null, "presmin": null, "hourpresmin": null, "date": "1998-08-08", "name": "ARENYS DE MAR", "gust": "6,4", "longitude": 23224, "avgspeed": "1,4", "dir": "20"}, {"code": "0252D", "hourtmin": null, "hourgust": "14:30", "hourtmax": null, "sun": null, "altitude": "74", "prec": "0,0", "latitude": 413515, "hourpresmax": null, "province": "BARCELONA", "presmax": null, "presmin": null, "hourpresmin": null, "date": "1998-08-09", "name": "ARENYS DE MAR", "gust": "9,7", "longitude": 23224, "avgspeed": "3,1", "dir": "24"}, {"code": "0252D", "hourtmin": null, "hourgust": "14:30", "hourtmax": null, "sun": null, "altitude": "74", "prec": "0,7", "latitude": 413515, "hourpresmax": null, "province": "BARCELONA", "presmax": null, "presmin": null, "hourpresmin": null, "date": "1998-08-10", "name": "ARENYS DE MAR", "gust": "5,0", "longitude": 23224, "avgspeed": "0,6", "dir": "14"}, {"code": "0252D", "hourtmin": null, "hourgust": "10:50", "hourtmax": null, "sun": null, "altitude": "74", "prec": "0,0", "latitude": 413515, "hourpresmax": null, "province": "BARCELONA", "presmax": null, "presmin": null, "hourpresmin": null, "date": "1998-08-11", "name": "ARENYS DE MAR", "gust": "5,3", "longitude": 23224, "avgspeed": "1,1", "dir": "15"}, {"code": "0252D", "hourtmin": null, "hourgust": "13:00", "hourtmax": null, "sun": null, "altitude": "74", "prec": "0,0", "latitude": 413515, "hourpresmax": null, "province": "BARCELONA", "presmax": null, "presmin": null, "hourpresmin": null, "date": "1998-08-12", "name": "ARENYS DE MAR", "gust": "4,4", "longitude": 23224, "avgspeed": "1,4", "dir": "16"}, {"code": "0252D", "hourtmin": null, "hourgust": "15:10", "hourtmax": null, "sun": null, "altitude": "74", "prec": "0,0", "latitude": 413515, "hourpresmax": null, "province": "BARCELONA", "presmax": null, "presmin": null, "hourpresmin": null, "date": "1998-08-13", "name": "ARENYS DE MAR", "gust": "7,5", "longitude": 23224, "avgspeed": "1,9", "dir": "23"}, {"code": "0252D", "hourtmin": null, "hourgust": "14:00", "hourtmax": null, "sun": null, "altitude": "74", "prec": "0,0", "latitude": 413515, "hourpresmax": null, "province": "BARCELONA", "presmax": null, "presmin": null, "hourpresmin": null, "date": "1998-08-14", "name": "ARENYS DE MAR", "gust": "8,3", "longitude": 23224, "avgspeed": "2,5", "dir": "20"}, {"code": "0252D", "hourtmin": null, "hourgust": "12:00", "hourtmax": null, "sun": null, "altitude": "74", "prec": "0,0", "latitude": 413515, "hourpresmax": null, "province": "BARCELONA", "presmax": null, "presmin": null, "hourpresmin": null, "date": "1998-08-15", "name": "ARENYS DE MAR", "gust": "10,0", "longitude": 23224, "avgspeed": "2,2", "dir": "22"}, {"code": "0252D", "hourtmin": null, "hourgust": "12:00", "hourtmax": null, "sun": null, "altitude": "74", "prec": "0,0", "latitude": 413515, "hourpresmax": null, "province": "BARCELONA", "presmax": null, "presmin": null, "hourpresmin": null, "date": "1998-08-16", "name": "ARENYS DE MAR", "gust": "5,8", "longitude": 23224, "avgspeed": "1,1", "dir": "18"}, {"code": "0252D", "hourtmin": null, "hourgust": "14:50", "hourtmax": null, "sun": null, "altitude": "74", "prec": "0,0", "latitude": 413515, "hourpresmax": null, "province": "BARCELONA", "presmax": null, "presmin": null, "hourpresmin": null, "date": "1998-08-17", "name": "ARENYS DE MAR", "gust": "6,7", "longitude": 23224, "avgspeed": "1,1", "dir": "22"}, {"code": "0252D", "hourtmin": null, "hourgust": "08:20", "hourtmax": null, "sun": null, "altitude": "74", "prec": "5,5", "latitude": 413515, "hourpresmax": null, "province": "BARCELONA", "presmax": null, "presmin": null, "hourpresmin": null, "date": "1998-08-18", "name": "ARENYS DE MAR", "gust": "10,0", "longitude": 23224, "avgspeed": "1,1", "dir": "33"}, {"code": "0252D", "hourtmin": null, "hourgust": "16:20", "hourtmax": null, "sun": null, "altitude": "74", "prec": "0,0", "latitude": 413515, "hourpresmax": null, "province": "BARCELONA", "presmax": null, "presmin": null, "hourpresmin": null, "date": "1998-08-19", "name": "ARENYS DE MAR", "gust": "7,8", "longitude": 23224, "avgspeed": "2,2", "dir": "23"}, {"code": "0252D", "hourtmin": null, "hourgust": "19:50", "hourtmax": null, "sun": null, "altitude": "74", "prec": "0,0", "latitude": 413515, "hourpresmax": null, "province": "BARCELONA", "presmax": null, "presmin": null, "hourpresmin": null, "date": "1998-08-20", "name": "ARENYS DE MAR", "gust": "8,6", "longitude": 23224, "avgspeed": "2,2", "dir": "02"}, {"code": "0252D", "hourtmin": null, "hourgust": "12:50", "hourtmax": null, "sun": null, "altitude": "74", "prec": "0,0", "latitude": 413515, "hourpresmax": null, "province": "BARCELONA", "presmax": null, "presmin": null, "hourpresmin": null, "date": "1998-08-21", "name": "ARENYS DE MAR", "gust": "7,2", "longitude": 23224, "avgspeed": "1,4", "dir": "11"}, {"code": "0252D", "hourtmin": null, "hourgust": "Varias", "hourtmax": null, "sun": null, "altitude": "74", "prec": "0,0", "latitude": 413515, "hourpresmax": null, "province": "BARCELONA", "presmax": null, "presmin": null, "hourpresmin": null, "date": "1998-08-22", "name": "ARENYS DE MAR", "gust": "5,6", "longitude": 23224, "avgspeed": "1,1", "dir": "12"}, {"code": "0252D", "hourtmin": null, "hourgust": "12:50", "hourtmax": null, "sun": null, "altitude": "74", "prec": "0,0", "latitude": 413515, "hourpresmax": null, "province": "BARCELONA", "presmax": null, "presmin": null, "hourpresmin": null, "date": "1998-08-23", "name": "ARENYS DE MAR", "gust": "5,6", "longitude": 23224, "avgspeed": "1,1", "dir": "18"}, {"code": "0252D", "hourtmin": null, "hourgust": "Varias", "hourtmax": null, "sun": null, "altitude": "74", "prec": "0,0", "latitude": 413515, "hourpresmax": null, "province": "BARCELONA", "presmax": null, "presmin": null, "hourpresmin": null, "date": "1998-08-24", "name": "ARENYS DE MAR", "gust": "5,8", "longitude": 23224, "avgspeed": "1,1", "dir": "12"}, {"code": "0252D", "hourtmin": null, "hourgust": "16:20", "hourtmax": null, "sun": null, "altitude": "74", "prec": "0,0", "latitude": 413515, "hourpresmax": null, "province": "BARCELONA", "presmax": null, "presmin": null, "hourpresmin": null, "date": "1998-08-25", "name": "ARENYS DE MAR", "gust": "5,8", "longitude": 23224, "avgspeed": "1,1", "dir": "22"}, {"code": "0252D", "hourtmin": null, "hourgust": "21:00", "hourtmax": null, "sun": null, "altitude": "74", "prec": "0,0", "latitude": 413515, "hourpresmax": null, "province": "BARCELONA", "presmax": null, "presmin": null, "hourpresmin": null, "date": "1998-08-26", "name": "ARENYS DE MAR", "gust": "8,3", "longitude": 23224, "avgspeed": "1,7", "dir": "30"}, {"code": "0252D", "hourtmin": null, "hourgust": "18:10", "hourtmax": null, "sun": null, "altitude": "74", "prec": "0,1", "latitude": 413515, "hourpresmax": null, "province": "BARCELONA", "presmax": null, "presmin": null, "hourpresmin": null, "date": "1998-08-27", "name": "ARENYS DE MAR", "gust": "9,7", "longitude": 23224, "avgspeed": "1,9", "dir": "02"}, {"code": "0252D", "hourtmin": null, "hourgust": "16:00", "hourtmax": null, "sun": null, "altitude": "74", "prec": "40,5", "latitude": 413515, "hourpresmax": null, "province": "BARCELONA", "presmax": null, "presmin": null, "hourpresmin": null, "date": "1998-08-28", "name": "ARENYS DE MAR", "gust": "8,6", "longitude": 23224, "avgspeed": "1,4", "dir": "01"}, {"code": "0252D", "hourtmin": null, "hourgust": "11:50", "hourtmax": null, "sun": null, "altitude": "74", "prec": "0,0", "latitude": 413515, "hourpresmax": null, "province": "BARCELONA", "presmax": null, "presmin": null, "hourpresmin": null, "date": "1998-08-29", "name": "ARENYS DE MAR", "gust": "6,7", "longitude": 23224, "avgspeed": "1,4", "dir": "18"}, {"code": "0252D", "hourtmin": null, "hourgust": "14:40", "hourtmax": null, "sun": null, "altitude": "74", "latitude": 413515, "hourpresmax": null, "province": "BARCELONA", "presmax": null, "presmin": null, "hourpresmin": null, "date": "1998-08-30", "name": "ARENYS DE MAR", "gust": "7,8", "longitude": 23224, "avgspeed": "2,8", "dir": "20"}, {"code": "0252D", "hourtmin": null, "hourgust": "10:20", "hourtmax": null, "sun": null, "altitude": "74", "latitude": 413515, "hourpresmax": null, "province": "BARCELONA", "presmax": null, "presmin": null, "hourpresmin": null, "date": "1998-08-31", "name": "ARENYS DE MAR", "gust": "7,2", "longitude": 23224, "avgspeed": "1,9", "dir": "18"}, {"code": "0252D", "hourtmin": "03:25", "hourgust": "09:50", "hourtmax": "11:50", "sun": null, "altitude": "74", "prec": "0,0", "latitude": 413515, "hourpresmax": null, "province": "BARCELONA", "tmed": "23,6", "tmin": "19,7", "presmax": null, "presmin": null, "hourpresmin": null, "date": "1998-09-01", "name": "ARENYS DE MAR", "gust": "6,4", "tmax": "27,4", "longitude": 23224, "avgspeed": "0,8", "dir": "13"}, {"code": "0252D", "hourtmin": "04:40", "hourgust": "10:00", "hourtmax": "09:50", "sun": null, "altitude": "74", "prec": "3,6", "latitude": 413515, "hourpresmax": null, "province": "BARCELONA", "tmed": "23,4", "tmin": "19,6", "presmax": null, "presmin": null, "hourpresmin": null, "date": "1998-09-02", "name": "ARENYS DE MAR", "gust": "8,1", "tmax": "27,2", "longitude": 23224, "avgspeed": "0,6", "dir": "12"}, {"code": "0252D", "hourtmin": "05:50", "hourgust": "14:10", "hourtmax": "13:20", "sun": null, "altitude": "74", "prec": "0,0", "latitude": 413515, "hourpresmax": null, "province": "BARCELONA", "tmed": "22,9", "tmin": "19,4", "presmax": null, "presmin": null, "hourpresmin": null, "date": "1998-09-03", "name": "ARENYS DE MAR", "gust": "5,6", "tmax": "26,4", "longitude": 23224, "avgspeed": "1,1", "dir": "13"}, {"code": "0252D", "hourtmin": "01:20", "hourgust": "13:50", "hourtmax": "Varias", "sun": null, "altitude": "74", "prec": "0,0", "latitude": 413515, "hourpresmax": null, "province": "BARCELONA", "tmed": "23,2", "tmin": "20,5", "presmax": null, "presmin": null, "hourpresmin": null, "date": "1998-09-04", "name": "ARENYS DE MAR", "gust": "9,7", "tmax": "26,0", "longitude": 23224, "avgspeed": "2,8", "dir": "20"}, {"code": "0252D", "hourtmin": "05:10", "hourgust": "10:20", "hourtmax": "11:10", "sun": null, "altitude": "74", "prec": "0,0", "latitude": 413515, "hourpresmax": null, "province": "BARCELONA", "tmed": "22,3", "tmin": "19,2", "presmax": null, "presmin": null, "hourpresmin": null, "date": "1998-09-05", "name": "ARENYS DE MAR", "gust": "10,3", "tmax": "25,4", "longitude": 23224, "avgspeed": "2,5", "dir": "16"}, {"code": "0252D", "hourtmin": "05:10", "hourgust": "15:20", "hourtmax": "12:20", "sun": null, "altitude": "74", "prec": "0,0", "latitude": 413515, "hourpresmax": null, "province": "BARCELONA", "tmed": "22,8", "tmin": "19,4", "presmax": null, "presmin": null, "hourpresmin": null, "date": "1998-09-06", "name": "ARENYS DE MAR", "gust": "11,7", "tmax": "26,2", "longitude": 23224, "avgspeed": "2,8", "dir": "22"}, {"code": "0252D", "hourtmin": "23:20", "hourgust": "19:20", "hourtmax": "13:00", "sun": null, "altitude": "74", "prec": "21,0", "latitude": 413515, "hourpresmax": null, "province": "BARCELONA", "tmed": "21,2", "tmin": "16,3", "presmax": null, "presmin": null, "hourpresmin": null, "date": "1998-09-07", "name": "ARENYS DE MAR", "gust": "14,7", "tmax": "26,2", "longitude": 23224, "avgspeed": "1,4", "dir": "04"}, {"code": "0252D", "hourtmin": "05:15", "hourgust": "12:00", "hourtmax": "12:45", "sun": null, "altitude": "74", "prec": "0,0", "latitude": 413515, "hourpresmax": null, "province": "BARCELONA", "tmed": "19,6", "tmin": "14,9", "presmax": null, "presmin": null, "hourpresmin": null, "date": "1998-09-08", "name": "ARENYS DE MAR", "gust": "5,3", "tmax": "24,3", "longitude": 23224, "avgspeed": "0,8", "dir": "14"}, {"code": "0252D", "hourtmin": "02:10", "hourgust": "12:20", "hourtmax": "Varias", "sun": null, "altitude": "74", "prec": "0,0", "latitude": 413515, "hourpresmax": null, "province": "BARCELONA", "tmed": "21,2", "tmin": "17,1", "presmax": null, "presmin": null, "hourpresmin": null, "date": "1998-09-09", "name": "ARENYS DE MAR", "gust": "12,5", "tmax": "25,4", "longitude": 23224, "avgspeed": "3,9", "dir": "22"}, {"code": "0252D", "hourtmin": "05:00", "hourgust": "12:40", "hourtmax": "12:00", "sun": null, "altitude": "74", "prec": "3,4", "latitude": 413515, "hourpresmax": null, "province": "BARCELONA", "tmed": "22,6", "tmin": "19,6", "presmax": null, "presmin": null, "hourpresmin": null, "date": "1998-09-10", "name": "ARENYS DE MAR", "gust": "7,8", "tmax": "25,5", "longitude": 23224, "avgspeed": "1,9", "dir": "22"}, {"code": "0252D", "hourtmin": "23:40", "hourgust": "21:20", "hourtmax": "13:10", "sun": null, "altitude": "74", "prec": "0,6", "latitude": 413515, "hourpresmax": null, "province": "BARCELONA", "tmed": "18,8", "tmin": "16,1", "presmax": null, "presmin": null, "hourpresmin": null, "date": "1998-09-11", "name": "ARENYS DE MAR", "gust": "7,5", "tmax": "21,4", "longitude": 23224, "avgspeed": "0,8", "dir": "28"}, {"code": "0252D", "hourtmin": "Varias", "hourgust": "Varias", "hourtmax": "14:50", "sun": null, "altitude": "74", "prec": "0,0", "latitude": 413515, "hourpresmax": null, "province": "BARCELONA", "tmed": "18,4", "tmin": "13,8", "presmax": null, "presmin": null, "hourpresmin": null, "date": "1998-09-12", "name": "ARENYS DE MAR", "gust": "7,2", "tmax": "22,9", "longitude": 23224, "avgspeed": "1,9", "dir": "08"}, {"code": "0252D", "hourtmin": "06:00", "hourgust": "14:50", "hourtmax": "10:00", "sun": null, "altitude": "74", "prec": "0,0", "latitude": 413515, "hourpresmax": null, "province": "BARCELONA", "tmed": "17,1", "tmin": "14,1", "presmax": null, "presmin": null, "hourpresmin": null, "date": "1998-09-13", "name": "ARENYS DE MAR", "gust": "7,8", "tmax": "20,1", "longitude": 23224, "avgspeed": "1,4", "dir": "13"}, {"code": "0252D", "hourtmin": "05:00", "hourgust": "18:20", "hourtmax": "14:00", "sun": null, "altitude": "74", "prec": "6,7", "latitude": 413515, "hourpresmax": null, "province": "BARCELONA", "tmed": "17,4", "tmin": "13,0", "presmax": null, "presmin": null, "hourpresmin": null, "date": "1998-09-14", "name": "ARENYS DE MAR", "gust": "8,9", "tmax": "21,9", "longitude": 23224, "avgspeed": "2,5", "dir": "14"}, {"code": "0252D", "hourtmin": "06:20", "hourgust": "13:00", "hourtmax": "12:00", "sun": null, "altitude": "74", "prec": "0,0", "latitude": 413515, "hourpresmax": null, "province": "BARCELONA", "tmed": "17,4", "tmin": "13,6", "presmax": null, "presmin": null, "hourpresmin": null, "date": "1998-09-15", "name": "ARENYS DE MAR", "gust": "10,0", "tmax": "21,3", "longitude": 23224, "avgspeed": "2,2", "dir": "22"}, {"code": "0252D", "hourtmin": "04:40", "hourgust": "13:20", "hourtmax": "Varias", "sun": null, "altitude": "74", "prec": "0,5", "latitude": 413515, "hourpresmax": null, "province": "BARCELONA", "tmed": "18,3", "tmin": "13,9", "presmax": null, "presmin": null, "hourpresmin": null, "date": "1998-09-16", "name": "ARENYS DE MAR", "gust": "5,8", "tmax": "22,7", "longitude": 23224, "avgspeed": "1,4", "dir": "22"}, {"code": "0252D", "hourtmin": "21:00", "hourgust": "13:20", "hourtmax": "12:50", "sun": null, "altitude": "74", "prec": "0,0", "latitude": 413515, "hourpresmax": null, "province": "BARCELONA", "tmed": "19,6", "tmin": "17,6", "presmax": null, "presmin": null, "hourpresmin": null, "date": "1998-09-17", "name": "ARENYS DE MAR", "gust": "6,1", "tmax": "21,6", "longitude": 23224, "avgspeed": "1,4", "dir": "16"}, {"code": "0252D", "hourtmin": "22:15", "hourgust": "23:50", "hourtmax": "12:05", "sun": null, "altitude": "74", "prec": "0,0", "latitude": 413515, "hourpresmax": null, "province": "BARCELONA", "tmed": "20,0", "tmin": "16,7", "presmax": null, "presmin": null, "hourpresmin": null, "date": "1998-09-18", "name": "ARENYS DE MAR", "gust": "6,1", "tmax": "23,2", "longitude": 23224, "avgspeed": "1,1", "dir": "02"}, {"code": "0252D", "hourtmin": "06:15", "hourgust": "09:50", "hourtmax": "11:50", "sun": null, "altitude": "74", "prec": "0,0", "latitude": 413515, "hourpresmax": null, "province": "BARCELONA", "tmed": "19,2", "tmin": "15,2", "presmax": null, "presmin": null, "hourpresmin": null, "date": "1998-09-19", "name": "ARENYS DE MAR", "gust": "6,1", "tmax": "23,1", "longitude": 23224, "avgspeed": "0,6", "dir": "15"}, {"code": "0252D", "hourtmin": "05:20", "hourgust": "14:20", "hourtmax": "11:00", "sun": null, "altitude": "74", "prec": "0,0", "latitude": 413515, "hourpresmax": null, "province": "BARCELONA", "tmed": "19,0", "tmin": "13,9", "presmax": null, "presmin": null, "hourpresmin": null, "date": "1998-09-20", "name": "ARENYS DE MAR", "gust": "6,9", "tmax": "24,0", "longitude": 23224, "avgspeed": "0,8", "dir": "05"}, {"code": "0252D", "hourtmin": "01:35", "hourgust": "11:10", "hourtmax": "Varias", "sun": null, "altitude": "74", "prec": "0,0", "latitude": 413515, "hourpresmax": null, "province": "BARCELONA", "tmed": "18,8", "tmin": "14,6", "presmax": null, "presmin": null, "hourpresmin": null, "date": "1998-09-21", "name": "ARENYS DE MAR", "gust": "6,7", "tmax": "23,0", "longitude": 23224, "avgspeed": "1,1", "dir": "13"}, {"code": "0252D", "hourtmin": "04:30", "hourgust": "11:50", "hourtmax": "12:00", "sun": null, "altitude": "74", "prec": "0,1", "latitude": 413515, "hourpresmax": null, "province": "BARCELONA", "tmed": "18,3", "tmin": "14,0", "presmax": null, "presmin": null, "hourpresmin": null, "date": "1998-09-22", "name": "ARENYS DE MAR", "gust": "5,6", "tmax": "22,6", "longitude": 23224, "avgspeed": "1,1", "dir": "13"}, {"code": "0252D", "hourtmin": "23:50", "hourgust": "13:00", "hourtmax": "11:35", "sun": null, "altitude": "74", "prec": "36,0", "latitude": 413515, "hourpresmax": null, "province": "BARCELONA", "tmed": "18,4", "tmin": "15,8", "presmax": null, "presmin": null, "hourpresmin": null, "date": "1998-09-23", "name": "ARENYS DE MAR", "gust": "5,8", "tmax": "21,1", "longitude": 23224, "avgspeed": "1,7", "dir": "18"}, {"code": "0252D", "hourtmin": "03:25", "hourgust": "14:10", "hourtmax": "14:00", "sun": null, "altitude": "74", "prec": "0,5", "latitude": 413515, "hourpresmax": null, "province": "BARCELONA", "tmed": "19,0", "tmin": "15,5", "presmax": null, "presmin": null, "hourpresmin": null, "date": "1998-09-24", "name": "ARENYS DE MAR", "gust": "5,0", "tmax": "22,6", "longitude": 23224, "avgspeed": "1,1", "dir": "12"}, {"code": "0252D", "hourtmin": "Varias", "hourgust": "21:10", "hourtmax": "15:40", "sun": null, "altitude": "74", "prec": "4,4", "latitude": 413515, "hourpresmax": null, "province": "BARCELONA", "tmed": "18,5", "tmin": "16,1", "presmax": null, "presmin": null, "hourpresmin": null, "date": "1998-09-25", "name": "ARENYS DE MAR", "gust": "6,7", "tmax": "20,9", "longitude": 23224, "avgspeed": "0,6", "dir": "16"}, {"code": "0252D", "hourtmin": "06:35", "hourgust": "15:10", "hourtmax": "11:40", "sun": null, "altitude": "74", "prec": "0,0", "latitude": 413515, "hourpresmax": null, "province": "BARCELONA", "tmed": "20,1", "tmin": "16,2", "presmax": null, "presmin": null, "hourpresmin": null, "date": "1998-09-26", "name": "ARENYS DE MAR", "gust": "12,5", "tmax": "24,0", "longitude": 23224, "avgspeed": "3,6", "dir": "22"}, {"code": "0252D", "hourtmin": "22:50", "hourgust": "03:00", "hourtmax": "14:20", "sun": null, "altitude": "74", "prec": "0,0", "latitude": 413515, "hourpresmax": null, "province": "BARCELONA", "tmed": "19,8", "tmin": "14,7", "presmax": null, "presmin": null, "hourpresmin": null, "date": "1998-09-27", "name": "ARENYS DE MAR", "gust": "12,8", "tmax": "25,0", "longitude": 23224, "avgspeed": "2,5", "dir": "35"}, {"code": "0252D", "hourtmin": "00:00", "hourgust": "13:10", "hourtmax": "14:00", "sun": null, "altitude": "74", "prec": "0,0", "latitude": 413515, "hourpresmax": null, "province": "BARCELONA", "tmed": "19,0", "tmin": "14,8", "presmax": null, "presmin": null, "hourpresmin": null, "date": "1998-09-28", "name": "ARENYS DE MAR", "gust": "9,2", "tmax": "23,2", "longitude": 23224, "avgspeed": "1,9", "dir": "22"}, {"code": "0252D", "hourtmin": "03:40", "hourgust": "15:40", "hourtmax": "13:10", "sun": null, "altitude": "74", "latitude": 413515, "hourpresmax": null, "province": "BARCELONA", "tmed": "18,5", "tmin": "14,7", "presmax": null, "presmin": null, "hourpresmin": null, "date": "1998-09-29", "name": "ARENYS DE MAR", "gust": "12,5", "tmax": "22,3", "longitude": 23224, "avgspeed": "2,2", "dir": "23"}, {"code": "0252D", "hourtmin": "23:20", "hourgust": "15:30", "hourtmax": "10:30", "sun": null, "altitude": "74", "latitude": 413515, "hourpresmax": null, "province": "BARCELONA", "tmed": "17,4", "tmin": "13,6", "presmax": null, "presmin": null, "hourpresmin": null, "date": "1998-09-30", "name": "ARENYS DE MAR", "gust": "6,9", "tmax": "21,1", "longitude": 23224, "avgspeed": "1,1", "dir": "17"}, {"code": "0252D", "hourtmin": "06:10", "hourgust": "13:20", "hourtmax": "12:10", "sun": null, "altitude": "74", "prec": "0,0", "latitude": 413515, "hourpresmax": null, "province": "BARCELONA", "tmed": "17,0", "tmin": "11,8", "presmax": null, "presmin": null, "hourpresmin": null, "date": "1998-10-01", "name": "ARENYS DE MAR", "gust": "10,6", "tmax": "22,2", "longitude": 23224, "avgspeed": "1,9", "dir": "19"}, {"code": "0252D", "hourtmin": "04:10", "hourgust": "16:50", "hourtmax": "Varias", "sun": null, "altitude": "74", "prec": "0,0", "latitude": 413515, "hourpresmax": null, "province": "BARCELONA", "tmed": "16,4", "tmin": "10,3", "presmax": null, "presmin": null, "hourpresmin": null, "date": "1998-10-02", "name": "ARENYS DE MAR", "gust": "10,3", "tmax": "22,5", "longitude": 23224, "avgspeed": "1,9", "dir": "02"}, {"code": "0252D", "hourtmin": "04:25", "hourgust": "12:20", "hourtmax": "11:10", "sun": null, "altitude": "74", "prec": "0,0", "latitude": 413515, "hourpresmax": null, "province": "BARCELONA", "tmed": "16,0", "tmin": "11,3", "presmax": null, "presmin": null, "hourpresmin": null, "date": "1998-10-03", "name": "ARENYS DE MAR", "gust": "6,4", "tmax": "20,6", "longitude": 23224, "avgspeed": "1,7", "dir": "22"}, {"code": "0252D", "hourtmin": "22:40", "hourgust": "23:50", "hourtmax": "10:00", "sun": null, "altitude": "74", "prec": "1,6", "latitude": 413515, "hourpresmax": null, "province": "BARCELONA", "tmed": "16,2", "tmin": "13,4", "presmax": null, "presmin": null, "hourpresmin": null, "date": "1998-10-04", "name": "ARENYS DE MAR", "gust": "6,1", "tmax": "18,9", "longitude": 23224, "avgspeed": "1,1", "dir": "35"}, {"code": "0252D", "hourtmin": "18:00", "hourgust": "17:50", "hourtmax": "12:10", "sun": null, "altitude": "74", "prec": "30,5", "latitude": 413515, "hourpresmax": null, "province": "BARCELONA", "tmed": "15,2", "tmin": "11,2", "presmax": null, "presmin": null, "hourpresmin": null, "date": "1998-10-05", "name": "ARENYS DE MAR", "gust": "14,2", "tmax": "19,2", "longitude": 23224, "avgspeed": "2,2", "dir": "33"}, {"code": "0252D", "hourtmin": "04:20", "hourgust": "01:00", "hourtmax": "12:25", "sun": null, "altitude": "74", "prec": "0,1", "latitude": 413515, "hourpresmax": null, "province": "BARCELONA", "tmed": "14,7", "tmin": "10,2", "presmax": null, "presmin": null, "hourpresmin": null, "date": "1998-10-06", "name": "ARENYS DE MAR", "gust": "8,6", "tmax": "19,2", "longitude": 23224, "avgspeed": "1,1", "dir": "22"}, {"code": "0252D", "hourtmin": "20:30", "hourgust": "16:10", "hourtmax": "13:55", "sun": null, "altitude": "74", "prec": "1,0", "latitude": 413515, "hourpresmax": null, "province": "BARCELONA", "tmed": "14,9", "tmin": "10,4", "presmax": null, "presmin": null, "hourpresmin": null, "date": "1998-10-07", "name": "ARENYS DE MAR", "gust": "11,9", "tmax": "19,4", "longitude": 23224, "avgspeed": "2,2", "dir": "02"}, {"code": "0252D", "hourtmin": "06:30", "hourgust": "06:00", "hourtmax": "13:40", "sun": null, "altitude": "74", "prec": "1,8", "latitude": 413515, "hourpresmax": null, "province": "BARCELONA", "tmed": "14,0", "tmin": "10,0", "presmax": null, "presmin": null, "hourpresmin": null, "date": "1998-10-08", "name": "ARENYS DE MAR", "gust": "6,1", "tmax": "18,0", "longitude": 23224, "avgspeed": "1,1", "dir": "22"}, {"code": "0252D", "hourtmin": "02:45", "hourgust": "01:00", "hourtmax": "15:00", "sun": null, "altitude": "74", "prec": "0,4", "latitude": 413515, "hourpresmax": null, "province": "BARCELONA", "tmed": "13,4", "tmin": "10,4", "presmax": null, "presmin": null, "hourpresmin": null, "date": "1998-10-09", "name": "ARENYS DE MAR", "gust": "4,7", "tmax": "16,4", "longitude": 23224, "avgspeed": "1,1", "dir": "36"}, {"code": "0252D", "hourtmin": "05:10", "hourgust": "14:30", "hourtmax": "Varias", "sun": null, "altitude": "74", "prec": "0,0", "latitude": 413515, "hourpresmax": null, "province": "BARCELONA", "tmed": "13,9", "tmin": "9,6", "presmax": null, "presmin": null, "hourpresmin": null, "date": "1998-10-10", "name": "ARENYS DE MAR", "gust": "5,3", "tmax": "18,2", "longitude": 23224, "avgspeed": "1,4", "dir": "18"}, {"code": "0252D", "hourtmin": "05:55", "hourgust": "15:10", "hourtmax": "13:40", "sun": null, "altitude": "74", "prec": "0,0", "latitude": 413515, "hourpresmax": null, "province": "BARCELONA", "tmed": "15,8", "tmin": "12,1", "presmax": null, "presmin": null, "hourpresmin": null, "date": "1998-10-11", "name": "ARENYS DE MAR", "gust": "9,2", "tmax": "19,6", "longitude": 23224, "avgspeed": "2,2", "dir": "20"}, {"code": "0252D", "hourtmin": "04:30", "hourgust": "23:40", "hourtmax": "13:00", "sun": null, "altitude": "74", "prec": "0,0", "latitude": 413515, "hourpresmax": null, "province": "BARCELONA", "tmed": "17,2", "tmin": "12,8", "presmax": null, "presmin": null, "hourpresmin": null, "date": "1998-10-12", "name": "ARENYS DE MAR", "gust": "5,3", "tmax": "21,6", "longitude": 23224, "avgspeed": "1,1", "dir": "14"}, {"code": "0252D", "hourtmin": "06:50", "hourgust": "14:50", "hourtmax": "12:40", "sun": null, "altitude": "74", "prec": "0,0", "latitude": 413515, "hourpresmax": null, "province": "BARCELONA", "tmed": "16,1", "tmin": "11,9", "presmax": null, "presmin": null, "hourpresmin": null, "date": "1998-10-13", "name": "ARENYS DE MAR", "gust": "6,7", "tmax": "20,3", "longitude": 23224, "avgspeed": "1,4", "dir": "19"}, {"code": "0252D", "hourtmin": "05:35", "hourgust": "Varias", "hourtmax": "14:10", "sun": null, "altitude": "74", "prec": "0,0", "latitude": 413515, "hourpresmax": null, "province": "BARCELONA", "tmed": "16,0", "tmin": "11,2", "presmax": null, "presmin": null, "hourpresmin": null, "date": "1998-10-14", "name": "ARENYS DE MAR", "gust": "5,3", "tmax": "20,8", "longitude": 23224, "avgspeed": "1,1", "dir": "30"}, {"code": "0252D", "hourtmin": "03:15", "hourgust": "13:20", "hourtmax": "10:50", "sun": null, "altitude": "74", "prec": "0,0", "latitude": 413515, "hourpresmax": null, "province": "BARCELONA", "tmed": "16,8", "tmin": "12,6", "presmax": null, "presmin": null, "hourpresmin": null, "date": "1998-10-15", "name": "ARENYS DE MAR", "gust": "7,2", "tmax": "21,0", "longitude": 23224, "avgspeed": "1,7", "dir": "21"}, {"code": "0252D", "hourtmin": "04:05", "hourgust": "12:40", "hourtmax": "13:00", "sun": null, "altitude": "74", "prec": "0,0", "latitude": 413515, "hourpresmax": null, "province": "BARCELONA", "tmed": "16,0", "tmin": "11,2", "presmax": null, "presmin": null, "hourpresmin": null, "date": "1998-10-16", "name": "ARENYS DE MAR", "gust": "8,9", "tmax": "20,8", "longitude": 23224, "avgspeed": "1,9", "dir": "21"}, {"code": "0252D", "hourtmin": "02:40", "hourgust": "14:20", "hourtmax": "Varias", "sun": null, "altitude": "74", "prec": "0,0", "latitude": 413515, "hourpresmax": null, "province": "BARCELONA", "tmed": "17,3", "tmin": "13,8", "presmax": null, "presmin": null, "hourpresmin": null, "date": "1998-10-17", "name": "ARENYS DE MAR", "gust": "8,9", "tmax": "20,8", "longitude": 23224, "avgspeed": "2,2", "dir": "22"}, {"code": "0252D", "hourtmin": "23:30", "hourgust": "23:50", "hourtmax": "13:40", "sun": null, "altitude": "74", "prec": "6,2", "latitude": 413515, "hourpresmax": null, "province": "BARCELONA", "tmed": "16,6", "tmin": "13,8", "presmax": null, "presmin": null, "hourpresmin": null, "date": "1998-10-18", "name": "ARENYS DE MAR", "gust": "6,4", "tmax": "19,4", "longitude": 23224, "avgspeed": "1,1", "dir": "34"}, {"code": "0252D", "hourtmin": "23:50", "hourgust": "00:00", "hourtmax": "12:40", "sun": null, "altitude": "74", "prec": "1,9", "latitude": 413515, "hourpresmax": null, "province": "BARCELONA", "tmed": "13,5", "tmin": "10,8", "presmax": null, "presmin": null, "hourpresmin": null, "date": "1998-10-19", "name": "ARENYS DE MAR", "gust": "9,2", "tmax": "16,2", "longitude": 23224, "avgspeed": "0,8", "dir": "33"}, {"code": "0252D", "hourtmin": "06:30", "hourgust": "06:10", "hourtmax": "Varias", "sun": null, "altitude": "74", "prec": "0,0", "latitude": 413515, "hourpresmax": null, "province": "BARCELONA", "tmed": "13,6", "tmin": "9,5", "presmax": null, "presmin": null, "hourpresmin": null, "date": "1998-10-20", "name": "ARENYS DE MAR", "gust": "6,4", "tmax": "17,7", "longitude": 23224, "avgspeed": "1,7", "dir": "35"}, {"code": "0252D", "hourtmin": "05:20", "hourgust": "14:20", "hourtmax": "Varias", "sun": null, "altitude": "74", "prec": "0,0", "latitude": 413515, "hourpresmax": null, "province": "BARCELONA", "tmed": "14,0", "tmin": "9,0", "presmax": null, "presmin": null, "hourpresmin": null, "date": "1998-10-21", "name": "ARENYS DE MAR", "gust": "6,7", "tmax": "18,9", "longitude": 23224, "avgspeed": "1,7", "dir": "20"}, {"code": "0252D", "hourtmin": "00:50", "hourgust": "09:50", "hourtmax": "10:30", "sun": null, "altitude": "74", "prec": "0,0", "latitude": 413515, "hourpresmax": null, "province": "BARCELONA", "tmed": "17,0", "tmin": "14,1", "presmax": null, "presmin": null, "hourpresmin": null, "date": "1998-10-22", "name": "ARENYS DE MAR", "gust": "8,9", "tmax": "20,0", "longitude": 23224, "avgspeed": "2,5", "dir": "23"}, {"code": "0252D", "hourtmin": "06:30", "hourgust": "Varias", "hourtmax": "11:20", "sun": null, "altitude": "74", "prec": "0,0", "latitude": 413515, "hourpresmax": null, "province": "BARCELONA", "tmed": "16,2", "tmin": "11,9", "presmax": null, "presmin": null, "hourpresmin": null, "date": "1998-10-23", "name": "ARENYS DE MAR", "gust": "10,8", "tmax": "20,6", "longitude": 23224, "avgspeed": "1,9", "dir": "22"}, {"code": "0252D", "hourtmin": "02:30", "hourgust": "14:20", "hourtmax": "Varias", "sun": null, "altitude": "74", "prec": "0,0", "latitude": 413515, "hourpresmax": null, "province": "BARCELONA", "tmed": "16,0", "tmin": "12,4", "presmax": null, "presmin": null, "hourpresmin": null, "date": "1998-10-24", "name": "ARENYS DE MAR", "gust": "7,2", "tmax": "19,7", "longitude": 23224, "avgspeed": "1,7", "dir": "20"}, {"code": "0252D", "hourtmin": "23:45", "hourgust": "09:50", "hourtmax": "11:35", "sun": null, "altitude": "74", "prec": "0,3", "latitude": 413515, "hourpresmax": null, "province": "BARCELONA", "tmed": "19,8", "tmin": "15,7", "presmax": null, "presmin": null, "hourpresmin": null, "date": "1998-10-25", "name": "ARENYS DE MAR", "gust": "12,5", "tmax": "24,0", "longitude": 23224, "avgspeed": "0,8", "dir": "25"}, {"code": "0252D", "hourtmin": "23:50", "hourgust": "11:10", "hourtmax": "12:50", "sun": null, "altitude": "74", "prec": "0,0", "latitude": 413515, "hourpresmax": null, "province": "BARCELONA", "tmed": "15,9", "tmin": "13,3", "presmax": null, "presmin": null, "hourpresmin": null, "date": "1998-10-26", "name": "ARENYS DE MAR", "gust": "8,3", "tmax": "18,5", "longitude": 23224, "avgspeed": "1,7", "dir": "22"}, {"code": "0252D", "hourtmin": "06:55", "hourgust": "13:00", "hourtmax": "12:00", "sun": null, "altitude": "74", "prec": "0,0", "latitude": 413515, "hourpresmax": null, "province": "BARCELONA", "tmed": "15,6", "tmin": "11,7", "presmax": null, "presmin": null, "hourpresmin": null, "date": "1998-10-27", "name": "ARENYS DE MAR", "gust": "12,2", "tmax": "19,6", "longitude": 23224, "avgspeed": "1,9", "dir": "23"}, {"code": "0252D", "hourtmin": "05:50", "hourgust": "02:20", "hourtmax": "12:40", "sun": null, "altitude": "74", "prec": "0,0", "latitude": 413515, "hourpresmax": null, "province": "BARCELONA", "tmed": "15,8", "tmin": "10,4", "presmax": null, "presmin": null, "hourpresmin": null, "date": "1998-10-28", "name": "ARENYS DE MAR", "gust": "7,2", "tmax": "21,3", "longitude": 23224, "avgspeed": "1,4", "dir": "27"}, {"code": "0252D", "hourtmin": "04:30", "hourgust": "15:10", "hourtmax": "10:35", "sun": null, "altitude": "74", "prec": "0,0", "latitude": 413515, "hourpresmax": null, "province": "BARCELONA", "tmed": "15,8", "tmin": "10,6", "presmax": null, "presmin": null, "hourpresmin": null, "date": "1998-10-29", "name": "ARENYS DE MAR", "gust": "5,0", "tmax": "21,0", "longitude": 23224, "avgspeed": "0,6", "dir": "05"}, {"code": "0252D", "hourtmin": "07:00", "hourgust": "13:20", "hourtmax": "12:30", "sun": null, "altitude": "74", "latitude": 413515, "hourpresmax": null, "province": "BARCELONA", "tmed": "14,8", "tmin": "12,1", "presmax": null, "presmin": null, "hourpresmin": null, "date": "1998-10-30", "name": "ARENYS DE MAR", "gust": "6,7", "tmax": "17,5", "longitude": 23224, "avgspeed": "1,1", "dir": "17"}, {"code": "0252D", "hourtmin": "04:00", "hourgust": "14:00", "hourtmax": "11:40", "sun": null, "altitude": "74", "latitude": 413515, "hourpresmax": null, "province": "BARCELONA", "tmed": "14,6", "tmin": "11,0", "presmax": null, "presmin": null, "hourpresmin": null, "date": "1998-10-31", "name": "ARENYS DE MAR", "gust": "7,5", "tmax": "18,2", "longitude": 23224, "avgspeed": "1,9", "dir": "22"}, {"code": "0252D", "hourtmin": "04:00", "hourgust": "01:00", "hourtmax": "12:00", "sun": null, "altitude": "74", "prec": "0,0", "latitude": 413515, "hourpresmax": null, "province": "BARCELONA", "tmed": "15,7", "tmin": "11,1", "presmax": null, "presmin": null, "hourpresmin": null, "date": "1998-11-01", "name": "ARENYS DE MAR", "gust": "5,6", "tmax": "20,3", "longitude": 23224, "avgspeed": "1,1", "dir": "30"}, {"code": "0252D", "hourtmin": "03:20", "hourgust": "14:00", "hourtmax": "Varias", "sun": null, "altitude": "74", "prec": "0,0", "latitude": 413515, "hourpresmax": null, "province": "BARCELONA", "tmed": "14,8", "tmin": "10,4", "presmax": null, "presmin": null, "hourpresmin": null, "date": "1998-11-02", "name": "ARENYS DE MAR", "gust": "6,7", "tmax": "19,3", "longitude": 23224, "avgspeed": "1,4", "dir": "22"}, {"code": "0252D", "hourtmin": "03:20", "hourgust": "23:10", "hourtmax": "11:40", "sun": null, "altitude": "74", "latitude": 413515, "hourpresmax": null, "province": "BARCELONA", "tmed": "17,1", "tmin": "12,7", "presmax": null, "presmin": null, "hourpresmin": null, "date": "1998-11-03", "name": "ARENYS DE MAR", "gust": "7,5", "tmax": "21,5", "longitude": 23224, "avgspeed": "1,9", "dir": "31"}, {"province": "BARCELONA", "hourtmax": null, "presmin": null, "code": "0252D", "name": "ARENYS DE MAR", "presmax": null, "gust": null, "altitude": "74", "longitude": 23224, "hourpresmax": null, "date": "1998-11-07", "hourpresmin": null, "hourtmin": null, "avgspeed": "1,1", "latitude": 413515, "sun": null, "hourgust": null}, {"province": "BARCELONA", "hourtmax": null, "presmin": null, "code": "0252D", "name": "ARENYS DE MAR", "presmax": null, "gust": null, "altitude": "74", "longitude": 23224, "hourpresmax": null, "date": "1998-11-10", "hourpresmin": null, "hourtmin": null, "avgspeed": "0,6", "latitude": 413515, "sun": null, "hourgust": null}, {"code": "0252D", "hourtmin": "22:20", "hourgust": "Varias", "hourtmax": "13:30", "sun": null, "altitude": "74", "latitude": 413515, "hourpresmax": null, "province": "BARCELONA", "tmed": "12,8", "tmin": "9,2", "presmax": null, "presmin": null, "hourpresmin": null, "date": "1998-11-11", "name": "ARENYS DE MAR", "gust": "5,6", "tmax": "16,4", "longitude": 23224, "avgspeed": "1,1", "dir": "36"}, {"province": "BARCELONA", "hourtmax": null, "presmin": null, "code": "0252D", "name": "ARENYS DE MAR", "presmax": null, "gust": null, "altitude": "74", "longitude": 23224, "hourpresmax": null, "date": "1998-11-12", "hourpresmin": null, "hourtmin": null, "avgspeed": "0,8", "latitude": 413515, "sun": null, "hourgust": null}, {"province": "BARCELONA", "hourtmax": null, "presmin": null, "code": "0252D", "name": "ARENYS DE MAR", "presmax": null, "gust": null, "altitude": "74", "longitude": 23224, "hourpresmax": null, "date": "1998-11-13", "hourpresmin": null, "hourtmin": null, "avgspeed": "1,1", "latitude": 413515, "sun": null, "hourgust": null}, {"code": "0252D", "hourtmin": "05:40", "hourgust": "11:10", "hourtmax": "14:50", "sun": null, "altitude": "74", "latitude": 413515, "hourpresmax": null, "province": "BARCELONA", "tmed": "12,1", "tmin": "7,1", "presmax": null, "presmin": null, "hourpresmin": null, "date": "1998-11-14", "name": "ARENYS DE MAR", "gust": "5,6", "tmax": "17,1", "longitude": 23224, "avgspeed": "1,1", "dir": "04"}, {"code": "0252D", "hourtmin": "21:30", "hourgust": "23:50", "hourtmax": "01:50", "sun": null, "altitude": "74", "latitude": 413515, "hourpresmax": null, "province": "BARCELONA", "tmed": "10,2", "tmin": "9,2", "presmax": null, "presmin": null, "hourpresmin": null, "date": "1998-11-16", "name": "ARENYS DE MAR", "gust": "4,2", "tmax": "11,3", "longitude": 23224, "avgspeed": "0,0", "dir": "14"}, {"province": "BARCELONA", "hourtmax": null, "presmin": null, "code": "0252D", "name": "ARENYS DE MAR", "presmax": null, "gust": null, "altitude": "74", "longitude": 23224, "hourpresmax": null, "date": "1998-11-19", "hourpresmin": null, "hourtmin": null, "avgspeed": "1,7", "latitude": 413515, "sun": null, "hourgust": null}, {"code": "0252D", "hourtmin": "23:45", "hourgust": "03:40", "hourtmax": "13:30", "sun": null, "altitude": "74", "latitude": 413515, "hourpresmax": null, "province": "BARCELONA", "tmed": "8,8", "tmin": "5,0", "presmax": null, "presmin": null, "hourpresmin": null, "date": "1998-11-20", "name": "ARENYS DE MAR", "gust": "6,1", "tmax": "12,5", "longitude": 23224, "avgspeed": "1,1", "dir": "31"}, {"province": "BARCELONA", "hourtmax": null, "presmin": null, "code": "0252D", "name": "ARENYS DE MAR", "presmax": null, "gust": null, "altitude": "74", "longitude": 23224, "hourpresmax": null, "date": "1998-11-21", "hourpresmin": null, "hourtmin": null, "avgspeed": "1,4", "latitude": 413515, "sun": null, "hourgust": null}, {"code": "0252D", "hourtmin": "06:50", "hourgust": "00:20", "hourtmax": "15:40", "sun": null, "altitude": "74", "latitude": 413515, "hourpresmax": null, "province": "BARCELONA", "tmed": "3,7", "tmin": "1,0", "presmax": null, "presmin": null, "hourpresmin": null, "date": "1998-11-22", "name": "ARENYS DE MAR", "gust": "7,8", "tmax": "6,4", "longitude": 23224, "avgspeed": "1,4", "dir": "03"}, {"province": "BARCELONA", "hourtmax": null, "presmin": null, "code": "0252D", "name": "ARENYS DE MAR", "presmax": null, "gust": null, "altitude": "74", "longitude": 23224, "hourpresmax": null, "date": "1998-11-23", "hourpresmin": null, "hourtmin": null, "avgspeed": "0,8", "latitude": 413515, "sun": null, "hourgust": null}, {"province": "BARCELONA", "hourtmax": null, "presmin": null, "code": "0252D", "name": "ARENYS DE MAR", "presmax": null, "gust": null, "altitude": "74", "longitude": 23224, "hourpresmax": null, "date": "1998-11-24", "hourpresmin": null, "hourtmin": null, "avgspeed": "1,1", "latitude": 413515, "sun": null, "hourgust": null}, {"province": "BARCELONA", "hourtmax": null, "presmin": null, "code": "0252D", "name": "ARENYS DE MAR", "presmax": null, "gust": null, "altitude": "74", "longitude": 23224, "hourpresmax": null, "date": "1998-11-25", "hourpresmin": null, "hourtmin": null, "avgspeed": "1,7", "latitude": 413515, "sun": null, "hourgust": null}, {"province": "BARCELONA", "hourtmax": null, "presmin": null, "code": "0252D", "name": "ARENYS DE MAR", "presmax": null, "gust": null, "altitude": "74", "longitude": 23224, "hourpresmax": null, "date": "1998-11-28", "hourpresmin": null, "hourtmin": null, "avgspeed": "0,3", "latitude": 413515, "sun": null, "hourgust": null}, {"province": "BARCELONA", "hourtmax": null, "presmin": null, "code": "0252D", "name": "ARENYS DE MAR", "presmax": null, "gust": null, "altitude": "74", "longitude": 23224, "hourpresmax": null, "date": "1998-12-01", "hourpresmin": null, "hourtmin": null, "avgspeed": "1,9", "latitude": 413515, "sun": null, "hourgust": null}, {"province": "BARCELONA", "hourtmax": null, "presmin": null, "code": "0252D", "name": "ARENYS DE MAR", "presmax": null, "gust": null, "altitude": "74", "longitude": 23224, "hourpresmax": null, "date": "1998-12-02", "hourpresmin": null, "hourtmin": null, "avgspeed": "3,6", "latitude": 413515, "sun": null, "hourgust": null}, {"province": "BARCELONA", "hourtmax": null, "presmin": null, "code": "0252D", "name": "ARENYS DE MAR", "presmax": null, "gust": null, "altitude": "74", "longitude": 23224, "hourpresmax": null, "date": "1998-12-05", "hourpresmin": null, "hourtmin": null, "avgspeed": "1,4", "latitude": 413515, "sun": null, "hourgust": null}, {"province": "BARCELONA", "hourtmax": null, "presmin": null, "code": "0252D", "name": "ARENYS DE MAR", "presmax": null, "gust": null, "altitude": "74", "longitude": 23224, "hourpresmax": null, "date": "1998-12-09", "hourpresmin": null, "hourtmin": null, "avgspeed": "0,8", "latitude": 413515, "sun": null, "hourgust": null}, {"code": "0252D", "hourtmin": null, "hourgust": "Varias", "hourtmax": null, "sun": null, "altitude": "74", "latitude": 413515, "hourpresmax": null, "province": "BARCELONA", "presmax": null, "presmin": null, "hourpresmin": null, "date": "1998-12-12", "name": "ARENYS DE MAR", "gust": "3,6", "longitude": 23224, "avgspeed": "0,3", "dir": "02"}, {"province": "BARCELONA", "hourtmax": null, "presmin": null, "code": "0252D", "name": "ARENYS DE MAR", "presmax": null, "gust": null, "altitude": "74", "longitude": 23224, "hourpresmax": null, "date": "1998-12-13", "hourpresmin": null, "hourtmin": null, "avgspeed": "0,8", "latitude": 413515, "sun": null, "hourgust": null}, {"province": "BARCELONA", "hourtmax": null, "presmin": null, "code": "0252D", "name": "ARENYS DE MAR", "presmax": null, "gust": null, "altitude": "74", "longitude": 23224, "hourpresmax": null, "date": "1998-12-14", "hourpresmin": null, "hourtmin": null, "avgspeed": "0,8", "latitude": 413515, "sun": null, "hourgust": null}, {"province": "BARCELONA", "hourtmax": null, "presmin": null, "code": "0252D", "name": "ARENYS DE MAR", "presmax": null, "gust": null, "altitude": "74", "longitude": 23224, "hourpresmax": null, "date": "1998-12-15", "hourpresmin": null, "hourtmin": null, "avgspeed": "0,6", "latitude": 413515, "sun": null, "hourgust": null}, {"province": "BARCELONA", "hourtmax": null, "presmin": null, "code": "0252D", "name": "ARENYS DE MAR", "presmax": null, "gust": null, "altitude": "74", "longitude": 23224, "hourpresmax": null, "date": "1998-12-16", "hourpresmin": null, "hourtmin": null, "avgspeed": "1,1", "latitude": 413515, "sun": null, "hourgust": null}, {"province": "BARCELONA", "hourtmax": null, "presmin": null, "code": "0252D", "name": "ARENYS DE MAR", "presmax": null, "gust": null, "altitude": "74", "longitude": 23224, "hourpresmax": null, "date": "1998-12-17", "hourpresmin": null, "hourtmin": null, "avgspeed": "0,6", "latitude": 413515, "sun": null, "hourgust": null}, {"province": "BARCELONA", "hourtmax": null, "presmin": null, "code": "0252D", "name": "ARENYS DE MAR", "presmax": null, "gust": null, "altitude": "74", "longitude": 23224, "hourpresmax": null, "date": "1998-12-19", "hourpresmin": null, "hourtmin": null, "avgspeed": "0,8", "latitude": 413515, "sun": null, "hourgust": null}, {"province": "BARCELONA", "hourtmax": null, "presmin": null, "code": "0252D", "name": "ARENYS DE MAR", "presmax": null, "gust": null, "altitude": "74", "longitude": 23224, "hourpresmax": null, "date": "1998-12-20", "hourpresmin": null, "hourtmin": null, "avgspeed": "3,6", "latitude": 413515, "sun": null, "hourgust": null}, {"province": "BARCELONA", "hourtmax": null, "presmin": null, "code": "0252D", "name": "ARENYS DE MAR", "presmax": null, "gust": null, "altitude": "74", "longitude": 23224, "hourpresmax": null, "date": "1998-12-21", "hourpresmin": null, "hourtmin": null, "avgspeed": "3,3", "latitude": 413515, "sun": null, "hourgust": null}, {"province": "BARCELONA", "hourtmax": null, "presmin": null, "code": "0252D", "name": "ARENYS DE MAR", "presmax": null, "gust": null, "altitude": "74", "longitude": 23224, "hourpresmax": null, "date": "1998-12-23", "hourpresmin": null, "hourtmin": null, "avgspeed": "0,8", "latitude": 413515, "sun": null, "hourgust": null}, {"code": "0252D", "hourtmin": null, "hourgust": "22:40", "hourtmax": null, "sun": null, "altitude": "74", "latitude": 413515, "hourpresmax": null, "province": "BARCELONA", "presmax": null, "presmin": null, "hourpresmin": null, "date": "1998-12-24", "name": "ARENYS DE MAR", "gust": "4,4", "longitude": 23224, "avgspeed": "1,1", "dir": "22"}, {"province": "BARCELONA", "hourtmax": null, "presmin": null, "code": "0252D", "name": "ARENYS DE MAR", "presmax": null, "gust": null, "altitude": "74", "longitude": 23224, "hourpresmax": null, "date": "1998-12-25", "hourpresmin": null, "hourtmin": null, "avgspeed": "1,1", "latitude": 413515, "sun": null, "hourgust": null}, {"province": "BARCELONA", "hourtmax": null, "presmin": null, "code": "0252D", "name": "ARENYS DE MAR", "presmax": null, "gust": null, "altitude": "74", "longitude": 23224, "hourpresmax": null, "date": "1998-12-27", "hourpresmin": null, "hourtmin": null, "avgspeed": "3,9", "latitude": 413515, "sun": null, "hourgust": null}, {"province": "BARCELONA", "hourtmax": null, "presmin": null, "code": "0252D", "name": "ARENYS DE MAR", "presmax": null, "gust": null, "altitude": "74", "longitude": 23224, "hourpresmax": null, "date": "1998-12-28", "hourpresmin": null, "hourtmin": null, "avgspeed": "1,1", "latitude": 413515, "sun": null, "hourgust": null}, {"province": "BARCELONA", "hourtmax": null, "presmin": null, "code": "0252D", "name": "ARENYS DE MAR", "presmax": null, "gust": null, "altitude": "74", "longitude": 23224, "hourpresmax": null, "date": "1998-12-29", "hourpresmin": null, "hourtmin": null, "avgspeed": "1,1", "latitude": 413515, "sun": null, "hourgust": null}, {"code": "0252D", "hourtmin": null, "hourgust": "22:30", "hourtmax": null, "sun": null, "altitude": "74", "latitude": 413515, "hourpresmax": null, "province": "BARCELONA", "presmax": null, "presmin": null, "hourpresmin": null, "date": "1998-12-30", "name": "ARENYS DE MAR", "gust": "7,8", "longitude": 23224, "avgspeed": "0,8", "dir": "12"}, {"province": "BARCELONA", "hourtmax": null, "presmin": null, "code": "0252D", "name": "ARENYS DE MAR", "presmax": null, "gust": null, "altitude": "74", "longitude": 23224, "hourpresmax": null, "date": "1998-12-31", "hourpresmin": null, "hourtmin": null, "avgspeed": "2,2", "latitude": 413515, "sun": null, "hourgust": null}]