[{"code": "0252D", "hourtmin": "00:30", "hourgust": "14:20", "hourtmax": "11:40", "sun": null, "altitude": "74", "prec": "0,0", "latitude": 413515, "hourpresmax": null, "province": "BARCELONA", "tmed": "10,2", "tmin": "7,1", "presmax": null, "presmin": null, "hourpresmin": null, "date": "2001-01-01", "name": "ARENYS DE MAR", "gust": "8,6", "tmax": "13,4", "longitude": 23224, "avgspeed": "3,1", "dir": "22"}, {"code": "0252D", "hourtmin": "20:40", "hourgust": "14:20", "hourtmax": "13:20", "sun": null, "altitude": "74", "prec": "0,0", "latitude": 413515, "hourpresmax": null, "province": "BARCELONA", "tmed": "12,4", "tmin": "8,2", "presmax": null, "presmin": null, "hourpresmin": null, "date": "2001-01-02", "name": "ARENYS DE MAR", "gust": "11,4", "tmax": "16,6", "longitude": 23224, "avgspeed": "3,3", "dir": "25"}, {"code": "0252D", "hourtmin": "03:20", "hourgust": "04:20", "hourtmax": "14:10", "sun": null, "altitude": "74", "prec": "0,0", "latitude": 413515, "hourpresmax": null, "province": "BARCELONA", "tmed": "11,0", "tmin": "7,4", "presmax": null, "presmin": null, "hourpresmin": null, "date": "2001-01-03", "name": "ARENYS DE MAR", "gust": "8,1", "tmax": "14,5", "longitude": 23224, "avgspeed": "2,2", "dir": "33"}, {"code": "0252D", "hourtmin": "18:50", "hourgust": "10:20", "hourtmax": "11:40", "sun": null, "altitude": "74", "prec": "0,0", "latitude": 413515, "hourpresmax": null, "province": "BARCELONA", "tmed": "12,2", "tmin": "8,6", "presmax": null, "presmin": null, "hourpresmin": null, "date": "2001-01-04", "name": "ARENYS DE MAR", "gust": "14,7", "tmax": "15,7", "longitude": 23224, "avgspeed": "1,4", "dir": "30"}, {"code": "0252D", "hourtmin": "05:40", "hourgust": "23:20", "hourtmax": "23:10", "sun": null, "altitude": "74", "prec": "0,0", "latitude": 413515, "hourpresmax": null, "province": "BARCELONA", "tmed": "11,9", "tmin": "7,2", "presmax": null, "presmin": null, "hourpresmin": null, "date": "2001-01-05", "name": "ARENYS DE MAR", "gust": "9,7", "tmax": "16,6", "longitude": 23224, "avgspeed": "1,7", "dir": "24"}, {"code": "0252D", "hourtmin": "23:50", "hourgust": "00:20", "hourtmax": "03:30", "sun": null, "altitude": "74", "prec": "0,0", "latitude": 413515, "hourpresmax": null, "province": "BARCELONA", "tmed": "13,1", "tmin": "9,5", "presmax": null, "presmin": null, "hourpresmin": null, "date": "2001-01-06", "name": "ARENYS DE MAR", "gust": "7,8", "tmax": "16,7", "longitude": 23224, "avgspeed": "0,3", "dir": "26"}, {"code": "0252D", "hourtmin": "23:50", "hourgust": "18:00", "hourtmax": "12:10", "sun": null, "altitude": "74", "prec": "0,0", "latitude": 413515, "hourpresmax": null, "province": "BARCELONA", "tmed": "8,9", "tmin": "5,6", "presmax": null, "presmin": null, "hourpresmin": null, "date": "2001-01-07", "name": "ARENYS DE MAR", "gust": "4,4", "tmax": "12,2", "longitude": 23224, "avgspeed": "1,7", "dir": "31"}, {"code": "0252D", "hourtmin": "07:30", "hourgust": "03:10", "hourtmax": "13:50", "sun": null, "altitude": "74", "prec": "0,0", "latitude": 413515, "hourpresmax": null, "province": "BARCELONA", "tmed": "7,4", "tmin": "3,1", "presmax": null, "presmin": null, "hourpresmin": null, "date": "2001-01-08", "name": "ARENYS DE MAR", "gust": "7,5", "tmax": "11,7", "longitude": 23224, "avgspeed": "0,8", "dir": "29"}, {"code": "0252D", "hourtmin": "Varias", "hourgust": "19:10", "hourtmax": "11:30", "sun": null, "altitude": "74", "prec": "0,0", "latitude": 413515, "hourpresmax": null, "province": "BARCELONA", "tmed": "6,8", "tmin": "2,2", "presmax": null, "presmin": null, "hourpresmin": null, "date": "2001-01-09", "name": "ARENYS DE MAR", "gust": "7,2", "tmax": "11,5", "longitude": 23224, "avgspeed": "1,4", "dir": "22"}, {"code": "0252D", "hourtmin": "03:50", "hourgust": "13:20", "hourtmax": "12:30", "sun": null, "altitude": "74", "prec": "0,0", "latitude": 413515, "hourpresmax": null, "province": "BARCELONA", "tmed": "12,5", "tmin": "7,9", "presmax": null, "presmin": null, "hourpresmin": null, "date": "2001-01-10", "name": "ARENYS DE MAR", "gust": "10,0", "tmax": "17,1", "longitude": 23224, "avgspeed": "3,3", "dir": "24"}, {"code": "0252D", "hourtmin": "03:25", "hourgust": "13:10", "hourtmax": "12:10", "sun": null, "altitude": "74", "prec": "0,0", "latitude": 413515, "hourpresmax": null, "province": "BARCELONA", "tmed": "10,4", "tmin": "6,6", "presmax": null, "presmin": null, "hourpresmin": null, "date": "2001-01-11", "name": "ARENYS DE MAR", "gust": "4,7", "tmax": "14,2", "longitude": 23224, "avgspeed": "0,8", "dir": "21"}, {"code": "0252D", "hourtmin": "05:35", "hourgust": "12:20", "hourtmax": "11:30", "sun": null, "altitude": "74", "prec": "1,6", "latitude": 413515, "hourpresmax": null, "province": "BARCELONA", "tmed": "12,0", "tmin": "8,7", "presmax": null, "presmin": null, "hourpresmin": null, "date": "2001-01-12", "name": "ARENYS DE MAR", "gust": "8,9", "tmax": "15,3", "longitude": 23224, "avgspeed": "1,9", "dir": "04"}, {"code": "0252D", "hourtmin": "23:50", "hourgust": "05:20", "hourtmax": "10:50", "sun": null, "altitude": "74", "prec": "8,0", "latitude": 413515, "hourpresmax": null, "province": "BARCELONA", "tmed": "11,3", "tmin": "9,5", "presmax": null, "presmin": null, "hourpresmin": null, "date": "2001-01-13", "name": "ARENYS DE MAR", "gust": "11,4", "tmax": "13,1", "longitude": 23224, "avgspeed": "1,9", "dir": "02"}, {"code": "0252D", "hourtmin": "22:30", "hourgust": "10:50", "hourtmax": "00:10", "sun": null, "altitude": "74", "prec": "11,9", "latitude": 413515, "hourpresmax": null, "province": "BARCELONA", "tmed": "8,2", "tmin": "6,8", "presmax": null, "presmin": null, "hourpresmin": null, "date": "2001-01-14", "name": "ARENYS DE MAR", "gust": "3,9", "tmax": "9,6", "longitude": 23224, "avgspeed": "0,6", "dir": "28"}, {"code": "0252D", "hourtmin": "02:35", "hourgust": "23:10", "hourtmax": "13:10", "sun": null, "altitude": "74", "prec": "88,3", "latitude": 413515, "hourpresmax": null, "province": "BARCELONA", "tmed": "7,6", "tmin": "6,7", "presmax": null, "presmin": null, "hourpresmin": null, "date": "2001-01-15", "name": "ARENYS DE MAR", "gust": "8,9", "tmax": "8,5", "longitude": 23224, "avgspeed": "0,8", "dir": "17"}, {"code": "0252D", "hourtmin": "22:30", "hourgust": "00:00", "hourtmax": "13:40", "sun": null, "altitude": "74", "prec": "0,0", "latitude": 413515, "hourpresmax": null, "province": "BARCELONA", "tmed": "7,8", "tmin": "4,1", "presmax": null, "presmin": null, "hourpresmin": null, "date": "2001-01-16", "name": "ARENYS DE MAR", "gust": "8,1", "tmax": "11,4", "longitude": 23224, "avgspeed": "0,6", "dir": "19"}, {"code": "0252D", "hourtmin": "02:40", "hourgust": "00:10", "hourtmax": "11:30", "sun": null, "altitude": "74", "prec": "0,0", "latitude": 413515, "hourpresmax": null, "province": "BARCELONA", "tmed": "7,2", "tmin": "3,8", "presmax": null, "presmin": null, "hourpresmin": null, "date": "2001-01-17", "name": "ARENYS DE MAR", "gust": "6,1", "tmax": "10,5", "longitude": 23224, "avgspeed": "0,8", "dir": "31"}, {"code": "0252D", "hourtmin": "02:50", "hourgust": "12:50", "hourtmax": "Varias", "sun": null, "altitude": "74", "prec": "0,0", "latitude": 413515, "hourpresmax": null, "province": "BARCELONA", "tmed": "7,4", "tmin": "4,0", "presmax": null, "presmin": null, "hourpresmin": null, "date": "2001-01-18", "name": "ARENYS DE MAR", "gust": "5,6", "tmax": "10,7", "longitude": 23224, "avgspeed": "0,8", "dir": "22"}, {"code": "0252D", "hourtmin": "02:40", "hourgust": "18:50", "hourtmax": "11:20", "sun": null, "altitude": "74", "prec": "0,6", "latitude": 413515, "hourpresmax": null, "province": "BARCELONA", "tmed": "9,2", "tmin": "4,8", "presmax": null, "presmin": null, "hourpresmin": null, "date": "2001-01-19", "name": "ARENYS DE MAR", "gust": "8,9", "tmax": "13,6", "longitude": 23224, "avgspeed": "1,4", "dir": "04"}, {"code": "0252D", "hourtmin": "05:30", "hourgust": "07:10", "hourtmax": "Varias", "sun": null, "altitude": "74", "prec": "0,0", "latitude": 413515, "hourpresmax": null, "province": "BARCELONA", "tmed": "8,0", "tmin": "4,7", "presmax": null, "presmin": null, "hourpresmin": null, "date": "2001-01-20", "name": "ARENYS DE MAR", "gust": "3,6", "tmax": "11,4", "longitude": 23224, "avgspeed": "0,6", "dir": "36"}, {"code": "0252D", "hourtmin": "05:40", "hourgust": "15:10", "hourtmax": "12:20", "sun": null, "altitude": "74", "prec": "0,0", "latitude": 413515, "hourpresmax": null, "province": "BARCELONA", "tmed": "8,4", "tmin": "4,6", "presmax": null, "presmin": null, "hourpresmin": null, "date": "2001-01-21", "name": "ARENYS DE MAR", "gust": "5,6", "tmax": "12,3", "longitude": 23224, "avgspeed": "1,1", "dir": "24"}, {"code": "0252D", "hourtmin": "00:30", "hourgust": "12:10", "hourtmax": "12:20", "sun": null, "altitude": "74", "prec": "0,3", "latitude": 413515, "hourpresmax": null, "province": "BARCELONA", "tmed": "8,8", "tmin": "5,3", "presmax": null, "presmin": null, "hourpresmin": null, "date": "2001-01-22", "name": "ARENYS DE MAR", "gust": "10,0", "tmax": "12,2", "longitude": 23224, "avgspeed": "1,7", "dir": "22"}, {"code": "0252D", "hourtmin": "00:05", "hourgust": "02:40", "hourtmax": "13:15", "sun": null, "altitude": "74", "prec": "0,0", "latitude": 413515, "hourpresmax": null, "province": "BARCELONA", "tmed": "13,9", "tmin": "10,7", "presmax": null, "presmin": null, "hourpresmin": null, "date": "2001-01-23", "name": "ARENYS DE MAR", "gust": "13,1", "tmax": "17,1", "longitude": 23224, "avgspeed": "3,1", "dir": "29"}, {"code": "0252D", "hourtmin": "21:30", "hourgust": "14:00", "hourtmax": "13:30", "sun": null, "altitude": "74", "prec": "0,0", "latitude": 413515, "hourpresmax": null, "province": "BARCELONA", "tmed": "14,8", "tmin": "11,1", "presmax": null, "presmin": null, "hourpresmin": null, "date": "2001-01-24", "name": "ARENYS DE MAR", "gust": "11,7", "tmax": "18,5", "longitude": 23224, "avgspeed": "1,9", "dir": "29"}, {"code": "0252D", "hourtmin": "23:50", "hourgust": "12:20", "hourtmax": "12:40", "sun": null, "altitude": "74", "prec": "0,0", "latitude": 413515, "hourpresmax": null, "province": "BARCELONA", "tmed": "11,2", "tmin": "6,9", "presmax": null, "presmin": null, "hourpresmin": null, "date": "2001-01-25", "name": "ARENYS DE MAR", "gust": "11,4", "tmax": "15,6", "longitude": 23224, "avgspeed": "2,8", "dir": "22"}, {"code": "0252D", "hourtmin": "07:10", "hourgust": "16:30", "hourtmax": "13:20", "sun": null, "altitude": "74", "prec": "0,0", "latitude": 413515, "hourpresmax": null, "province": "BARCELONA", "tmed": "7,8", "tmin": "3,0", "presmax": null, "presmin": null, "hourpresmin": null, "date": "2001-01-26", "name": "ARENYS DE MAR", "gust": "12,8", "tmax": "12,7", "longitude": 23224, "avgspeed": "2,8", "dir": "22"}, {"code": "0252D", "hourtmin": "23:30", "hourgust": "00:00", "hourtmax": "11:30", "sun": null, "altitude": "74", "prec": "0,9", "latitude": 413515, "hourpresmax": null, "province": "BARCELONA", "tmed": "9,6", "tmin": "5,6", "presmax": null, "presmin": null, "hourpresmin": null, "date": "2001-01-27", "name": "ARENYS DE MAR", "gust": "7,2", "tmax": "13,5", "longitude": 23224, "avgspeed": "1,1", "dir": "31"}, {"code": "0252D", "hourtmin": "Varias", "hourgust": "12:20", "hourtmax": "13:10", "sun": null, "altitude": "74", "prec": "4,6", "latitude": 413515, "hourpresmax": null, "province": "BARCELONA", "tmed": "8,8", "tmin": "5,6", "presmax": null, "presmin": null, "hourpresmin": null, "date": "2001-01-28", "name": "ARENYS DE MAR", "gust": "10,0", "tmax": "12,0", "longitude": 23224, "avgspeed": "1,4", "dir": "31"}, {"code": "0252D", "hourtmin": "23:50", "hourgust": "04:30", "hourtmax": "13:50", "sun": null, "altitude": "74", "prec": "0,0", "latitude": 413515, "hourpresmax": null, "province": "BARCELONA", "tmed": "7,6", "tmin": "3,8", "presmax": null, "presmin": null, "hourpresmin": null, "date": "2001-01-29", "name": "ARENYS DE MAR", "gust": "6,1", "tmax": "11,4", "longitude": 23224, "avgspeed": "0,8", "dir": "04"}, {"code": "0252D", "hourtmin": "06:10", "hourgust": "14:30", "hourtmax": "13:55", "sun": null, "altitude": "74", "prec": "0,0", "latitude": 413515, "hourpresmax": null, "province": "BARCELONA", "tmed": "8,3", "tmin": "2,5", "presmax": null, "presmin": null, "hourpresmin": null, "date": "2001-01-30", "name": "ARENYS DE MAR", "gust": "7,5", "tmax": "14,1", "longitude": 23224, "avgspeed": "0,8", "dir": "22"}, {"code": "0252D", "hourtmin": "04:20", "hourgust": "00:20", "hourtmax": "11:30", "sun": null, "altitude": "74", "prec": "0,0", "latitude": 413515, "hourpresmax": null, "province": "BARCELONA", "tmed": "8,9", "tmin": "3,7", "presmax": null, "presmin": null, "hourpresmin": null, "date": "2001-01-31", "name": "ARENYS DE MAR", "gust": "6,1", "tmax": "14,1", "longitude": 23224, "avgspeed": "1,1", "dir": "01"}, {"code": "0252D", "hourtmin": "23:50", "hourgust": "14:20", "hourtmax": "11:30", "sun": null, "altitude": "74", "latitude": 413515, "hourpresmax": null, "province": "BARCELONA", "tmed": "8,4", "tmin": "4,0", "presmax": null, "presmin": null, "hourpresmin": null, "date": "2001-02-01", "name": "ARENYS DE MAR", "gust": "5,0", "tmax": "12,8", "longitude": 23224, "avgspeed": "0,6", "dir": "21"}, {"province": "BARCELONA", "hourtmax": null, "presmin": null, "code": "0252D", "name": "ARENYS DE MAR", "presmax": null, "gust": null, "altitude": "74", "longitude": 23224, "hourpresmax": null, "date": "2001-02-02", "hourpresmin": null, "hourtmin": null, "avgspeed": "0,8", "latitude": 413515, "sun": null, "hourgust": null}, {"code": "0252D", "hourtmin": "00:10", "hourgust": "Varias", "hourtmax": "11:30", "sun": null, "altitude": "74", "prec": "0,0", "latitude": 413515, "hourpresmax": null, "province": "BARCELONA", "tmed": "8,4", "tmin": "2,7", "presmax": null, "presmin": null, "hourpresmin": null, "date": "2001-02-03", "name": "ARENYS DE MAR", "gust": "6,9", "tmax": "14,1", "longitude": 23224, "avgspeed": "1,4", "dir": "22"}, {"code": "0252D", "hourtmin": "07:50", "hourgust": "17:30", "hourtmax": "16:30", "sun": null, "altitude": "74", "prec": "0,0", "latitude": 413515, "hourpresmax": null, "province": "BARCELONA", "tmed": "9,2", "tmin": "4,4", "presmax": null, "presmin": null, "hourpresmin": null, "date": "2001-02-04", "name": "ARENYS DE MAR", "gust": "10,8", "tmax": "14,1", "longitude": 23224, "avgspeed": "3,1", "dir": "24"}, {"code": "0252D", "hourtmin": "06:50", "hourgust": "15:40", "hourtmax": "13:20", "sun": null, "altitude": "74", "prec": "0,0", "latitude": 413515, "hourpresmax": null, "province": "BARCELONA", "tmed": "11,2", "tmin": "5,7", "presmax": null, "presmin": null, "hourpresmin": null, "date": "2001-02-05", "name": "ARENYS DE MAR", "gust": "10,3", "tmax": "16,6", "longitude": 23224, "avgspeed": "2,2", "dir": "24"}, {"code": "0252D", "hourtmin": "00:50", "hourgust": "12:50", "hourtmax": "10:20", "sun": null, "altitude": "74", "latitude": 413515, "hourpresmax": null, "province": "BARCELONA", "tmed": "13,3", "tmin": "9,0", "presmax": null, "presmin": null, "hourpresmin": null, "date": "2001-02-06", "name": "ARENYS DE MAR", "gust": "10,3", "tmax": "17,6", "longitude": 23224, "avgspeed": "2,8", "dir": "22"}, {"province": "BARCELONA", "hourtmax": null, "presmin": null, "code": "0252D", "name": "ARENYS DE MAR", "presmax": null, "gust": null, "altitude": "74", "longitude": 23224, "hourpresmax": null, "date": "2001-02-07", "hourpresmin": null, "hourtmin": null, "avgspeed": "1,1", "latitude": 413515, "sun": null, "hourgust": null}, {"code": "0252D", "hourtmin": "06:50", "hourgust": null, "hourtmax": "14:40", "sun": null, "altitude": "74", "latitude": 413515, "hourpresmax": null, "province": "BARCELONA", "tmed": "11,8", "tmin": "7,3", "presmax": null, "presmin": null, "hourpresmin": null, "date": "2001-02-08", "name": "ARENYS DE MAR", "gust": null, "tmax": "16,4", "longitude": 23224, "avgspeed": "1,9"}, {"code": "0252D", "hourtmin": "23:30", "hourgust": null, "hourtmax": "13:50", "sun": null, "altitude": "74", "latitude": 413515, "hourpresmax": null, "province": "BARCELONA", "tmed": "9,7", "tmin": "5,2", "presmax": null, "presmin": null, "hourpresmin": null, "date": "2001-02-09", "name": "ARENYS DE MAR", "gust": null, "tmax": "14,2", "longitude": 23224, "avgspeed": "0,8"}, {"code": "0252D", "hourtmin": "04:40", "hourgust": null, "hourtmax": "14:55", "sun": null, "altitude": "74", "latitude": 413515, "hourpresmax": null, "province": "BARCELONA", "tmed": "8,6", "tmin": "4,5", "presmax": null, "presmin": null, "hourpresmin": null, "date": "2001-02-10", "name": "ARENYS DE MAR", "gust": null, "tmax": "12,6", "longitude": 23224, "avgspeed": "1,1"}, {"code": "0252D", "hourtmin": "Varias", "hourgust": null, "hourtmax": "10:00", "sun": null, "altitude": "74", "latitude": 413515, "hourpresmax": null, "province": "BARCELONA", "tmed": "11,1", "tmin": "5,7", "presmax": null, "presmin": null, "hourpresmin": null, "date": "2001-02-11", "name": "ARENYS DE MAR", "gust": null, "tmax": "16,5", "longitude": 23224, "avgspeed": "0,6"}, {"code": "0252D", "hourtmin": "03:15", "hourgust": null, "hourtmax": "11:40", "sun": null, "altitude": "74", "latitude": 413515, "hourpresmax": null, "province": "BARCELONA", "tmed": "10,4", "tmin": "6,2", "presmax": null, "presmin": null, "hourpresmin": null, "date": "2001-02-12", "name": "ARENYS DE MAR", "gust": null, "tmax": "14,5", "longitude": 23224, "avgspeed": "0,6"}, {"code": "0252D", "hourtmin": "05:40", "hourgust": null, "hourtmax": "Varias", "sun": null, "altitude": "74", "latitude": 413515, "hourpresmax": null, "province": "BARCELONA", "tmed": "7,6", "tmin": "5,6", "presmax": null, "presmin": null, "hourpresmin": null, "date": "2001-02-13", "name": "ARENYS DE MAR", "gust": null, "tmax": "9,6", "longitude": 23224, "avgspeed": "0,3"}, {"code": "0252D", "hourtmin": "Varias", "hourgust": "17:40", "hourtmax": "15:20", "sun": null, "altitude": "74", "prec": "0,9", "latitude": 413515, "hourpresmax": null, "province": "BARCELONA", "tmed": "8,8", "tmin": "6,5", "presmax": null, "presmin": null, "hourpresmin": null, "date": "2001-02-14", "name": "ARENYS DE MAR", "gust": "12,8", "tmax": "11,1", "longitude": 23224, "avgspeed": "2,2", "dir": "01"}, {"code": "0252D", "hourtmin": "21:50", "hourgust": "05:40", "hourtmax": "14:20", "sun": null, "altitude": "74", "prec": "0,0", "latitude": 413515, "hourpresmax": null, "province": "BARCELONA", "tmed": "11,2", "tmin": "8,5", "presmax": null, "presmin": null, "hourpresmin": null, "date": "2001-02-15", "name": "ARENYS DE MAR", "gust": "13,6", "tmax": "13,9", "longitude": 23224, "avgspeed": "3,3", "dir": "04"}, {"code": "0252D", "hourtmin": "22:20", "hourgust": "10:10", "hourtmax": "13:50", "sun": null, "altitude": "74", "prec": "0,0", "latitude": 413515, "hourpresmax": null, "province": "BARCELONA", "tmed": "11,2", "tmin": "7,0", "presmax": null, "presmin": null, "hourpresmin": null, "date": "2001-02-16", "name": "ARENYS DE MAR", "gust": "11,4", "tmax": "15,4", "longitude": 23224, "avgspeed": "0,8", "dir": "02"}, {"code": "0252D", "hourtmin": "04:20", "hourgust": "14:50", "hourtmax": "Varias", "sun": null, "altitude": "74", "prec": "0,0", "latitude": 413515, "hourpresmax": null, "province": "BARCELONA", "tmed": "8,8", "tmin": "5,2", "presmax": null, "presmin": null, "hourpresmin": null, "date": "2001-02-17", "name": "ARENYS DE MAR", "gust": "7,8", "tmax": "12,4", "longitude": 23224, "avgspeed": "1,7", "dir": "24"}, {"code": "0252D", "hourtmin": "09:05", "hourgust": "15:00", "hourtmax": "Varias", "sun": null, "altitude": "74", "prec": "1,5", "latitude": 413515, "hourpresmax": null, "province": "BARCELONA", "tmed": "8,4", "tmin": "5,1", "presmax": null, "presmin": null, "hourpresmin": null, "date": "2001-02-18", "name": "ARENYS DE MAR", "gust": "7,2", "tmax": "11,8", "longitude": 23224, "avgspeed": "1,4", "dir": "04"}, {"code": "0252D", "hourtmin": "Varias", "hourgust": "00:00", "hourtmax": "11:50", "sun": null, "altitude": "74", "prec": "0,0", "latitude": 413515, "hourpresmax": null, "province": "BARCELONA", "tmed": "8,9", "tmin": "4,0", "presmax": null, "presmin": null, "hourpresmin": null, "date": "2001-02-19", "name": "ARENYS DE MAR", "gust": "4,7", "tmax": "13,8", "longitude": 23224, "avgspeed": "0,8", "dir": "01"}, {"code": "0252D", "hourtmin": "Varias", "hourgust": "05:10", "hourtmax": "11:55", "sun": null, "altitude": "74", "prec": "0,0", "latitude": 413515, "hourpresmax": null, "province": "BARCELONA", "tmed": "9,5", "tmin": "4,5", "presmax": null, "presmin": null, "hourpresmin": null, "date": "2001-02-20", "name": "ARENYS DE MAR", "gust": "3,6", "tmax": "14,5", "longitude": 23224, "avgspeed": "0,6", "dir": "34"}, {"code": "0252D", "hourtmin": "03:00", "hourgust": "16:20", "hourtmax": "12:25", "sun": null, "altitude": "74", "prec": "0,0", "latitude": 413515, "hourpresmax": null, "province": "BARCELONA", "tmed": "9,1", "tmin": "4,7", "presmax": null, "presmin": null, "hourpresmin": null, "date": "2001-02-21", "name": "ARENYS DE MAR", "gust": "5,0", "tmax": "13,5", "longitude": 23224, "avgspeed": "1,1", "dir": "22"}, {"code": "0252D", "hourtmin": "05:20", "hourgust": "16:30", "hourtmax": "13:20", "sun": null, "altitude": "74", "latitude": 413515, "hourpresmax": null, "province": "BARCELONA", "tmed": "11,2", "tmin": "4,8", "presmax": null, "presmin": null, "hourpresmin": null, "date": "2001-02-22", "name": "ARENYS DE MAR", "gust": "7,8", "tmax": "17,6", "longitude": 23224, "avgspeed": "1,1", "dir": "22"}, {"province": "BARCELONA", "hourtmax": null, "presmin": null, "code": "0252D", "name": "ARENYS DE MAR", "presmax": null, "gust": null, "altitude": "74", "longitude": 23224, "hourpresmax": null, "date": "2001-02-23", "hourpresmin": null, "hourtmin": null, "avgspeed": "0,8", "latitude": 413515, "sun": null, "hourgust": null}, {"code": "0252D", "hourtmin": "23:15", "hourgust": "17:30", "hourtmax": "00:05", "sun": null, "altitude": "74", "prec": "8,9", "latitude": 413515, "hourpresmax": null, "province": "BARCELONA", "tmed": "7,6", "tmin": "5,0", "presmax": null, "presmin": null, "hourpresmin": null, "date": "2001-02-24", "name": "ARENYS DE MAR", "gust": "4,4", "tmax": "10,1", "longitude": 23224, "avgspeed": "0,3", "dir": "01"}, {"code": "0252D", "hourtmin": "23:40", "hourgust": "21:00", "hourtmax": "13:40", "sun": null, "altitude": "74", "prec": "3,2", "latitude": 413515, "hourpresmax": null, "province": "BARCELONA", "tmed": "4,8", "tmin": "2,0", "presmax": null, "presmin": null, "hourpresmin": null, "date": "2001-02-25", "name": "ARENYS DE MAR", "gust": "8,3", "tmax": "7,6", "longitude": 23224, "avgspeed": "1,1", "dir": "31"}, {"code": "0252D", "hourtmin": "03:10", "hourgust": "15:40", "hourtmax": "12:10", "sun": null, "altitude": "74", "prec": "0,0", "latitude": 413515, "hourpresmax": null, "province": "BARCELONA", "tmed": "4,0", "tmin": "-0,9", "presmax": null, "presmin": null, "hourpresmin": null, "date": "2001-02-26", "name": "ARENYS DE MAR", "gust": "7,2", "tmax": "9,0", "longitude": 23224, "avgspeed": "1,1", "dir": "22"}, {"code": "0252D", "hourtmin": "21:30", "hourgust": "16:30", "hourtmax": "Varias", "sun": null, "altitude": "74", "prec": "0,0", "latitude": 413515, "hourpresmax": null, "province": "BARCELONA", "tmed": "7,7", "tmin": "3,5", "presmax": null, "presmin": null, "hourpresmin": null, "date": "2001-02-27", "name": "ARENYS DE MAR", "gust": "10,8", "tmax": "11,9", "longitude": 23224, "avgspeed": "3,1", "dir": "23"}, {"code": "0252D", "hourtmin": "05:00", "hourgust": "14:40", "hourtmax": "15:20", "sun": null, "altitude": "74", "prec": "0,0", "latitude": 413515, "hourpresmax": null, "province": "BARCELONA", "tmed": "6,4", "tmin": "1,6", "presmax": null, "presmin": null, "hourpresmin": null, "date": "2001-02-28", "name": "ARENYS DE MAR", "gust": "12,8", "tmax": "11,1", "longitude": 23224, "avgspeed": "3,1", "dir": "22"}, {"code": "0252D", "hourtmin": "03:50", "hourgust": "15:20", "hourtmax": "14:30", "sun": null, "altitude": "74", "prec": "3,1", "latitude": 413515, "hourpresmax": null, "province": "BARCELONA", "tmed": "7,4", "tmin": "2,3", "presmax": null, "presmin": null, "hourpresmin": null, "date": "2001-03-01", "name": "ARENYS DE MAR", "gust": "11,9", "tmax": "12,5", "longitude": 23224, "avgspeed": "1,9", "dir": "22"}, {"code": "0252D", "hourtmin": "06:20", "hourgust": "21:30", "hourtmax": "23:10", "sun": null, "altitude": "74", "prec": "0,4", "latitude": 413515, "hourpresmax": null, "province": "BARCELONA", "tmed": "11,0", "tmin": "6,8", "presmax": null, "presmin": null, "hourpresmin": null, "date": "2001-03-02", "name": "ARENYS DE MAR", "gust": "10,6", "tmax": "15,2", "longitude": 23224, "avgspeed": "2,8", "dir": "22"}, {"code": "0252D", "hourtmin": "07:10", "hourgust": "20:50", "hourtmax": "13:40", "sun": null, "altitude": "74", "prec": "0,0", "latitude": 413515, "hourpresmax": null, "province": "BARCELONA", "tmed": "16,0", "tmin": "12,1", "presmax": null, "presmin": null, "hourpresmin": null, "date": "2001-03-03", "name": "ARENYS DE MAR", "gust": "10,8", "tmax": "20,0", "longitude": 23224, "avgspeed": "2,8", "dir": "27"}, {"code": "0252D", "hourtmin": "06:50", "hourgust": "13:00", "hourtmax": "12:40", "sun": null, "altitude": "74", "prec": "0,1", "latitude": 413515, "hourpresmax": null, "province": "BARCELONA", "tmed": "14,4", "tmin": "10,7", "presmax": null, "presmin": null, "hourpresmin": null, "date": "2001-03-04", "name": "ARENYS DE MAR", "gust": "12,5", "tmax": "18,0", "longitude": 23224, "avgspeed": "3,3", "dir": "27"}, {"code": "0252D", "hourtmin": "Varias", "hourgust": "14:50", "hourtmax": "12:55", "sun": null, "altitude": "74", "prec": "0,9", "latitude": 413515, "hourpresmax": null, "province": "BARCELONA", "tmed": "13,0", "tmin": "9,9", "presmax": null, "presmin": null, "hourpresmin": null, "date": "2001-03-05", "name": "ARENYS DE MAR", "gust": "6,1", "tmax": "16,0", "longitude": 23224, "avgspeed": "0,6", "dir": "19"}, {"code": "0252D", "hourtmin": "01:00", "hourgust": "14:20", "hourtmax": "12:10", "sun": null, "altitude": "74", "latitude": 413515, "hourpresmax": null, "province": "BARCELONA", "tmed": "13,8", "tmin": "9,5", "presmax": null, "presmin": null, "hourpresmin": null, "date": "2001-03-06", "name": "ARENYS DE MAR", "gust": "7,8", "tmax": "18,1", "longitude": 23224, "avgspeed": "1,7", "dir": "22"}, {"code": "0252D", "hourtmin": "00:40", "hourgust": null, "hourtmax": "11:50", "sun": null, "altitude": "74", "latitude": 413515, "hourpresmax": null, "province": "BARCELONA", "tmed": "13,2", "tmin": "10,2", "presmax": null, "presmin": null, "hourpresmin": null, "date": "2001-03-07", "name": "ARENYS DE MAR", "gust": null, "tmax": "16,1", "longitude": 23224, "avgspeed": "0,6"}, {"code": "0252D", "hourtmin": "23:50", "hourgust": null, "hourtmax": "15:05", "sun": null, "altitude": "74", "latitude": 413515, "hourpresmax": null, "province": "BARCELONA", "tmed": "14,3", "tmin": "9,8", "presmax": null, "presmin": null, "hourpresmin": null, "date": "2001-03-08", "name": "ARENYS DE MAR", "gust": null, "tmax": "18,8", "longitude": 23224, "avgspeed": "2,5"}, {"code": "0252D", "hourtmin": "05:30", "hourgust": "13:10", "hourtmax": "11:40", "sun": null, "altitude": "74", "prec": "0,0", "latitude": 413515, "hourpresmax": null, "province": "BARCELONA", "tmed": "14,3", "tmin": "10,9", "presmax": null, "presmin": null, "hourpresmin": null, "date": "2001-03-11", "name": "ARENYS DE MAR", "gust": "9,4", "tmax": "17,7", "longitude": 23224, "avgspeed": "1,9", "dir": "22"}, {"code": "0252D", "hourtmin": "23:50", "hourgust": "00:20", "hourtmax": "02:50", "sun": null, "altitude": "74", "latitude": 413515, "hourpresmax": null, "province": "BARCELONA", "tmed": "12,5", "tmin": "9,3", "presmax": null, "presmin": null, "hourpresmin": null, "date": "2001-03-12", "name": "ARENYS DE MAR", "gust": "6,7", "tmax": "15,7", "longitude": 23224, "avgspeed": "1,4", "dir": "22"}, {"code": "0252D", "hourtmin": "06:10", "hourgust": null, "hourtmax": "13:40", "sun": null, "altitude": "74", "latitude": 413515, "hourpresmax": null, "province": "BARCELONA", "tmed": "10,6", "tmin": "5,8", "presmax": null, "presmin": null, "hourpresmin": null, "date": "2001-03-13", "name": "ARENYS DE MAR", "gust": null, "tmax": "15,4", "longitude": 23224, "avgspeed": "0,8"}, {"code": "0252D", "hourtmin": "04:10", "hourgust": null, "hourtmax": "11:40", "sun": null, "altitude": "74", "latitude": 413515, "hourpresmax": null, "province": "BARCELONA", "tmed": "11,0", "tmin": "6,2", "presmax": null, "presmin": null, "hourpresmin": null, "date": "2001-03-14", "name": "ARENYS DE MAR", "gust": null, "tmax": "15,8", "longitude": 23224, "avgspeed": "0,6"}, {"code": "0252D", "hourtmin": "Varias", "hourgust": null, "hourtmax": "12:20", "sun": null, "altitude": "74", "latitude": 413515, "hourpresmax": null, "province": "BARCELONA", "tmed": "11,1", "tmin": "6,1", "presmax": null, "presmin": null, "hourpresmin": null, "date": "2001-03-15", "name": "ARENYS DE MAR", "gust": null, "tmax": "16,1", "longitude": 23224, "avgspeed": "1,7"}, {"code": "0252D", "hourtmin": "00:10", "hourgust": null, "hourtmax": "12:25", "sun": null, "altitude": "74", "latitude": 413515, "hourpresmax": null, "province": "BARCELONA", "tmed": "11,0", "tmin": "6,6", "presmax": null, "presmin": null, "hourpresmin": null, "date": "2001-03-16", "name": "ARENYS DE MAR", "gust": null, "tmax": "15,4", "longitude": 23224, "avgspeed": "0,3"}, {"code": "0252D", "hourtmin": "23:35", "hourgust": null, "hourtmax": "14:40", "sun": null, "altitude": "74", "latitude": 413515, "hourpresmax": null, "province": "BARCELONA", "tmed": "14,4", "tmin": "8,8", "presmax": null, "presmin": null, "hourpresmin": null, "date": "2001-03-17", "name": "ARENYS DE MAR", "gust": null, "tmax": "20,1", "longitude": 23224, "avgspeed": "2,8"}, {"code": "0252D", "hourtmin": "05:30", "hourgust": null, "hourtmax": "15:00", "sun": null, "altitude": "74", "latitude": 413515, "hourpresmax": null, "province": "BARCELONA", "tmed": "12,4", "tmin": "6,4", "presmax": null, "presmin": null, "hourpresmin": null, "date": "2001-03-18", "name": "ARENYS DE MAR", "gust": null, "tmax": "18,5", "longitude": 23224, "avgspeed": "1,7"}, {"code": "0252D", "hourtmin": "Varias", "hourgust": null, "hourtmax": "Varias", "sun": null, "altitude": "74", "latitude": 413515, "hourpresmax": null, "province": "BARCELONA", "tmed": "12,4", "tmin": "8,5", "presmax": null, "presmin": null, "hourpresmin": null, "date": "2001-03-19", "name": "ARENYS DE MAR", "gust": null, "tmax": "16,2", "longitude": 23224, "avgspeed": "2,2"}, {"code": "0252D", "hourtmin": "06:45", "hourgust": null, "hourtmax": "12:00", "sun": null, "altitude": "74", "latitude": 413515, "hourpresmax": null, "province": "BARCELONA", "tmed": "16,0", "tmin": "10,9", "presmax": null, "presmin": null, "hourpresmin": null, "date": "2001-03-20", "name": "ARENYS DE MAR", "gust": null, "tmax": "21,2", "longitude": 23224, "avgspeed": "2,5"}, {"code": "0252D", "hourtmin": "23:35", "hourgust": null, "hourtmax": "12:20", "sun": null, "altitude": "74", "latitude": 413515, "hourpresmax": null, "province": "BARCELONA", "tmed": "17,8", "tmin": "12,7", "presmax": null, "presmin": null, "hourpresmin": null, "date": "2001-03-21", "name": "ARENYS DE MAR", "gust": null, "tmax": "22,8", "longitude": 23224, "avgspeed": "2,2"}, {"code": "0252D", "hourtmin": "23:45", "hourgust": null, "hourtmax": "Varias", "sun": null, "altitude": "74", "latitude": 413515, "hourpresmax": null, "province": "BARCELONA", "tmed": "16,8", "tmin": "11,4", "presmax": null, "presmin": null, "hourpresmin": null, "date": "2001-03-22", "name": "ARENYS DE MAR", "gust": null, "tmax": "22,3", "longitude": 23224, "avgspeed": "2,8"}, {"code": "0252D", "hourtmin": "Varias", "hourgust": null, "hourtmax": "12:25", "sun": null, "altitude": "74", "latitude": 413515, "hourpresmax": null, "province": "BARCELONA", "tmed": "15,7", "tmin": "9,7", "presmax": null, "presmin": null, "hourpresmin": null, "date": "2001-03-23", "name": "ARENYS DE MAR", "gust": null, "tmax": "21,7", "longitude": 23224, "avgspeed": "1,4"}, {"code": "0252D", "hourtmin": "06:30", "hourgust": null, "hourtmax": "18:10", "sun": null, "altitude": "74", "latitude": 413515, "hourpresmax": null, "province": "BARCELONA", "tmed": "16,8", "tmin": "10,8", "presmax": null, "presmin": null, "hourpresmin": null, "date": "2001-03-24", "name": "ARENYS DE MAR", "gust": null, "tmax": "22,8", "longitude": 23224, "avgspeed": "1,1"}, {"code": "0252D", "hourtmin": "23:40", "hourgust": null, "hourtmax": "15:20", "sun": null, "altitude": "74", "latitude": 413515, "hourpresmax": null, "province": "BARCELONA", "tmed": "15,0", "tmin": "9,2", "presmax": null, "presmin": null, "hourpresmin": null, "date": "2001-03-25", "name": "ARENYS DE MAR", "gust": null, "tmax": "20,9", "longitude": 23224, "avgspeed": "2,2"}, {"code": "0252D", "hourtmin": "03:25", "hourgust": null, "hourtmax": "11:40", "sun": null, "altitude": "74", "latitude": 413515, "hourpresmax": null, "province": "BARCELONA", "tmed": "12,3", "tmin": "8,2", "presmax": null, "presmin": null, "hourpresmin": null, "date": "2001-03-26", "name": "ARENYS DE MAR", "gust": null, "tmax": "16,4", "longitude": 23224, "avgspeed": "1,7"}, {"code": "0252D", "hourtmin": "Varias", "hourgust": null, "hourtmax": "11:40", "sun": null, "altitude": "74", "latitude": 413515, "hourpresmax": null, "province": "BARCELONA", "tmed": "12,2", "tmin": "7,4", "presmax": null, "presmin": null, "hourpresmin": null, "date": "2001-03-27", "name": "ARENYS DE MAR", "gust": null, "tmax": "17,0", "longitude": 23224, "avgspeed": "1,1"}, {"code": "0252D", "hourtmin": "03:05", "hourgust": null, "hourtmax": "09:50", "sun": null, "altitude": "74", "latitude": 413515, "hourpresmax": null, "province": "BARCELONA", "tmed": "12,2", "tmin": "8,2", "presmax": null, "presmin": null, "hourpresmin": null, "date": "2001-03-28", "name": "ARENYS DE MAR", "gust": null, "tmax": "16,2", "longitude": 23224, "avgspeed": "1,7"}, {"code": "0252D", "hourtmin": "23:45", "hourgust": null, "hourtmax": "10:00", "sun": null, "altitude": "74", "latitude": 413515, "hourpresmax": null, "province": "BARCELONA", "tmed": "12,0", "tmin": "6,3", "presmax": null, "presmin": null, "hourpresmin": null, "date": "2001-03-29", "name": "ARENYS DE MAR", "gust": null, "tmax": "17,7", "longitude": 23224, "avgspeed": "0,8"}, {"code": "0252D", "hourtmin": "05:40", "hourgust": null, "hourtmax": "11:50", "sun": null, "altitude": "74", "latitude": 413515, "hourpresmax": null, "province": "BARCELONA", "tmed": "10,0", "tmin": "4,6", "presmax": null, "presmin": null, "hourpresmin": null, "date": "2001-03-30", "name": "ARENYS DE MAR", "gust": null, "tmax": "15,4", "longitude": 23224, "avgspeed": "0,8"}, {"code": "0252D", "hourtmin": "01:20", "hourgust": null, "hourtmax": "13:50", "sun": null, "altitude": "74", "latitude": 413515, "hourpresmax": null, "province": "BARCELONA", "tmed": "12,2", "tmin": "6,9", "presmax": null, "presmin": null, "hourpresmin": null, "date": "2001-03-31", "name": "ARENYS DE MAR", "gust": null, "tmax": "17,6", "longitude": 23224, "avgspeed": "1,9"}, {"code": "0252D", "hourtmin": "01:00", "hourgust": null, "hourtmax": "13:00", "sun": null, "altitude": "74", "latitude": 413515, "hourpresmax": null, "province": "BARCELONA", "tmed": "12,2", "tmin": "7,6", "presmax": null, "presmin": null, "hourpresmin": null, "date": "2001-04-01", "name": "ARENYS DE MAR", "gust": null, "tmax": "16,8", "longitude": 23224, "avgspeed": "1,1"}, {"code": "0252D", "hourtmin": "04:40", "hourgust": null, "hourtmax": "13:00", "sun": null, "altitude": "74", "latitude": 413515, "hourpresmax": null, "province": "BARCELONA", "tmed": "11,5", "tmin": "6,4", "presmax": null, "presmin": null, "hourpresmin": null, "date": "2001-04-02", "name": "ARENYS DE MAR", "gust": null, "tmax": "16,6", "longitude": 23224, "avgspeed": "1,9"}, {"code": "0252D", "hourtmin": "05:10", "hourgust": null, "hourtmax": "10:20", "sun": null, "altitude": "74", "latitude": 413515, "hourpresmax": null, "province": "BARCELONA", "tmed": "11,8", "tmin": "7,9", "presmax": null, "presmin": null, "hourpresmin": null, "date": "2001-04-03", "name": "ARENYS DE MAR", "gust": null, "tmax": "15,8", "longitude": 23224, "avgspeed": "1,1"}, {"code": "0252D", "hourtmin": "Varias", "hourgust": null, "hourtmax": "10:40", "sun": null, "altitude": "74", "latitude": 413515, "hourpresmax": null, "province": "BARCELONA", "tmed": "13,3", "tmin": "10,5", "presmax": null, "presmin": null, "hourpresmin": null, "date": "2001-04-04", "name": "ARENYS DE MAR", "gust": null, "tmax": "16,1", "longitude": 23224, "avgspeed": "2,2"}, {"code": "0252D", "hourtmin": "Varias", "hourgust": null, "hourtmax": "11:20", "sun": null, "altitude": "74", "latitude": 413515, "hourpresmax": null, "province": "BARCELONA", "tmed": "12,3", "tmin": "10,6", "presmax": null, "presmin": null, "hourpresmin": null, "date": "2001-04-05", "name": "ARENYS DE MAR", "gust": null, "tmax": "14,0", "longitude": 23224, "avgspeed": "1,1"}, {"code": "0252D", "hourtmin": "06:00", "hourgust": null, "hourtmax": "13:10", "sun": null, "altitude": "74", "latitude": 413515, "hourpresmax": null, "province": "BARCELONA", "tmed": "12,4", "tmin": "8,6", "presmax": null, "presmin": null, "hourpresmin": null, "date": "2001-04-06", "name": "ARENYS DE MAR", "gust": null, "tmax": "16,3", "longitude": 23224, "avgspeed": "1,1"}, {"code": "0252D", "hourtmin": "22:30", "hourgust": null, "hourtmax": "10:50", "sun": null, "altitude": "74", "latitude": 413515, "hourpresmax": null, "province": "BARCELONA", "tmed": "11,5", "tmin": "7,5", "presmax": null, "presmin": null, "hourpresmin": null, "date": "2001-04-07", "name": "ARENYS DE MAR", "gust": null, "tmax": "15,5", "longitude": 23224, "avgspeed": "0,8"}, {"province": "BARCELONA", "hourtmax": null, "presmin": null, "code": "0252D", "name": "ARENYS DE MAR", "presmax": null, "gust": null, "altitude": "74", "longitude": 23224, "hourpresmax": null, "date": "2001-04-08", "hourpresmin": null, "hourtmin": null, "avgspeed": "1,1", "latitude": 413515, "sun": null, "hourgust": null}, {"code": "0252D", "hourtmin": "02:50", "hourgust": null, "hourtmax": "10:50", "sun": null, "altitude": "74", "latitude": 413515, "hourpresmax": null, "province": "BARCELONA", "tmed": "11,6", "tmin": "7,8", "presmax": null, "presmin": null, "hourpresmin": null, "date": "2001-04-09", "name": "ARENYS DE MAR", "gust": null, "tmax": "15,5", "longitude": 23224, "avgspeed": "1,7"}, {"code": "0252D", "hourtmin": "02:35", "hourgust": null, "hourtmax": "12:20", "sun": null, "altitude": "74", "latitude": 413515, "hourpresmax": null, "province": "BARCELONA", "tmed": "12,4", "tmin": "8,4", "presmax": null, "presmin": null, "hourpresmin": null, "date": "2001-04-10", "name": "ARENYS DE MAR", "gust": null, "tmax": "16,5", "longitude": 23224, "avgspeed": "1,1"}, {"code": "0252D", "hourtmin": "06:05", "hourgust": null, "hourtmax": "13:10", "sun": null, "altitude": "74", "latitude": 413515, "hourpresmax": null, "province": "BARCELONA", "tmed": "11,7", "tmin": "7,6", "presmax": null, "presmin": null, "hourpresmin": null, "date": "2001-04-11", "name": "ARENYS DE MAR", "gust": null, "tmax": "15,8", "longitude": 23224, "avgspeed": "1,7"}, {"code": "0252D", "hourtmin": "Varias", "hourgust": null, "hourtmax": "12:10", "sun": null, "altitude": "74", "latitude": 413515, "hourpresmax": null, "province": "BARCELONA", "tmed": "12,1", "tmin": "6,9", "presmax": null, "presmin": null, "hourpresmin": null, "date": "2001-04-12", "name": "ARENYS DE MAR", "gust": null, "tmax": "17,3", "longitude": 23224, "avgspeed": "1,1"}, {"code": "0252D", "hourtmin": "03:15", "hourgust": null, "hourtmax": "12:40", "sun": null, "altitude": "74", "latitude": 413515, "hourpresmax": null, "province": "BARCELONA", "tmed": "11,7", "tmin": "8,0", "presmax": null, "presmin": null, "hourpresmin": null, "date": "2001-04-13", "name": "ARENYS DE MAR", "gust": null, "tmax": "15,4", "longitude": 23224, "avgspeed": "1,1"}, {"code": "0252D", "hourtmin": "05:55", "hourgust": null, "hourtmax": "13:20", "sun": null, "altitude": "74", "latitude": 413515, "hourpresmax": null, "province": "BARCELONA", "tmed": "10,6", "tmin": "6,0", "presmax": null, "presmin": null, "hourpresmin": null, "date": "2001-04-14", "name": "ARENYS DE MAR", "gust": null, "tmax": "15,2", "longitude": 23224, "avgspeed": "1,4"}, {"code": "0252D", "hourtmin": "00:40", "hourgust": null, "hourtmax": "12:20", "sun": null, "altitude": "74", "latitude": 413515, "hourpresmax": null, "province": "BARCELONA", "tmed": "12,3", "tmin": "8,7", "presmax": null, "presmin": null, "hourpresmin": null, "date": "2001-04-15", "name": "ARENYS DE MAR", "gust": null, "tmax": "15,9", "longitude": 23224, "avgspeed": "3,9"}, {"code": "0252D", "hourtmin": "05:10", "hourgust": null, "hourtmax": "15:00", "sun": null, "altitude": "74", "latitude": 413515, "hourpresmax": null, "province": "BARCELONA", "tmed": "11,5", "tmin": "8,5", "presmax": null, "presmin": null, "hourpresmin": null, "date": "2001-04-16", "name": "ARENYS DE MAR", "gust": null, "tmax": "14,5", "longitude": 23224, "avgspeed": "0,6"}, {"province": "BARCELONA", "hourtmax": null, "presmin": null, "code": "0252D", "name": "ARENYS DE MAR", "presmax": null, "gust": null, "altitude": "74", "longitude": 23224, "hourpresmax": null, "date": "2001-04-17", "hourpresmin": null, "hourtmin": null, "avgspeed": "0,8", "latitude": 413515, "sun": null, "hourgust": null}, {"code": "0252D", "hourtmin": "04:00", "hourgust": null, "hourtmax": "11:10", "sun": null, "altitude": "74", "latitude": 413515, "hourpresmax": null, "province": "BARCELONA", "tmed": "12,0", "tmin": "9,8", "presmax": null, "presmin": null, "hourpresmin": null, "date": "2001-04-18", "name": "ARENYS DE MAR", "gust": null, "tmax": "14,3", "longitude": 23224, "avgspeed": "1,1"}, {"code": "0252D", "hourtmin": "04:50", "hourgust": null, "hourtmax": "10:30", "sun": null, "altitude": "74", "latitude": 413515, "hourpresmax": null, "province": "BARCELONA", "tmed": "11,2", "tmin": "6,8", "presmax": null, "presmin": null, "hourpresmin": null, "date": "2001-04-19", "name": "ARENYS DE MAR", "gust": null, "tmax": "15,5", "longitude": 23224, "avgspeed": "1,9"}, {"code": "0252D", "hourtmin": "23:10", "hourgust": null, "hourtmax": "13:15", "sun": null, "altitude": "74", "latitude": 413515, "hourpresmax": null, "province": "BARCELONA", "tmed": "8,3", "tmin": "5,3", "presmax": null, "presmin": null, "hourpresmin": null, "date": "2001-04-20", "name": "ARENYS DE MAR", "gust": null, "tmax": "11,3", "longitude": 23224, "avgspeed": "1,4"}, {"code": "0252D", "hourtmin": "06:00", "hourgust": null, "hourtmax": "14:00", "sun": null, "altitude": "74", "latitude": 413515, "hourpresmax": null, "province": "BARCELONA", "tmed": "7,8", "tmin": "3,7", "presmax": null, "presmin": null, "hourpresmin": null, "date": "2001-04-21", "name": "ARENYS DE MAR", "gust": null, "tmax": "11,9", "longitude": 23224, "avgspeed": "0,6"}, {"code": "0252D", "hourtmin": "03:50", "hourgust": "18:30", "hourtmax": "13:20", "sun": null, "altitude": "74", "latitude": 413515, "hourpresmax": null, "province": "BARCELONA", "tmed": "8,2", "tmin": "3,4", "presmax": null, "presmin": null, "hourpresmin": null, "date": "2001-04-22", "name": "ARENYS DE MAR", "gust": "6,7", "tmax": "13,0", "longitude": 23224, "avgspeed": "1,4", "dir": "22"}, {"code": "0252D", "hourtmin": "02:30", "hourgust": null, "hourtmax": "12:00", "sun": null, "altitude": "74", "latitude": 413515, "hourpresmax": null, "province": "BARCELONA", "tmed": "15,2", "tmin": "9,9", "presmax": null, "presmin": null, "hourpresmin": null, "date": "2001-04-23", "name": "ARENYS DE MAR", "gust": null, "tmax": "20,4", "longitude": 23224, "avgspeed": "2,2"}, {"code": "0252D", "hourtmin": "05:30", "hourgust": null, "hourtmax": "13:20", "sun": null, "altitude": "74", "latitude": 413515, "hourpresmax": null, "province": "BARCELONA", "tmed": "16,2", "tmin": "9,9", "presmax": null, "presmin": null, "hourpresmin": null, "date": "2001-04-24", "name": "ARENYS DE MAR", "gust": null, "tmax": "22,5", "longitude": 23224, "avgspeed": "1,9"}, {"code": "0252D", "hourtmin": "23:50", "hourgust": null, "hourtmax": "Varias", "sun": null, "altitude": "74", "latitude": 413515, "hourpresmax": null, "province": "BARCELONA", "tmed": "14,2", "tmin": "10,5", "presmax": null, "presmin": null, "hourpresmin": null, "date": "2001-04-25", "name": "ARENYS DE MAR", "gust": null, "tmax": "18,0", "longitude": 23224, "avgspeed": "1,4"}, {"code": "0252D", "hourtmin": "22:10", "hourgust": null, "hourtmax": "Varias", "sun": null, "altitude": "74", "latitude": 413515, "hourpresmax": null, "province": "BARCELONA", "tmed": "12,8", "tmin": "9,2", "presmax": null, "presmin": null, "hourpresmin": null, "date": "2001-04-26", "name": "ARENYS DE MAR", "gust": null, "tmax": "16,4", "longitude": 23224, "avgspeed": "1,4"}, {"code": "0252D", "hourtmin": "05:20", "hourgust": null, "hourtmax": "13:50", "sun": null, "altitude": "74", "latitude": 413515, "hourpresmax": null, "province": "BARCELONA", "tmed": "12,8", "tmin": "8,7", "presmax": null, "presmin": null, "hourpresmin": null, "date": "2001-04-27", "name": "ARENYS DE MAR", "gust": null, "tmax": "16,8", "longitude": 23224, "avgspeed": "2,2"}, {"code": "0252D", "hourtmin": "05:10", "hourgust": null, "hourtmax": "Varias", "sun": null, "altitude": "74", "latitude": 413515, "hourpresmax": null, "province": "BARCELONA", "tmed": "13,2", "tmin": "9,4", "presmax": null, "presmin": null, "hourpresmin": null, "date": "2001-04-28", "name": "ARENYS DE MAR", "gust": null, "tmax": "16,9", "longitude": 23224, "avgspeed": "1,7"}, {"code": "0252D", "hourtmin": "04:00", "hourgust": null, "hourtmax": "15:20", "sun": null, "altitude": "74", "latitude": 413515, "hourpresmax": null, "province": "BARCELONA", "tmed": "13,5", "tmin": "9,3", "presmax": null, "presmin": null, "hourpresmin": null, "date": "2001-04-29", "name": "ARENYS DE MAR", "gust": null, "tmax": "17,7", "longitude": 23224, "avgspeed": "2,5"}, {"province": "BARCELONA", "hourtmax": null, "presmin": null, "code": "0252D", "name": "ARENYS DE MAR", "presmax": null, "gust": null, "altitude": "74", "longitude": 23224, "hourpresmax": null, "date": "2001-04-30", "hourpresmin": null, "hourtmin": null, "avgspeed": "0,8", "latitude": 413515, "sun": null, "hourgust": null}, {"code": "0252D", "hourtmin": "05:40", "hourgust": null, "hourtmax": "15:20", "sun": null, "altitude": "74", "latitude": 413515, "hourpresmax": null, "province": "BARCELONA", "tmed": "10,8", "tmin": "4,7", "presmax": null, "presmin": null, "hourpresmin": null, "date": "2001-05-01", "name": "ARENYS DE MAR", "gust": null, "tmax": "16,8", "longitude": 23224, "avgspeed": "0,6"}, {"code": "0252D", "hourtmin": "05:45", "hourgust": null, "hourtmax": "14:00", "sun": null, "altitude": "74", "latitude": 413515, "hourpresmax": null, "province": "BARCELONA", "tmed": "11,2", "tmin": "8,3", "presmax": null, "presmin": null, "hourpresmin": null, "date": "2001-05-02", "name": "ARENYS DE MAR", "gust": null, "tmax": "14,1", "longitude": 23224, "avgspeed": "1,1"}, {"code": "0252D", "hourtmin": "05:05", "hourgust": null, "hourtmax": "15:40", "sun": null, "altitude": "74", "latitude": 413515, "hourpresmax": null, "province": "BARCELONA", "tmed": "11,4", "tmin": "7,2", "presmax": null, "presmin": null, "hourpresmin": null, "date": "2001-05-03", "name": "ARENYS DE MAR", "gust": null, "tmax": "15,6", "longitude": 23224, "avgspeed": "0,6"}, {"code": "0252D", "hourtmin": "01:05", "hourgust": null, "hourtmax": "14:20", "sun": null, "altitude": "74", "latitude": 413515, "hourpresmax": null, "province": "BARCELONA", "tmed": "12,2", "tmin": "8,9", "presmax": null, "presmin": null, "hourpresmin": null, "date": "2001-05-04", "name": "ARENYS DE MAR", "gust": null, "tmax": "15,6", "longitude": 23224, "avgspeed": "0,6"}, {"code": "0252D", "hourtmin": "05:45", "hourgust": null, "hourtmax": "Varias", "sun": null, "altitude": "74", "latitude": 413515, "hourpresmax": null, "province": "BARCELONA", "tmed": "11,6", "tmin": "7,4", "presmax": null, "presmin": null, "hourpresmin": null, "date": "2001-05-05", "name": "ARENYS DE MAR", "gust": null, "tmax": "15,9", "longitude": 23224, "avgspeed": "0,8"}, {"code": "0252D", "hourtmin": "05:40", "hourgust": null, "hourtmax": "14:40", "sun": null, "altitude": "74", "latitude": 413515, "hourpresmax": null, "province": "BARCELONA", "tmed": "11,0", "tmin": "6,8", "presmax": null, "presmin": null, "hourpresmin": null, "date": "2001-05-06", "name": "ARENYS DE MAR", "gust": null, "tmax": "15,1", "longitude": 23224, "avgspeed": "1,4"}, {"code": "0252D", "hourtmin": "03:40", "hourgust": null, "hourtmax": "11:50", "sun": null, "altitude": "74", "latitude": 413515, "hourpresmax": null, "province": "BARCELONA", "tmed": "12,8", "tmin": "9,3", "presmax": null, "presmin": null, "hourpresmin": null, "date": "2001-05-07", "name": "ARENYS DE MAR", "gust": null, "tmax": "16,3", "longitude": 23224, "avgspeed": "0,6"}, {"province": "BARCELONA", "hourtmax": null, "presmin": null, "code": "0252D", "name": "ARENYS DE MAR", "presmax": null, "gust": null, "altitude": "74", "longitude": 23224, "hourpresmax": null, "date": "2001-05-08", "hourpresmin": null, "hourtmin": null, "avgspeed": "1,1", "latitude": 413515, "sun": null, "hourgust": null}, {"code": "0252D", "hourtmin": "04:55", "hourgust": null, "hourtmax": "14:00", "sun": null, "altitude": "74", "latitude": 413515, "hourpresmax": null, "province": "BARCELONA", "tmed": "13,4", "tmin": "8,3", "presmax": null, "presmin": null, "hourpresmin": null, "date": "2001-05-09", "name": "ARENYS DE MAR", "gust": null, "tmax": "18,6", "longitude": 23224, "avgspeed": "0,8"}, {"code": "0252D", "hourtmin": "03:05", "hourgust": null, "hourtmax": "15:30", "sun": null, "altitude": "74", "latitude": 413515, "hourpresmax": null, "province": "BARCELONA", "tmed": "15,0", "tmin": "12,2", "presmax": null, "presmin": null, "hourpresmin": null, "date": "2001-05-10", "name": "ARENYS DE MAR", "gust": null, "tmax": "17,9", "longitude": 23224, "avgspeed": "2,8"}, {"code": "0252D", "hourtmin": "23:20", "hourgust": null, "hourtmax": "12:20", "sun": null, "altitude": "74", "latitude": 413515, "hourpresmax": null, "province": "BARCELONA", "tmed": "20,0", "tmin": "14,5", "presmax": null, "presmin": null, "hourpresmin": null, "date": "2001-05-11", "name": "ARENYS DE MAR", "gust": null, "tmax": "25,5", "longitude": 23224, "avgspeed": "1,4"}, {"code": "0252D", "hourtmin": "Varias", "hourgust": "15:10", "hourtmax": "10:10", "sun": null, "altitude": "74", "prec": "0,0", "latitude": 413515, "hourpresmax": null, "province": "BARCELONA", "tmed": "16,8", "tmin": "12,4", "presmax": null, "presmin": null, "hourpresmin": null, "date": "2001-05-12", "name": "ARENYS DE MAR", "gust": "4,2", "tmax": "21,2", "longitude": 23224, "avgspeed": "1,4", "dir": "15"}, {"code": "0252D", "hourtmin": "22:40", "hourgust": "14:40", "hourtmax": "Varias", "sun": null, "altitude": "74", "latitude": 413515, "hourpresmax": null, "province": "BARCELONA", "tmed": "15,8", "tmin": "12,2", "presmax": null, "presmin": null, "hourpresmin": null, "date": "2001-05-13", "name": "ARENYS DE MAR", "gust": "8,3", "tmax": "19,4", "longitude": 23224, "avgspeed": "2,5", "dir": "21"}, {"code": "0252D", "hourtmin": "02:35", "hourgust": null, "hourtmax": "14:15", "sun": null, "altitude": "74", "latitude": 413515, "hourpresmax": null, "province": "BARCELONA", "tmed": "15,8", "tmin": "11,8", "presmax": null, "presmin": null, "hourpresmin": null, "date": "2001-05-14", "name": "ARENYS DE MAR", "gust": null, "tmax": "19,7", "longitude": 23224, "avgspeed": "2,5"}, {"code": "0252D", "hourtmin": "04:30", "hourgust": null, "hourtmax": "10:20", "sun": null, "altitude": "74", "latitude": 413515, "hourpresmax": null, "province": "BARCELONA", "tmed": "17,6", "tmin": "11,4", "presmax": null, "presmin": null, "hourpresmin": null, "date": "2001-05-15", "name": "ARENYS DE MAR", "gust": null, "tmax": "23,9", "longitude": 23224, "avgspeed": "3,6"}, {"code": "0252D", "hourtmin": "05:30", "hourgust": null, "hourtmax": "15:10", "sun": null, "altitude": "74", "latitude": 413515, "hourpresmax": null, "province": "BARCELONA", "tmed": "18,2", "tmin": "13,3", "presmax": null, "presmin": null, "hourpresmin": null, "date": "2001-05-16", "name": "ARENYS DE MAR", "gust": null, "tmax": "23,2", "longitude": 23224, "avgspeed": "2,5"}, {"code": "0252D", "hourtmin": "04:30", "hourgust": null, "hourtmax": "13:00", "sun": null, "altitude": "74", "latitude": 413515, "hourpresmax": null, "province": "BARCELONA", "tmed": "16,1", "tmin": "12,8", "presmax": null, "presmin": null, "hourpresmin": null, "date": "2001-05-17", "name": "ARENYS DE MAR", "gust": null, "tmax": "19,4", "longitude": 23224, "avgspeed": "0,8"}, {"code": "0252D", "hourtmin": "21:20", "hourgust": null, "hourtmax": "14:50", "sun": null, "altitude": "74", "latitude": 413515, "hourpresmax": null, "province": "BARCELONA", "tmed": "16,0", "tmin": "13,3", "presmax": null, "presmin": null, "hourpresmin": null, "date": "2001-05-18", "name": "ARENYS DE MAR", "gust": null, "tmax": "18,7", "longitude": 23224, "avgspeed": "1,4"}, {"code": "0252D", "hourtmin": "05:40", "hourgust": null, "hourtmax": "16:30", "sun": null, "altitude": "74", "latitude": 413515, "hourpresmax": null, "province": "BARCELONA", "tmed": "16,6", "tmin": "11,2", "presmax": null, "presmin": null, "hourpresmin": null, "date": "2001-05-19", "name": "ARENYS DE MAR", "gust": null, "tmax": "22,0", "longitude": 23224, "avgspeed": "1,1"}, {"code": "0252D", "hourtmin": "02:00", "hourgust": null, "hourtmax": "10:50", "sun": null, "altitude": "74", "latitude": 413515, "hourpresmax": null, "province": "BARCELONA", "tmed": "21,0", "tmin": "15,9", "presmax": null, "presmin": null, "hourpresmin": null, "date": "2001-05-20", "name": "ARENYS DE MAR", "gust": null, "tmax": "26,2", "longitude": 23224, "avgspeed": "1,4"}, {"province": "BARCELONA", "hourtmax": null, "presmin": null, "code": "0252D", "name": "ARENYS DE MAR", "presmax": null, "gust": null, "altitude": "74", "longitude": 23224, "hourpresmax": null, "date": "2001-05-21", "hourpresmin": null, "hourtmin": null, "avgspeed": "0,8", "latitude": 413515, "sun": null, "hourgust": null}, {"code": "0252D", "hourtmin": "03:20", "hourgust": null, "hourtmax": "12:10", "sun": null, "altitude": "74", "latitude": 413515, "hourpresmax": null, "province": "BARCELONA", "tmed": "16,7", "tmin": "13,7", "presmax": null, "presmin": null, "hourpresmin": null, "date": "2001-05-22", "name": "ARENYS DE MAR", "gust": null, "tmax": "19,7", "longitude": 23224, "avgspeed": "1,7"}, {"code": "0252D", "hourtmin": "05:00", "hourgust": null, "hourtmax": "12:00", "sun": null, "altitude": "74", "latitude": 413515, "hourpresmax": null, "province": "BARCELONA", "tmed": "17,2", "tmin": "12,9", "presmax": null, "presmin": null, "hourpresmin": null, "date": "2001-05-23", "name": "ARENYS DE MAR", "gust": null, "tmax": "21,6", "longitude": 23224, "avgspeed": "0,8"}, {"code": "0252D", "hourtmin": "00:55", "hourgust": null, "hourtmax": "13:40", "sun": null, "altitude": "74", "latitude": 413515, "hourpresmax": null, "province": "BARCELONA", "tmed": "18,9", "tmin": "15,4", "presmax": null, "presmin": null, "hourpresmin": null, "date": "2001-05-24", "name": "ARENYS DE MAR", "gust": null, "tmax": "22,4", "longitude": 23224, "avgspeed": "1,1"}, {"code": "0252D", "hourtmin": "04:50", "hourgust": null, "hourtmax": "13:30", "sun": null, "altitude": "74", "latitude": 413515, "hourpresmax": null, "province": "BARCELONA", "tmed": "18,4", "tmin": "13,1", "presmax": null, "presmin": null, "hourpresmin": null, "date": "2001-05-25", "name": "ARENYS DE MAR", "gust": null, "tmax": "23,7", "longitude": 23224, "avgspeed": "1,9"}, {"code": "0252D", "hourtmin": "05:40", "hourgust": null, "hourtmax": "13:30", "sun": null, "altitude": "74", "latitude": 413515, "hourpresmax": null, "province": "BARCELONA", "tmed": "21,0", "tmin": "15,8", "presmax": null, "presmin": null, "hourpresmin": null, "date": "2001-05-26", "name": "ARENYS DE MAR", "gust": null, "tmax": "26,3", "longitude": 23224, "avgspeed": "1,7"}, {"code": "0252D", "hourtmin": "03:30", "hourgust": null, "hourtmax": "15:30", "sun": null, "altitude": "74", "latitude": 413515, "hourpresmax": null, "province": "BARCELONA", "tmed": "20,7", "tmin": "15,6", "presmax": null, "presmin": null, "hourpresmin": null, "date": "2001-05-27", "name": "ARENYS DE MAR", "gust": null, "tmax": "25,8", "longitude": 23224, "avgspeed": "1,1"}, {"code": "0252D", "hourtmin": "02:30", "hourgust": null, "hourtmax": "07:40", "sun": null, "altitude": "74", "latitude": 413515, "hourpresmax": null, "province": "BARCELONA", "tmed": "21,4", "tmin": "17,0", "presmax": null, "presmin": null, "hourpresmin": null, "date": "2001-05-28", "name": "ARENYS DE MAR", "gust": null, "tmax": "25,9", "longitude": 23224, "avgspeed": "1,9"}, {"code": "0252D", "hourtmin": "04:50", "hourgust": null, "hourtmax": "13:00", "sun": null, "altitude": "74", "latitude": 413515, "hourpresmax": null, "province": "BARCELONA", "tmed": "22,8", "tmin": "16,9", "presmax": null, "presmin": null, "hourpresmin": null, "date": "2001-05-29", "name": "ARENYS DE MAR", "gust": null, "tmax": "28,6", "longitude": 23224, "avgspeed": "1,4"}, {"code": "0252D", "hourtmin": "05:00", "hourgust": null, "hourtmax": "11:30", "sun": null, "altitude": "74", "latitude": 413515, "hourpresmax": null, "province": "BARCELONA", "tmed": "21,8", "tmin": "16,9", "presmax": null, "presmin": null, "hourpresmin": null, "date": "2001-05-30", "name": "ARENYS DE MAR", "gust": null, "tmax": "26,6", "longitude": 23224, "avgspeed": "2,8"}, {"code": "0252D", "hourtmin": "03:30", "hourgust": null, "hourtmax": "Varias", "sun": null, "altitude": "74", "latitude": 413515, "hourpresmax": null, "province": "BARCELONA", "tmed": "22,6", "tmin": "18,2", "presmax": null, "presmin": null, "hourpresmin": null, "date": "2001-05-31", "name": "ARENYS DE MAR", "gust": null, "tmax": "26,9", "longitude": 23224, "avgspeed": "0,6"}, {"code": "0252D", "hourtmin": "04:50", "hourgust": null, "hourtmax": "14:10", "sun": null, "altitude": "74", "latitude": 413515, "hourpresmax": null, "province": "BARCELONA", "tmed": "20,7", "tmin": "17,4", "presmax": null, "presmin": null, "hourpresmin": null, "date": "2001-06-01", "name": "ARENYS DE MAR", "gust": null, "tmax": "24,0", "longitude": 23224, "avgspeed": "1,4"}, {"code": "0252D", "hourtmin": "02:35", "hourgust": null, "hourtmax": "12:50", "sun": null, "altitude": "74", "latitude": 413515, "hourpresmax": null, "province": "BARCELONA", "tmed": "20,6", "tmin": "17,5", "presmax": null, "presmin": null, "hourpresmin": null, "date": "2001-06-02", "name": "ARENYS DE MAR", "gust": null, "tmax": "23,6", "longitude": 23224, "avgspeed": "2,8"}, {"code": "0252D", "hourtmin": "04:00", "hourgust": "11:40", "hourtmax": "10:50", "sun": null, "altitude": "74", "prec": "0,0", "latitude": 413515, "hourpresmax": null, "province": "BARCELONA", "tmed": "19,4", "tmin": "15,5", "presmax": null, "presmin": null, "hourpresmin": null, "date": "2001-06-03", "name": "ARENYS DE MAR", "gust": "6,7", "tmax": "23,2", "longitude": 23224, "avgspeed": "0,8", "dir": "13"}, {"code": "0252D", "hourtmin": "05:00", "hourgust": "11:00", "hourtmax": "11:50", "sun": null, "altitude": "74", "prec": "0,0", "latitude": 413515, "hourpresmax": null, "province": "BARCELONA", "tmed": "17,0", "tmin": "13,4", "presmax": null, "presmin": null, "hourpresmin": null, "date": "2001-06-04", "name": "ARENYS DE MAR", "gust": "6,9", "tmax": "20,6", "longitude": 23224, "avgspeed": "2,2", "dir": "20"}, {"code": "0252D", "hourtmin": "02:40", "hourgust": "Varias", "hourtmax": "12:00", "sun": null, "altitude": "74", "latitude": 413515, "hourpresmax": null, "province": "BARCELONA", "tmed": "18,5", "tmin": "14,2", "presmax": null, "presmin": null, "hourpresmin": null, "date": "2001-06-05", "name": "ARENYS DE MAR", "gust": "8,3", "tmax": "22,8", "longitude": 23224, "avgspeed": "2,5", "dir": "21"}, {"code": "0252D", "hourtmin": "04:25", "hourgust": null, "hourtmax": "11:20", "sun": null, "altitude": "74", "latitude": 413515, "hourpresmax": null, "province": "BARCELONA", "tmed": "18,6", "tmin": "15,0", "presmax": null, "presmin": null, "hourpresmin": null, "date": "2001-06-06", "name": "ARENYS DE MAR", "gust": null, "tmax": "22,2", "longitude": 23224, "avgspeed": "1,4"}, {"code": "0252D", "hourtmin": "02:55", "hourgust": "Varias", "hourtmax": "14:25", "sun": null, "altitude": "74", "prec": "0,0", "latitude": 413515, "hourpresmax": null, "province": "BARCELONA", "tmed": "19,0", "tmin": "15,6", "presmax": null, "presmin": null, "hourpresmin": null, "date": "2001-06-07", "name": "ARENYS DE MAR", "gust": "9,4", "tmax": "22,5", "longitude": 23224, "avgspeed": "3,6", "dir": "22"}, {"code": "0252D", "hourtmin": "Varias", "hourgust": "14:50", "hourtmax": "14:50", "sun": null, "altitude": "74", "prec": "0,0", "latitude": 413515, "hourpresmax": null, "province": "BARCELONA", "tmed": "20,6", "tmin": "17,0", "presmax": null, "presmin": null, "hourpresmin": null, "date": "2001-06-08", "name": "ARENYS DE MAR", "gust": "11,1", "tmax": "24,2", "longitude": 23224, "avgspeed": "3,3", "dir": "22"}, {"code": "0252D", "hourtmin": "03:50", "hourgust": "10:50", "hourtmax": "11:20", "sun": null, "altitude": "74", "prec": "0,0", "latitude": 413515, "hourpresmax": null, "province": "BARCELONA", "tmed": "20,1", "tmin": "16,0", "presmax": null, "presmin": null, "hourpresmin": null, "date": "2001-06-09", "name": "ARENYS DE MAR", "gust": "6,4", "tmax": "24,2", "longitude": 23224, "avgspeed": "1,4", "dir": "13"}, {"code": "0252D", "hourtmin": "Varias", "hourgust": "17:10", "hourtmax": "08:30", "sun": null, "altitude": "74", "latitude": 413515, "hourpresmax": null, "province": "BARCELONA", "tmed": "17,2", "tmin": "15,0", "presmax": null, "presmin": null, "hourpresmin": null, "date": "2001-06-10", "name": "ARENYS DE MAR", "gust": "5,8", "tmax": "19,3", "longitude": 23224, "avgspeed": "0,8", "dir": "11"}, {"code": "0252D", "hourtmin": "05:20", "hourgust": null, "hourtmax": "12:00", "sun": null, "altitude": "74", "latitude": 413515, "hourpresmax": null, "province": "BARCELONA", "tmed": "17,7", "tmin": "13,8", "presmax": null, "presmin": null, "hourpresmin": null, "date": "2001-06-11", "name": "ARENYS DE MAR", "gust": null, "tmax": "21,6", "longitude": 23224, "avgspeed": "1,7"}, {"code": "0252D", "hourtmin": "Varias", "hourgust": "15:00", "hourtmax": "10:30", "sun": null, "altitude": "74", "prec": "0,0", "latitude": 413515, "hourpresmax": null, "province": "BARCELONA", "tmed": "17,7", "tmin": "14,1", "presmax": null, "presmin": null, "hourpresmin": null, "date": "2001-06-12", "name": "ARENYS DE MAR", "gust": "5,8", "tmax": "21,3", "longitude": 23224, "avgspeed": "0,8", "dir": "13"}, {"code": "0252D", "hourtmin": "23:50", "hourgust": "18:30", "hourtmax": "12:50", "sun": null, "altitude": "74", "prec": "0,2", "latitude": 413515, "hourpresmax": null, "province": "BARCELONA", "tmed": "18,5", "tmin": "15,3", "presmax": null, "presmin": null, "hourpresmin": null, "date": "2001-06-13", "name": "ARENYS DE MAR", "gust": "5,8", "tmax": "21,7", "longitude": 23224, "avgspeed": "1,7", "dir": "22"}, {"code": "0252D", "hourtmin": "05:10", "hourgust": "14:00", "hourtmax": "11:00", "sun": null, "altitude": "74", "prec": "0,0", "latitude": 413515, "hourpresmax": null, "province": "BARCELONA", "tmed": "19,1", "tmin": "14,8", "presmax": null, "presmin": null, "hourpresmin": null, "date": "2001-06-14", "name": "ARENYS DE MAR", "gust": "9,2", "tmax": "23,4", "longitude": 23224, "avgspeed": "3,1", "dir": "22"}, {"code": "0252D", "hourtmin": "01:55", "hourgust": "23:40", "hourtmax": "11:30", "sun": null, "altitude": "74", "prec": "0,0", "latitude": 413515, "hourpresmax": null, "province": "BARCELONA", "tmed": "22,3", "tmin": "17,1", "presmax": null, "presmin": null, "hourpresmin": null, "date": "2001-06-15", "name": "ARENYS DE MAR", "gust": "4,4", "tmax": "27,5", "longitude": 23224, "avgspeed": "0,6", "dir": "07"}, {"code": "0252D", "hourtmin": "23:20", "hourgust": "11:50", "hourtmax": "12:10", "sun": null, "altitude": "74", "prec": "0,0", "latitude": 413515, "hourpresmax": null, "province": "BARCELONA", "tmed": "20,0", "tmin": "16,2", "presmax": null, "presmin": null, "hourpresmin": null, "date": "2001-06-16", "name": "ARENYS DE MAR", "gust": "6,7", "tmax": "23,8", "longitude": 23224, "avgspeed": "0,8", "dir": "14"}, {"code": "0252D", "hourtmin": "03:45", "hourgust": "10:10", "hourtmax": "Varias", "sun": null, "altitude": "74", "prec": "0,0", "latitude": 413515, "hourpresmax": null, "province": "BARCELONA", "tmed": "18,0", "tmin": "14,7", "presmax": null, "presmin": null, "hourpresmin": null, "date": "2001-06-17", "name": "ARENYS DE MAR", "gust": "8,3", "tmax": "21,4", "longitude": 23224, "avgspeed": "2,2", "dir": "19"}, {"code": "0252D", "hourtmin": "04:20", "hourgust": "17:40", "hourtmax": "14:00", "sun": null, "altitude": "74", "prec": "0,0", "latitude": 413515, "hourpresmax": null, "province": "BARCELONA", "tmed": "18,2", "tmin": "14,8", "presmax": null, "presmin": null, "hourpresmin": null, "date": "2001-06-18", "name": "ARENYS DE MAR", "gust": "6,4", "tmax": "21,6", "longitude": 23224, "avgspeed": "2,2", "dir": "22"}, {"code": "0252D", "hourtmin": "04:50", "hourgust": "01:30", "hourtmax": "12:40", "sun": null, "altitude": "74", "prec": "0,0", "latitude": 413515, "hourpresmax": null, "province": "BARCELONA", "tmed": "18,4", "tmin": "14,6", "presmax": null, "presmin": null, "hourpresmin": null, "date": "2001-06-19", "name": "ARENYS DE MAR", "gust": "6,7", "tmax": "22,3", "longitude": 23224, "avgspeed": "1,7", "dir": "29"}, {"code": "0252D", "hourtmin": "05:10", "hourgust": "13:00", "hourtmax": "13:10", "sun": null, "altitude": "74", "prec": "0,0", "latitude": 413515, "hourpresmax": null, "province": "BARCELONA", "tmed": "19,3", "tmin": "15,2", "presmax": null, "presmin": null, "hourpresmin": null, "date": "2001-06-20", "name": "ARENYS DE MAR", "gust": "6,1", "tmax": "23,4", "longitude": 23224, "avgspeed": "1,4", "dir": "18"}, {"code": "0252D", "hourtmin": "03:40", "hourgust": "12:50", "hourtmax": "12:00", "sun": null, "altitude": "74", "latitude": 413515, "hourpresmax": null, "province": "BARCELONA", "tmed": "21,8", "tmin": "16,5", "presmax": null, "presmin": null, "hourpresmin": null, "date": "2001-06-21", "name": "ARENYS DE MAR", "gust": "8,6", "tmax": "27,0", "longitude": 23224, "avgspeed": "2,8", "dir": "22"}, {"code": "0252D", "hourtmin": "04:20", "hourgust": null, "hourtmax": "08:00", "sun": null, "altitude": "74", "latitude": 413515, "hourpresmax": null, "province": "BARCELONA", "tmed": "22,4", "tmin": "17,2", "presmax": null, "presmin": null, "hourpresmin": null, "date": "2001-06-22", "name": "ARENYS DE MAR", "gust": null, "tmax": "27,5", "longitude": 23224, "avgspeed": "2,2"}, {"code": "0252D", "hourtmin": "04:50", "hourgust": "14:10", "hourtmax": "13:20", "sun": null, "altitude": "74", "latitude": 413515, "hourpresmax": null, "province": "BARCELONA", "tmed": "23,3", "tmin": "17,2", "presmax": null, "presmin": null, "hourpresmin": null, "date": "2001-06-23", "name": "ARENYS DE MAR", "gust": "5,8", "tmax": "29,4", "longitude": 23224, "avgspeed": "0,6", "dir": "13"}, {"code": "0252D", "hourtmin": "00:30", "hourgust": null, "hourtmax": "Varias", "sun": null, "altitude": "74", "latitude": 413515, "hourpresmax": null, "province": "BARCELONA", "tmed": "23,1", "tmin": "18,5", "presmax": null, "presmin": null, "hourpresmin": null, "date": "2001-06-24", "name": "ARENYS DE MAR", "gust": null, "tmax": "27,7", "longitude": 23224, "avgspeed": "1,1"}, {"province": "BARCELONA", "hourtmax": null, "presmin": null, "code": "0252D", "name": "ARENYS DE MAR", "presmax": null, "gust": null, "altitude": "74", "longitude": 23224, "hourpresmax": null, "date": "2001-06-25", "hourpresmin": null, "hourtmin": null, "avgspeed": "1,1", "latitude": 413515, "sun": null, "hourgust": null}, {"code": "0252D", "hourtmin": "04:15", "hourgust": "14:10", "hourtmax": "13:00", "sun": null, "altitude": "74", "prec": "0,0", "latitude": 413515, "hourpresmax": null, "province": "BARCELONA", "tmed": "22,2", "tmin": "17,8", "presmax": null, "presmin": null, "hourpresmin": null, "date": "2001-06-26", "name": "ARENYS DE MAR", "gust": "6,7", "tmax": "26,5", "longitude": 23224, "avgspeed": "0,6", "dir": "13"}, {"code": "0252D", "hourtmin": "02:05", "hourgust": "22:40", "hourtmax": "Varias", "sun": null, "altitude": "74", "prec": "0,0", "latitude": 413515, "hourpresmax": null, "province": "BARCELONA", "tmed": "21,5", "tmin": "17,8", "presmax": null, "presmin": null, "hourpresmin": null, "date": "2001-06-27", "name": "ARENYS DE MAR", "gust": "7,2", "tmax": "25,2", "longitude": 23224, "avgspeed": "2,2", "dir": "28"}, {"code": "0252D", "hourtmin": "05:30", "hourgust": "Varias", "hourtmax": "09:40", "sun": null, "altitude": "74", "prec": "0,0", "latitude": 413515, "hourpresmax": null, "province": "BARCELONA", "tmed": "21,2", "tmin": "17,8", "presmax": null, "presmin": null, "hourpresmin": null, "date": "2001-06-28", "name": "ARENYS DE MAR", "gust": "5,8", "tmax": "24,6", "longitude": 23224, "avgspeed": "1,4", "dir": "17"}, {"code": "0252D", "hourtmin": "05:00", "hourgust": "13:00", "hourtmax": "12:20", "sun": null, "altitude": "74", "latitude": 413515, "hourpresmax": null, "province": "BARCELONA", "tmed": "20,6", "tmin": "16,1", "presmax": null, "presmin": null, "hourpresmin": null, "date": "2001-06-29", "name": "ARENYS DE MAR", "gust": "7,2", "tmax": "25,2", "longitude": 23224, "avgspeed": "1,9", "dir": "21"}, {"code": "0252D", "hourtmin": "03:20", "hourgust": "13:10", "hourtmax": "15:20", "sun": null, "altitude": "74", "latitude": 413515, "hourpresmax": null, "province": "BARCELONA", "tmed": "23,2", "tmin": "18,3", "presmax": null, "presmin": null, "hourpresmin": null, "date": "2001-06-30", "name": "ARENYS DE MAR", "gust": "4,7", "tmax": "28,0", "longitude": 23224, "avgspeed": "0,6", "dir": "13"}, {"code": "0252D", "hourtmin": "05:00", "hourgust": "13:10", "hourtmax": "12:10", "sun": null, "altitude": "74", "latitude": 413515, "hourpresmax": null, "province": "BARCELONA", "tmed": "22,5", "tmin": "18,2", "presmax": null, "presmin": null, "hourpresmin": null, "date": "2001-10-01", "name": "ARENYS DE MAR", "gust": "7,8", "tmax": "26,8", "longitude": 23224, "avgspeed": "1,7", "dir": "22"}, {"code": "0252D", "hourtmin": "05:25", "hourgust": "15:00", "hourtmax": "11:00", "sun": null, "altitude": "74", "prec": "11,6", "latitude": 413515, "hourpresmax": null, "province": "BARCELONA", "tmed": "20,3", "tmin": "17,0", "presmax": null, "presmin": null, "hourpresmin": null, "date": "2001-10-03", "name": "ARENYS DE MAR", "gust": "6,7", "tmax": "23,6", "longitude": 23224, "avgspeed": "1,4", "dir": "19"}, {"code": "0252D", "hourtmin": "06:00", "hourgust": "04:20", "hourtmax": "11:50", "sun": null, "altitude": "74", "prec": "0,0", "latitude": 413515, "hourpresmax": null, "province": "BARCELONA", "tmed": "17,6", "tmin": "13,5", "presmax": null, "presmin": null, "hourpresmin": null, "date": "2001-10-04", "name": "ARENYS DE MAR", "gust": "5,3", "tmax": "21,7", "longitude": 23224, "avgspeed": "1,4", "dir": "31"}, {"code": "0252D", "hourtmin": "01:05", "hourgust": "15:00", "hourtmax": "12:10", "sun": null, "altitude": "74", "prec": "0,0", "latitude": 413515, "hourpresmax": null, "province": "BARCELONA", "tmed": "19,0", "tmin": "15,5", "presmax": null, "presmin": null, "hourpresmin": null, "date": "2001-10-05", "name": "ARENYS DE MAR", "gust": "7,5", "tmax": "22,5", "longitude": 23224, "avgspeed": "1,4", "dir": "22"}, {"code": "0252D", "hourtmin": "02:15", "hourgust": "23:30", "hourtmax": "13:10", "sun": null, "altitude": "74", "prec": "0,0", "latitude": 413515, "hourpresmax": null, "province": "BARCELONA", "tmed": "19,8", "tmin": "16,8", "presmax": null, "presmin": null, "hourpresmin": null, "date": "2001-10-06", "name": "ARENYS DE MAR", "gust": "5,0", "tmax": "22,8", "longitude": 23224, "avgspeed": "0,6", "dir": "24"}, {"code": "0252D", "hourtmin": "05:55", "hourgust": "14:20", "hourtmax": "13:50", "sun": null, "altitude": "74", "prec": "0,0", "latitude": 413515, "hourpresmax": null, "province": "BARCELONA", "tmed": "20,4", "tmin": "15,9", "presmax": null, "presmin": null, "hourpresmin": null, "date": "2001-10-07", "name": "ARENYS DE MAR", "gust": "10,0", "tmax": "24,8", "longitude": 23224, "avgspeed": "1,1", "dir": "22"}, {"code": "0252D", "hourtmin": "04:30", "hourgust": "12:40", "hourtmax": "14:20", "sun": null, "altitude": "74", "prec": "1,7", "latitude": 413515, "hourpresmax": null, "province": "BARCELONA", "tmed": "19,1", "tmin": "13,4", "presmax": null, "presmin": null, "hourpresmin": null, "date": "2001-10-08", "name": "ARENYS DE MAR", "gust": "10,8", "tmax": "24,8", "longitude": 23224, "avgspeed": "3,6", "dir": "22"}, {"code": "0252D", "hourtmin": "Varias", "hourgust": "06:50", "hourtmax": "13:50", "sun": null, "altitude": "74", "prec": "9,3", "latitude": 413515, "hourpresmax": null, "province": "BARCELONA", "tmed": "17,4", "tmin": "14,1", "presmax": null, "presmin": null, "hourpresmin": null, "date": "2001-10-09", "name": "ARENYS DE MAR", "gust": "5,8", "tmax": "20,6", "longitude": 23224, "avgspeed": "0,6", "dir": "07"}, {"code": "0252D", "hourtmin": "01:40", "hourgust": "10:20", "hourtmax": "10:30", "sun": null, "altitude": "74", "prec": "0,0", "latitude": 413515, "hourpresmax": null, "province": "BARCELONA", "tmed": "17,0", "tmin": "13,9", "presmax": null, "presmin": null, "hourpresmin": null, "date": "2001-10-10", "name": "ARENYS DE MAR", "gust": "9,4", "tmax": "20,2", "longitude": 23224, "avgspeed": "2,2", "dir": "03"}, {"code": "0252D", "hourtmin": "06:00", "hourgust": "10:20", "hourtmax": "09:50", "sun": null, "altitude": "74", "prec": "0,0", "latitude": 413515, "hourpresmax": null, "province": "BARCELONA", "tmed": "18,8", "tmin": "14,2", "presmax": null, "presmin": null, "hourpresmin": null, "date": "2001-10-11", "name": "ARENYS DE MAR", "gust": "5,0", "tmax": "23,5", "longitude": 23224, "avgspeed": "0,6", "dir": "15"}, {"code": "0252D", "hourtmin": "Varias", "hourgust": "Varias", "hourtmax": "13:40", "sun": null, "altitude": "74", "prec": "0,0", "latitude": 413515, "hourpresmax": null, "province": "BARCELONA", "tmed": "19,8", "tmin": "15,0", "presmax": null, "presmin": null, "hourpresmin": null, "date": "2001-10-12", "name": "ARENYS DE MAR", "gust": "4,4", "tmax": "24,6", "longitude": 23224, "avgspeed": "0,3", "dir": "07"}, {"code": "0252D", "hourtmin": "05:50", "hourgust": "00:10", "hourtmax": "14:00", "sun": null, "altitude": "74", "prec": "0,5", "latitude": 413515, "hourpresmax": null, "province": "BARCELONA", "tmed": "19,1", "tmin": "14,8", "presmax": null, "presmin": null, "hourpresmin": null, "date": "2001-10-13", "name": "ARENYS DE MAR", "gust": "4,7", "tmax": "23,4", "longitude": 23224, "avgspeed": "1,1", "dir": "02"}, {"code": "0252D", "hourtmin": "04:05", "hourgust": "23:30", "hourtmax": "09:40", "sun": null, "altitude": "74", "prec": "0,0", "latitude": 413515, "hourpresmax": null, "province": "BARCELONA", "tmed": "17,8", "tmin": "14,4", "presmax": null, "presmin": null, "hourpresmin": null, "date": "2001-10-14", "name": "ARENYS DE MAR", "gust": "5,8", "tmax": "21,2", "longitude": 23224, "avgspeed": "0,8", "dir": "24"}, {"code": "0252D", "hourtmin": "05:15", "hourgust": "00:40", "hourtmax": "10:40", "sun": null, "altitude": "74", "prec": "0,0", "latitude": 413515, "hourpresmax": null, "province": "BARCELONA", "tmed": "17,4", "tmin": "13,6", "presmax": null, "presmin": null, "hourpresmin": null, "date": "2001-10-15", "name": "ARENYS DE MAR", "gust": "5,8", "tmax": "21,3", "longitude": 23224, "avgspeed": "0,3", "dir": "23"}, {"code": "0252D", "hourtmin": "05:20", "hourgust": "13:10", "hourtmax": "10:40", "sun": null, "altitude": "74", "prec": "0,0", "latitude": 413515, "hourpresmax": null, "province": "BARCELONA", "tmed": "18,6", "tmin": "13,8", "presmax": null, "presmin": null, "hourpresmin": null, "date": "2001-10-16", "name": "ARENYS DE MAR", "gust": "4,7", "tmax": "23,3", "longitude": 23224, "avgspeed": "0,6", "dir": "13"}, {"code": "0252D", "hourtmin": "02:20", "hourgust": "12:20", "hourtmax": "10:10", "sun": null, "altitude": "74", "prec": "6,5", "latitude": 413515, "hourpresmax": null, "province": "BARCELONA", "tmed": "17,2", "tmin": "13,3", "presmax": null, "presmin": null, "hourpresmin": null, "date": "2001-10-17", "name": "ARENYS DE MAR", "gust": "3,9", "tmax": "21,1", "longitude": 23224, "avgspeed": "0,8", "dir": "10"}, {"code": "0252D", "hourtmin": "23:15", "hourgust": "05:20", "hourtmax": "13:10", "sun": null, "altitude": "74", "prec": "0,0", "latitude": 413515, "hourpresmax": null, "province": "BARCELONA", "tmed": "17,8", "tmin": "14,6", "presmax": null, "presmin": null, "hourpresmin": null, "date": "2001-10-18", "name": "ARENYS DE MAR", "gust": "10,8", "tmax": "21,1", "longitude": 23224, "avgspeed": "1,7", "dir": "29"}, {"code": "0252D", "hourtmin": "05:15", "hourgust": "12:10", "hourtmax": "Varias", "sun": null, "altitude": "74", "prec": "0,0", "latitude": 413515, "hourpresmax": null, "province": "BARCELONA", "tmed": "17,8", "tmin": "13,7", "presmax": null, "presmin": null, "hourpresmin": null, "date": "2001-10-19", "name": "ARENYS DE MAR", "gust": "4,7", "tmax": "21,9", "longitude": 23224, "avgspeed": "0,8", "dir": "13"}, {"code": "0252D", "hourtmin": "23:20", "hourgust": "12:50", "hourtmax": "12:00", "sun": null, "altitude": "74", "prec": "2,6", "latitude": 413515, "hourpresmax": null, "province": "BARCELONA", "tmed": "17,0", "tmin": "13,2", "presmax": null, "presmin": null, "hourpresmin": null, "date": "2001-10-20", "name": "ARENYS DE MAR", "gust": "13,6", "tmax": "20,8", "longitude": 23224, "avgspeed": "2,8", "dir": "22"}, {"code": "0252D", "hourtmin": "06:10", "hourgust": "11:10", "hourtmax": "14:10", "sun": null, "altitude": "74", "prec": "0,0", "latitude": 413515, "hourpresmax": null, "province": "BARCELONA", "tmed": "18,0", "tmin": "13,8", "presmax": null, "presmin": null, "hourpresmin": null, "date": "2001-10-21", "name": "ARENYS DE MAR", "gust": "11,1", "tmax": "22,1", "longitude": 23224, "avgspeed": "3,1", "dir": "23"}, {"code": "0252D", "hourtmin": "06:10", "hourgust": "15:40", "hourtmax": "11:10", "sun": null, "altitude": "74", "prec": "0,0", "latitude": 413515, "hourpresmax": null, "province": "BARCELONA", "tmed": "17,3", "tmin": "13,6", "presmax": null, "presmin": null, "hourpresmin": null, "date": "2001-10-22", "name": "ARENYS DE MAR", "gust": "10,3", "tmax": "21,0", "longitude": 23224, "avgspeed": "1,1", "dir": "22"}, {"code": "0252D", "hourtmin": "23:30", "hourgust": "00:30", "hourtmax": "09:10", "sun": null, "altitude": "74", "prec": "0,0", "latitude": 413515, "hourpresmax": null, "province": "BARCELONA", "tmed": "17,0", "tmin": "12,7", "presmax": null, "presmin": null, "hourpresmin": null, "date": "2001-10-23", "name": "ARENYS DE MAR", "gust": "5,8", "tmax": "21,2", "longitude": 23224, "avgspeed": "1,1", "dir": "22"}, {"code": "0252D", "hourtmin": "00:30", "hourgust": "12:00", "hourtmax": "10:30", "sun": null, "altitude": "74", "prec": "0,0", "latitude": 413515, "hourpresmax": null, "province": "BARCELONA", "tmed": "16,2", "tmin": "12,2", "presmax": null, "presmin": null, "hourpresmin": null, "date": "2001-10-24", "name": "ARENYS DE MAR", "gust": "7,2", "tmax": "20,3", "longitude": 23224, "avgspeed": "1,9", "dir": "22"}, {"code": "0252D", "hourtmin": "00:20", "hourgust": "14:40", "hourtmax": "12:50", "sun": null, "altitude": "74", "prec": "0,0", "latitude": 413515, "hourpresmax": null, "province": "BARCELONA", "tmed": "16,2", "tmin": "12,5", "presmax": null, "presmin": null, "hourpresmin": null, "date": "2001-10-25", "name": "ARENYS DE MAR", "gust": "7,8", "tmax": "19,9", "longitude": 23224, "avgspeed": "0,8", "dir": "21"}, {"code": "0252D", "hourtmin": "05:10", "hourgust": "00:20", "hourtmax": "10:10", "sun": null, "altitude": "74", "prec": "0,0", "latitude": 413515, "hourpresmax": null, "province": "BARCELONA", "tmed": "15,3", "tmin": "11,2", "presmax": null, "presmin": null, "hourpresmin": null, "date": "2001-10-26", "name": "ARENYS DE MAR", "gust": "5,3", "tmax": "19,4", "longitude": 23224, "avgspeed": "0,8", "dir": "30"}, {"code": "0252D", "hourtmin": "Varias", "hourgust": "12:30", "hourtmax": "12:35", "sun": null, "altitude": "74", "prec": "0,0", "latitude": 413515, "hourpresmax": null, "province": "BARCELONA", "tmed": "16,8", "tmin": "13,1", "presmax": null, "presmin": null, "hourpresmin": null, "date": "2001-10-27", "name": "ARENYS DE MAR", "gust": "5,8", "tmax": "20,5", "longitude": 23224, "avgspeed": "0,8", "dir": "22"}, {"code": "0252D", "hourtmin": "23:10", "hourgust": "13:10", "hourtmax": "11:35", "sun": null, "altitude": "74", "prec": "0,0", "latitude": 413515, "hourpresmax": null, "province": "BARCELONA", "tmed": "18,0", "tmin": "15,1", "presmax": null, "presmin": null, "hourpresmin": null, "date": "2001-10-28", "name": "ARENYS DE MAR", "gust": "6,4", "tmax": "20,9", "longitude": 23224, "avgspeed": "1,1", "dir": "22"}, {"code": "0252D", "hourtmin": "Varias", "hourgust": "15:00", "hourtmax": "14:05", "sun": null, "altitude": "74", "prec": "0,0", "latitude": 413515, "hourpresmax": null, "province": "BARCELONA", "tmed": "16,7", "tmin": "13,7", "presmax": null, "presmin": null, "hourpresmin": null, "date": "2001-10-29", "name": "ARENYS DE MAR", "gust": "5,0", "tmax": "19,7", "longitude": 23224, "avgspeed": "0,6", "dir": "24"}, {"code": "0252D", "hourtmin": "06:00", "hourgust": "15:10", "hourtmax": "09:20", "sun": null, "altitude": "74", "latitude": 413515, "hourpresmax": null, "province": "BARCELONA", "tmed": "17,2", "tmin": "12,3", "presmax": null, "presmin": null, "hourpresmin": null, "date": "2001-10-30", "name": "ARENYS DE MAR", "gust": "5,0", "tmax": "22,1", "longitude": 23224, "avgspeed": "0,3", "dir": "22"}, {"code": "0252D", "hourtmin": "23:30", "hourgust": "20:30", "hourtmax": "10:30", "sun": null, "altitude": "74", "latitude": 413515, "hourpresmax": null, "province": "BARCELONA", "tmed": "17,8", "tmin": "15,2", "presmax": null, "presmin": null, "hourpresmin": null, "date": "2001-10-31", "name": "ARENYS DE MAR", "gust": "3,1", "tmax": "20,5", "longitude": 23224, "avgspeed": "0,3", "dir": "22"}, {"code": "0252D", "hourtmin": "21:10", "hourgust": "12:10", "hourtmax": "11:00", "sun": null, "altitude": "74", "prec": "0,4", "latitude": 413515, "hourpresmax": null, "province": "BARCELONA", "tmed": "14,6", "tmin": "10,4", "presmax": null, "presmin": null, "hourpresmin": null, "date": "2001-11-01", "name": "ARENYS DE MAR", "gust": "6,1", "tmax": "18,7", "longitude": 23224, "avgspeed": "0,6", "dir": "23"}, {"code": "0252D", "hourtmin": "00:05", "hourgust": "08:40", "hourtmax": "12:35", "sun": null, "altitude": "74", "prec": "0,0", "latitude": 413515, "hourpresmax": null, "province": "BARCELONA", "tmed": "15,2", "tmin": "11,7", "presmax": null, "presmin": null, "hourpresmin": null, "date": "2001-11-02", "name": "ARENYS DE MAR", "gust": "15,0", "tmax": "18,8", "longitude": 23224, "avgspeed": "2,8", "dir": "14"}, {"code": "0252D", "hourtmin": "23:40", "hourgust": "00:00", "hourtmax": "12:10", "sun": null, "altitude": "74", "prec": "0,0", "latitude": 413515, "hourpresmax": null, "province": "BARCELONA", "tmed": "14,2", "tmin": "10,2", "presmax": null, "presmin": null, "hourpresmin": null, "date": "2001-11-03", "name": "ARENYS DE MAR", "gust": "6,1", "tmax": "18,3", "longitude": 23224, "avgspeed": "1,4", "dir": "02"}, {"code": "0252D", "hourtmin": "06:30", "hourgust": "14:30", "hourtmax": "13:00", "sun": null, "altitude": "74", "prec": "0,0", "latitude": 413515, "hourpresmax": null, "province": "BARCELONA", "tmed": "12,6", "tmin": "8,1", "presmax": null, "presmin": null, "hourpresmin": null, "date": "2001-11-04", "name": "ARENYS DE MAR", "gust": "8,3", "tmax": "17,2", "longitude": 23224, "avgspeed": "1,4", "dir": "22"}, {"code": "0252D", "hourtmin": "Varias", "hourgust": "21:00", "hourtmax": "10:35", "sun": null, "altitude": "74", "prec": "12,6", "latitude": 413515, "hourpresmax": null, "province": "BARCELONA", "tmed": "14,2", "tmin": "11,4", "presmax": null, "presmin": null, "hourpresmin": null, "date": "2001-11-05", "name": "ARENYS DE MAR", "gust": "3,6", "tmax": "17,0", "longitude": 23224, "avgspeed": "0,3", "dir": "18"}, {"code": "0252D", "hourtmin": "23:50", "hourgust": "12:30", "hourtmax": "13:10", "sun": null, "altitude": "74", "prec": "0,1", "latitude": 413515, "hourpresmax": null, "province": "BARCELONA", "tmed": "13,4", "tmin": "9,5", "presmax": null, "presmin": null, "hourpresmin": null, "date": "2001-11-06", "name": "ARENYS DE MAR", "gust": "6,4", "tmax": "17,3", "longitude": 23224, "avgspeed": "1,7", "dir": "22"}, {"code": "0252D", "hourtmin": "05:55", "hourgust": "11:50", "hourtmax": "13:40", "sun": null, "altitude": "74", "prec": "0,0", "latitude": 413515, "hourpresmax": null, "province": "BARCELONA", "tmed": "12,8", "tmin": "8,3", "presmax": null, "presmin": null, "hourpresmin": null, "date": "2001-11-07", "name": "ARENYS DE MAR", "gust": "6,4", "tmax": "17,4", "longitude": 23224, "avgspeed": "1,7", "dir": "22"}, {"code": "0252D", "hourtmin": "03:55", "hourgust": "14:30", "hourtmax": "10:20", "sun": null, "altitude": "74", "prec": "0,0", "latitude": 413515, "hourpresmax": null, "province": "BARCELONA", "tmed": "12,4", "tmin": "8,2", "presmax": null, "presmin": null, "hourpresmin": null, "date": "2001-11-08", "name": "ARENYS DE MAR", "gust": "7,5", "tmax": "16,6", "longitude": 23224, "avgspeed": "1,7", "dir": "30"}, {"code": "0252D", "hourtmin": "23:30", "hourgust": "18:30", "hourtmax": "13:00", "sun": null, "altitude": "74", "prec": "0,0", "latitude": 413515, "hourpresmax": null, "province": "BARCELONA", "tmed": "8,9", "tmin": "5,8", "presmax": null, "presmin": null, "hourpresmin": null, "date": "2001-11-09", "name": "ARENYS DE MAR", "gust": "11,9", "tmax": "12,0", "longitude": 23224, "avgspeed": "2,2", "dir": "01"}, {"code": "0252D", "hourtmin": "02:10", "hourgust": "23:40", "hourtmax": "22:40", "sun": null, "altitude": "74", "prec": "0,0", "latitude": 413515, "hourpresmax": null, "province": "BARCELONA", "tmed": "7,8", "tmin": "3,6", "presmax": null, "presmin": null, "hourpresmin": null, "date": "2001-11-10", "name": "ARENYS DE MAR", "gust": "22,2", "tmax": "12,0", "longitude": 23224, "avgspeed": "4,4", "dir": "14"}, {"code": "0252D", "hourtmin": "09:45", "hourgust": "04:30", "hourtmax": "08:05", "sun": null, "altitude": "74", "prec": "13,4", "latitude": 413515, "hourpresmax": null, "province": "BARCELONA", "tmed": "12,6", "tmin": "10,2", "presmax": null, "presmin": null, "hourpresmin": null, "date": "2001-11-11", "name": "ARENYS DE MAR", "gust": "29,2", "tmax": "15,0", "longitude": 23224, "avgspeed": "4,4", "dir": "35"}, {"code": "0252D", "hourtmin": "04:30", "hourgust": "04:20", "hourtmax": "13:40", "sun": null, "altitude": "74", "prec": "0,1", "latitude": 413515, "hourpresmax": null, "province": "BARCELONA", "tmed": "11,8", "tmin": "8,4", "presmax": null, "presmin": null, "hourpresmin": null, "date": "2001-11-12", "name": "ARENYS DE MAR", "gust": "4,4", "tmax": "15,2", "longitude": 23224, "avgspeed": "0,8", "dir": "01"}, {"code": "0252D", "hourtmin": "00:55", "hourgust": "01:50", "hourtmax": "12:50", "sun": null, "altitude": "74", "prec": "0,0", "latitude": 413515, "hourpresmax": null, "province": "BARCELONA", "tmed": "12,8", "tmin": "8,4", "presmax": null, "presmin": null, "hourpresmin": null, "date": "2001-11-13", "name": "ARENYS DE MAR", "gust": "4,4", "tmax": "17,3", "longitude": 23224, "avgspeed": "1,1", "dir": "02"}, {"code": "0252D", "hourtmin": "23:50", "hourgust": "22:40", "hourtmax": "12:50", "sun": null, "altitude": "74", "prec": "0,4", "latitude": 413515, "hourpresmax": null, "province": "BARCELONA", "tmed": "9,6", "tmin": "7,4", "presmax": null, "presmin": null, "hourpresmin": null, "date": "2001-11-14", "name": "ARENYS DE MAR", "gust": "10,0", "tmax": "11,9", "longitude": 23224, "avgspeed": "1,1", "dir": "04"}, {"code": "0252D", "hourtmin": "14:20", "hourgust": "08:00", "hourtmax": "03:10", "sun": null, "altitude": "74", "prec": "28,6", "latitude": 413515, "hourpresmax": null, "province": "BARCELONA", "tmed": "7,2", "tmin": "4,7", "presmax": null, "presmin": null, "hourpresmin": null, "date": "2001-11-15", "name": "ARENYS DE MAR", "gust": "28,3", "tmax": "9,8", "longitude": 23224, "avgspeed": "5,6", "dir": "01"}, {"code": "0252D", "hourtmin": "00:40", "hourgust": "00:20", "hourtmax": "12:50", "sun": null, "altitude": "74", "prec": "3,3", "latitude": 413515, "hourpresmax": null, "province": "BARCELONA", "tmed": "10,4", "tmin": "7,3", "presmax": null, "presmin": null, "hourpresmin": null, "date": "2001-11-16", "name": "ARENYS DE MAR", "gust": "14,2", "tmax": "13,5", "longitude": 23224, "avgspeed": "1,7", "dir": "01"}, {"code": "0252D", "hourtmin": "17:10", "hourgust": "17:30", "hourtmax": "09:40", "sun": null, "altitude": "74", "prec": "0,0", "latitude": 413515, "hourpresmax": null, "province": "BARCELONA", "tmed": "13,6", "tmin": "11,7", "presmax": null, "presmin": null, "hourpresmin": null, "date": "2001-11-17", "name": "ARENYS DE MAR", "gust": "9,2", "tmax": "15,4", "longitude": 23224, "avgspeed": "1,7", "dir": "35"}, {"code": "0252D", "hourtmin": "21:35", "hourgust": "23:40", "hourtmax": "12:20", "sun": null, "altitude": "74", "prec": "0,0", "latitude": 413515, "hourpresmax": null, "province": "BARCELONA", "tmed": "12,0", "tmin": "8,9", "presmax": null, "presmin": null, "hourpresmin": null, "date": "2001-11-18", "name": "ARENYS DE MAR", "gust": "7,2", "tmax": "15,0", "longitude": 23224, "avgspeed": "1,1", "dir": "31"}, {"code": "0252D", "hourtmin": "22:25", "hourgust": "16:50", "hourtmax": "12:50", "sun": null, "altitude": "74", "prec": "0,5", "latitude": 413515, "hourpresmax": null, "province": "BARCELONA", "tmed": "10,2", "tmin": "6,4", "presmax": null, "presmin": null, "hourpresmin": null, "date": "2001-11-19", "name": "ARENYS DE MAR", "gust": "5,3", "tmax": "14,0", "longitude": 23224, "avgspeed": "0,8", "dir": "27"}, {"code": "0252D", "hourtmin": "02:40", "hourgust": "13:00", "hourtmax": "10:50", "sun": null, "altitude": "74", "latitude": 413515, "hourpresmax": null, "province": "BARCELONA", "tmed": "9,8", "tmin": "5,8", "presmax": null, "presmin": null, "hourpresmin": null, "date": "2001-11-20", "name": "ARENYS DE MAR", "gust": "5,3", "tmax": "13,8", "longitude": 23224, "avgspeed": "1,4", "dir": "20"}, {"code": "0252D", "hourtmin": "Varias", "hourgust": "04:30", "hourtmax": "04:00", "sun": null, "altitude": "74", "prec": "0,0", "latitude": 413515, "hourpresmax": null, "province": "BARCELONA", "tmed": "9,2", "tmin": "4,9", "presmax": null, "presmin": null, "hourpresmin": null, "date": "2001-11-23", "name": "ARENYS DE MAR", "gust": "6,1", "tmax": "13,4", "longitude": 23224, "avgspeed": "1,1", "dir": "04"}, {"code": "0252D", "hourtmin": "20:50", "hourgust": "02:10", "hourtmax": "04:05", "sun": null, "altitude": "74", "prec": "0,0", "latitude": 413515, "hourpresmax": null, "province": "BARCELONA", "tmed": "9,3", "tmin": "4,9", "presmax": null, "presmin": null, "hourpresmin": null, "date": "2001-11-24", "name": "ARENYS DE MAR", "gust": "6,7", "tmax": "13,7", "longitude": 23224, "avgspeed": "1,1", "dir": "22"}, {"code": "0252D", "hourtmin": "07:00", "hourgust": "02:10", "hourtmax": "11:10", "sun": null, "altitude": "74", "prec": "0,0", "latitude": 413515, "hourpresmax": null, "province": "BARCELONA", "tmed": "9,8", "tmin": "5,4", "presmax": null, "presmin": null, "hourpresmin": null, "date": "2001-11-25", "name": "ARENYS DE MAR", "gust": "6,7", "tmax": "14,3", "longitude": 23224, "avgspeed": "1,4", "dir": "22"}, {"code": "0252D", "hourtmin": "04:00", "hourgust": "12:20", "hourtmax": "Varias", "sun": null, "altitude": "74", "prec": "0,0", "latitude": 413515, "hourpresmax": null, "province": "BARCELONA", "tmed": "9,2", "tmin": "5,1", "presmax": null, "presmin": null, "hourpresmin": null, "date": "2001-11-26", "name": "ARENYS DE MAR", "gust": "4,4", "tmax": "13,2", "longitude": 23224, "avgspeed": "1,4", "dir": "22"}, {"code": "0252D", "hourtmin": "23:10", "hourgust": "07:50", "hourtmax": "11:40", "sun": null, "altitude": "74", "prec": "0,0", "latitude": 413515, "hourpresmax": null, "province": "BARCELONA", "tmed": "9,4", "tmin": "6,2", "presmax": null, "presmin": null, "hourpresmin": null, "date": "2001-11-27", "name": "ARENYS DE MAR", "gust": "9,2", "tmax": "12,7", "longitude": 23224, "avgspeed": "1,4", "dir": "09"}, {"code": "0252D", "hourtmin": "06:10", "hourgust": "07:40", "hourtmax": "14:10", "sun": null, "altitude": "74", "latitude": 413515, "hourpresmax": null, "province": "BARCELONA", "tmed": "8,8", "tmin": "3,9", "presmax": null, "presmin": null, "hourpresmin": null, "date": "2001-11-28", "name": "ARENYS DE MAR", "gust": "7,8", "tmax": "13,6", "longitude": 23224, "avgspeed": "0,8", "dir": "29"}, {"province": "BARCELONA", "hourtmax": null, "presmin": null, "code": "0252D", "name": "ARENYS DE MAR", "presmax": null, "gust": null, "altitude": "74", "longitude": 23224, "hourpresmax": null, "date": "2001-11-29", "hourpresmin": null, "hourtmin": null, "avgspeed": "1,1", "latitude": 413515, "sun": null, "hourgust": null}, {"code": "0252D", "hourtmin": null, "hourgust": null, "hourtmax": null, "sun": null, "altitude": "74", "prec": "0,0", "latitude": 413515, "hourpresmax": null, "province": "BARCELONA", "presmax": null, "presmin": null, "hourpresmin": null, "date": "2001-12-06", "name": "ARENYS DE MAR", "gust": null, "longitude": 23224, "avgspeed": "1,1"}, {"code": "0252D", "hourtmin": "20:10", "hourgust": "22:40", "hourtmax": "11:00", "sun": null, "altitude": "74", "prec": "0,0", "latitude": 413515, "hourpresmax": "00", "province": "BARCELONA", "tmed": "8,2", "tmin": "3,8", "avgspeed": "1,1", "presmax": "1024,2", "presmin": "1016,2", "hourpresmin": "24", "date": "2001-12-11", "name": "ARENYS DE MAR", "gust": "5,0", "tmax": "12,7", "longitude": 23224, "dir": "07"}, {"code": "0252D", "hourtmin": "Varias", "hourgust": "21:40", "hourtmax": "12:20", "sun": null, "altitude": "74", "latitude": 413515, "hourpresmax": "00", "province": "BARCELONA", "tmed": "6,8", "tmin": "2,5", "avgspeed": "1,4", "presmax": "1016,2", "presmin": "1010,8", "hourpresmin": "24", "date": "2001-12-12", "name": "ARENYS DE MAR", "gust": "4,7", "tmax": "11,1", "longitude": 23224, "dir": "27"}, {"code": "0252D", "hourtmin": "Varias", "hourgust": "14:40", "hourtmax": "12:40", "sun": null, "altitude": "74", "prec": "0,0", "latitude": 413515, "hourpresmax": null, "province": "BARCELONA", "tmed": "3,0", "tmin": "-2,3", "presmax": null, "presmin": null, "hourpresmin": null, "date": "2001-12-25", "name": "ARENYS DE MAR", "gust": "7,5", "tmax": "8,2", "longitude": 23224, "avgspeed": "1,7", "dir": "23"}, {"code": "0252D", "hourtmin": "04:45", "hourgust": "07:00", "hourtmax": "Varias", "sun": null, "altitude": "74", "prec": "0,0", "latitude": 413515, "hourpresmax": "24", "province": "BARCELONA", "tmed": "3,7", "tmin": "-2,0", "avgspeed": "1,1", "presmax": "1010,4", "presmin": "1003,3", "hourpresmin": "Varias", "date": "2001-12-26", "name": "ARENYS DE MAR", "gust": "5,3", "tmax": "9,4", "longitude": 23224, "dir": "36"}, {"code": "0252D", "hourtmin": "20:50", "hourgust": "17:20", "hourtmax": "11:00", "sun": null, "altitude": "74", "prec": "0,0", "latitude": 413515, "hourpresmax": "24", "province": "BARCELONA", "tmed": "5,6", "tmin": "1,0", "avgspeed": "1,4", "presmax": "1016,6", "presmin": "1010,2", "hourpresmin": "00", "date": "2001-12-27", "name": "ARENYS DE MAR", "gust": "5,8", "tmax": "10,2", "longitude": 23224, "dir": "30"}]