[{"code": "0252D", "hourtmin": "07:25", "hourgust": "Varias", "hourtmax": "13:00", "sun": null, "altitude": "74", "prec": "0,0", "latitude": 413515, "hourpresmax": null, "province": "BARCELONA", "tmed": "10,2", "tmin": "7,3", "presmax": null, "presmin": null, "hourpresmin": null, "date": "2008-01-05", "name": "ARENYS DE MAR", "gust": "9,7", "tmax": "13,0", "longitude": 23224, "avgspeed": "0,6", "dir": "99"}, {"code": "0252D", "hourtmin": "Varias", "hourgust": "00:30", "hourtmax": "11:20", "sun": null, "altitude": "74", "prec": "0,0", "latitude": 413515, "hourpresmax": null, "province": "BARCELONA", "tmed": "11,8", "tmin": "7,7", "presmax": null, "presmin": null, "hourpresmin": null, "date": "2008-01-06", "name": "ARENYS DE MAR", "gust": "8,3", "tmax": "15,9", "longitude": 23224, "avgspeed": "0,8", "dir": "20"}, {"code": "0252D", "hourtmin": "Varias", "hourgust": "13:50", "hourtmax": "12:20", "sun": null, "altitude": "74", "prec": "0,0", "latitude": 413515, "hourpresmax": null, "province": "BARCELONA", "tmed": "12,0", "tmin": "7,3", "presmax": null, "presmin": null, "hourpresmin": null, "date": "2008-01-07", "name": "ARENYS DE MAR", "gust": "4,7", "tmax": "16,8", "longitude": 23224, "avgspeed": "1,1", "dir": "19"}, {"code": "0252D", "hourtmin": "Varias", "hourgust": "11:50", "hourtmax": "11:25", "sun": null, "altitude": "74", "prec": "0,0", "latitude": 413515, "hourpresmax": null, "province": "BARCELONA", "tmed": "9,8", "tmin": "7,5", "presmax": null, "presmin": null, "hourpresmin": null, "date": "2008-01-08", "name": "ARENYS DE MAR", "gust": "5,0", "tmax": "12,2", "longitude": 23224, "avgspeed": "0,8", "dir": "22"}, {"code": "0252D", "hourtmin": "06:50", "hourgust": "13:10", "hourtmax": "12:20", "sun": null, "altitude": "74", "prec": "0,0", "latitude": 413515, "hourpresmax": null, "province": "BARCELONA", "tmed": "10,4", "tmin": "7,5", "presmax": null, "presmin": null, "hourpresmin": null, "date": "2008-01-09", "name": "ARENYS DE MAR", "gust": "3,3", "tmax": "13,4", "longitude": 23224, "avgspeed": "0,6", "dir": "13"}, {"code": "0252D", "hourtmin": "22:40", "hourgust": "Varias", "hourtmax": "13:30", "sun": null, "altitude": "74", "prec": "0,0", "latitude": 413515, "hourpresmax": null, "province": "BARCELONA", "tmed": "10,4", "tmin": "8,0", "presmax": null, "presmin": null, "hourpresmin": null, "date": "2008-01-10", "name": "ARENYS DE MAR", "gust": "4,7", "tmax": "12,7", "longitude": 23224, "avgspeed": "1,1", "dir": "22"}, {"code": "0252D", "hourtmin": "23:30", "hourgust": "20:40", "hourtmax": "11:20", "sun": null, "altitude": "74", "prec": "1,2", "latitude": 413515, "hourpresmax": null, "province": "BARCELONA", "tmed": "10,2", "tmin": "6,8", "presmax": null, "presmin": null, "hourpresmin": null, "date": "2008-01-11", "name": "ARENYS DE MAR", "gust": "15,0", "tmax": "13,7", "longitude": 23224, "avgspeed": "3,1", "dir": "33"}, {"code": "0252D", "hourtmin": "07:20", "hourgust": "09:20", "hourtmax": "14:00", "sun": null, "altitude": "74", "prec": "0,0", "latitude": 413515, "hourpresmax": null, "province": "BARCELONA", "tmed": "7,8", "tmin": "3,2", "presmax": null, "presmin": null, "hourpresmin": null, "date": "2008-01-12", "name": "ARENYS DE MAR", "gust": "8,6", "tmax": "12,5", "longitude": 23224, "avgspeed": "0,6", "dir": "33"}, {"code": "0252D", "hourtmin": "Varias", "hourgust": "13:20", "hourtmax": "13:10", "sun": null, "altitude": "74", "prec": "0,0", "latitude": 413515, "hourpresmax": null, "province": "BARCELONA", "tmed": "8,1", "tmin": "3,8", "presmax": null, "presmin": null, "hourpresmin": null, "date": "2008-01-13", "name": "ARENYS DE MAR", "gust": "6,4", "tmax": "12,4", "longitude": 23224, "avgspeed": "1,7", "dir": "20"}, {"code": "0252D", "hourtmin": "20:30", "hourgust": "15:00", "hourtmax": "Varias", "sun": null, "altitude": "74", "prec": "0,0", "latitude": 413515, "hourpresmax": null, "province": "BARCELONA", "tmed": "8,7", "tmin": "5,3", "presmax": null, "presmin": null, "hourpresmin": null, "date": "2008-01-14", "name": "ARENYS DE MAR", "gust": "6,7", "tmax": "12,1", "longitude": 23224, "avgspeed": "1,4", "dir": "22"}, {"code": "0252D", "hourtmin": "Varias", "hourgust": "23:40", "hourtmax": "12:30", "sun": null, "altitude": "74", "prec": "0,0", "latitude": 413515, "hourpresmax": null, "province": "BARCELONA", "tmed": "8,8", "tmin": "4,5", "presmax": null, "presmin": null, "hourpresmin": null, "date": "2008-01-15", "name": "ARENYS DE MAR", "gust": "11,1", "tmax": "13,1", "longitude": 23224, "avgspeed": "3,3", "dir": "27"}, {"code": "0252D", "hourtmin": "18:30", "hourgust": "13:00", "hourtmax": "12:10", "sun": null, "altitude": "74", "prec": "0,0", "latitude": 413515, "hourpresmax": null, "province": "BARCELONA", "tmed": "11,0", "tmin": "7,4", "presmax": null, "presmin": null, "hourpresmin": null, "date": "2008-01-16", "name": "ARENYS DE MAR", "gust": "15,3", "tmax": "14,5", "longitude": 23224, "avgspeed": "2,2", "dir": "28"}, {"code": "0252D", "hourtmin": "Varias", "hourgust": "08:05", "hourtmax": "Varias", "sun": null, "altitude": "74", "prec": "0,0", "latitude": 413515, "hourpresmax": null, "province": "BARCELONA", "tmed": "9,0", "tmin": "4,3", "presmax": null, "presmin": null, "hourpresmin": null, "date": "2008-01-17", "name": "ARENYS DE MAR", "gust": "5,8", "tmax": "13,8", "longitude": 23224, "avgspeed": "0,8", "dir": "99"}, {"code": "0252D", "hourtmin": "Varias", "hourgust": "14:20", "hourtmax": "13:30", "sun": null, "altitude": "74", "prec": "0,0", "latitude": 413515, "hourpresmax": null, "province": "BARCELONA", "tmed": "11,9", "tmin": "6,0", "presmax": null, "presmin": null, "hourpresmin": null, "date": "2008-01-18", "name": "ARENYS DE MAR", "gust": "6,4", "tmax": "17,8", "longitude": 23224, "avgspeed": "0,8", "dir": "22"}, {"code": "0252D", "hourtmin": "05:40", "hourgust": "13:30", "hourtmax": "13:40", "sun": null, "altitude": "74", "prec": "0,0", "latitude": 413515, "hourpresmax": null, "province": "BARCELONA", "tmed": "11,0", "tmin": "7,4", "presmax": null, "presmin": null, "hourpresmin": null, "date": "2008-01-19", "name": "ARENYS DE MAR", "gust": "5,3", "tmax": "14,7", "longitude": 23224, "avgspeed": "1,1", "dir": "18"}, {"code": "0252D", "hourtmin": "Varias", "hourgust": "23:30", "hourtmax": "11:00", "sun": null, "altitude": "74", "prec": "0,0", "latitude": 413515, "hourpresmax": null, "province": "BARCELONA", "tmed": "9,2", "tmin": "5,5", "presmax": null, "presmin": null, "hourpresmin": null, "date": "2008-01-20", "name": "ARENYS DE MAR", "gust": "3,3", "tmax": "13,0", "longitude": 23224, "avgspeed": "1,1", "dir": "36"}, {"code": "0252D", "hourtmin": "07:40", "hourgust": "11:20", "hourtmax": "13:20", "sun": null, "altitude": "74", "prec": "0,0", "latitude": 413515, "hourpresmax": null, "province": "BARCELONA", "tmed": "8,0", "tmin": "4,6", "presmax": null, "presmin": null, "hourpresmin": null, "date": "2008-01-21", "name": "ARENYS DE MAR", "gust": "6,4", "tmax": "11,4", "longitude": 23224, "avgspeed": "1,4", "dir": "20"}, {"code": "0252D", "hourtmin": "03:20", "hourgust": "Varias", "hourtmax": "13:50", "sun": null, "altitude": "74", "prec": "0,0", "latitude": 413515, "hourpresmax": null, "province": "BARCELONA", "tmed": "9,0", "tmin": "3,7", "presmax": null, "presmin": null, "hourpresmin": null, "date": "2008-01-22", "name": "ARENYS DE MAR", "gust": "4,4", "tmax": "14,2", "longitude": 23224, "avgspeed": "0,3", "dir": "99"}, {"code": "0252D", "hourtmin": "Varias", "hourgust": "Varias", "hourtmax": "13:20", "sun": null, "altitude": "74", "prec": "0,0", "latitude": 413515, "hourpresmax": null, "province": "BARCELONA", "tmed": "10,0", "tmin": "5,5", "presmax": null, "presmin": null, "hourpresmin": null, "date": "2008-01-23", "name": "ARENYS DE MAR", "gust": "3,9", "tmax": "14,5", "longitude": 23224, "avgspeed": "1,1", "dir": "99"}, {"code": "0252D", "hourtmin": "Varias", "hourgust": "14:30", "hourtmax": "12:40", "sun": null, "altitude": "74", "prec": "0,0", "latitude": 413515, "hourpresmax": null, "province": "BARCELONA", "tmed": "8,4", "tmin": "4,3", "presmax": null, "presmin": null, "hourpresmin": null, "date": "2008-01-24", "name": "ARENYS DE MAR", "gust": "5,3", "tmax": "12,6", "longitude": 23224, "avgspeed": "1,4", "dir": "22"}, {"code": "0252D", "hourtmin": "05:15", "hourgust": "Varias", "hourtmax": "12:10", "sun": null, "altitude": "74", "prec": "0,0", "latitude": 413515, "hourpresmax": null, "province": "BARCELONA", "tmed": "10,0", "tmin": "4,6", "presmax": null, "presmin": null, "hourpresmin": null, "date": "2008-01-25", "name": "ARENYS DE MAR", "gust": "4,2", "tmax": "15,4", "longitude": 23224, "avgspeed": "0,6", "dir": "22"}, {"code": "0252D", "hourtmin": "Varias", "hourgust": "12:20", "hourtmax": "11:50", "sun": null, "altitude": "74", "prec": "0,0", "latitude": 413515, "hourpresmax": null, "province": "BARCELONA", "tmed": "9,0", "tmin": "4,2", "presmax": null, "presmin": null, "hourpresmin": null, "date": "2008-01-26", "name": "ARENYS DE MAR", "gust": "4,4", "tmax": "13,9", "longitude": 23224, "avgspeed": "0,8", "dir": "22"}, {"code": "0252D", "hourtmin": "03:45", "hourgust": "Varias", "hourtmax": "14:05", "sun": null, "altitude": "74", "prec": "0,0", "latitude": 413515, "hourpresmax": null, "province": "BARCELONA", "tmed": "9,2", "tmin": "3,8", "presmax": null, "presmin": null, "hourpresmin": null, "date": "2008-01-27", "name": "ARENYS DE MAR", "gust": "4,4", "tmax": "14,6", "longitude": 23224, "avgspeed": "1,4", "dir": "99"}, {"province": "BARCELONA", "hourtmax": null, "presmin": null, "code": "0252D", "name": "ARENYS DE MAR", "presmax": null, "gust": null, "altitude": "74", "longitude": 23224, "hourpresmax": null, "date": "2008-01-28", "hourpresmin": null, "hourtmin": null, "avgspeed": "0,8", "latitude": 413515, "sun": null, "hourgust": null}, {"code": "0252D", "hourtmin": "Varias", "hourgust": "12:20", "hourtmax": "10:50", "sun": null, "altitude": "74", "prec": "0,0", "latitude": 413515, "hourpresmax": null, "province": "BARCELONA", "tmed": "9,2", "tmin": "5,0", "presmax": null, "presmin": null, "hourpresmin": null, "date": "2008-01-29", "name": "ARENYS DE MAR", "gust": "5,3", "tmax": "13,5", "longitude": 23224, "avgspeed": "1,4", "dir": "16"}, {"code": "0252D", "hourtmin": "02:00", "hourgust": "11:50", "hourtmax": "11:30", "sun": null, "altitude": "74", "prec": "0,0", "latitude": 413515, "hourpresmax": null, "province": "BARCELONA", "tmed": "8,9", "tmin": "5,2", "presmax": null, "presmin": null, "hourpresmin": null, "date": "2008-01-30", "name": "ARENYS DE MAR", "gust": "6,1", "tmax": "12,6", "longitude": 23224, "avgspeed": "1,1", "dir": "18"}, {"code": "0252D", "hourtmin": "23:59", "hourgust": "13:00", "hourtmax": "11:30", "sun": null, "altitude": "74", "prec": "0,0", "latitude": 413515, "hourpresmax": null, "province": "BARCELONA", "tmed": "7,8", "tmin": "3,6", "presmax": null, "presmin": null, "hourpresmin": null, "date": "2008-01-31", "name": "ARENYS DE MAR", "gust": "4,4", "tmax": "11,9", "longitude": 23224, "avgspeed": "0,8", "dir": "13"}, {"code": "0252D", "hourtmin": "01:20", "hourgust": "16:10", "hourtmax": "13:10", "sun": null, "altitude": "74", "prec": "0,0", "latitude": 413515, "hourpresmax": null, "province": "BARCELONA", "tmed": "7,5", "tmin": "2,9", "presmax": null, "presmin": null, "hourpresmin": null, "date": "2008-02-01", "name": "ARENYS DE MAR", "gust": "7,5", "tmax": "12,1", "longitude": 23224, "avgspeed": "2,2", "dir": "22"}, {"code": "0252D", "hourtmin": "Varias", "hourgust": "00:40", "hourtmax": "10:30", "sun": null, "altitude": "74", "prec": "0,2", "latitude": 413515, "hourpresmax": null, "province": "BARCELONA", "tmed": "8,0", "tmin": "4,1", "presmax": null, "presmin": null, "hourpresmin": null, "date": "2008-02-02", "name": "ARENYS DE MAR", "gust": "6,9", "tmax": "11,8", "longitude": 23224, "avgspeed": "0,6", "dir": "31"}, {"code": "0252D", "hourtmin": "05:00", "hourgust": "23:20", "hourtmax": "12:20", "sun": null, "altitude": "74", "prec": "11,0", "latitude": 413515, "hourpresmax": null, "province": "BARCELONA", "tmed": "8,3", "tmin": "5,5", "presmax": null, "presmin": null, "hourpresmin": null, "date": "2008-02-03", "name": "ARENYS DE MAR", "gust": "13,1", "tmax": "11,1", "longitude": 23224, "avgspeed": "1,4", "dir": "18"}, {"code": "0252D", "hourtmin": "22:25", "hourgust": "04:10", "hourtmax": "13:40", "sun": null, "altitude": "74", "prec": "0,0", "latitude": 413515, "hourpresmax": null, "province": "BARCELONA", "tmed": "10,0", "tmin": "5,4", "presmax": null, "presmin": null, "hourpresmin": null, "date": "2008-02-04", "name": "ARENYS DE MAR", "gust": "12,2", "tmax": "14,6", "longitude": 23224, "avgspeed": "2,2", "dir": "22"}, {"code": "0252D", "hourtmin": "05:40", "hourgust": "15:50", "hourtmax": "14:50", "sun": null, "altitude": "74", "prec": "0,0", "latitude": 413515, "hourpresmax": null, "province": "BARCELONA", "tmed": "9,4", "tmin": "3,5", "presmax": null, "presmin": null, "hourpresmin": null, "date": "2008-02-05", "name": "ARENYS DE MAR", "gust": "6,7", "tmax": "15,3", "longitude": 23224, "avgspeed": "1,9", "dir": "22"}, {"code": "0252D", "hourtmin": "Varias", "hourgust": "21:50", "hourtmax": "13:10", "sun": null, "altitude": "74", "prec": "0,0", "latitude": 413515, "hourpresmax": null, "province": "BARCELONA", "tmed": "10,0", "tmin": "4,2", "presmax": null, "presmin": null, "hourpresmin": null, "date": "2008-02-06", "name": "ARENYS DE MAR", "gust": "4,2", "tmax": "15,7", "longitude": 23224, "avgspeed": "1,4", "dir": "27"}, {"code": "0252D", "hourtmin": "07:20", "hourgust": "22:20", "hourtmax": "11:05", "sun": null, "altitude": "74", "prec": "0,0", "latitude": 413515, "hourpresmax": null, "province": "BARCELONA", "tmed": "8,0", "tmin": "3,8", "presmax": null, "presmin": null, "hourpresmin": null, "date": "2008-12-18", "name": "ARENYS DE MAR", "gust": "4,2", "tmax": "12,2", "longitude": 23224, "avgspeed": "0,0", "dir": "27"}, {"code": "0252D", "hourtmin": "00:45", "hourgust": "Varias", "hourtmax": "12:10", "sun": null, "altitude": "74", "prec": "0,0", "latitude": 413515, "hourpresmax": null, "province": "BARCELONA", "tmed": "8,4", "tmin": "3,7", "presmax": null, "presmin": null, "hourpresmin": null, "date": "2008-12-19", "name": "ARENYS DE MAR", "gust": "3,9", "tmax": "13,1", "longitude": 23224, "avgspeed": "0,0", "dir": "99"}, {"code": "0252D", "hourtmin": "06:30", "hourgust": "22:00", "hourtmax": "Varias", "sun": null, "altitude": "74", "prec": "0,0", "latitude": 413515, "hourpresmax": null, "province": "BARCELONA", "tmed": "9,4", "tmin": "4,0", "presmax": null, "presmin": null, "hourpresmin": null, "date": "2008-12-20", "name": "ARENYS DE MAR", "gust": "3,9", "tmax": "14,8", "longitude": 23224, "avgspeed": "0,0", "dir": "07"}, {"code": "0252D", "hourtmin": "23:59", "hourgust": "13:30", "hourtmax": "Varias", "sun": null, "altitude": "74", "prec": "0,0", "latitude": 413515, "hourpresmax": null, "province": "BARCELONA", "tmed": "8,8", "tmin": "4,9", "presmax": null, "presmin": null, "hourpresmin": null, "date": "2008-12-21", "name": "ARENYS DE MAR", "gust": "4,7", "tmax": "12,7", "longitude": 23224, "avgspeed": "0,3", "dir": "22"}, {"code": "0252D", "hourtmin": "03:05", "hourgust": "05:40", "hourtmax": "10:40", "sun": null, "altitude": "74", "prec": "0,0", "latitude": 413515, "hourpresmax": null, "province": "BARCELONA", "tmed": "8,1", "tmin": "3,4", "presmax": null, "presmin": null, "hourpresmin": null, "date": "2008-12-22", "name": "ARENYS DE MAR", "gust": "1,4", "tmax": "12,8", "longitude": 23224, "avgspeed": "0,0", "dir": "07"}, {"code": "0252D", "hourtmin": "05:50", "hourgust": "14:50", "hourtmax": "Varias", "sun": null, "altitude": "74", "prec": "0,0", "latitude": 413515, "hourpresmax": null, "province": "BARCELONA", "tmed": "7,8", "tmin": "3,7", "presmax": null, "presmin": null, "hourpresmin": null, "date": "2008-12-23", "name": "ARENYS DE MAR", "gust": "5,3", "tmax": "11,8", "longitude": 23224, "avgspeed": "0,0", "dir": "23"}, {"code": "0252D", "hourtmin": "04:55", "hourgust": null, "hourtmax": "11:00", "sun": null, "altitude": "74", "latitude": 413515, "hourpresmax": null, "province": "BARCELONA", "tmed": "7,8", "tmin": "3,8", "presmax": null, "presmin": null, "hourpresmin": null, "date": "2008-12-24", "name": "ARENYS DE MAR", "avgspeed": null, "tmax": "11,7", "longitude": 23224, "gust": null}, {"code": "0252D", "hourtmin": "07:25", "hourgust": "23:30", "hourtmax": "12:50", "sun": null, "altitude": "74", "latitude": 413515, "hourpresmax": null, "province": "BARCELONA", "tmed": "6,9", "tmin": "2,7", "presmax": null, "presmin": null, "hourpresmin": null, "date": "2008-12-25", "name": "ARENYS DE MAR", "gust": "11,7", "tmax": "11,1", "longitude": 23224, "avgspeed": "0,3", "dir": "36"}, {"code": "0252D", "hourtmin": "Varias", "hourgust": "13:10", "hourtmax": "23:05", "sun": null, "altitude": "74", "latitude": 413515, "hourpresmax": null, "province": "BARCELONA", "tmed": "5,8", "tmin": "3,6", "presmax": null, "presmin": null, "hourpresmin": null, "date": "2008-12-26", "name": "ARENYS DE MAR", "gust": "16,4", "tmax": "8,0", "longitude": 23224, "avgspeed": "1,9", "dir": "36"}, {"code": "0252D", "hourtmin": "00:00", "hourgust": "03:30", "hourtmax": "11:15", "sun": null, "altitude": "74", "latitude": 413515, "hourpresmax": null, "province": "BARCELONA", "tmed": "8,7", "tmin": "7,6", "presmax": null, "presmin": null, "hourpresmin": null, "date": "2008-12-27", "name": "ARENYS DE MAR", "gust": "10,3", "tmax": "9,8", "longitude": 23224, "avgspeed": "0,3", "dir": "06"}, {"code": "0252D", "hourtmin": "23:55", "hourgust": "17:00", "hourtmax": "01:20", "sun": null, "altitude": "74", "latitude": 413515, "hourpresmax": null, "province": "BARCELONA", "tmed": "7,2", "tmin": "5,7", "presmax": null, "presmin": null, "hourpresmin": null, "date": "2008-12-28", "name": "ARENYS DE MAR", "gust": "8,3", "tmax": "8,7", "longitude": 23224, "avgspeed": "1,4", "dir": "02"}, {"code": "0252D", "hourtmin": "Varias", "hourgust": "10:00", "hourtmax": "Varias", "sun": null, "altitude": "74", "latitude": 413515, "hourpresmax": null, "province": "BARCELONA", "tmed": "6,4", "tmin": "5,2", "presmax": null, "presmin": null, "hourpresmin": null, "date": "2008-12-29", "name": "ARENYS DE MAR", "gust": "3,3", "tmax": "7,5", "longitude": 23224, "avgspeed": "0,0", "dir": "07"}, {"code": "0252D", "hourtmin": "04:00", "hourgust": "09:50", "hourtmax": "12:35", "sun": null, "altitude": "74", "latitude": 413515, "hourpresmax": null, "province": "BARCELONA", "tmed": "9,4", "tmin": "6,3", "presmax": null, "presmin": null, "hourpresmin": null, "date": "2008-12-30", "name": "ARENYS DE MAR", "gust": "7,2", "tmax": "12,5", "longitude": 23224, "avgspeed": "0,6", "dir": "23"}, {"code": "0252D", "hourtmin": "23:55", "hourgust": "12:10", "hourtmax": "10:50", "sun": null, "altitude": "74", "latitude": 413515, "hourpresmax": null, "province": "BARCELONA", "tmed": "10,6", "tmin": "7,9", "presmax": null, "presmin": null, "hourpresmin": null, "date": "2008-12-31", "name": "ARENYS DE MAR", "gust": "6,1", "tmax": "13,3", "longitude": 23224, "avgspeed": "0,6", "dir": "21"}]