[{"code": "0016A", "hourtmin": "06:00", "hourgust": null, "hourtmax": "13:15", "sun": null, "altitude": "71", "prec": "0,0", "latitude": 410842, "hourpresmax": null, "province": "TARRAGONA", "tmed": "17,4", "tmin": "14,0", "presmax": null, "presmin": null, "hourpresmin": null, "date": "1952-11-01", "name": "REUS AEROPUERTO", "gust": null, "tmax": "20,8", "longitude": 10949, "avgspeed": "14,7"}, {"code": "0016A", "hourtmin": "06:30", "hourgust": null, "hourtmax": "14:00", "sun": null, "altitude": "71", "prec": "0,0", "latitude": 410842, "hourpresmax": null, "province": "TARRAGONA", "tmed": "16,7", "tmin": "13,2", "presmax": null, "presmin": null, "hourpresmin": null, "date": "1952-11-02", "name": "REUS AEROPUERTO", "gust": null, "tmax": "20,2", "longitude": 10949, "avgspeed": "8,6"}, {"code": "0016A", "hourtmin": "06:00", "hourgust": null, "hourtmax": "14:00", "sun": null, "altitude": "71", "prec": "0,0", "latitude": 410842, "hourpresmax": null, "province": "TARRAGONA", "tmed": "15,0", "tmin": "9,0", "presmax": null, "presmin": null, "hourpresmin": null, "date": "1952-11-03", "name": "REUS AEROPUERTO", "gust": null, "tmax": "21,0", "longitude": 10949, "avgspeed": "6,4"}, {"code": "0016A", "hourtmin": "05:30", "hourgust": null, "hourtmax": "13:00", "sun": null, "altitude": "71", "prec": "0,0", "latitude": 410842, "hourpresmax": null, "province": "TARRAGONA", "tmed": "14,0", "tmin": "8,8", "presmax": null, "presmin": null, "hourpresmin": null, "date": "1952-11-04", "name": "REUS AEROPUERTO", "gust": null, "tmax": "19,3", "longitude": 10949, "avgspeed": "1,4"}, {"code": "0016A", "hourtmin": "00:15", "hourgust": null, "hourtmax": "13:30", "sun": null, "altitude": "71", "prec": "Ip", "latitude": 410842, "hourpresmax": null, "province": "TARRAGONA", "tmed": "14,3", "tmin": "10,2", "presmax": null, "presmin": null, "hourpresmin": null, "date": "1952-11-05", "name": "REUS AEROPUERTO", "gust": null, "tmax": "18,4", "longitude": 10949, "avgspeed": "3,9"}, {"code": "0016A", "hourtmin": "07:00", "hourgust": null, "hourtmax": "14:30", "sun": null, "altitude": "71", "prec": "Ip", "latitude": 410842, "hourpresmax": null, "province": "TARRAGONA", "tmed": "16,2", "tmin": "12,5", "presmax": null, "presmin": null, "hourpresmin": null, "date": "1952-11-06", "name": "REUS AEROPUERTO", "gust": null, "tmax": "19,9", "longitude": 10949, "avgspeed": "1,9"}, {"code": "0016A", "hourtmin": "08:00", "hourgust": null, "hourtmax": "14:00", "sun": null, "altitude": "71", "prec": "0,0", "latitude": 410842, "hourpresmax": null, "province": "TARRAGONA", "tmed": "16,7", "tmin": "14,1", "presmax": null, "presmin": null, "hourpresmin": null, "date": "1952-11-07", "name": "REUS AEROPUERTO", "gust": null, "tmax": "19,3", "longitude": 10949, "avgspeed": "14,2"}, {"code": "0016A", "hourtmin": "07:15", "hourgust": null, "hourtmax": "13:30", "sun": null, "altitude": "71", "prec": "0,0", "latitude": 410842, "hourpresmax": null, "province": "TARRAGONA", "tmed": "15,6", "tmin": "13,0", "presmax": null, "presmin": null, "hourpresmin": null, "date": "1952-11-08", "name": "REUS AEROPUERTO", "gust": null, "tmax": "18,2", "longitude": 10949, "avgspeed": "12,2"}, {"code": "0016A", "hourtmin": "06:30", "hourgust": null, "hourtmax": "15:00", "sun": null, "altitude": "71", "prec": "0,0", "latitude": 410842, "hourpresmax": null, "province": "TARRAGONA", "tmed": "13,2", "tmin": "8,7", "presmax": null, "presmin": null, "hourpresmin": null, "date": "1952-11-09", "name": "REUS AEROPUERTO", "gust": null, "tmax": "17,6", "longitude": 10949, "avgspeed": "5,3"}, {"code": "0016A", "hourtmin": "07:00", "hourgust": null, "hourtmax": "15:00", "sun": null, "altitude": "71", "prec": "0,0", "latitude": 410842, "hourpresmax": null, "province": "TARRAGONA", "tmed": "12,9", "tmin": "5,8", "presmax": null, "presmin": null, "hourpresmin": null, "date": "1952-11-10", "name": "REUS AEROPUERTO", "gust": null, "tmax": "20,0", "longitude": 10949, "avgspeed": "7,5"}, {"code": "0016A", "hourtmin": "05:45", "hourgust": null, "hourtmax": "15:10", "sun": null, "altitude": "71", "latitude": 410842, "hourpresmax": null, "province": "TARRAGONA", "tmed": "14,6", "tmin": "8,3", "presmax": null, "presmin": null, "hourpresmin": null, "date": "1952-11-11", "name": "REUS AEROPUERTO", "gust": null, "tmax": "21,0", "longitude": 10949, "avgspeed": "3,3"}, {"code": "0016A", "hourtmin": "07:15", "hourgust": null, "hourtmax": "12:00", "sun": null, "altitude": "71", "latitude": 410842, "hourpresmax": null, "province": "TARRAGONA", "tmed": "13,1", "tmin": "8,4", "presmax": null, "presmin": null, "hourpresmin": null, "date": "1952-11-12", "name": "REUS AEROPUERTO", "gust": null, "tmax": "17,8", "longitude": 10949, "avgspeed": "3,3"}, {"code": "0016A", "hourtmin": "17:00", "hourgust": null, "hourtmax": "09:00", "sun": null, "altitude": "71", "prec": "4,0", "latitude": 410842, "hourpresmax": null, "province": "TARRAGONA", "tmed": "9,9", "tmin": "8,8", "presmax": null, "presmin": null, "hourpresmin": null, "date": "1952-11-13", "name": "REUS AEROPUERTO", "gust": null, "tmax": "11,0", "longitude": 10949, "avgspeed": "1,9"}, {"code": "0016A", "hourtmin": "22:45", "hourgust": null, "hourtmax": "00:00", "sun": null, "altitude": "71", "prec": "2,0", "latitude": 410842, "hourpresmax": null, "province": "TARRAGONA", "tmed": "7,0", "tmin": "3,8", "presmax": null, "presmin": null, "hourpresmin": null, "date": "1952-11-14", "name": "REUS AEROPUERTO", "gust": null, "tmax": "10,2", "longitude": 10949, "avgspeed": "1,7"}, {"code": "0016A", "hourtmin": "07:00", "hourgust": null, "hourtmax": "13:15", "sun": null, "altitude": "71", "latitude": 410842, "hourpresmax": null, "province": "TARRAGONA", "tmed": "7,0", "tmin": "0,8", "presmax": null, "presmin": null, "hourpresmin": null, "date": "1952-11-15", "name": "REUS AEROPUERTO", "gust": null, "tmax": "13,2", "longitude": 10949, "avgspeed": "1,1"}, {"code": "0016A", "hourtmin": "06:30", "hourgust": null, "hourtmax": "12:45", "sun": null, "altitude": "71", "latitude": 410842, "hourpresmax": null, "province": "TARRAGONA", "tmed": "9,1", "tmin": "4,4", "presmax": null, "presmin": null, "hourpresmin": null, "date": "1952-11-16", "name": "REUS AEROPUERTO", "gust": null, "tmax": "13,8", "longitude": 10949, "avgspeed": "1,4"}, {"code": "0016A", "hourtmin": "07:30", "hourgust": null, "hourtmax": "16:30", "sun": null, "altitude": "71", "prec": "4,0", "latitude": 410842, "hourpresmax": null, "province": "TARRAGONA", "tmed": "10,7", "tmin": "5,4", "presmax": null, "presmin": null, "hourpresmin": null, "date": "1952-11-17", "name": "REUS AEROPUERTO", "gust": null, "tmax": "16,0", "longitude": 10949, "avgspeed": "1,1"}, {"code": "0016A", "hourtmin": "Varias", "hourgust": null, "hourtmax": "12:30", "sun": null, "altitude": "71", "prec": "5,0", "latitude": 410842, "hourpresmax": null, "province": "TARRAGONA", "tmed": "7,3", "tmin": "5,4", "presmax": null, "presmin": null, "hourpresmin": null, "date": "1952-11-18", "name": "REUS AEROPUERTO", "gust": null, "tmax": "9,2", "longitude": 10949, "avgspeed": "1,1"}, {"code": "0016A", "hourtmin": "06:45", "hourgust": null, "hourtmax": "15:00", "sun": null, "altitude": "71", "prec": "0,0", "latitude": 410842, "hourpresmax": null, "province": "TARRAGONA", "tmed": "6,9", "tmin": "3,3", "presmax": null, "presmin": null, "hourpresmin": null, "date": "1952-11-19", "name": "REUS AEROPUERTO", "gust": null, "tmax": "10,5", "longitude": 10949, "avgspeed": "6,4"}, {"code": "0016A", "hourtmin": "05:30", "hourgust": null, "hourtmax": "14:15", "sun": null, "altitude": "71", "prec": "0,0", "latitude": 410842, "hourpresmax": null, "province": "TARRAGONA", "tmed": "7,0", "tmin": "2,6", "presmax": null, "presmin": null, "hourpresmin": null, "date": "1952-11-20", "name": "REUS AEROPUERTO", "gust": null, "tmax": "11,4", "longitude": 10949, "avgspeed": "4,7"}, {"code": "0016A", "hourtmin": "02:15", "hourgust": null, "hourtmax": "13:45", "sun": null, "altitude": "71", "prec": "0,0", "latitude": 410842, "hourpresmax": null, "province": "TARRAGONA", "tmed": "9,8", "tmin": "3,8", "presmax": null, "presmin": null, "hourpresmin": null, "date": "1952-11-21", "name": "REUS AEROPUERTO", "gust": null, "tmax": "15,8", "longitude": 10949, "avgspeed": "4,7"}, {"code": "0016A", "hourtmin": "07:30", "hourgust": null, "hourtmax": "12:30", "sun": null, "altitude": "71", "prec": "0,0", "latitude": 410842, "hourpresmax": null, "province": "TARRAGONA", "tmed": "13,0", "tmin": "7,6", "presmax": null, "presmin": null, "hourpresmin": null, "date": "1952-11-22", "name": "REUS AEROPUERTO", "gust": null, "tmax": "18,4", "longitude": 10949, "avgspeed": "5,3"}, {"code": "0016A", "hourtmin": "00:00", "hourgust": null, "hourtmax": "11:45", "sun": null, "altitude": "71", "prec": "0,0", "latitude": 410842, "hourpresmax": null, "province": "TARRAGONA", "tmed": "14,3", "tmin": "10,3", "presmax": null, "presmin": null, "hourpresmin": null, "date": "1952-11-23", "name": "REUS AEROPUERTO", "gust": null, "tmax": "18,3", "longitude": 10949, "avgspeed": "7,2"}, {"code": "0016A", "hourtmin": "05:00", "hourgust": null, "hourtmax": "16:15", "sun": null, "altitude": "71", "prec": "0,0", "latitude": 410842, "hourpresmax": null, "province": "TARRAGONA", "tmed": "16,2", "tmin": "12,8", "presmax": null, "presmin": null, "hourpresmin": null, "date": "1952-11-24", "name": "REUS AEROPUERTO", "gust": null, "tmax": "19,6", "longitude": 10949, "avgspeed": "10,0"}, {"code": "0016A", "hourtmin": "08:00", "hourgust": null, "hourtmax": "14:15", "sun": null, "altitude": "71", "prec": "0,1", "latitude": 410842, "hourpresmax": null, "province": "TARRAGONA", "tmed": "17,8", "tmin": "14,0", "presmax": null, "presmin": null, "hourpresmin": null, "date": "1952-11-25", "name": "REUS AEROPUERTO", "gust": null, "tmax": "21,6", "longitude": 10949, "avgspeed": "0,0"}, {"code": "0016A", "hourtmin": "06:30", "hourgust": null, "hourtmax": "13:30", "sun": null, "altitude": "71", "prec": "0,0", "latitude": 410842, "hourpresmax": null, "province": "TARRAGONA", "tmed": "18,2", "tmin": "13,7", "presmax": null, "presmin": null, "hourpresmin": null, "date": "1952-11-26", "name": "REUS AEROPUERTO", "gust": null, "tmax": "22,7", "longitude": 10949, "avgspeed": "1,9"}, {"code": "0016A", "hourtmin": "23:00", "hourgust": null, "hourtmax": "15:00", "sun": null, "altitude": "71", "prec": "0,0", "latitude": 410842, "hourpresmax": null, "province": "TARRAGONA", "tmed": "16,5", "tmin": "11,6", "presmax": null, "presmin": null, "hourpresmin": null, "date": "1952-11-27", "name": "REUS AEROPUERTO", "gust": null, "tmax": "21,4", "longitude": 10949, "avgspeed": "3,1"}, {"code": "0016A", "hourtmin": "23:30", "hourgust": null, "hourtmax": "13:30", "sun": null, "altitude": "71", "prec": "0,0", "latitude": 410842, "hourpresmax": null, "province": "TARRAGONA", "tmed": "14,5", "tmin": "7,5", "presmax": null, "presmin": null, "hourpresmin": null, "date": "1952-11-28", "name": "REUS AEROPUERTO", "gust": null, "tmax": "21,5", "longitude": 10949, "avgspeed": "1,1"}, {"code": "0016A", "hourtmin": "00:30", "hourgust": null, "hourtmax": "14:00", "sun": null, "altitude": "71", "prec": "0,0", "latitude": 410842, "hourpresmax": null, "province": "TARRAGONA", "tmed": "12,3", "tmin": "7,4", "presmax": null, "presmin": null, "hourpresmin": null, "date": "1952-11-29", "name": "REUS AEROPUERTO", "gust": null, "tmax": "17,2", "longitude": 10949, "avgspeed": "1,1"}, {"code": "0016A", "hourtmin": "23:45", "hourgust": null, "hourtmax": "15:45", "sun": null, "altitude": "71", "prec": "0,2", "latitude": 410842, "hourpresmax": null, "province": "TARRAGONA", "tmed": "14,6", "tmin": "11,2", "presmax": null, "presmin": null, "hourpresmin": null, "date": "1952-11-30", "name": "REUS AEROPUERTO", "gust": null, "tmax": "18,0", "longitude": 10949, "avgspeed": "0,3"}, {"code": "0016A", "hourtmin": "23:00", "hourgust": null, "hourtmax": "13:15", "sun": null, "altitude": "71", "prec": "0,0", "latitude": 410842, "hourpresmax": "10", "province": "TARRAGONA", "tmed": "12,7", "tmin": "9,7", "avgspeed": "0,0", "presmax": "1005,4", "presmin": "1003,0", "hourpresmin": "15", "date": "1952-12-01", "name": "REUS AEROPUERTO", "gust": null, "tmax": "15,7", "longitude": 10949}, {"code": "0016A", "hourtmin": "19:00", "hourgust": null, "hourtmax": "14:45", "sun": null, "altitude": "71", "prec": "7,0", "latitude": 410842, "hourpresmax": "10", "province": "TARRAGONA", "tmed": "16,2", "tmin": "11,6", "avgspeed": "3,3", "presmax": "1005,5", "presmin": "1002,0", "hourpresmin": "24", "date": "1952-12-02", "name": "REUS AEROPUERTO", "gust": null, "tmax": "20,8", "longitude": 10949}, {"code": "0016A", "hourtmin": "23:15", "hourgust": null, "hourtmax": "15:30", "sun": null, "altitude": "71", "prec": "0,6", "latitude": 410842, "hourpresmax": "00", "province": "TARRAGONA", "tmed": "12,4", "tmin": "8,3", "avgspeed": "2,5", "presmax": "1002,0", "presmin": "998,6", "hourpresmin": "18", "date": "1952-12-03", "name": "REUS AEROPUERTO", "gust": null, "tmax": "16,5", "longitude": 10949}, {"code": "0016A", "hourtmin": "06:30", "hourgust": null, "hourtmax": "14:00", "sun": null, "altitude": "71", "prec": "0,0", "latitude": 410842, "hourpresmax": "23", "province": "TARRAGONA", "tmed": "8,4", "tmin": "4,3", "avgspeed": "8,6", "presmax": "1007,9", "presmin": "1001,8", "hourpresmin": "00", "date": "1952-12-04", "name": "REUS AEROPUERTO", "gust": null, "tmax": "12,5", "longitude": 10949}, {"code": "0016A", "hourtmin": "23:59", "hourgust": null, "hourtmax": "13:30", "sun": null, "altitude": "71", "prec": "0,0", "latitude": 410842, "hourpresmax": "20", "province": "TARRAGONA", "tmed": "6,2", "tmin": "0,4", "avgspeed": "6,4", "presmax": "1011,8", "presmin": "1006,7", "hourpresmin": "02", "date": "1952-12-05", "name": "REUS AEROPUERTO", "gust": null, "tmax": "12,0", "longitude": 10949}, {"code": "0016A", "hourtmin": "06:30", "hourgust": null, "hourtmax": "15:00", "sun": null, "altitude": "71", "prec": "0,0", "latitude": 410842, "hourpresmax": "09", "province": "TARRAGONA", "tmed": "5,4", "tmin": "-1,8", "avgspeed": "2,8", "presmax": "1011,9", "presmin": "1009,8", "hourpresmin": "14", "date": "1952-12-06", "name": "REUS AEROPUERTO", "gust": null, "tmax": "12,6", "longitude": 10949}, {"code": "0016A", "hourtmin": "04:30", "hourgust": null, "hourtmax": "12:30", "sun": null, "altitude": "71", "prec": "0,0", "latitude": 410842, "hourpresmax": "09", "province": "TARRAGONA", "tmed": "7,3", "tmin": "1,0", "avgspeed": "4,7", "presmax": "1011,1", "presmin": "1008,7", "hourpresmin": "13", "date": "1952-12-07", "name": "REUS AEROPUERTO", "gust": null, "tmax": "13,6", "longitude": 10949}, {"code": "0016A", "hourtmin": "05:00", "hourgust": null, "hourtmax": "15:00", "sun": null, "altitude": "71", "prec": "0,0", "latitude": 410842, "hourpresmax": "21", "province": "TARRAGONA", "tmed": "7,0", "tmin": "2,4", "avgspeed": "1,1", "presmax": "1014,6", "presmin": "1010,6", "hourpresmin": "00", "date": "1952-12-08", "name": "REUS AEROPUERTO", "gust": null, "tmax": "11,6", "longitude": 10949}, {"code": "0016A", "hourtmin": "05:00", "hourgust": null, "hourtmax": "15:00", "sun": null, "altitude": "71", "prec": "0,0", "latitude": 410842, "hourpresmax": "10", "province": "TARRAGONA", "tmed": "5,8", "tmin": "-0,5", "avgspeed": "3,6", "presmax": "1015,9", "presmin": "1013,8", "hourpresmin": "14", "date": "1952-12-09", "name": "REUS AEROPUERTO", "gust": null, "tmax": "12,1", "longitude": 10949}, {"code": "0016A", "hourtmin": "07:00", "hourgust": null, "hourtmax": "15:00", "sun": null, "altitude": "71", "prec": "0,0", "latitude": 410842, "hourpresmax": "09", "province": "TARRAGONA", "tmed": "6,4", "tmin": "0,0", "avgspeed": "0,0", "presmax": "1015,0", "presmin": "1012,3", "hourpresmin": "24", "date": "1952-12-10", "name": "REUS AEROPUERTO", "gust": null, "tmax": "12,8", "longitude": 10949}, {"code": "0016A", "hourtmin": "07:00", "hourgust": null, "hourtmax": "14:30", "sun": null, "altitude": "71", "prec": "0,0", "latitude": 410842, "hourpresmax": "00", "province": "TARRAGONA", "tmed": "9,2", "tmin": "4,0", "avgspeed": "1,4", "presmax": "1012,3", "presmin": "1009,0", "hourpresmin": "13", "date": "1952-12-11", "name": "REUS AEROPUERTO", "gust": null, "tmax": "14,5", "longitude": 10949}, {"code": "0016A", "hourtmin": "02:30", "hourgust": null, "hourtmax": "14:30", "sun": null, "altitude": "71", "prec": "0,0", "latitude": 410842, "hourpresmax": "00", "province": "TARRAGONA", "tmed": "10,6", "tmin": "6,2", "avgspeed": "4,7", "presmax": "1010,2", "presmin": "999,0", "hourpresmin": "24", "date": "1952-12-12", "name": "REUS AEROPUERTO", "gust": null, "tmax": "15,0", "longitude": 10949}, {"code": "0016A", "hourtmin": "23:30", "hourgust": null, "hourtmax": "15:00", "sun": null, "altitude": "71", "prec": "Ip", "latitude": 410842, "hourpresmax": "00", "province": "TARRAGONA", "tmed": "12,8", "tmin": "9,2", "avgspeed": "3,6", "presmax": "999,0", "presmin": "993,4", "hourpresmin": "12", "date": "1952-12-13", "name": "REUS AEROPUERTO", "gust": null, "tmax": "16,4", "longitude": 10949}, {"code": "0016A", "hourtmin": "05:00", "hourgust": null, "hourtmax": "16:30", "sun": null, "altitude": "71", "prec": "Ip", "latitude": 410842, "hourpresmax": "00", "province": "TARRAGONA", "tmed": "9,9", "tmin": "6,2", "avgspeed": "5,0", "presmax": "994,8", "presmin": "984,4", "hourpresmin": "15", "date": "1952-12-14", "name": "REUS AEROPUERTO", "gust": null, "tmax": "13,6", "longitude": 10949}, {"code": "0016A", "hourtmin": "05:00", "hourgust": null, "hourtmax": "12:45", "sun": null, "altitude": "71", "prec": "0,0", "latitude": 410842, "hourpresmax": "24", "province": "TARRAGONA", "tmed": "9,8", "tmin": "7,6", "avgspeed": "10,3", "presmax": "1009,9", "presmin": "990,4", "hourpresmin": "00", "date": "1952-12-15", "name": "REUS AEROPUERTO", "gust": null, "tmax": "12,0", "longitude": 10949}, {"code": "0016A", "hourtmin": "04:00", "hourgust": null, "hourtmax": "13:30", "sun": null, "altitude": "71", "prec": "0,0", "latitude": 410842, "hourpresmax": "01", "province": "TARRAGONA", "tmed": "11,0", "tmin": "7,3", "avgspeed": "10,6", "presmax": "1010,3", "presmin": "1007,1", "hourpresmin": "19", "date": "1952-12-16", "name": "REUS AEROPUERTO", "gust": null, "tmax": "14,7", "longitude": 10949}, {"code": "0016A", "hourtmin": "06:30", "hourgust": null, "hourtmax": "12:30", "sun": null, "altitude": "71", "prec": "0,0", "latitude": 410842, "hourpresmax": "00", "province": "TARRAGONA", "tmed": "12,0", "tmin": "8,0", "avgspeed": "11,4", "presmax": "1007,9", "presmin": "995,6", "hourpresmin": "24", "date": "1952-12-17", "name": "REUS AEROPUERTO", "gust": null, "tmax": "16,0", "longitude": 10949}, {"code": "0016A", "hourtmin": "06:45", "hourgust": null, "hourtmax": "13:45", "sun": null, "altitude": "71", "prec": "0,0", "latitude": 410842, "hourpresmax": "21", "province": "TARRAGONA", "tmed": "10,5", "tmin": "7,8", "avgspeed": "5,3", "presmax": "1005,4", "presmin": "995,5", "hourpresmin": "00", "date": "1952-12-18", "name": "REUS AEROPUERTO", "gust": null, "tmax": "13,2", "longitude": 10949}, {"code": "0016A", "hourtmin": "08:00", "hourgust": null, "hourtmax": "23:00", "sun": null, "altitude": "71", "latitude": 410842, "hourpresmax": "09", "province": "TARRAGONA", "tmed": "9,3", "tmin": "5,9", "avgspeed": "0,0", "presmax": "1007,2", "presmin": "1004,3", "hourpresmin": "17", "date": "1952-12-19", "name": "REUS AEROPUERTO", "gust": null, "tmax": "12,7", "longitude": 10949}, {"code": "0016A", "hourtmin": "08:00", "hourgust": null, "hourtmax": "14:00", "sun": null, "altitude": "71", "latitude": 410842, "hourpresmax": "24", "province": "TARRAGONA", "tmed": "12,1", "tmin": "5,0", "avgspeed": "0,6", "presmax": "1013,0", "presmin": "1005,0", "hourpresmin": "00", "date": "1952-12-20", "name": "REUS AEROPUERTO", "gust": null, "tmax": "19,2", "longitude": 10949}, {"code": "0016A", "hourtmin": "06:30", "hourgust": null, "hourtmax": "15:00", "sun": null, "altitude": "71", "prec": "0,0", "latitude": 410842, "hourpresmax": "02", "province": "TARRAGONA", "tmed": "11,1", "tmin": "5,7", "avgspeed": "5,6", "presmax": "1013,2", "presmin": "1007,6", "hourpresmin": "24", "date": "1952-12-21", "name": "REUS AEROPUERTO", "gust": null, "tmax": "16,5", "longitude": 10949}, {"code": "0016A", "hourtmin": "21:45", "hourgust": null, "hourtmax": "08:50", "sun": null, "altitude": "71", "prec": "0,0", "latitude": 410842, "hourpresmax": "24", "province": "TARRAGONA", "tmed": "16,0", "tmin": "12,0", "avgspeed": "1,1", "presmax": "1012,2", "presmin": "1006,3", "hourpresmin": "05", "date": "1952-12-22", "name": "REUS AEROPUERTO", "gust": null, "tmax": "20,0", "longitude": 10949}, {"code": "0016A", "hourtmin": "04:00", "hourgust": null, "hourtmax": "14:30", "sun": null, "altitude": "71", "prec": "0,0", "latitude": 410842, "hourpresmax": "11", "province": "TARRAGONA", "tmed": "15,0", "tmin": "9,8", "avgspeed": "0,3", "presmax": "1012,8", "presmin": "1010,2", "hourpresmin": "16", "date": "1952-12-23", "name": "REUS AEROPUERTO", "gust": null, "tmax": "20,2", "longitude": 10949}, {"code": "0016A", "hourtmin": "07:00", "hourgust": null, "hourtmax": "13:30", "sun": null, "altitude": "71", "prec": "0,0", "latitude": 410842, "hourpresmax": "11", "province": "TARRAGONA", "tmed": "10,6", "tmin": "4,8", "avgspeed": "0,6", "presmax": "1012,3", "presmin": "1010,4", "hourpresmin": "15", "date": "1952-12-24", "name": "REUS AEROPUERTO", "gust": null, "tmax": "16,4", "longitude": 10949}, {"code": "0016A", "hourtmin": "08:15", "hourgust": null, "hourtmax": "14:45", "sun": null, "altitude": "71", "prec": "0,0", "latitude": 410842, "hourpresmax": "11", "province": "TARRAGONA", "tmed": "10,9", "tmin": "6,0", "avgspeed": "1,1", "presmax": "1016,2", "presmin": "1012,2", "hourpresmin": "00", "date": "1952-12-25", "name": "REUS AEROPUERTO", "gust": null, "tmax": "15,8", "longitude": 10949}, {"code": "0016A", "hourtmin": "23:30", "hourgust": null, "hourtmax": "13:30", "sun": null, "altitude": "71", "prec": "0,0", "latitude": 410842, "hourpresmax": "00", "province": "TARRAGONA", "tmed": "9,0", "tmin": "4,9", "avgspeed": "0,6", "presmax": "1012,0", "presmin": "1004,6", "hourpresmin": "24", "date": "1952-12-26", "name": "REUS AEROPUERTO", "gust": null, "tmax": "13,2", "longitude": 10949}, {"code": "0016A", "hourtmin": "23:59", "hourgust": null, "hourtmax": "14:00", "sun": null, "altitude": "71", "prec": "0,0", "latitude": 410842, "hourpresmax": "24", "province": "TARRAGONA", "tmed": "9,3", "tmin": "4,9", "avgspeed": "5,6", "presmax": "1004,6", "presmin": "997,8", "hourpresmin": "18", "date": "1952-12-27", "name": "REUS AEROPUERTO", "gust": null, "tmax": "13,7", "longitude": 10949}, {"code": "0016A", "hourtmin": "08:30", "hourgust": null, "hourtmax": "14:00", "sun": null, "altitude": "71", "prec": "Ip", "latitude": 410842, "hourpresmax": "00", "province": "TARRAGONA", "tmed": "8,8", "tmin": "3,7", "avgspeed": "1,1", "presmax": "998,0", "presmin": "991,1", "hourpresmin": "15", "date": "1952-12-28", "name": "REUS AEROPUERTO", "gust": null, "tmax": "13,9", "longitude": 10949}, {"code": "0016A", "hourtmin": "07:30", "hourgust": null, "hourtmax": "13:40", "sun": null, "altitude": "71", "latitude": 410842, "hourpresmax": "24", "province": "TARRAGONA", "tmed": "6,3", "tmin": "0,8", "avgspeed": "1,4", "presmax": "993,0", "presmin": "989,8", "hourpresmin": "17", "date": "1952-12-29", "name": "REUS AEROPUERTO", "gust": null, "tmax": "11,8", "longitude": 10949}, {"code": "0016A", "hourtmin": "07:45", "hourgust": null, "hourtmax": "14:45", "sun": null, "altitude": "71", "latitude": 410842, "hourpresmax": "24", "province": "TARRAGONA", "tmed": "4,9", "tmin": "0,4", "avgspeed": "0,0", "presmax": "998,0", "presmin": "993,0", "hourpresmin": "00", "date": "1952-12-30", "name": "REUS AEROPUERTO", "gust": null, "tmax": "9,4", "longitude": 10949}, {"code": "0016A", "hourtmin": "20:15", "hourgust": null, "hourtmax": "12:30", "sun": null, "altitude": "71", "prec": "0,0", "latitude": 410842, "hourpresmax": "09", "province": "TARRAGONA", "tmed": "5,6", "tmin": "0,4", "avgspeed": "0,0", "presmax": "998,8", "presmin": "992,4", "hourpresmin": "24", "date": "1952-12-31", "name": "REUS AEROPUERTO", "gust": null, "tmax": "10,8", "longitude": 10949}]