[{"code": "1057B", "hourtmin": null, "hourgust": "10:30", "hourtmax": null, "sun": null, "altitude": "93", "prec": "0,0", "latitude": 432714, "hourpresmax": null, "province": "BIZKAIA", "presmax": null, "presmin": null, "hourpresmin": null, "date": "1997-04-01", "name": "MACHICHACO", "gust": "8,3", "longitude": 24510, "avgspeed": "4,7", "dir": "28"}, {"code": "1057B", "hourtmin": "03:25", "hourgust": "16:40", "hourtmax": "19:40", "sun": null, "altitude": "93", "prec": "0,0", "latitude": 432714, "hourpresmax": null, "province": "BIZKAIA", "tmed": "10,6", "tmin": "7,3", "presmax": null, "presmin": null, "hourpresmin": null, "date": "1997-04-02", "name": "MACHICHACO", "gust": "6,4", "tmax": "13,8", "longitude": 24510, "avgspeed": "2,8", "dir": "13"}, {"code": "1057B", "hourtmin": "03:30", "hourgust": "11:40", "hourtmax": "13:00", "sun": null, "altitude": "93", "prec": "0,0", "latitude": 432714, "hourpresmax": null, "province": "BIZKAIA", "tmed": "12,0", "tmin": "10,2", "presmax": null, "presmin": null, "hourpresmin": null, "date": "1997-04-03", "name": "MACHICHACO", "gust": "11,9", "tmax": "13,8", "longitude": 24510, "avgspeed": "5,6", "dir": "28"}, {"code": "1057B", "hourtmin": "23:30", "hourgust": "08:50", "hourtmax": "Varias", "sun": null, "altitude": "93", "prec": "0,0", "latitude": 432714, "hourpresmax": null, "province": "BIZKAIA", "tmed": "11,0", "tmin": "9,0", "presmax": null, "presmin": null, "hourpresmin": null, "date": "1997-04-04", "name": "MACHICHACO", "gust": "9,7", "tmax": "12,9", "longitude": 24510, "avgspeed": "3,1", "dir": "33"}, {"code": "1057B", "hourtmin": "06:00", "hourgust": "15:50", "hourtmax": "10:15", "sun": null, "altitude": "93", "prec": "0,0", "latitude": 432714, "hourpresmax": null, "province": "BIZKAIA", "tmed": "10,7", "tmin": "8,5", "presmax": null, "presmin": null, "hourpresmin": null, "date": "1997-04-05", "name": "MACHICHACO", "gust": "14,2", "tmax": "12,9", "longitude": 24510, "avgspeed": "3,9", "dir": "25"}, {"code": "1057B", "hourtmin": "02:50", "hourgust": "11:40", "hourtmax": "Varias", "sun": null, "altitude": "93", "prec": "0,0", "latitude": 432714, "hourpresmax": null, "province": "BIZKAIA", "tmed": "11,4", "tmin": "8,9", "presmax": null, "presmin": null, "hourpresmin": null, "date": "1997-04-06", "name": "MACHICHACO", "gust": "9,7", "tmax": "13,8", "longitude": 24510, "avgspeed": "4,7", "dir": "11"}, {"code": "1057B", "hourtmin": "05:05", "hourgust": "07:40", "hourtmax": "23:20", "sun": null, "altitude": "93", "prec": "0,0", "latitude": 432714, "hourpresmax": null, "province": "BIZKAIA", "tmed": "14,0", "tmin": "11,4", "presmax": null, "presmin": null, "hourpresmin": null, "date": "1997-04-07", "name": "MACHICHACO", "gust": "11,7", "tmax": "16,6", "longitude": 24510, "avgspeed": "5,8", "dir": "10"}, {"code": "1057B", "hourtmin": "01:30", "hourgust": "10:30", "hourtmax": "13:35", "sun": null, "altitude": "93", "prec": "0,0", "latitude": 432714, "hourpresmax": null, "province": "BIZKAIA", "tmed": "17,4", "tmin": "13,7", "presmax": null, "presmin": null, "hourpresmin": null, "date": "1997-04-08", "name": "MACHICHACO", "gust": "13,3", "tmax": "21,0", "longitude": 24510, "avgspeed": "3,3", "dir": "16"}, {"code": "1057B", "hourtmin": "23:00", "hourgust": "01:40", "hourtmax": "13:00", "sun": null, "altitude": "93", "prec": "0,0", "latitude": 432714, "hourpresmax": null, "province": "BIZKAIA", "tmed": "15,3", "tmin": "12,0", "presmax": null, "presmin": null, "hourpresmin": null, "date": "1997-04-09", "name": "MACHICHACO", "gust": "13,3", "tmax": "18,6", "longitude": 24510, "avgspeed": "4,4", "dir": "21"}, {"code": "1057B", "hourtmin": "01:30", "hourgust": "05:10", "hourtmax": "07:40", "sun": null, "altitude": "93", "prec": "0,0", "latitude": 432714, "hourpresmax": null, "province": "BIZKAIA", "tmed": "14,1", "tmin": "11,5", "presmax": null, "presmin": null, "hourpresmin": null, "date": "1997-04-10", "name": "MACHICHACO", "gust": "13,6", "tmax": "16,7", "longitude": 24510, "avgspeed": "4,2", "dir": "21"}, {"code": "1057B", "hourtmin": "03:40", "hourgust": "22:00", "hourtmax": "07:05", "sun": null, "altitude": "93", "prec": "0,0", "latitude": 432714, "hourpresmax": null, "province": "BIZKAIA", "tmed": "12,9", "tmin": "10,6", "presmax": null, "presmin": null, "hourpresmin": null, "date": "1997-04-11", "name": "MACHICHACO", "gust": "10,3", "tmax": "15,2", "longitude": 24510, "avgspeed": "3,3", "dir": "25"}, {"code": "1057B", "hourtmin": "20:10", "hourgust": "07:10", "hourtmax": "12:40", "sun": null, "altitude": "93", "prec": "0,0", "latitude": 432714, "hourpresmax": null, "province": "BIZKAIA", "tmed": "11,4", "tmin": "9,4", "presmax": null, "presmin": null, "hourpresmin": null, "date": "1997-04-12", "name": "MACHICHACO", "gust": "12,5", "tmax": "13,3", "longitude": 24510, "avgspeed": "4,2", "dir": "29"}, {"code": "1057B", "hourtmin": "Varias", "hourgust": "00:10", "hourtmax": "08:10", "sun": null, "altitude": "93", "prec": "0,0", "latitude": 432714, "hourpresmax": null, "province": "BIZKAIA", "tmed": "10,3", "tmin": "8,1", "presmax": null, "presmin": null, "hourpresmin": null, "date": "1997-04-13", "name": "MACHICHACO", "gust": "8,9", "tmax": "12,5", "longitude": 24510, "avgspeed": "1,9", "dir": "25"}, {"code": "1057B", "hourtmin": "05:30", "hourgust": "15:30", "hourtmax": "11:30", "sun": null, "altitude": "93", "prec": "0,0", "latitude": 432714, "hourpresmax": null, "province": "BIZKAIA", "tmed": "10,8", "tmin": "7,7", "presmax": null, "presmin": null, "hourpresmin": null, "date": "1997-04-14", "name": "MACHICHACO", "gust": "5,0", "tmax": "13,9", "longitude": 24510, "avgspeed": "1,4", "dir": "10"}, {"code": "1057B", "hourtmin": "03:50", "hourgust": "16:50", "hourtmax": "11:30", "sun": null, "altitude": "93", "prec": "0,0", "latitude": 432714, "hourpresmax": null, "province": "BIZKAIA", "tmed": "11,5", "tmin": "8,3", "presmax": null, "presmin": null, "hourpresmin": null, "date": "1997-04-15", "name": "MACHICHACO", "gust": "6,1", "tmax": "14,7", "longitude": 24510, "avgspeed": "1,7", "dir": "13"}, {"code": "1057B", "hourtmin": "05:35", "hourgust": "14:50", "hourtmax": "09:30", "sun": null, "altitude": "93", "prec": "0,0", "latitude": 432714, "hourpresmax": null, "province": "BIZKAIA", "tmed": "12,8", "tmin": "10,6", "presmax": null, "presmin": null, "hourpresmin": null, "date": "1997-04-16", "name": "MACHICHACO", "gust": "8,9", "tmax": "15,1", "longitude": 24510, "avgspeed": "5,0", "dir": "11"}, {"code": "1057B", "hourtmin": "01:30", "hourgust": "22:40", "hourtmax": "10:50", "sun": null, "altitude": "93", "prec": "0,0", "latitude": 432714, "hourpresmax": null, "province": "BIZKAIA", "tmed": "11,8", "tmin": "10,6", "presmax": null, "presmin": null, "hourpresmin": null, "date": "1997-04-17", "name": "MACHICHACO", "gust": "13,3", "tmax": "13,0", "longitude": 24510, "avgspeed": "3,9", "dir": "27"}, {"code": "1057B", "hourtmin": "19:05", "hourgust": "02:20", "hourtmax": "10:20", "sun": null, "altitude": "93", "prec": "2,3", "latitude": 432714, "hourpresmax": null, "province": "BIZKAIA", "tmed": "10,4", "tmin": "8,9", "presmax": null, "presmin": null, "hourpresmin": null, "date": "1997-04-18", "name": "MACHICHACO", "gust": "14,2", "tmax": "11,9", "longitude": 24510, "avgspeed": "2,5", "dir": "27"}, {"code": "1057B", "hourtmin": "Varias", "hourgust": "Varias", "hourtmax": "12:35", "sun": null, "altitude": "93", "prec": "2,8", "latitude": 432714, "hourpresmax": null, "province": "BIZKAIA", "tmed": "11,4", "tmin": "9,8", "presmax": null, "presmin": null, "hourpresmin": null, "date": "1997-04-19", "name": "MACHICHACO", "gust": "11,9", "tmax": "12,9", "longitude": 24510, "avgspeed": "5,8", "dir": "11"}, {"code": "1057B", "hourtmin": "Varias", "hourgust": "21:30", "hourtmax": "19:40", "sun": null, "altitude": "93", "prec": "0,0", "latitude": 432714, "hourpresmax": null, "province": "BIZKAIA", "tmed": "12,0", "tmin": "11,1", "presmax": null, "presmin": null, "hourpresmin": null, "date": "1997-04-20", "name": "MACHICHACO", "gust": "17,2", "tmax": "13,0", "longitude": 24510, "avgspeed": "9,7", "dir": "08"}, {"code": "1057B", "hourtmin": "06:00", "hourgust": "00:20", "hourtmax": "Varias", "sun": null, "altitude": "93", "prec": "0,0", "latitude": 432714, "hourpresmax": null, "province": "BIZKAIA", "tmed": "10,4", "tmin": "9,3", "presmax": null, "presmin": null, "hourpresmin": null, "date": "1997-04-21", "name": "MACHICHACO", "gust": "15,6", "tmax": "11,6", "longitude": 24510, "avgspeed": "5,3", "dir": "10"}, {"code": "1057B", "hourtmin": "Varias", "hourgust": "03:30", "hourtmax": "Varias", "sun": null, "altitude": "93", "prec": "0,0", "latitude": 432714, "hourpresmax": null, "province": "BIZKAIA", "tmed": "10,8", "tmin": "8,1", "presmax": null, "presmin": null, "hourpresmin": null, "date": "1997-04-22", "name": "MACHICHACO", "gust": "9,4", "tmax": "13,4", "longitude": 24510, "avgspeed": "3,1", "dir": "26"}, {"code": "1057B", "hourtmin": "00:50", "hourgust": "17:40", "hourtmax": "14:30", "sun": null, "altitude": "93", "prec": "0,0", "latitude": 432714, "hourpresmax": null, "province": "BIZKAIA", "tmed": "10,4", "tmin": "7,0", "presmax": null, "presmin": null, "hourpresmin": null, "date": "1997-04-23", "name": "MACHICHACO", "gust": "8,9", "tmax": "13,8", "longitude": 24510, "avgspeed": "3,3", "dir": "12"}, {"code": "1057B", "hourtmin": "04:00", "hourgust": "15:30", "hourtmax": "12:40", "sun": null, "altitude": "93", "latitude": 432714, "hourpresmax": null, "province": "BIZKAIA", "tmed": "11,8", "tmin": "8,9", "presmax": null, "presmin": null, "hourpresmin": null, "date": "1997-04-24", "name": "MACHICHACO", "gust": "8,9", "tmax": "14,7", "longitude": 24510, "avgspeed": "2,8", "dir": "12"}, {"code": "1057B", "hourtmin": "Varias", "hourgust": "06:10", "hourtmax": "Varias", "sun": null, "altitude": "93", "prec": "7,3", "latitude": 432714, "hourpresmax": null, "province": "BIZKAIA", "tmed": "13,4", "tmin": "12,8", "presmax": null, "presmin": null, "hourpresmin": null, "date": "1997-04-27", "name": "MACHICHACO", "gust": "22,2", "tmax": "13,9", "longitude": 24510, "avgspeed": "13,1", "dir": "29"}, {"code": "1057B", "hourtmin": "00:25", "hourgust": "03:50", "hourtmax": "12:05", "sun": null, "altitude": "93", "prec": "3,3", "latitude": 432714, "hourpresmax": null, "province": "BIZKAIA", "tmed": "14,6", "tmin": "13,6", "presmax": null, "presmin": null, "hourpresmin": null, "date": "1997-04-28", "name": "MACHICHACO", "gust": "20,3", "tmax": "15,6", "longitude": 24510, "avgspeed": "10,8", "dir": "29"}, {"code": "1057B", "hourtmin": "Varias", "hourgust": "01:40", "hourtmax": "14:10", "sun": null, "altitude": "93", "prec": "0,0", "latitude": 432714, "hourpresmax": null, "province": "BIZKAIA", "tmed": "13,2", "tmin": "11,1", "presmax": null, "presmin": null, "hourpresmin": null, "date": "1997-04-29", "name": "MACHICHACO", "gust": "15,3", "tmax": "15,2", "longitude": 24510, "avgspeed": "3,3", "dir": "29"}, {"code": "1057B", "hourtmin": "05:00", "hourgust": "17:40", "hourtmax": "10:10", "sun": null, "altitude": "93", "prec": "0,0", "latitude": 432714, "hourpresmax": null, "province": "BIZKAIA", "tmed": "12,2", "tmin": "9,8", "presmax": null, "presmin": null, "hourpresmin": null, "date": "1997-04-30", "name": "MACHICHACO", "gust": "10,3", "tmax": "14,6", "longitude": 24510, "avgspeed": "5,0", "dir": "10"}, {"code": "1057B", "hourtmin": "00:50", "hourgust": "13:00", "hourtmax": "20:00", "sun": null, "altitude": "93", "prec": "0,0", "latitude": 432714, "hourpresmax": null, "province": "BIZKAIA", "tmed": "15,0", "tmin": "11,4", "presmax": null, "presmin": null, "hourpresmin": null, "date": "1997-05-01", "name": "MACHICHACO", "gust": "11,9", "tmax": "18,6", "longitude": 24510, "avgspeed": "6,4", "dir": "14"}, {"code": "1057B", "hourtmin": "03:05", "hourgust": "07:50", "hourtmax": "Varias", "sun": null, "altitude": "93", "prec": "0,0", "latitude": 432714, "hourpresmax": null, "province": "BIZKAIA", "tmed": "22,0", "tmin": "15,2", "presmax": null, "presmin": null, "hourpresmin": null, "date": "1997-05-02", "name": "MACHICHACO", "gust": "17,8", "tmax": "28,7", "longitude": 24510, "avgspeed": "8,1", "dir": "21"}, {"code": "1057B", "hourtmin": "23:50", "hourgust": "00:50", "hourtmax": "08:40", "sun": null, "altitude": "93", "prec": "0,0", "latitude": 432714, "hourpresmax": null, "province": "BIZKAIA", "tmed": "16,6", "tmin": "13,7", "presmax": null, "presmin": null, "hourpresmin": null, "date": "1997-05-03", "name": "MACHICHACO", "gust": "12,5", "tmax": "19,5", "longitude": 24510, "avgspeed": "4,2", "dir": "29"}, {"code": "1057B", "hourtmin": "03:50", "hourgust": "16:00", "hourtmax": "14:00", "sun": null, "altitude": "93", "prec": "3,6", "latitude": 432714, "hourpresmax": null, "province": "BIZKAIA", "tmed": "16,4", "tmin": "13,3", "presmax": null, "presmin": null, "hourpresmin": null, "date": "1997-05-04", "name": "MACHICHACO", "gust": "10,8", "tmax": "19,6", "longitude": 24510, "avgspeed": "3,9", "dir": "12"}, {"code": "1057B", "hourtmin": "21:30", "hourgust": "20:20", "hourtmax": "12:40", "sun": null, "altitude": "93", "prec": "12,3", "latitude": 432714, "hourpresmax": null, "province": "BIZKAIA", "tmed": "15,2", "tmin": "9,8", "presmax": null, "presmin": null, "hourpresmin": null, "date": "1997-05-05", "name": "MACHICHACO", "gust": "33,9", "tmax": "20,5", "longitude": 24510, "avgspeed": "3,6", "dir": "29"}, {"code": "1057B", "hourtmin": "21:25", "hourgust": "Varias", "hourtmax": "Varias", "sun": null, "altitude": "93", "prec": "19,2", "latitude": 432714, "hourpresmax": null, "province": "BIZKAIA", "tmed": "9,8", "tmin": "7,7", "presmax": null, "presmin": null, "hourpresmin": null, "date": "1997-05-06", "name": "MACHICHACO", "gust": "27,2", "tmax": "12,0", "longitude": 24510, "avgspeed": "12,8", "dir": "29"}, {"code": "1057B", "hourtmin": "14:10", "hourgust": "09:30", "hourtmax": "01:00", "sun": null, "altitude": "93", "prec": "28,0", "latitude": 432714, "hourpresmax": null, "province": "BIZKAIA", "tmed": "8,4", "tmin": "6,5", "presmax": null, "presmin": null, "hourpresmin": null, "date": "1997-05-07", "name": "MACHICHACO", "gust": "27,2", "tmax": "10,3", "longitude": 24510, "avgspeed": "10,3", "dir": "29"}, {"code": "1057B", "hourtmin": "03:00", "hourgust": "11:40", "hourtmax": "18:20", "sun": null, "altitude": "93", "prec": "0,3", "latitude": 432714, "hourpresmax": null, "province": "BIZKAIA", "tmed": "10,4", "tmin": "6,9", "presmax": null, "presmin": null, "hourpresmin": null, "date": "1997-05-08", "name": "MACHICHACO", "gust": "25,3", "tmax": "13,8", "longitude": 24510, "avgspeed": "8,1", "dir": "28"}, {"code": "1057B", "hourtmin": "23:45", "hourgust": "10:30", "hourtmax": "Varias", "sun": null, "altitude": "93", "prec": "0,5", "latitude": 432714, "hourpresmax": null, "province": "BIZKAIA", "tmed": "12,4", "tmin": "11,1", "presmax": null, "presmin": null, "hourpresmin": null, "date": "1997-05-09", "name": "MACHICHACO", "gust": "16,4", "tmax": "13,8", "longitude": 24510, "avgspeed": "5,6", "dir": "29"}, {"code": "1057B", "hourtmin": "00:15", "hourgust": "11:50", "hourtmax": "10:40", "sun": null, "altitude": "93", "prec": "0,0", "latitude": 432714, "hourpresmax": null, "province": "BIZKAIA", "tmed": "14,0", "tmin": "11,5", "presmax": null, "presmin": null, "hourpresmin": null, "date": "1997-05-10", "name": "MACHICHACO", "gust": "7,5", "tmax": "16,6", "longitude": 24510, "avgspeed": "1,7", "dir": "27"}, {"code": "1057B", "hourtmin": "21:35", "hourgust": "08:20", "hourtmax": "12:20", "sun": null, "altitude": "93", "prec": "1,1", "latitude": 432714, "hourpresmax": null, "province": "BIZKAIA", "tmed": "11,7", "tmin": "9,8", "presmax": null, "presmin": null, "hourpresmin": null, "date": "1997-05-11", "name": "MACHICHACO", "gust": "15,3", "tmax": "13,6", "longitude": 24510, "avgspeed": "5,0", "dir": "30"}, {"code": "1057B", "hourtmin": "04:20", "hourgust": "15:00", "hourtmax": "Varias", "sun": null, "altitude": "93", "prec": "0,0", "latitude": 432714, "hourpresmax": null, "province": "BIZKAIA", "tmed": "11,8", "tmin": "9,0", "presmax": null, "presmin": null, "hourpresmin": null, "date": "1997-05-12", "name": "MACHICHACO", "gust": "7,5", "tmax": "14,7", "longitude": 24510, "avgspeed": "3,9", "dir": "10"}, {"code": "1057B", "hourtmin": "Varias", "hourgust": "11:30", "hourtmax": "08:40", "sun": null, "altitude": "93", "prec": "6,0", "latitude": 432714, "hourpresmax": null, "province": "BIZKAIA", "tmed": "12,8", "tmin": "11,9", "presmax": null, "presmin": null, "hourpresmin": null, "date": "1997-05-13", "name": "MACHICHACO", "gust": "11,7", "tmax": "13,8", "longitude": 24510, "avgspeed": "4,7", "dir": "29"}, {"code": "1057B", "hourtmin": "07:15", "hourgust": "10:00", "hourtmax": "Varias", "sun": null, "altitude": "93", "prec": "4,8", "latitude": 432714, "hourpresmax": null, "province": "BIZKAIA", "tmed": "12,2", "tmin": "11,1", "presmax": null, "presmin": null, "hourpresmin": null, "date": "1997-05-14", "name": "MACHICHACO", "gust": "7,5", "tmax": "13,2", "longitude": 24510, "avgspeed": "2,8", "dir": "26"}, {"code": "1057B", "hourtmin": "05:20", "hourgust": "17:30", "hourtmax": "15:00", "sun": null, "altitude": "93", "prec": "0,0", "latitude": 432714, "hourpresmax": null, "province": "BIZKAIA", "tmed": "15,2", "tmin": "11,9", "presmax": null, "presmin": null, "hourpresmin": null, "date": "1997-05-15", "name": "MACHICHACO", "gust": "15,3", "tmax": "18,5", "longitude": 24510, "avgspeed": "6,1", "dir": "28"}, {"code": "1057B", "hourtmin": "04:40", "hourgust": "15:40", "hourtmax": "10:40", "sun": null, "altitude": "93", "prec": "2,4", "latitude": 432714, "hourpresmax": null, "province": "BIZKAIA", "tmed": "15,4", "tmin": "13,3", "presmax": null, "presmin": null, "hourpresmin": null, "date": "1997-05-16", "name": "MACHICHACO", "gust": "15,8", "tmax": "17,6", "longitude": 24510, "avgspeed": "0,8", "dir": "27"}, {"code": "1057B", "hourtmin": "22:00", "hourgust": "10:50", "hourtmax": "16:05", "sun": null, "altitude": "93", "prec": "0,3", "latitude": 432714, "hourpresmax": null, "province": "BIZKAIA", "tmed": "13,5", "tmin": "12,0", "presmax": null, "presmin": null, "hourpresmin": null, "date": "1997-05-17", "name": "MACHICHACO", "gust": "13,9", "tmax": "15,0", "longitude": 24510, "avgspeed": "6,7", "dir": "29"}, {"code": "1057B", "hourtmin": "02:40", "hourgust": "23:40", "hourtmax": "16:10", "sun": null, "altitude": "93", "prec": "2,2", "latitude": 432714, "hourpresmax": null, "province": "BIZKAIA", "tmed": "17,4", "tmin": "11,1", "presmax": null, "presmin": null, "hourpresmin": null, "date": "1997-05-18", "name": "MACHICHACO", "gust": "11,1", "tmax": "23,7", "longitude": 24510, "avgspeed": "1,9", "dir": "25"}, {"code": "1057B", "hourtmin": "23:50", "hourgust": "19:50", "hourtmax": "14:10", "sun": null, "altitude": "93", "prec": "1,0", "latitude": 432714, "hourpresmax": null, "province": "BIZKAIA", "tmed": "17,3", "tmin": "12,4", "presmax": null, "presmin": null, "hourpresmin": null, "date": "1997-05-19", "name": "MACHICHACO", "gust": "23,9", "tmax": "22,2", "longitude": 24510, "avgspeed": "1,9", "dir": "29"}, {"code": "1057B", "hourtmin": "04:00", "hourgust": "20:30", "hourtmax": "14:25", "sun": null, "altitude": "93", "prec": "0,7", "latitude": 432714, "hourpresmax": null, "province": "BIZKAIA", "tmed": "14,0", "tmin": "10,9", "presmax": null, "presmin": null, "hourpresmin": null, "date": "1997-05-20", "name": "MACHICHACO", "gust": "9,7", "tmax": "17,1", "longitude": 24510, "avgspeed": "2,8", "dir": "26"}, {"code": "1057B", "hourtmin": "21:30", "hourgust": "08:40", "hourtmax": "13:05", "sun": null, "altitude": "93", "prec": "0,0", "latitude": 432714, "hourpresmax": null, "province": "BIZKAIA", "tmed": "14,4", "tmin": "12,6", "presmax": null, "presmin": null, "hourpresmin": null, "date": "1997-05-21", "name": "MACHICHACO", "gust": "10,6", "tmax": "16,1", "longitude": 24510, "avgspeed": "5,3", "dir": "28"}, {"code": "1057B", "hourtmin": "04:50", "hourgust": "13:30", "hourtmax": "10:20", "sun": null, "altitude": "93", "prec": "0,0", "latitude": 432714, "hourpresmax": null, "province": "BIZKAIA", "tmed": "14,2", "tmin": "11,7", "presmax": null, "presmin": null, "hourpresmin": null, "date": "1997-05-22", "name": "MACHICHACO", "gust": "9,7", "tmax": "16,6", "longitude": 24510, "avgspeed": "5,6", "dir": "12"}, {"code": "1057B", "hourtmin": "01:45", "hourgust": "19:10", "hourtmax": "15:50", "sun": null, "altitude": "93", "prec": "1,0", "latitude": 432714, "hourpresmax": null, "province": "BIZKAIA", "tmed": "18,2", "tmin": "14,3", "presmax": null, "presmin": null, "hourpresmin": null, "date": "1997-05-23", "name": "MACHICHACO", "gust": "12,2", "tmax": "22,1", "longitude": 24510, "avgspeed": "2,8", "dir": "27"}, {"code": "1057B", "hourtmin": "Varias", "hourgust": "12:30", "hourtmax": "14:30", "sun": null, "altitude": "93", "prec": "0,0", "latitude": 432714, "hourpresmax": null, "province": "BIZKAIA", "tmed": "17,6", "tmin": "14,7", "presmax": null, "presmin": null, "hourpresmin": null, "date": "1997-05-24", "name": "MACHICHACO", "gust": "10,0", "tmax": "20,6", "longitude": 24510, "avgspeed": "4,2", "dir": "15"}, {"code": "1057B", "hourtmin": "14:30", "hourgust": "05:30", "hourtmax": "10:00", "sun": null, "altitude": "93", "prec": "0,0", "latitude": 432714, "hourpresmax": null, "province": "BIZKAIA", "tmed": "18,4", "tmin": "16,3", "presmax": null, "presmin": null, "hourpresmin": null, "date": "1997-05-25", "name": "MACHICHACO", "gust": "9,7", "tmax": "20,5", "longitude": 24510, "avgspeed": "4,7", "dir": "12"}, {"code": "1057B", "hourtmin": "20:40", "hourgust": "22:00", "hourtmax": "16:25", "sun": null, "altitude": "93", "prec": "0,0", "latitude": 432714, "hourpresmax": null, "province": "BIZKAIA", "tmed": "19,0", "tmin": "16,5", "presmax": null, "presmin": null, "hourpresmin": null, "date": "1997-05-26", "name": "MACHICHACO", "gust": "11,1", "tmax": "21,6", "longitude": 24510, "avgspeed": "2,5", "dir": "27"}, {"code": "1057B", "hourtmin": "Varias", "hourgust": "19:10", "hourtmax": "15:10", "sun": null, "altitude": "93", "prec": "5,8", "latitude": 432714, "hourpresmax": null, "province": "BIZKAIA", "tmed": "18,9", "tmin": "16,1", "presmax": null, "presmin": null, "hourpresmin": null, "date": "1997-05-27", "name": "MACHICHACO", "gust": "11,1", "tmax": "21,7", "longitude": 24510, "avgspeed": "3,3", "dir": "17"}, {"code": "1057B", "hourtmin": "05:05", "hourgust": "22:20", "hourtmax": "09:55", "sun": null, "altitude": "93", "prec": "0,0", "latitude": 432714, "hourpresmax": null, "province": "BIZKAIA", "tmed": "17,8", "tmin": "14,7", "presmax": null, "presmin": null, "hourpresmin": null, "date": "1997-05-28", "name": "MACHICHACO", "gust": "6,9", "tmax": "21,0", "longitude": 24510, "avgspeed": "3,3", "dir": "27"}, {"code": "1057B", "hourtmin": "04:05", "hourgust": "18:10", "hourtmax": "14:05", "sun": null, "altitude": "93", "prec": "0,1", "latitude": 432714, "hourpresmax": null, "province": "BIZKAIA", "tmed": "18,5", "tmin": "15,6", "presmax": null, "presmin": null, "hourpresmin": null, "date": "1997-05-29", "name": "MACHICHACO", "gust": "9,7", "tmax": "21,4", "longitude": 24510, "avgspeed": "4,7", "dir": "27"}, {"code": "1057B", "hourtmin": "00:50", "hourgust": "04:30", "hourtmax": "13:50", "sun": null, "altitude": "93", "prec": "0,6", "latitude": 432714, "hourpresmax": null, "province": "BIZKAIA", "tmed": "20,6", "tmin": "17,0", "presmax": null, "presmin": null, "hourpresmin": null, "date": "1997-05-30", "name": "MACHICHACO", "gust": "10,3", "tmax": "24,2", "longitude": 24510, "avgspeed": "2,5", "dir": "11"}, {"code": "1057B", "hourtmin": "Varias", "hourgust": "21:40", "hourtmax": "09:10", "sun": null, "altitude": "93", "prec": "8,5", "latitude": 432714, "hourpresmax": null, "province": "BIZKAIA", "tmed": "18,6", "tmin": "16,1", "presmax": null, "presmin": null, "hourpresmin": null, "date": "1997-05-31", "name": "MACHICHACO", "gust": "11,4", "tmax": "21,0", "longitude": 24510, "avgspeed": "3,3", "dir": "29"}, {"code": "1057B", "hourtmin": "Varias", "hourgust": "09:10", "hourtmax": "00:00", "sun": null, "altitude": "93", "prec": "8,4", "latitude": 432714, "hourpresmax": null, "province": "BIZKAIA", "tmed": "15,2", "tmin": "14,2", "presmax": null, "presmin": null, "hourpresmin": null, "date": "1997-06-01", "name": "MACHICHACO", "gust": "21,1", "tmax": "16,1", "longitude": 24510, "avgspeed": "11,7", "dir": "29"}, {"code": "1057B", "hourtmin": null, "hourgust": "02:00", "hourtmax": null, "sun": null, "altitude": "93", "prec": "1,5", "latitude": 432714, "hourpresmax": null, "province": "BIZKAIA", "presmax": null, "presmin": null, "hourpresmin": null, "date": "1997-06-02", "name": "MACHICHACO", "gust": "11,9", "longitude": 24510, "avgspeed": "3,3", "dir": "30"}, {"code": "1057B", "hourtmin": "00:30", "hourgust": "17:10", "hourtmax": "13:10", "sun": null, "altitude": "93", "prec": "5,3", "latitude": 432714, "hourpresmax": null, "province": "BIZKAIA", "tmed": "15,8", "tmin": "12,9", "presmax": null, "presmin": null, "hourpresmin": null, "date": "1997-06-03", "name": "MACHICHACO", "gust": "10,3", "tmax": "18,6", "longitude": 24510, "avgspeed": "3,9", "dir": "14"}, {"code": "1057B", "hourtmin": "Varias", "hourgust": "04:00", "hourtmax": "00:45", "sun": null, "altitude": "93", "prec": "31,5", "latitude": 432714, "hourpresmax": null, "province": "BIZKAIA", "tmed": "15,8", "tmin": "14,2", "presmax": null, "presmin": null, "hourpresmin": null, "date": "1997-06-04", "name": "MACHICHACO", "gust": "12,8", "tmax": "17,5", "longitude": 24510, "avgspeed": "5,3", "dir": "29"}, {"code": "1057B", "hourtmin": "00:00", "hourgust": "23:40", "hourtmax": "21:00", "sun": null, "altitude": "93", "prec": "0,0", "latitude": 432714, "hourpresmax": null, "province": "BIZKAIA", "tmed": "18,2", "tmin": "14,3", "presmax": null, "presmin": null, "hourpresmin": null, "date": "1997-06-05", "name": "MACHICHACO", "gust": "13,9", "tmax": "22,0", "longitude": 24510, "avgspeed": "2,8", "dir": "23"}, {"code": "1057B", "hourtmin": "21:50", "hourgust": "21:50", "hourtmax": "15:00", "sun": null, "altitude": "93", "prec": "11,1", "latitude": 432714, "hourpresmax": null, "province": "BIZKAIA", "tmed": "23,2", "tmin": "17,0", "presmax": null, "presmin": null, "hourpresmin": null, "date": "1997-06-06", "name": "MACHICHACO", "gust": "17,8", "tmax": "29,3", "longitude": 24510, "avgspeed": "0,8", "dir": "28"}, {"code": "1057B", "hourtmin": "21:10", "hourgust": "17:20", "hourtmax": "13:30", "sun": null, "altitude": "93", "prec": "1,1", "latitude": 432714, "hourpresmax": null, "province": "BIZKAIA", "tmed": "19,6", "tmin": "14,7", "presmax": null, "presmin": null, "hourpresmin": null, "date": "1997-06-07", "name": "MACHICHACO", "gust": "17,2", "tmax": "24,5", "longitude": 24510, "avgspeed": "5,0", "dir": "29"}, {"code": "1057B", "hourtmin": "00:50", "hourgust": "05:00", "hourtmax": "09:25", "sun": null, "altitude": "93", "prec": "0,0", "latitude": 432714, "hourpresmax": null, "province": "BIZKAIA", "tmed": "18,4", "tmin": "15,1", "presmax": null, "presmin": null, "hourpresmin": null, "date": "1997-06-08", "name": "MACHICHACO", "gust": "13,6", "tmax": "21,6", "longitude": 24510, "avgspeed": "3,9", "dir": "21"}, {"code": "1057B", "hourtmin": "04:40", "hourgust": "Varias", "hourtmax": "15:10", "sun": null, "altitude": "93", "prec": "0,0", "latitude": 432714, "hourpresmax": null, "province": "BIZKAIA", "tmed": "19,9", "tmin": "15,6", "presmax": null, "presmin": null, "hourpresmin": null, "date": "1997-06-09", "name": "MACHICHACO", "gust": "8,3", "tmax": "24,2", "longitude": 24510, "avgspeed": "4,4", "dir": "13"}, {"code": "1057B", "hourtmin": "15:00", "hourgust": "23:20", "hourtmax": "11:20", "sun": null, "altitude": "93", "prec": "9,0", "latitude": 432714, "hourpresmax": null, "province": "BIZKAIA", "tmed": "21,0", "tmin": "17,1", "presmax": null, "presmin": null, "hourpresmin": null, "date": "1997-06-10", "name": "MACHICHACO", "gust": "10,8", "tmax": "25,0", "longitude": 24510, "avgspeed": "3,9", "dir": "23"}, {"code": "1057B", "hourtmin": "Varias", "hourgust": "05:30", "hourtmax": "13:00", "sun": null, "altitude": "93", "prec": "0,0", "latitude": 432714, "hourpresmax": null, "province": "BIZKAIA", "tmed": "20,6", "tmin": "17,0", "presmax": null, "presmin": null, "hourpresmin": null, "date": "1997-06-11", "name": "MACHICHACO", "gust": "14,7", "tmax": "24,3", "longitude": 24510, "avgspeed": "4,7", "dir": "23"}, {"code": "1057B", "hourtmin": "23:10", "hourgust": "23:30", "hourtmax": "Varias", "sun": null, "altitude": "93", "prec": "0,0", "latitude": 432714, "hourpresmax": null, "province": "BIZKAIA", "tmed": "18,0", "tmin": "16,5", "presmax": null, "presmin": null, "hourpresmin": null, "date": "1997-06-12", "name": "MACHICHACO", "gust": "8,3", "tmax": "19,5", "longitude": 24510, "avgspeed": "4,2", "dir": "12"}, {"code": "1057B", "hourtmin": "22:10", "hourgust": "08:30", "hourtmax": "08:10", "sun": null, "altitude": "93", "prec": "0,5", "latitude": 432714, "hourpresmax": null, "province": "BIZKAIA", "tmed": "18,6", "tmin": "15,6", "presmax": null, "presmin": null, "hourpresmin": null, "date": "1997-06-13", "name": "MACHICHACO", "gust": "17,8", "tmax": "21,6", "longitude": 24510, "avgspeed": "5,0", "dir": "29"}, {"code": "1057B", "hourtmin": "07:05", "hourgust": "01:50", "hourtmax": "14:50", "sun": null, "altitude": "93", "prec": "0,1", "latitude": 432714, "hourpresmax": null, "province": "BIZKAIA", "tmed": "16,2", "tmin": "14,7", "presmax": null, "presmin": null, "hourpresmin": null, "date": "1997-06-14", "name": "MACHICHACO", "gust": "12,5", "tmax": "17,6", "longitude": 24510, "avgspeed": "3,9", "dir": "28"}, {"code": "1057B", "hourtmin": "03:50", "hourgust": "10:40", "hourtmax": "Varias", "sun": null, "altitude": "93", "prec": "0,0", "latitude": 432714, "hourpresmax": null, "province": "BIZKAIA", "tmed": "16,4", "tmin": "14,2", "presmax": null, "presmin": null, "hourpresmin": null, "date": "1997-06-15", "name": "MACHICHACO", "gust": "8,9", "tmax": "18,5", "longitude": 24510, "avgspeed": "3,9", "dir": "11"}, {"code": "1057B", "hourtmin": "20:30", "hourgust": "09:50", "hourtmax": "08:40", "sun": null, "altitude": "93", "prec": "1,8", "latitude": 432714, "hourpresmax": null, "province": "BIZKAIA", "tmed": "15,4", "tmin": "13,7", "presmax": null, "presmin": null, "hourpresmin": null, "date": "1997-06-16", "name": "MACHICHACO", "gust": "13,9", "tmax": "17,1", "longitude": 24510, "avgspeed": "4,7", "dir": "29"}, {"code": "1057B", "hourtmin": "Varias", "hourgust": "09:10", "hourtmax": "14:10", "sun": null, "altitude": "93", "prec": "0,0", "latitude": 432714, "hourpresmax": null, "province": "BIZKAIA", "tmed": "16,8", "tmin": "15,1", "presmax": null, "presmin": null, "hourpresmin": null, "date": "1997-06-17", "name": "MACHICHACO", "gust": "10,6", "tmax": "18,5", "longitude": 24510, "avgspeed": "3,3", "dir": "29"}, {"code": "1057B", "hourtmin": "03:50", "hourgust": "04:40", "hourtmax": "16:35", "sun": null, "altitude": "93", "prec": "0,0", "latitude": 432714, "hourpresmax": null, "province": "BIZKAIA", "tmed": "16,4", "tmin": "14,2", "presmax": null, "presmin": null, "hourpresmin": null, "date": "1997-06-18", "name": "MACHICHACO", "gust": "9,2", "tmax": "18,5", "longitude": 24510, "avgspeed": "4,2", "dir": "27"}, {"code": "1057B", "hourtmin": "21:30", "hourgust": "13:30", "hourtmax": "16:40", "sun": null, "altitude": "93", "prec": "0,0", "latitude": 432714, "hourpresmax": null, "province": "BIZKAIA", "tmed": "16,1", "tmin": "14,7", "presmax": null, "presmin": null, "hourpresmin": null, "date": "1997-06-19", "name": "MACHICHACO", "gust": "14,2", "tmax": "17,5", "longitude": 24510, "avgspeed": "8,1", "dir": "29"}, {"code": "1057B", "hourtmin": "04:10", "hourgust": "00:00", "hourtmax": "12:50", "sun": null, "altitude": "93", "prec": "1,5", "latitude": 432714, "hourpresmax": null, "province": "BIZKAIA", "tmed": "16,8", "tmin": "14,6", "presmax": null, "presmin": null, "hourpresmin": null, "date": "1997-06-20", "name": "MACHICHACO", "gust": "8,6", "tmax": "19,0", "longitude": 24510, "avgspeed": "1,9", "dir": "27"}, {"code": "1057B", "hourtmin": "Varias", "hourgust": "07:00", "hourtmax": "00:20", "sun": null, "altitude": "93", "prec": "6,5", "latitude": 432714, "hourpresmax": null, "province": "BIZKAIA", "tmed": "15,4", "tmin": "13,3", "presmax": null, "presmin": null, "hourpresmin": null, "date": "1997-06-21", "name": "MACHICHACO", "gust": "16,7", "tmax": "17,6", "longitude": 24510, "avgspeed": "9,2", "dir": "30"}, {"code": "1057B", "hourtmin": "Varias", "hourgust": "06:10", "hourtmax": "17:05", "sun": null, "altitude": "93", "prec": "3,7", "latitude": 432714, "hourpresmax": null, "province": "BIZKAIA", "tmed": "15,1", "tmin": "13,7", "presmax": null, "presmin": null, "hourpresmin": null, "date": "1997-06-22", "name": "MACHICHACO", "gust": "25,0", "tmax": "16,5", "longitude": 24510, "avgspeed": "14,7", "dir": "29"}, {"code": "1057B", "hourtmin": "11:30", "hourgust": "08:30", "hourtmax": "Varias", "sun": null, "altitude": "93", "prec": "4,4", "latitude": 432714, "hourpresmax": null, "province": "BIZKAIA", "tmed": "15,2", "tmin": "13,7", "presmax": null, "presmin": null, "hourpresmin": null, "date": "1997-06-23", "name": "MACHICHACO", "gust": "17,5", "tmax": "16,6", "longitude": 24510, "avgspeed": "8,1", "dir": "29"}, {"code": "1057B", "hourtmin": "Varias", "hourgust": "17:30", "hourtmax": "13:20", "sun": null, "altitude": "93", "prec": "0,0", "latitude": 432714, "hourpresmax": null, "province": "BIZKAIA", "tmed": "15,6", "tmin": "13,7", "presmax": null, "presmin": null, "hourpresmin": null, "date": "1997-06-24", "name": "MACHICHACO", "gust": "6,7", "tmax": "17,6", "longitude": 24510, "avgspeed": "3,1", "dir": "10"}, {"code": "1057B", "hourtmin": null, "hourgust": "23:50", "hourtmax": null, "sun": null, "altitude": "93", "prec": "3,6", "latitude": 432714, "hourpresmax": null, "province": "BIZKAIA", "presmax": null, "presmin": null, "hourpresmin": null, "date": "1997-06-25", "name": "MACHICHACO", "gust": "15,8", "longitude": 24510, "avgspeed": "6,9", "dir": "28"}, {"code": "1057B", "hourtmin": null, "hourgust": "13:40", "hourtmax": null, "sun": null, "altitude": "93", "prec": "3,0", "latitude": 432714, "hourpresmax": null, "province": "BIZKAIA", "presmax": null, "presmin": null, "hourpresmin": null, "date": "1997-06-26", "name": "MACHICHACO", "gust": "23,9", "longitude": 24510, "avgspeed": "13,1", "dir": "30"}, {"code": "1057B", "hourtmin": null, "hourgust": "07:30", "hourtmax": null, "sun": null, "altitude": "93", "prec": "1,1", "latitude": 432714, "hourpresmax": null, "province": "BIZKAIA", "presmax": null, "presmin": null, "hourpresmin": null, "date": "1997-06-27", "name": "MACHICHACO", "gust": "21,9", "longitude": 24510, "avgspeed": "10,8", "dir": "29"}, {"code": "1057B", "hourtmin": null, "hourgust": "23:10", "hourtmax": null, "sun": null, "altitude": "93", "prec": "35,5", "latitude": 432714, "hourpresmax": null, "province": "BIZKAIA", "presmax": null, "presmin": null, "hourpresmin": null, "date": "1997-06-28", "name": "MACHICHACO", "gust": "17,8", "longitude": 24510, "avgspeed": "1,1", "dir": "29"}, {"code": "1057B", "hourtmin": null, "hourgust": "03:50", "hourtmax": null, "sun": null, "altitude": "93", "prec": "3,4", "latitude": 432714, "hourpresmax": null, "province": "BIZKAIA", "presmax": null, "presmin": null, "hourpresmin": null, "date": "1997-06-29", "name": "MACHICHACO", "gust": "23,3", "longitude": 24510, "avgspeed": "14,4", "dir": "30"}, {"code": "1057B", "hourtmin": null, "hourgust": "13:10", "hourtmax": null, "sun": null, "altitude": "93", "prec": "0,4", "latitude": 432714, "hourpresmax": null, "province": "BIZKAIA", "presmax": null, "presmin": null, "hourpresmin": null, "date": "1997-06-30", "name": "MACHICHACO", "gust": "21,4", "longitude": 24510, "avgspeed": "11,7", "dir": "29"}, {"code": "1057B", "hourtmin": null, "hourgust": "01:00", "hourtmax": null, "sun": null, "altitude": "93", "prec": "19,2", "latitude": 432714, "hourpresmax": null, "province": "BIZKAIA", "presmax": null, "presmin": null, "hourpresmin": null, "date": "1997-07-01", "name": "MACHICHACO", "gust": "8,3", "longitude": 24510, "avgspeed": "2,2", "dir": "28"}, {"code": "1057B", "hourtmin": null, "hourgust": "05:00", "hourtmax": null, "sun": null, "altitude": "93", "prec": "2,3", "latitude": 432714, "hourpresmax": null, "province": "BIZKAIA", "presmax": null, "presmin": null, "hourpresmin": null, "date": "1997-07-02", "name": "MACHICHACO", "gust": "15,3", "longitude": 24510, "avgspeed": "6,4", "dir": "29"}, {"code": "1057B", "hourtmin": null, "hourgust": "10:20", "hourtmax": null, "sun": null, "altitude": "93", "prec": "4,1", "latitude": 432714, "hourpresmax": null, "province": "BIZKAIA", "presmax": null, "presmin": null, "hourpresmin": null, "date": "1997-07-03", "name": "MACHICHACO", "gust": "12,5", "longitude": 24510, "avgspeed": "3,3", "dir": "30"}, {"code": "1057B", "hourtmin": null, "hourgust": "14:30", "hourtmax": null, "sun": null, "altitude": "93", "prec": "3,0", "latitude": 432714, "hourpresmax": null, "province": "BIZKAIA", "presmax": null, "presmin": null, "hourpresmin": null, "date": "1997-07-04", "name": "MACHICHACO", "gust": "17,8", "longitude": 24510, "avgspeed": "9,4", "dir": "29"}, {"code": "1057B", "hourtmin": null, "hourgust": "Varias", "hourtmax": null, "sun": null, "altitude": "93", "prec": "0,5", "latitude": 432714, "hourpresmax": null, "province": "BIZKAIA", "presmax": null, "presmin": null, "hourpresmin": null, "date": "1997-07-05", "name": "MACHICHACO", "gust": "12,8", "longitude": 24510, "avgspeed": "5,8", "dir": "30"}, {"code": "1057B", "hourtmin": null, "hourgust": "Varias", "hourtmax": null, "sun": null, "altitude": "93", "prec": "0,0", "latitude": 432714, "hourpresmax": null, "province": "BIZKAIA", "presmax": null, "presmin": null, "hourpresmin": null, "date": "1997-07-06", "name": "MACHICHACO", "gust": "6,1", "longitude": 24510, "avgspeed": "3,3", "dir": "10"}, {"code": "1057B", "hourtmin": null, "hourgust": "11:20", "hourtmax": null, "sun": null, "altitude": "93", "prec": "0,0", "latitude": 432714, "hourpresmax": null, "province": "BIZKAIA", "presmax": null, "presmin": null, "hourpresmin": null, "date": "1997-07-07", "name": "MACHICHACO", "gust": "7,5", "longitude": 24510, "avgspeed": "2,2", "dir": "12"}, {"code": "1057B", "hourtmin": null, "hourgust": "14:30", "hourtmax": null, "sun": null, "altitude": "93", "prec": "0,0", "latitude": 432714, "hourpresmax": null, "province": "BIZKAIA", "presmax": null, "presmin": null, "hourpresmin": null, "date": "1997-07-08", "name": "MACHICHACO", "gust": "7,5", "longitude": 24510, "avgspeed": "3,6", "dir": "12"}, {"code": "1057B", "hourtmin": null, "hourgust": "21:50", "hourtmax": null, "sun": null, "altitude": "93", "prec": "8,1", "latitude": 432714, "hourpresmax": null, "province": "BIZKAIA", "presmax": null, "presmin": null, "hourpresmin": null, "date": "1997-07-09", "name": "MACHICHACO", "gust": "13,3", "longitude": 24510, "avgspeed": "6,1", "dir": "28"}, {"code": "1057B", "hourtmin": null, "hourgust": "12:00", "hourtmax": null, "sun": null, "altitude": "93", "prec": "7,4", "latitude": 432714, "hourpresmax": null, "province": "BIZKAIA", "presmax": null, "presmin": null, "hourpresmin": null, "date": "1997-07-10", "name": "MACHICHACO", "gust": "19,7", "longitude": 24510, "avgspeed": "10,8", "dir": "28"}, {"code": "1057B", "hourtmin": null, "hourgust": "00:00", "hourtmax": null, "sun": null, "altitude": "93", "prec": "0,0", "latitude": 432714, "hourpresmax": null, "province": "BIZKAIA", "presmax": null, "presmin": null, "hourpresmin": null, "date": "1997-07-11", "name": "MACHICHACO", "gust": "13,9", "longitude": 24510, "avgspeed": "3,3", "dir": "29"}, {"code": "1057B", "hourtmin": null, "hourgust": "09:00", "hourtmax": null, "sun": null, "altitude": "93", "prec": "2,9", "latitude": 432714, "hourpresmax": null, "province": "BIZKAIA", "presmax": null, "presmin": null, "hourpresmin": null, "date": "1997-07-12", "name": "MACHICHACO", "gust": "10,0", "longitude": 24510, "avgspeed": "5,3", "dir": "12"}, {"code": "1057B", "hourtmin": null, "hourgust": "23:20", "hourtmax": null, "sun": null, "altitude": "93", "prec": "3,1", "latitude": 432714, "hourpresmax": null, "province": "BIZKAIA", "presmax": null, "presmin": null, "hourpresmin": null, "date": "1997-07-13", "name": "MACHICHACO", "gust": "12,8", "longitude": 24510, "avgspeed": "2,5", "dir": "29"}, {"code": "1057B", "hourtmin": null, "hourgust": "03:30", "hourtmax": null, "sun": null, "altitude": "93", "prec": "0,1", "latitude": 432714, "hourpresmax": null, "province": "BIZKAIA", "presmax": null, "presmin": null, "hourpresmin": null, "date": "1997-07-14", "name": "MACHICHACO", "gust": "10,0", "longitude": 24510, "avgspeed": "2,2", "dir": "28"}, {"code": "1057B", "hourtmin": null, "hourgust": "10:30", "hourtmax": null, "sun": null, "altitude": "93", "prec": "0,0", "latitude": 432714, "hourpresmax": null, "province": "BIZKAIA", "presmax": null, "presmin": null, "hourpresmin": null, "date": "1997-07-15", "name": "MACHICHACO", "gust": "8,9", "longitude": 24510, "avgspeed": "4,2", "dir": "10"}, {"code": "1057B", "hourtmin": null, "hourgust": "23:50", "hourtmax": null, "sun": null, "altitude": "93", "prec": "93,0", "latitude": 432714, "hourpresmax": null, "province": "BIZKAIA", "presmax": null, "presmin": null, "hourpresmin": null, "date": "1997-07-16", "name": "MACHICHACO", "gust": "16,7", "longitude": 24510, "avgspeed": "6,9", "dir": "30"}, {"code": "1057B", "hourtmin": null, "hourgust": "08:20", "hourtmax": null, "sun": null, "altitude": "93", "prec": "2,9", "latitude": 432714, "hourpresmax": null, "province": "BIZKAIA", "presmax": null, "presmin": null, "hourpresmin": null, "date": "1997-07-17", "name": "MACHICHACO", "gust": "21,7", "longitude": 24510, "avgspeed": "13,1", "dir": "29"}, {"code": "1057B", "hourtmin": null, "hourgust": "06:30", "hourtmax": null, "sun": null, "altitude": "93", "prec": "1,6", "latitude": 432714, "hourpresmax": null, "province": "BIZKAIA", "presmax": null, "presmin": null, "hourpresmin": null, "date": "1997-07-18", "name": "MACHICHACO", "gust": "13,1", "longitude": 24510, "avgspeed": "5,6", "dir": "30"}, {"code": "1057B", "hourtmin": null, "hourgust": "08:00", "hourtmax": null, "sun": null, "altitude": "93", "prec": "0,0", "latitude": 432714, "hourpresmax": null, "province": "BIZKAIA", "presmax": null, "presmin": null, "hourpresmin": null, "date": "1997-07-19", "name": "MACHICHACO", "gust": "5,0", "longitude": 24510, "avgspeed": "2,5", "dir": "26"}, {"code": "1057B", "hourtmin": null, "hourgust": "17:20", "hourtmax": null, "sun": null, "altitude": "93", "prec": "0,0", "latitude": 432714, "hourpresmax": null, "province": "BIZKAIA", "presmax": null, "presmin": null, "hourpresmin": null, "date": "1997-07-20", "name": "MACHICHACO", "gust": "7,5", "longitude": 24510, "avgspeed": "2,5", "dir": "22"}, {"code": "1057B", "hourtmin": null, "hourgust": "23:50", "hourtmax": null, "sun": null, "altitude": "93", "prec": "0,2", "latitude": 432714, "hourpresmax": null, "province": "BIZKAIA", "presmax": null, "presmin": null, "hourpresmin": null, "date": "1997-07-21", "name": "MACHICHACO", "gust": "9,2", "longitude": 24510, "avgspeed": "2,2", "dir": "27"}, {"code": "1057B", "hourtmin": null, "hourgust": "20:40", "hourtmax": null, "sun": null, "altitude": "93", "prec": "0,0", "latitude": 432714, "hourpresmax": null, "province": "BIZKAIA", "presmax": null, "presmin": null, "hourpresmin": null, "date": "1997-07-22", "name": "MACHICHACO", "gust": "16,4", "longitude": 24510, "avgspeed": "3,3", "dir": "29"}, {"code": "1057B", "hourtmin": null, "hourgust": "22:40", "hourtmax": null, "sun": null, "altitude": "93", "prec": "0,0", "latitude": 432714, "hourpresmax": null, "province": "BIZKAIA", "presmax": null, "presmin": null, "hourpresmin": null, "date": "1997-07-23", "name": "MACHICHACO", "gust": "11,7", "longitude": 24510, "avgspeed": "6,4", "dir": "29"}, {"code": "1057B", "hourtmin": null, "hourgust": "07:10", "hourtmax": null, "sun": null, "altitude": "93", "prec": "0,0", "latitude": 432714, "hourpresmax": null, "province": "BIZKAIA", "presmax": null, "presmin": null, "hourpresmin": null, "date": "1997-07-24", "name": "MACHICHACO", "gust": "18,6", "longitude": 24510, "avgspeed": "9,7", "dir": "29"}, {"code": "1057B", "hourtmin": null, "hourgust": "01:50", "hourtmax": null, "sun": null, "altitude": "93", "prec": "0,0", "latitude": 432714, "hourpresmax": null, "province": "BIZKAIA", "presmax": null, "presmin": null, "hourpresmin": null, "date": "1997-07-25", "name": "MACHICHACO", "gust": "15,3", "longitude": 24510, "avgspeed": "8,1", "dir": "29"}, {"code": "1057B", "hourtmin": null, "hourgust": "20:30", "hourtmax": null, "sun": null, "altitude": "93", "prec": "0,0", "latitude": 432714, "hourpresmax": null, "province": "BIZKAIA", "presmax": null, "presmin": null, "hourpresmin": null, "date": "1997-07-26", "name": "MACHICHACO", "gust": "6,4", "longitude": 24510, "avgspeed": "3,1", "dir": "10"}, {"code": "1057B", "hourtmin": null, "hourgust": "13:10", "hourtmax": null, "sun": null, "altitude": "93", "prec": "0,0", "latitude": 432714, "hourpresmax": null, "province": "BIZKAIA", "presmax": null, "presmin": null, "hourpresmin": null, "date": "1997-07-27", "name": "MACHICHACO", "gust": "6,7", "longitude": 24510, "avgspeed": "3,6", "dir": "10"}, {"code": "1057B", "hourtmin": null, "hourgust": "09:10", "hourtmax": null, "sun": null, "altitude": "93", "prec": "0,0", "latitude": 432714, "hourpresmax": null, "province": "BIZKAIA", "presmax": null, "presmin": null, "hourpresmin": null, "date": "1997-07-28", "name": "MACHICHACO", "gust": "4,4", "longitude": 24510, "avgspeed": "1,9", "dir": "08"}, {"code": "1057B", "hourtmin": null, "hourgust": "12:50", "hourtmax": null, "sun": null, "altitude": "93", "prec": "0,0", "latitude": 432714, "hourpresmax": null, "province": "BIZKAIA", "presmax": null, "presmin": null, "hourpresmin": null, "date": "1997-07-29", "name": "MACHICHACO", "gust": "6,9", "longitude": 24510, "avgspeed": "3,1", "dir": "10"}, {"code": "1057B", "hourtmin": null, "hourgust": "05:40", "hourtmax": null, "sun": null, "altitude": "93", "prec": "0,0", "latitude": 432714, "hourpresmax": null, "province": "BIZKAIA", "presmax": null, "presmin": null, "hourpresmin": null, "date": "1997-07-30", "name": "MACHICHACO", "gust": "4,4", "longitude": 24510, "avgspeed": "1,1", "dir": "28"}, {"code": "1057B", "hourtmin": null, "hourgust": "12:10", "hourtmax": null, "sun": null, "altitude": "93", "prec": "0,0", "latitude": 432714, "hourpresmax": null, "province": "BIZKAIA", "presmax": null, "presmin": null, "hourpresmin": null, "date": "1997-07-31", "name": "MACHICHACO", "gust": "5,6", "longitude": 24510, "avgspeed": "2,2", "dir": "05"}, {"code": "1057B", "hourtmin": null, "hourgust": "16:30", "hourtmax": null, "sun": null, "altitude": "93", "prec": "0,0", "latitude": 432714, "hourpresmax": null, "province": "BIZKAIA", "presmax": null, "presmin": null, "hourpresmin": null, "date": "1997-08-01", "name": "MACHICHACO", "gust": "6,1", "longitude": 24510, "avgspeed": "2,8", "dir": "10"}, {"code": "1057B", "hourtmin": null, "hourgust": "11:50", "hourtmax": null, "sun": null, "altitude": "93", "prec": "0,0", "latitude": 432714, "hourpresmax": null, "province": "BIZKAIA", "presmax": null, "presmin": null, "hourpresmin": null, "date": "1997-08-02", "name": "MACHICHACO", "gust": "9,2", "longitude": 24510, "avgspeed": "3,3", "dir": "11"}, {"code": "1057B", "hourtmin": null, "hourgust": "19:50", "hourtmax": null, "sun": null, "altitude": "93", "prec": "0,8", "latitude": 432714, "hourpresmax": null, "province": "BIZKAIA", "presmax": null, "presmin": null, "hourpresmin": null, "date": "1997-08-03", "name": "MACHICHACO", "gust": "10,6", "longitude": 24510, "avgspeed": "3,9", "dir": "29"}, {"code": "1057B", "hourtmin": null, "hourgust": "16:50", "hourtmax": null, "sun": null, "altitude": "93", "prec": "19,5", "latitude": 432714, "hourpresmax": null, "province": "BIZKAIA", "presmax": null, "presmin": null, "hourpresmin": null, "date": "1997-08-04", "name": "MACHICHACO", "gust": "15,3", "longitude": 24510, "avgspeed": "2,5", "dir": "28"}, {"code": "1057B", "hourtmin": null, "hourgust": "Varias", "hourtmax": null, "sun": null, "altitude": "93", "prec": "4,1", "latitude": 432714, "hourpresmax": null, "province": "BIZKAIA", "presmax": null, "presmin": null, "hourpresmin": null, "date": "1997-08-05", "name": "MACHICHACO", "gust": "10,8", "longitude": 24510, "avgspeed": "4,7", "dir": "28"}, {"code": "1057B", "hourtmin": null, "hourgust": "15:40", "hourtmax": null, "sun": null, "altitude": "93", "prec": "7,9", "latitude": 432714, "hourpresmax": null, "province": "BIZKAIA", "presmax": null, "presmin": null, "hourpresmin": null, "date": "1997-08-06", "name": "MACHICHACO", "gust": "11,9", "longitude": 24510, "avgspeed": "5,3", "dir": "11"}, {"code": "1057B", "hourtmin": null, "hourgust": "15:30", "hourtmax": null, "sun": null, "altitude": "93", "prec": "6,4", "latitude": 432714, "hourpresmax": null, "province": "BIZKAIA", "presmax": null, "presmin": null, "hourpresmin": null, "date": "1997-08-07", "name": "MACHICHACO", "gust": "9,7", "longitude": 24510, "avgspeed": "1,4", "dir": "12"}, {"code": "1057B", "hourtmin": null, "hourgust": "17:50", "hourtmax": null, "sun": null, "altitude": "93", "prec": "0,0", "latitude": 432714, "hourpresmax": null, "province": "BIZKAIA", "presmax": null, "presmin": null, "hourpresmin": null, "date": "1997-08-08", "name": "MACHICHACO", "gust": "8,1", "longitude": 24510, "avgspeed": "3,6", "dir": "11"}, {"code": "1057B", "hourtmin": null, "hourgust": "23:50", "hourtmax": null, "sun": null, "altitude": "93", "prec": "0,0", "latitude": 432714, "hourpresmax": null, "province": "BIZKAIA", "presmax": null, "presmin": null, "hourpresmin": null, "date": "1997-08-09", "name": "MACHICHACO", "gust": "16,1", "longitude": 24510, "avgspeed": "3,6", "dir": "28"}, {"code": "1057B", "hourtmin": null, "hourgust": "16:20", "hourtmax": null, "sun": null, "altitude": "93", "prec": "19,5", "latitude": 432714, "hourpresmax": null, "province": "BIZKAIA", "presmax": null, "presmin": null, "hourpresmin": null, "date": "1997-08-10", "name": "MACHICHACO", "gust": "20,8", "longitude": 24510, "avgspeed": "3,3", "dir": "26"}, {"code": "1057B", "hourtmin": null, "hourgust": "00:30", "hourtmax": null, "sun": null, "altitude": "93", "prec": "0,0", "latitude": 432714, "hourpresmax": null, "province": "BIZKAIA", "presmax": null, "presmin": null, "hourpresmin": null, "date": "1997-08-11", "name": "MACHICHACO", "gust": "12,8", "longitude": 24510, "avgspeed": "5,0", "dir": "29"}, {"code": "1057B", "hourtmin": null, "hourgust": "23:10", "hourtmax": null, "sun": null, "altitude": "93", "prec": "0,0", "latitude": 432714, "hourpresmax": null, "province": "BIZKAIA", "presmax": null, "presmin": null, "hourpresmin": null, "date": "1997-08-12", "name": "MACHICHACO", "gust": "15,8", "longitude": 24510, "avgspeed": "5,0", "dir": "29"}, {"code": "1057B", "hourtmin": null, "hourgust": "00:10", "hourtmax": null, "sun": null, "altitude": "93", "prec": "0,0", "latitude": 432714, "hourpresmax": null, "province": "BIZKAIA", "presmax": null, "presmin": null, "hourpresmin": null, "date": "1997-08-13", "name": "MACHICHACO", "gust": "14,2", "longitude": 24510, "avgspeed": "5,0", "dir": "28"}, {"code": "1057B", "hourtmin": null, "hourgust": "19:10", "hourtmax": null, "sun": null, "altitude": "93", "prec": "8,7", "latitude": 432714, "hourpresmax": null, "province": "BIZKAIA", "presmax": null, "presmin": null, "hourpresmin": null, "date": "1997-08-14", "name": "MACHICHACO", "gust": "12,8", "longitude": 24510, "avgspeed": "5,3", "dir": "28"}, {"code": "1057B", "hourtmin": null, "hourgust": "02:50", "hourtmax": null, "sun": null, "altitude": "93", "prec": "0,1", "latitude": 432714, "hourpresmax": null, "province": "BIZKAIA", "presmax": null, "presmin": null, "hourpresmin": null, "date": "1997-08-15", "name": "MACHICHACO", "gust": "10,0", "longitude": 24510, "avgspeed": "3,6", "dir": "26"}, {"code": "1057B", "hourtmin": null, "hourgust": "05:20", "hourtmax": null, "sun": null, "altitude": "93", "prec": "0,0", "latitude": 432714, "hourpresmax": null, "province": "BIZKAIA", "presmax": null, "presmin": null, "hourpresmin": null, "date": "1997-08-16", "name": "MACHICHACO", "gust": "10,0", "longitude": 24510, "avgspeed": "5,0", "dir": "27"}, {"code": "1057B", "hourtmin": null, "hourgust": "12:00", "hourtmax": null, "sun": null, "altitude": "93", "prec": "0,0", "latitude": 432714, "hourpresmax": null, "province": "BIZKAIA", "presmax": null, "presmin": null, "hourpresmin": null, "date": "1997-08-17", "name": "MACHICHACO", "gust": "6,7", "longitude": 24510, "avgspeed": "2,8", "dir": "11"}, {"code": "1057B", "hourtmin": null, "hourgust": "06:50", "hourtmax": null, "sun": null, "altitude": "93", "prec": "0,0", "latitude": 432714, "hourpresmax": null, "province": "BIZKAIA", "presmax": null, "presmin": null, "hourpresmin": null, "date": "1997-08-18", "name": "MACHICHACO", "gust": "5,8", "longitude": 24510, "avgspeed": "1,9", "dir": "14"}, {"code": "1057B", "hourtmin": null, "hourgust": "18:40", "hourtmax": null, "sun": null, "altitude": "93", "prec": "0,0", "latitude": 432714, "hourpresmax": null, "province": "BIZKAIA", "presmax": null, "presmin": null, "hourpresmin": null, "date": "1997-08-19", "name": "MACHICHACO", "gust": "17,8", "longitude": 24510, "avgspeed": "5,3", "dir": "36"}, {"code": "1057B", "hourtmin": null, "hourgust": "17:50", "hourtmax": null, "sun": null, "altitude": "93", "prec": "2,1", "latitude": 432714, "hourpresmax": null, "province": "BIZKAIA", "presmax": null, "presmin": null, "hourpresmin": null, "date": "1997-08-20", "name": "MACHICHACO", "gust": "11,9", "longitude": 24510, "avgspeed": "5,3", "dir": "29"}, {"code": "1057B", "hourtmin": null, "hourgust": "05:10", "hourtmax": null, "sun": null, "altitude": "93", "prec": "0,0", "latitude": 432714, "hourpresmax": null, "province": "BIZKAIA", "presmax": null, "presmin": null, "hourpresmin": null, "date": "1997-08-21", "name": "MACHICHACO", "gust": "8,6", "longitude": 24510, "avgspeed": "3,6", "dir": "27"}, {"code": "1057B", "hourtmin": null, "hourgust": "17:10", "hourtmax": null, "sun": null, "altitude": "93", "prec": "0,0", "latitude": 432714, "hourpresmax": null, "province": "BIZKAIA", "presmax": null, "presmin": null, "hourpresmin": null, "date": "1997-08-22", "name": "MACHICHACO", "gust": "5,3", "longitude": 24510, "avgspeed": "2,2", "dir": "10"}, {"code": "1057B", "hourtmin": null, "hourgust": "17:50", "hourtmax": null, "sun": null, "altitude": "93", "prec": "0,0", "latitude": 432714, "hourpresmax": null, "province": "BIZKAIA", "presmax": null, "presmin": null, "hourpresmin": null, "date": "1997-08-23", "name": "MACHICHACO", "gust": "8,6", "longitude": 24510, "avgspeed": "3,6", "dir": "28"}, {"code": "1057B", "hourtmin": null, "hourgust": "21:00", "hourtmax": null, "sun": null, "altitude": "93", "latitude": 432714, "hourpresmax": null, "province": "BIZKAIA", "presmax": null, "presmin": null, "hourpresmin": null, "date": "1997-08-24", "name": "MACHICHACO", "gust": "20,6", "longitude": 24510, "avgspeed": "4,4", "dir": "28"}, {"code": "1057B", "hourtmin": null, "hourgust": "10:40", "hourtmax": null, "sun": null, "altitude": "93", "prec": "0,0", "latitude": 432714, "hourpresmax": null, "province": "BIZKAIA", "presmax": null, "presmin": null, "hourpresmin": null, "date": "1997-08-26", "name": "MACHICHACO", "gust": "10,0", "longitude": 24510, "avgspeed": "3,6", "dir": "10"}, {"code": "1057B", "hourtmin": null, "hourgust": "20:30", "hourtmax": null, "sun": null, "altitude": "93", "prec": "13,0", "latitude": 432714, "hourpresmax": null, "province": "BIZKAIA", "presmax": null, "presmin": null, "hourpresmin": null, "date": "1997-08-27", "name": "MACHICHACO", "gust": "21,4", "longitude": 24510, "avgspeed": "5,8", "dir": "31"}, {"code": "1057B", "hourtmin": null, "hourgust": "15:20", "hourtmax": null, "sun": null, "altitude": "93", "prec": "0,1", "latitude": 432714, "hourpresmax": null, "province": "BIZKAIA", "presmax": null, "presmin": null, "hourpresmin": null, "date": "1997-08-28", "name": "MACHICHACO", "gust": "25,0", "longitude": 24510, "avgspeed": "12,5", "dir": "30"}, {"code": "1057B", "hourtmin": null, "hourgust": "Varias", "hourtmax": null, "sun": null, "altitude": "93", "prec": "0,0", "latitude": 432714, "hourpresmax": null, "province": "BIZKAIA", "presmax": null, "presmin": null, "hourpresmin": null, "date": "1997-08-29", "name": "MACHICHACO", "gust": "10,3", "longitude": 24510, "avgspeed": "3,3", "dir": "27"}, {"code": "1057B", "hourtmin": null, "hourgust": "23:20", "hourtmax": null, "sun": null, "altitude": "93", "prec": "0,0", "latitude": 432714, "hourpresmax": null, "province": "BIZKAIA", "presmax": null, "presmin": null, "hourpresmin": null, "date": "1997-08-30", "name": "MACHICHACO", "gust": "10,3", "longitude": 24510, "avgspeed": "3,3", "dir": "19"}, {"code": "1057B", "hourtmin": null, "hourgust": "06:00", "hourtmax": null, "sun": null, "altitude": "93", "prec": "1,5", "latitude": 432714, "hourpresmax": null, "province": "BIZKAIA", "presmax": null, "presmin": null, "hourpresmin": null, "date": "1997-08-31", "name": "MACHICHACO", "gust": "12,2", "longitude": 24510, "avgspeed": "4,7", "dir": "29"}, {"code": "1057B", "hourtmin": null, "hourgust": "Varias", "hourtmax": null, "sun": null, "altitude": "93", "prec": "37,4", "latitude": 432714, "hourpresmax": null, "province": "BIZKAIA", "presmax": null, "presmin": null, "hourpresmin": null, "date": "1997-09-01", "name": "MACHICHACO", "gust": "10,8", "longitude": 24510, "avgspeed": "3,6", "dir": "03"}, {"code": "1057B", "hourtmin": null, "hourgust": "02:00", "hourtmax": null, "sun": null, "altitude": "93", "prec": "0,2", "latitude": 432714, "hourpresmax": null, "province": "BIZKAIA", "presmax": null, "presmin": null, "hourpresmin": null, "date": "1997-09-02", "name": "MACHICHACO", "gust": "9,2", "longitude": 24510, "avgspeed": "3,1", "dir": "06"}, {"code": "1057B", "hourtmin": null, "hourgust": "10:00", "hourtmax": null, "sun": null, "altitude": "93", "prec": "0,0", "latitude": 432714, "hourpresmax": null, "province": "BIZKAIA", "presmax": null, "presmin": null, "hourpresmin": null, "date": "1997-09-03", "name": "MACHICHACO", "gust": "9,2", "longitude": 24510, "avgspeed": "4,2", "dir": "13"}, {"code": "1057B", "hourtmin": null, "hourgust": "00:00", "hourtmax": null, "sun": null, "altitude": "93", "prec": "0,1", "latitude": 432714, "hourpresmax": null, "province": "BIZKAIA", "presmax": null, "presmin": null, "hourpresmin": null, "date": "1997-09-04", "name": "MACHICHACO", "gust": "5,3", "longitude": 24510, "avgspeed": "1,1", "dir": "27"}, {"code": "1057B", "hourtmin": null, "hourgust": "10:50", "hourtmax": null, "sun": null, "altitude": "93", "prec": "0,0", "latitude": 432714, "hourpresmax": null, "province": "BIZKAIA", "presmax": null, "presmin": null, "hourpresmin": null, "date": "1997-09-05", "name": "MACHICHACO", "gust": "5,8", "longitude": 24510, "avgspeed": "1,7", "dir": "29"}, {"code": "1057B", "hourtmin": null, "hourgust": "15:40", "hourtmax": null, "sun": null, "altitude": "93", "prec": "0,0", "latitude": 432714, "hourpresmax": null, "province": "BIZKAIA", "presmax": null, "presmin": null, "hourpresmin": null, "date": "1997-09-06", "name": "MACHICHACO", "gust": "11,9", "longitude": 24510, "avgspeed": "3,1", "dir": "20"}, {"code": "1057B", "hourtmin": null, "hourgust": "09:20", "hourtmax": null, "sun": null, "altitude": "93", "prec": "0,0", "latitude": 432714, "hourpresmax": null, "province": "BIZKAIA", "presmax": null, "presmin": null, "hourpresmin": null, "date": "1997-09-07", "name": "MACHICHACO", "gust": "9,4", "longitude": 24510, "avgspeed": "5,3", "dir": "10"}, {"code": "1057B", "hourtmin": null, "hourgust": "17:40", "hourtmax": null, "sun": null, "altitude": "93", "prec": "0,0", "latitude": 432714, "hourpresmax": null, "province": "BIZKAIA", "presmax": null, "presmin": null, "hourpresmin": null, "date": "1997-09-08", "name": "MACHICHACO", "gust": "5,0", "longitude": 24510, "avgspeed": "1,7", "dir": "07"}, {"code": "1057B", "hourtmin": null, "hourgust": "Varias", "hourtmax": null, "sun": null, "altitude": "93", "prec": "0,0", "latitude": 432714, "hourpresmax": null, "province": "BIZKAIA", "presmax": null, "presmin": null, "hourpresmin": null, "date": "1997-09-09", "name": "MACHICHACO", "gust": "5,0", "longitude": 24510, "avgspeed": "2,2", "dir": "12"}, {"code": "1057B", "hourtmin": null, "hourgust": "13:00", "hourtmax": null, "sun": null, "altitude": "93", "prec": "0,0", "latitude": 432714, "hourpresmax": null, "province": "BIZKAIA", "presmax": null, "presmin": null, "hourpresmin": null, "date": "1997-09-10", "name": "MACHICHACO", "gust": "9,2", "longitude": 24510, "avgspeed": "5,8", "dir": "12"}, {"code": "1057B", "hourtmin": null, "hourgust": "18:10", "hourtmax": null, "sun": null, "altitude": "93", "prec": "0,0", "latitude": 432714, "hourpresmax": null, "province": "BIZKAIA", "presmax": null, "presmin": null, "hourpresmin": null, "date": "1997-09-11", "name": "MACHICHACO", "gust": "10,0", "longitude": 24510, "avgspeed": "4,7", "dir": "30"}, {"code": "1057B", "hourtmin": null, "hourgust": "23:00", "hourtmax": null, "sun": null, "altitude": "93", "prec": "10,3", "latitude": 432714, "hourpresmax": null, "province": "BIZKAIA", "presmax": null, "presmin": null, "hourpresmin": null, "date": "1997-09-12", "name": "MACHICHACO", "gust": "7,5", "longitude": 24510, "avgspeed": "2,8", "dir": "33"}, {"code": "1057B", "hourtmin": null, "hourgust": "22:50", "hourtmax": null, "sun": null, "altitude": "93", "prec": "3,3", "latitude": 432714, "hourpresmax": null, "province": "BIZKAIA", "presmax": null, "presmin": null, "hourpresmin": null, "date": "1997-09-13", "name": "MACHICHACO", "gust": "11,1", "longitude": 24510, "avgspeed": "4,7", "dir": "06"}, {"code": "1057B", "hourtmin": null, "hourgust": "09:30", "hourtmax": null, "sun": null, "altitude": "93", "prec": "0,0", "latitude": 432714, "hourpresmax": null, "province": "BIZKAIA", "presmax": null, "presmin": null, "hourpresmin": null, "date": "1997-09-14", "name": "MACHICHACO", "gust": "13,9", "longitude": 24510, "avgspeed": "6,7", "dir": "11"}, {"code": "1057B", "hourtmin": null, "hourgust": "00:40", "hourtmax": null, "sun": null, "altitude": "93", "prec": "0,0", "latitude": 432714, "hourpresmax": null, "province": "BIZKAIA", "presmax": null, "presmin": null, "hourpresmin": null, "date": "1997-09-15", "name": "MACHICHACO", "gust": "7,8", "longitude": 24510, "avgspeed": "3,1", "dir": "15"}, {"code": "1057B", "hourtmin": null, "hourgust": "21:40", "hourtmax": null, "sun": null, "altitude": "93", "prec": "0,0", "latitude": 432714, "hourpresmax": null, "province": "BIZKAIA", "presmax": null, "presmin": null, "hourpresmin": null, "date": "1997-09-16", "name": "MACHICHACO", "gust": "8,6", "longitude": 24510, "avgspeed": "3,3", "dir": "19"}, {"code": "1057B", "hourtmin": null, "hourgust": "08:10", "hourtmax": null, "sun": null, "altitude": "93", "prec": "0,0", "latitude": 432714, "hourpresmax": null, "province": "BIZKAIA", "presmax": null, "presmin": null, "hourpresmin": null, "date": "1997-09-17", "name": "MACHICHACO", "gust": "8,1", "longitude": 24510, "avgspeed": "2,5", "dir": "18"}, {"code": "1057B", "hourtmin": null, "hourgust": "19:20", "hourtmax": null, "sun": null, "altitude": "93", "prec": "0,0", "latitude": 432714, "hourpresmax": null, "province": "BIZKAIA", "presmax": null, "presmin": null, "hourpresmin": null, "date": "1997-09-18", "name": "MACHICHACO", "gust": "4,7", "longitude": 24510, "avgspeed": "1,1", "dir": "26"}, {"code": "1057B", "hourtmin": null, "hourgust": "20:10", "hourtmax": null, "sun": null, "altitude": "93", "prec": "0,0", "latitude": 432714, "hourpresmax": null, "province": "BIZKAIA", "presmax": null, "presmin": null, "hourpresmin": null, "date": "1997-09-19", "name": "MACHICHACO", "gust": "12,5", "longitude": 24510, "avgspeed": "4,4", "dir": "28"}, {"code": "1057B", "hourtmin": null, "hourgust": "10:20", "hourtmax": null, "sun": null, "altitude": "93", "prec": "0,0", "latitude": 432714, "hourpresmax": null, "province": "BIZKAIA", "presmax": null, "presmin": null, "hourpresmin": null, "date": "1997-09-20", "name": "MACHICHACO", "gust": "8,9", "longitude": 24510, "avgspeed": "4,7", "dir": "29"}, {"code": "1057B", "hourtmin": null, "hourgust": "Varias", "hourtmax": null, "sun": null, "altitude": "93", "prec": "0,0", "latitude": 432714, "hourpresmax": null, "province": "BIZKAIA", "presmax": null, "presmin": null, "hourpresmin": null, "date": "1997-09-21", "name": "MACHICHACO", "gust": "4,7", "longitude": 24510, "avgspeed": "1,4", "dir": "25"}, {"code": "1057B", "hourtmin": null, "hourgust": "Varias", "hourtmax": null, "sun": null, "altitude": "93", "prec": "0,0", "latitude": 432714, "hourpresmax": null, "province": "BIZKAIA", "presmax": null, "presmin": null, "hourpresmin": null, "date": "1997-09-22", "name": "MACHICHACO", "gust": "8,3", "longitude": 24510, "avgspeed": "4,2", "dir": "10"}, {"code": "1057B", "hourtmin": null, "hourgust": "16:40", "hourtmax": null, "sun": null, "altitude": "93", "prec": "0,0", "latitude": 432714, "hourpresmax": null, "province": "BIZKAIA", "presmax": null, "presmin": null, "hourpresmin": null, "date": "1997-09-23", "name": "MACHICHACO", "gust": "8,1", "longitude": 24510, "avgspeed": "4,2", "dir": "13"}, {"code": "1057B", "hourtmin": null, "hourgust": "16:10", "hourtmax": null, "sun": null, "altitude": "93", "prec": "0,2", "latitude": 432714, "hourpresmax": null, "province": "BIZKAIA", "presmax": null, "presmin": null, "hourpresmin": null, "date": "1997-09-24", "name": "MACHICHACO", "gust": "16,1", "longitude": 24510, "avgspeed": "3,9", "dir": "29"}, {"code": "1057B", "hourtmin": null, "hourgust": "16:50", "hourtmax": null, "sun": null, "altitude": "93", "prec": "0,0", "latitude": 432714, "hourpresmax": null, "province": "BIZKAIA", "presmax": null, "presmin": null, "hourpresmin": null, "date": "1997-09-25", "name": "MACHICHACO", "gust": "8,9", "longitude": 24510, "avgspeed": "3,9", "dir": "11"}, {"code": "1057B", "hourtmin": null, "hourgust": "12:20", "hourtmax": null, "sun": null, "altitude": "93", "prec": "0,0", "latitude": 432714, "hourpresmax": null, "province": "BIZKAIA", "presmax": null, "presmin": null, "hourpresmin": null, "date": "1997-09-26", "name": "MACHICHACO", "gust": "7,5", "longitude": 24510, "avgspeed": "3,3", "dir": "10"}, {"code": "1057B", "hourtmin": null, "hourgust": "18:40", "hourtmax": null, "sun": null, "altitude": "93", "prec": "0,0", "latitude": 432714, "hourpresmax": null, "province": "BIZKAIA", "presmax": null, "presmin": null, "hourpresmin": null, "date": "1997-09-27", "name": "MACHICHACO", "gust": "5,6", "longitude": 24510, "avgspeed": "2,2", "dir": "13"}, {"code": "1057B", "hourtmin": null, "hourgust": "01:20", "hourtmax": null, "sun": null, "altitude": "93", "prec": "0,0", "latitude": 432714, "hourpresmax": null, "province": "BIZKAIA", "presmax": null, "presmin": null, "hourpresmin": null, "date": "1997-09-28", "name": "MACHICHACO", "gust": "6,9", "longitude": 24510, "avgspeed": "2,2", "dir": "26"}, {"code": "1057B", "hourtmin": null, "hourgust": "17:40", "hourtmax": null, "sun": null, "altitude": "93", "prec": "0,0", "latitude": 432714, "hourpresmax": null, "province": "BIZKAIA", "presmax": null, "presmin": null, "hourpresmin": null, "date": "1997-09-29", "name": "MACHICHACO", "gust": "7,2", "longitude": 24510, "avgspeed": "2,8", "dir": "12"}, {"code": "1057B", "hourtmin": null, "hourgust": "19:00", "hourtmax": null, "sun": null, "altitude": "93", "prec": "0,0", "latitude": 432714, "hourpresmax": null, "province": "BIZKAIA", "presmax": null, "presmin": null, "hourpresmin": null, "date": "1997-09-30", "name": "MACHICHACO", "gust": "8,6", "longitude": 24510, "avgspeed": "3,6", "dir": "17"}, {"code": "1057B", "hourtmin": null, "hourgust": "17:40", "hourtmax": null, "sun": null, "altitude": "93", "prec": "0,0", "latitude": 432714, "hourpresmax": null, "province": "BIZKAIA", "presmax": null, "presmin": null, "hourpresmin": null, "date": "1997-10-01", "name": "MACHICHACO", "gust": "6,1", "longitude": 24510, "avgspeed": "2,8", "dir": "12"}, {"code": "1057B", "hourtmin": null, "hourgust": "03:30", "hourtmax": null, "sun": null, "altitude": "93", "prec": "0,2", "latitude": 432714, "hourpresmax": null, "province": "BIZKAIA", "presmax": null, "presmin": null, "hourpresmin": null, "date": "1997-10-02", "name": "MACHICHACO", "gust": "8,6", "longitude": 24510, "avgspeed": "2,8", "dir": "26"}, {"code": "1057B", "hourtmin": null, "hourgust": "16:10", "hourtmax": null, "sun": null, "altitude": "93", "prec": "0,0", "latitude": 432714, "hourpresmax": null, "province": "BIZKAIA", "presmax": null, "presmin": null, "hourpresmin": null, "date": "1997-10-03", "name": "MACHICHACO", "gust": "6,1", "longitude": 24510, "avgspeed": "1,1", "dir": "10"}, {"code": "1057B", "hourtmin": null, "hourgust": "19:40", "hourtmax": null, "sun": null, "altitude": "93", "prec": "0,0", "latitude": 432714, "hourpresmax": null, "province": "BIZKAIA", "presmax": null, "presmin": null, "hourpresmin": null, "date": "1997-10-04", "name": "MACHICHACO", "gust": "6,9", "longitude": 24510, "avgspeed": "3,6", "dir": "14"}, {"code": "1057B", "hourtmin": null, "hourgust": "23:00", "hourtmax": null, "sun": null, "altitude": "93", "prec": "0,3", "latitude": 432714, "hourpresmax": null, "province": "BIZKAIA", "presmax": null, "presmin": null, "hourpresmin": null, "date": "1997-10-05", "name": "MACHICHACO", "gust": "7,8", "longitude": 24510, "avgspeed": "3,3", "dir": "27"}, {"code": "1057B", "hourtmin": null, "hourgust": "10:30", "hourtmax": null, "sun": null, "altitude": "93", "latitude": 432714, "hourpresmax": null, "province": "BIZKAIA", "presmax": null, "presmin": null, "hourpresmin": null, "date": "1997-10-06", "name": "MACHICHACO", "gust": "10,8", "longitude": 24510, "avgspeed": "3,1", "dir": "21"}, {"code": "1057B", "hourtmin": null, "hourgust": "01:20", "hourtmax": null, "sun": null, "altitude": "93", "latitude": 432714, "hourpresmax": null, "province": "BIZKAIA", "presmax": null, "presmin": null, "hourpresmin": null, "date": "1997-10-07", "name": "MACHICHACO", "gust": "9,7", "longitude": 24510, "avgspeed": "4,4", "dir": "29"}, {"code": "1057B", "hourtmin": null, "hourgust": "01:00", "hourtmax": null, "sun": null, "altitude": "93", "prec": "0,0", "latitude": 432714, "hourpresmax": null, "province": "BIZKAIA", "presmax": null, "presmin": null, "hourpresmin": null, "date": "1997-10-09", "name": "MACHICHACO", "gust": "15,8", "longitude": 24510, "avgspeed": "2,8", "dir": "22"}, {"code": "1057B", "hourtmin": null, "hourgust": "13:10", "hourtmax": null, "sun": null, "altitude": "93", "prec": "4,0", "latitude": 432714, "hourpresmax": null, "province": "BIZKAIA", "presmax": null, "presmin": null, "hourpresmin": null, "date": "1997-10-10", "name": "MACHICHACO", "gust": "17,2", "longitude": 24510, "avgspeed": "8,6", "dir": "31"}, {"code": "1057B", "hourtmin": null, "hourgust": "21:50", "hourtmax": null, "sun": null, "altitude": "93", "prec": "3,4", "latitude": 432714, "hourpresmax": null, "province": "BIZKAIA", "presmax": null, "presmin": null, "hourpresmin": null, "date": "1997-10-11", "name": "MACHICHACO", "gust": "24,4", "longitude": 24510, "avgspeed": "7,5", "dir": "29"}, {"code": "1057B", "hourtmin": null, "hourgust": "02:40", "hourtmax": null, "sun": null, "altitude": "93", "prec": "0,0", "latitude": 432714, "hourpresmax": null, "province": "BIZKAIA", "presmax": null, "presmin": null, "hourpresmin": null, "date": "1997-10-12", "name": "MACHICHACO", "gust": "30,0", "longitude": 24510, "avgspeed": "13,9", "dir": "29"}, {"code": "1057B", "hourtmin": null, "hourgust": "18:20", "hourtmax": null, "sun": null, "altitude": "93", "prec": "0,0", "latitude": 432714, "hourpresmax": null, "province": "BIZKAIA", "presmax": null, "presmin": null, "hourpresmin": null, "date": "1997-10-13", "name": "MACHICHACO", "gust": "18,9", "longitude": 24510, "avgspeed": "8,3", "dir": "32"}, {"code": "1057B", "hourtmin": null, "hourgust": "02:00", "hourtmax": null, "sun": null, "altitude": "93", "prec": "0,2", "latitude": 432714, "hourpresmax": null, "province": "BIZKAIA", "presmax": null, "presmin": null, "hourpresmin": null, "date": "1997-10-14", "name": "MACHICHACO", "gust": "18,3", "longitude": 24510, "avgspeed": "4,2", "dir": "32"}, {"code": "1057B", "hourtmin": null, "hourgust": "Varias", "hourtmax": null, "sun": null, "altitude": "93", "prec": "0,5", "latitude": 432714, "hourpresmax": null, "province": "BIZKAIA", "presmax": null, "presmin": null, "hourpresmin": null, "date": "1997-10-15", "name": "MACHICHACO", "gust": "15,6", "longitude": 24510, "avgspeed": "5,8", "dir": "29"}, {"code": "1057B", "hourtmin": null, "hourgust": "01:50", "hourtmax": null, "sun": null, "altitude": "93", "prec": "0,0", "latitude": 432714, "hourpresmax": null, "province": "BIZKAIA", "presmax": null, "presmin": null, "hourpresmin": null, "date": "1997-10-16", "name": "MACHICHACO", "gust": "18,3", "longitude": 24510, "avgspeed": "4,4", "dir": "29"}, {"code": "1057B", "hourtmin": null, "hourgust": "08:10", "hourtmax": null, "sun": null, "altitude": "93", "prec": "0,0", "latitude": 432714, "hourpresmax": null, "province": "BIZKAIA", "presmax": null, "presmin": null, "hourpresmin": null, "date": "1997-10-17", "name": "MACHICHACO", "gust": "12,5", "longitude": 24510, "avgspeed": "4,7", "dir": "19"}, {"code": "1057B", "hourtmin": null, "hourgust": "08:30", "hourtmax": null, "sun": null, "altitude": "93", "prec": "0,0", "latitude": 432714, "hourpresmax": null, "province": "BIZKAIA", "presmax": null, "presmin": null, "hourpresmin": null, "date": "1997-10-18", "name": "MACHICHACO", "gust": "15,8", "longitude": 24510, "avgspeed": "7,2", "dir": "14"}, {"code": "1057B", "hourtmin": null, "hourgust": "00:20", "hourtmax": null, "sun": null, "altitude": "93", "prec": "0,2", "latitude": 432714, "hourpresmax": null, "province": "BIZKAIA", "presmax": null, "presmin": null, "hourpresmin": null, "date": "1997-10-19", "name": "MACHICHACO", "gust": "14,7", "longitude": 24510, "avgspeed": "2,5", "dir": "13"}, {"code": "1057B", "hourtmin": null, "hourgust": "Varias", "hourtmax": null, "sun": null, "altitude": "93", "prec": "0,4", "latitude": 432714, "hourpresmax": null, "province": "BIZKAIA", "presmax": null, "presmin": null, "hourpresmin": null, "date": "1997-10-20", "name": "MACHICHACO", "gust": "17,5", "longitude": 24510, "avgspeed": "5,6", "dir": "23"}, {"code": "1057B", "hourtmin": null, "hourgust": "00:20", "hourtmax": null, "sun": null, "altitude": "93", "prec": "0,0", "latitude": 432714, "hourpresmax": null, "province": "BIZKAIA", "presmax": null, "presmin": null, "hourpresmin": null, "date": "1997-10-21", "name": "MACHICHACO", "gust": "17,2", "longitude": 24510, "avgspeed": "3,6", "dir": "22"}, {"code": "1057B", "hourtmin": null, "hourgust": "06:30", "hourtmax": null, "sun": null, "altitude": "93", "prec": "0,0", "latitude": 432714, "hourpresmax": null, "province": "BIZKAIA", "presmax": null, "presmin": null, "hourpresmin": null, "date": "1997-10-22", "name": "MACHICHACO", "gust": "11,4", "longitude": 24510, "avgspeed": "3,9", "dir": "24"}, {"code": "1057B", "hourtmin": null, "hourgust": "06:50", "hourtmax": null, "sun": null, "altitude": "93", "prec": "16,4", "latitude": 432714, "hourpresmax": null, "province": "BIZKAIA", "presmax": null, "presmin": null, "hourpresmin": null, "date": "1997-10-23", "name": "MACHICHACO", "gust": "11,1", "longitude": 24510, "avgspeed": "3,9", "dir": "30"}, {"code": "1057B", "hourtmin": null, "hourgust": "23:40", "hourtmax": null, "sun": null, "altitude": "93", "prec": "0,1", "latitude": 432714, "hourpresmax": null, "province": "BIZKAIA", "presmax": null, "presmin": null, "hourpresmin": null, "date": "1997-10-24", "name": "MACHICHACO", "gust": "10,8", "longitude": 24510, "avgspeed": "2,2", "dir": "10"}, {"code": "1057B", "hourtmin": null, "hourgust": "11:40", "hourtmax": null, "sun": null, "altitude": "93", "prec": "0,0", "latitude": 432714, "hourpresmax": null, "province": "BIZKAIA", "presmax": null, "presmin": null, "hourpresmin": null, "date": "1997-10-25", "name": "MACHICHACO", "gust": "11,1", "longitude": 24510, "avgspeed": "5,0", "dir": "11"}, {"code": "1057B", "hourtmin": null, "hourgust": "08:30", "hourtmax": null, "sun": null, "altitude": "93", "prec": "0,0", "latitude": 432714, "hourpresmax": null, "province": "BIZKAIA", "presmax": null, "presmin": null, "hourpresmin": null, "date": "1997-10-26", "name": "MACHICHACO", "gust": "8,1", "longitude": 24510, "avgspeed": "2,2", "dir": "24"}, {"code": "1057B", "hourtmin": null, "hourgust": "17:20", "hourtmax": null, "sun": null, "altitude": "93", "prec": "1,6", "latitude": 432714, "hourpresmax": null, "province": "BIZKAIA", "presmax": null, "presmin": null, "hourpresmin": null, "date": "1997-10-27", "name": "MACHICHACO", "gust": "6,9", "longitude": 24510, "avgspeed": "3,1", "dir": "14"}, {"code": "1057B", "hourtmin": null, "hourgust": "16:30", "hourtmax": null, "sun": null, "altitude": "93", "prec": "0,0", "latitude": 432714, "hourpresmax": null, "province": "BIZKAIA", "presmax": null, "presmin": null, "hourpresmin": null, "date": "1997-10-28", "name": "MACHICHACO", "gust": "9,2", "longitude": 24510, "avgspeed": "3,1", "dir": "33"}, {"code": "1057B", "hourtmin": null, "hourgust": "05:30", "hourtmax": null, "sun": null, "altitude": "93", "prec": "0,0", "latitude": 432714, "hourpresmax": null, "province": "BIZKAIA", "presmax": null, "presmin": null, "hourpresmin": null, "date": "1997-10-29", "name": "MACHICHACO", "gust": "8,6", "longitude": 24510, "avgspeed": "4,7", "dir": "32"}, {"code": "1057B", "hourtmin": null, "hourgust": "08:10", "hourtmax": null, "sun": null, "altitude": "93", "prec": "0,0", "latitude": 432714, "hourpresmax": null, "province": "BIZKAIA", "presmax": null, "presmin": null, "hourpresmin": null, "date": "1997-10-30", "name": "MACHICHACO", "gust": "7,8", "longitude": 24510, "avgspeed": "3,1", "dir": "26"}, {"code": "1057B", "hourtmin": null, "hourgust": "00:30", "hourtmax": null, "sun": null, "altitude": "93", "prec": "0,0", "latitude": 432714, "hourpresmax": null, "province": "BIZKAIA", "presmax": null, "presmin": null, "hourpresmin": null, "date": "1997-10-31", "name": "MACHICHACO", "gust": "5,6", "longitude": 24510, "avgspeed": "1,7", "dir": "27"}, {"code": "1057B", "hourtmin": null, "hourgust": "17:40", "hourtmax": null, "sun": null, "altitude": "93", "prec": "0,0", "latitude": 432714, "hourpresmax": null, "province": "BIZKAIA", "presmax": null, "presmin": null, "hourpresmin": null, "date": "1997-11-01", "name": "MACHICHACO", "gust": "21,4", "longitude": 24510, "avgspeed": "3,6", "dir": "29"}, {"code": "1057B", "hourtmin": null, "hourgust": "17:20", "hourtmax": null, "sun": null, "altitude": "93", "prec": "0,0", "latitude": 432714, "hourpresmax": null, "province": "BIZKAIA", "presmax": null, "presmin": null, "hourpresmin": null, "date": "1997-11-02", "name": "MACHICHACO", "gust": "10,3", "longitude": 24510, "avgspeed": "3,3", "dir": "12"}, {"code": "1057B", "hourtmin": null, "hourgust": "12:30", "hourtmax": null, "sun": null, "altitude": "93", "prec": "5,3", "latitude": 432714, "hourpresmax": null, "province": "BIZKAIA", "presmax": null, "presmin": null, "hourpresmin": null, "date": "1997-11-03", "name": "MACHICHACO", "gust": "15,3", "longitude": 24510, "avgspeed": "4,7", "dir": "22"}, {"code": "1057B", "hourtmin": null, "hourgust": "06:00", "hourtmax": null, "sun": null, "altitude": "93", "prec": "0,1", "latitude": 432714, "hourpresmax": null, "province": "BIZKAIA", "presmax": null, "presmin": null, "hourpresmin": null, "date": "1997-11-04", "name": "MACHICHACO", "gust": "15,0", "longitude": 24510, "avgspeed": "2,5", "dir": "30"}, {"code": "1057B", "hourtmin": null, "hourgust": "00:30", "hourtmax": null, "sun": null, "altitude": "93", "prec": "34,6", "latitude": 432714, "hourpresmax": null, "province": "BIZKAIA", "presmax": null, "presmin": null, "hourpresmin": null, "date": "1997-11-05", "name": "MACHICHACO", "gust": "13,6", "longitude": 24510, "avgspeed": "4,2", "dir": "24"}, {"code": "1057B", "hourtmin": null, "hourgust": "16:10", "hourtmax": null, "sun": null, "altitude": "93", "prec": "23,6", "latitude": 432714, "hourpresmax": null, "province": "BIZKAIA", "presmax": null, "presmin": null, "hourpresmin": null, "date": "1997-11-06", "name": "MACHICHACO", "gust": "25,0", "longitude": 24510, "avgspeed": "8,3", "dir": "29"}, {"code": "1057B", "hourtmin": null, "hourgust": "21:20", "hourtmax": null, "sun": null, "altitude": "93", "prec": "0,4", "latitude": 432714, "hourpresmax": null, "province": "BIZKAIA", "presmax": null, "presmin": null, "hourpresmin": null, "date": "1997-11-07", "name": "MACHICHACO", "gust": "28,3", "longitude": 24510, "avgspeed": "5,8", "dir": "29"}, {"code": "1057B", "hourtmin": null, "hourgust": "20:20", "hourtmax": null, "sun": null, "altitude": "93", "prec": "16,7", "latitude": 432714, "hourpresmax": null, "province": "BIZKAIA", "presmax": null, "presmin": null, "hourpresmin": null, "date": "1997-11-08", "name": "MACHICHACO", "gust": "23,6", "longitude": 24510, "avgspeed": "4,7", "dir": "30"}, {"code": "1057B", "hourtmin": null, "hourgust": "01:50", "hourtmax": null, "sun": null, "altitude": "93", "prec": "0,0", "latitude": 432714, "hourpresmax": null, "province": "BIZKAIA", "presmax": null, "presmin": null, "hourpresmin": null, "date": "1997-11-09", "name": "MACHICHACO", "gust": "20,8", "longitude": 24510, "avgspeed": "5,0", "dir": "28"}, {"code": "1057B", "hourtmin": null, "hourgust": "06:30", "hourtmax": null, "sun": null, "altitude": "93", "prec": "0,1", "latitude": 432714, "hourpresmax": null, "province": "BIZKAIA", "presmax": null, "presmin": null, "hourpresmin": null, "date": "1997-11-10", "name": "MACHICHACO", "gust": "21,7", "longitude": 24510, "avgspeed": "6,7", "dir": "29"}, {"code": "1057B", "hourtmin": null, "hourgust": "22:20", "hourtmax": null, "sun": null, "altitude": "93", "prec": "18,4", "latitude": 432714, "hourpresmax": null, "province": "BIZKAIA", "presmax": null, "presmin": null, "hourpresmin": null, "date": "1997-11-11", "name": "MACHICHACO", "gust": "26,7", "longitude": 24510, "avgspeed": "6,4", "dir": "30"}, {"code": "1057B", "hourtmin": null, "hourgust": "15:30", "hourtmax": null, "sun": null, "altitude": "93", "prec": "14,4", "latitude": 432714, "hourpresmax": null, "province": "BIZKAIA", "presmax": null, "presmin": null, "hourpresmin": null, "date": "1997-11-12", "name": "MACHICHACO", "gust": "23,9", "longitude": 24510, "avgspeed": "5,6", "dir": "30"}, {"code": "1057B", "hourtmin": null, "hourgust": "03:20", "hourtmax": null, "sun": null, "altitude": "93", "prec": "0,0", "latitude": 432714, "hourpresmax": null, "province": "BIZKAIA", "presmax": null, "presmin": null, "hourpresmin": null, "date": "1997-11-13", "name": "MACHICHACO", "gust": "10,6", "longitude": 24510, "avgspeed": "1,9", "dir": "24"}, {"code": "1057B", "hourtmin": null, "hourgust": "13:50", "hourtmax": null, "sun": null, "altitude": "93", "latitude": 432714, "hourpresmax": null, "province": "BIZKAIA", "presmax": null, "presmin": null, "hourpresmin": null, "date": "1997-11-14", "name": "MACHICHACO", "gust": "8,9", "longitude": 24510, "avgspeed": "1,7", "dir": "28"}, {"code": "1057B", "hourtmin": null, "hourgust": "20:00", "hourtmax": null, "sun": null, "altitude": "93", "prec": "0,0", "latitude": 432714, "hourpresmax": null, "province": "BIZKAIA", "presmax": null, "presmin": null, "hourpresmin": null, "date": "1997-11-17", "name": "MACHICHACO", "gust": "18,9", "longitude": 24510, "avgspeed": "6,1", "dir": "21"}, {"code": "1057B", "hourtmin": null, "hourgust": "01:00", "hourtmax": null, "sun": null, "altitude": "93", "prec": "11,1", "latitude": 432714, "hourpresmax": null, "province": "BIZKAIA", "presmax": null, "presmin": null, "hourpresmin": null, "date": "1997-11-18", "name": "MACHICHACO", "gust": "15,3", "longitude": 24510, "avgspeed": "3,6", "dir": "22"}, {"code": "1057B", "hourtmin": null, "hourgust": "23:30", "hourtmax": null, "sun": null, "altitude": "93", "prec": "4,9", "latitude": 432714, "hourpresmax": null, "province": "BIZKAIA", "presmax": null, "presmin": null, "hourpresmin": null, "date": "1997-11-19", "name": "MACHICHACO", "gust": "16,4", "longitude": 24510, "avgspeed": "3,9", "dir": "22"}, {"code": "1057B", "hourtmin": null, "hourgust": "06:10", "hourtmax": null, "sun": null, "altitude": "93", "prec": "0,1", "latitude": 432714, "hourpresmax": null, "province": "BIZKAIA", "presmax": null, "presmin": null, "hourpresmin": null, "date": "1997-11-20", "name": "MACHICHACO", "gust": "22,5", "longitude": 24510, "avgspeed": "6,1", "dir": "29"}, {"code": "1057B", "hourtmin": null, "hourgust": "20:20", "hourtmax": null, "sun": null, "altitude": "93", "prec": "10,0", "latitude": 432714, "hourpresmax": null, "province": "BIZKAIA", "presmax": null, "presmin": null, "hourpresmin": null, "date": "1997-11-21", "name": "MACHICHACO", "gust": "10,0", "longitude": 24510, "avgspeed": "3,3", "dir": "26"}, {"code": "1057B", "hourtmin": null, "hourgust": "13:10", "hourtmax": null, "sun": null, "altitude": "93", "prec": "2,9", "latitude": 432714, "hourpresmax": null, "province": "BIZKAIA", "presmax": null, "presmin": null, "hourpresmin": null, "date": "1997-11-22", "name": "MACHICHACO", "gust": "21,4", "longitude": 24510, "avgspeed": "10,8", "dir": "29"}, {"code": "1057B", "hourtmin": null, "hourgust": "16:50", "hourtmax": null, "sun": null, "altitude": "93", "prec": "0,0", "latitude": 432714, "hourpresmax": null, "province": "BIZKAIA", "presmax": null, "presmin": null, "hourpresmin": null, "date": "1997-11-23", "name": "MACHICHACO", "gust": "15,3", "longitude": 24510, "avgspeed": "3,3", "dir": "24"}, {"code": "1057B", "hourtmin": null, "hourgust": "02:00", "hourtmax": null, "sun": null, "altitude": "93", "prec": "1,9", "latitude": 432714, "hourpresmax": null, "province": "BIZKAIA", "presmax": null, "presmin": null, "hourpresmin": null, "date": "1997-11-24", "name": "MACHICHACO", "gust": "15,3", "longitude": 24510, "avgspeed": "3,1", "dir": "19"}, {"code": "1057B", "hourtmin": null, "hourgust": "07:10", "hourtmax": null, "sun": null, "altitude": "93", "prec": "0,1", "latitude": 432714, "hourpresmax": null, "province": "BIZKAIA", "presmax": null, "presmin": null, "hourpresmin": null, "date": "1997-11-25", "name": "MACHICHACO", "gust": "15,0", "longitude": 24510, "avgspeed": "6,1", "dir": "22"}, {"code": "1057B", "hourtmin": null, "hourgust": "17:00", "hourtmax": null, "sun": null, "altitude": "93", "prec": "3,9", "latitude": 432714, "hourpresmax": null, "province": "BIZKAIA", "presmax": null, "presmin": null, "hourpresmin": null, "date": "1997-11-26", "name": "MACHICHACO", "gust": "21,4", "longitude": 24510, "avgspeed": "7,8", "dir": "28"}, {"code": "1057B", "hourtmin": null, "hourgust": "22:40", "hourtmax": null, "sun": null, "altitude": "93", "prec": "0,6", "latitude": 432714, "hourpresmax": null, "province": "BIZKAIA", "presmax": null, "presmin": null, "hourpresmin": null, "date": "1997-11-27", "name": "MACHICHACO", "gust": "21,1", "longitude": 24510, "avgspeed": "1,4", "dir": "22"}, {"code": "1057B", "hourtmin": null, "hourgust": "01:00", "hourtmax": null, "sun": null, "altitude": "93", "prec": "2,7", "latitude": 432714, "hourpresmax": null, "province": "BIZKAIA", "presmax": null, "presmin": null, "hourpresmin": null, "date": "1997-11-28", "name": "MACHICHACO", "gust": "18,9", "longitude": 24510, "avgspeed": "4,4", "dir": "22"}, {"code": "1057B", "hourtmin": null, "hourgust": "14:50", "hourtmax": null, "sun": null, "altitude": "93", "prec": "25,7", "latitude": 432714, "hourpresmax": null, "province": "BIZKAIA", "presmax": null, "presmin": null, "hourpresmin": null, "date": "1997-11-29", "name": "MACHICHACO", "gust": "23,3", "longitude": 24510, "avgspeed": "5,6", "dir": "29"}, {"code": "1057B", "hourtmin": null, "hourgust": "00:50", "hourtmax": null, "sun": null, "altitude": "93", "prec": "0,5", "latitude": 432714, "hourpresmax": null, "province": "BIZKAIA", "presmax": null, "presmin": null, "hourpresmin": null, "date": "1997-11-30", "name": "MACHICHACO", "gust": "26,7", "longitude": 24510, "avgspeed": "11,4", "dir": "30"}, {"code": "1057B", "hourtmin": null, "hourgust": "17:20", "hourtmax": null, "sun": null, "altitude": "93", "prec": "8,1", "latitude": 432714, "hourpresmax": null, "province": "BIZKAIA", "presmax": null, "presmin": null, "hourpresmin": null, "date": "1997-12-01", "name": "MACHICHACO", "gust": "25,6", "longitude": 24510, "avgspeed": "11,9", "dir": "29"}, {"code": "1057B", "hourtmin": null, "hourgust": "12:00", "hourtmax": null, "sun": null, "altitude": "93", "prec": "1,7", "latitude": 432714, "hourpresmax": null, "province": "BIZKAIA", "presmax": null, "presmin": null, "hourpresmin": null, "date": "1997-12-02", "name": "MACHICHACO", "gust": "24,7", "longitude": 24510, "avgspeed": "12,8", "dir": "32"}, {"code": "1057B", "hourtmin": null, "hourgust": "03:30", "hourtmax": null, "sun": null, "altitude": "93", "prec": "2,1", "latitude": 432714, "hourpresmax": null, "province": "BIZKAIA", "presmax": null, "presmin": null, "hourpresmin": null, "date": "1997-12-03", "name": "MACHICHACO", "gust": "18,9", "longitude": 24510, "avgspeed": "5,6", "dir": "30"}, {"code": "1057B", "hourtmin": null, "hourgust": "18:10", "hourtmax": null, "sun": null, "altitude": "93", "prec": "10,5", "latitude": 432714, "hourpresmax": null, "province": "BIZKAIA", "presmax": null, "presmin": null, "hourpresmin": null, "date": "1997-12-04", "name": "MACHICHACO", "gust": "22,5", "longitude": 24510, "avgspeed": "6,7", "dir": "05"}, {"code": "1057B", "hourtmin": null, "hourgust": "03:10", "hourtmax": null, "sun": null, "altitude": "93", "prec": "0,0", "latitude": 432714, "hourpresmax": null, "province": "BIZKAIA", "presmax": null, "presmin": null, "hourpresmin": null, "date": "1997-12-05", "name": "MACHICHACO", "gust": "11,7", "longitude": 24510, "avgspeed": "3,6", "dir": "11"}, {"code": "1057B", "hourtmin": null, "hourgust": "16:00", "hourtmax": null, "sun": null, "altitude": "93", "prec": "0,0", "latitude": 432714, "hourpresmax": null, "province": "BIZKAIA", "presmax": null, "presmin": null, "hourpresmin": null, "date": "1997-12-06", "name": "MACHICHACO", "gust": "9,2", "longitude": 24510, "avgspeed": "3,3", "dir": "12"}, {"code": "1057B", "hourtmin": null, "hourgust": "18:10", "hourtmax": null, "sun": null, "altitude": "93", "prec": "0,0", "latitude": 432714, "hourpresmax": null, "province": "BIZKAIA", "presmax": null, "presmin": null, "hourpresmin": null, "date": "1997-12-07", "name": "MACHICHACO", "gust": "17,5", "longitude": 24510, "avgspeed": "3,9", "dir": "26"}, {"code": "1057B", "hourtmin": null, "hourgust": "19:20", "hourtmax": null, "sun": null, "altitude": "93", "prec": "11,1", "latitude": 432714, "hourpresmax": null, "province": "BIZKAIA", "presmax": null, "presmin": null, "hourpresmin": null, "date": "1997-12-08", "name": "MACHICHACO", "gust": "19,2", "longitude": 24510, "avgspeed": "3,3", "dir": "29"}, {"code": "1057B", "hourtmin": null, "hourgust": "01:00", "hourtmax": null, "sun": null, "altitude": "93", "prec": "1,7", "latitude": 432714, "hourpresmax": null, "province": "BIZKAIA", "presmax": null, "presmin": null, "hourpresmin": null, "date": "1997-12-09", "name": "MACHICHACO", "gust": "12,2", "longitude": 24510, "avgspeed": "4,7", "dir": "27"}, {"code": "1057B", "hourtmin": null, "hourgust": "08:50", "hourtmax": null, "sun": null, "altitude": "93", "prec": "0,0", "latitude": 432714, "hourpresmax": null, "province": "BIZKAIA", "presmax": null, "presmin": null, "hourpresmin": null, "date": "1997-12-10", "name": "MACHICHACO", "gust": "14,2", "longitude": 24510, "avgspeed": "5,3", "dir": "26"}, {"code": "1057B", "hourtmin": null, "hourgust": "23:50", "hourtmax": null, "sun": null, "altitude": "93", "prec": "11,3", "latitude": 432714, "hourpresmax": null, "province": "BIZKAIA", "presmax": null, "presmin": null, "hourpresmin": null, "date": "1997-12-11", "name": "MACHICHACO", "gust": "21,4", "longitude": 24510, "avgspeed": "7,5", "dir": "28"}, {"code": "1057B", "hourtmin": null, "hourgust": "00:00", "hourtmax": null, "sun": null, "altitude": "93", "prec": "0,2", "latitude": 432714, "hourpresmax": null, "province": "BIZKAIA", "presmax": null, "presmin": null, "hourpresmin": null, "date": "1997-12-12", "name": "MACHICHACO", "gust": "17,8", "longitude": 24510, "avgspeed": "3,9", "dir": "28"}, {"code": "1057B", "hourtmin": null, "hourgust": "15:20", "hourtmax": null, "sun": null, "altitude": "93", "prec": "0,0", "latitude": 432714, "hourpresmax": null, "province": "BIZKAIA", "presmax": null, "presmin": null, "hourpresmin": null, "date": "1997-12-13", "name": "MACHICHACO", "gust": "9,7", "longitude": 24510, "avgspeed": "3,1", "dir": "10"}, {"code": "1057B", "hourtmin": null, "hourgust": "23:50", "hourtmax": null, "sun": null, "altitude": "93", "prec": "0,0", "latitude": 432714, "hourpresmax": null, "province": "BIZKAIA", "presmax": null, "presmin": null, "hourpresmin": null, "date": "1997-12-14", "name": "MACHICHACO", "gust": "13,6", "longitude": 24510, "avgspeed": "6,1", "dir": "28"}, {"code": "1057B", "hourtmin": null, "hourgust": "01:20", "hourtmax": null, "sun": null, "altitude": "93", "prec": "0,0", "latitude": 432714, "hourpresmax": null, "province": "BIZKAIA", "presmax": null, "presmin": null, "hourpresmin": null, "date": "1997-12-15", "name": "MACHICHACO", "gust": "16,7", "longitude": 24510, "avgspeed": "6,1", "dir": "28"}, {"code": "1057B", "hourtmin": null, "hourgust": "01:00", "hourtmax": null, "sun": null, "altitude": "93", "prec": "2,1", "latitude": 432714, "hourpresmax": null, "province": "BIZKAIA", "presmax": null, "presmin": null, "hourpresmin": null, "date": "1997-12-16", "name": "MACHICHACO", "gust": "26,9", "longitude": 24510, "avgspeed": "2,8", "dir": "25"}, {"code": "1057B", "hourtmin": null, "hourgust": "13:50", "hourtmax": null, "sun": null, "altitude": "93", "prec": "5,3", "latitude": 432714, "hourpresmax": null, "province": "BIZKAIA", "presmax": null, "presmin": null, "hourpresmin": null, "date": "1997-12-17", "name": "MACHICHACO", "gust": "12,8", "longitude": 24510, "avgspeed": "3,1", "dir": "21"}, {"code": "1057B", "hourtmin": null, "hourgust": "01:20", "hourtmax": null, "sun": null, "altitude": "93", "prec": "0,0", "latitude": 432714, "hourpresmax": null, "province": "BIZKAIA", "presmax": null, "presmin": null, "hourpresmin": null, "date": "1997-12-18", "name": "MACHICHACO", "gust": "15,3", "longitude": 24510, "avgspeed": "3,1", "dir": "27"}, {"code": "1057B", "hourtmin": null, "hourgust": "19:10", "hourtmax": null, "sun": null, "altitude": "93", "prec": "12,2", "latitude": 432714, "hourpresmax": null, "province": "BIZKAIA", "presmax": null, "presmin": null, "hourpresmin": null, "date": "1997-12-19", "name": "MACHICHACO", "gust": "30,6", "longitude": 24510, "avgspeed": "4,7", "dir": "16"}, {"code": "1057B", "hourtmin": null, "hourgust": "19:20", "hourtmax": null, "sun": null, "altitude": "93", "prec": "4,2", "latitude": 432714, "hourpresmax": null, "province": "BIZKAIA", "presmax": null, "presmin": null, "hourpresmin": null, "date": "1997-12-20", "name": "MACHICHACO", "gust": "30,3", "longitude": 24510, "avgspeed": "11,7", "dir": "29"}, {"code": "1057B", "hourtmin": null, "hourgust": "00:10", "hourtmax": null, "sun": null, "altitude": "93", "prec": "0,5", "latitude": 432714, "hourpresmax": null, "province": "BIZKAIA", "presmax": null, "presmin": null, "hourpresmin": null, "date": "1997-12-21", "name": "MACHICHACO", "gust": "21,1", "longitude": 24510, "avgspeed": "3,6", "dir": "29"}, {"code": "1057B", "hourtmin": null, "hourgust": "19:20", "hourtmax": null, "sun": null, "altitude": "93", "prec": "6,5", "latitude": 432714, "hourpresmax": null, "province": "BIZKAIA", "presmax": null, "presmin": null, "hourpresmin": null, "date": "1997-12-22", "name": "MACHICHACO", "gust": "24,2", "longitude": 24510, "avgspeed": "9,2", "dir": "31"}, {"code": "1057B", "hourtmin": null, "hourgust": "00:00", "hourtmax": null, "sun": null, "altitude": "93", "prec": "0,0", "latitude": 432714, "hourpresmax": null, "province": "BIZKAIA", "presmax": null, "presmin": null, "hourpresmin": null, "date": "1997-12-23", "name": "MACHICHACO", "gust": "19,2", "longitude": 24510, "avgspeed": "3,3", "dir": "31"}, {"code": "1057B", "hourtmin": null, "hourgust": "20:20", "hourtmax": null, "sun": null, "altitude": "93", "prec": "0,1", "latitude": 432714, "hourpresmax": null, "province": "BIZKAIA", "presmax": null, "presmin": null, "hourpresmin": null, "date": "1997-12-24", "name": "MACHICHACO", "gust": "16,9", "longitude": 24510, "avgspeed": "7,8", "dir": "22"}, {"code": "1057B", "hourtmin": null, "hourgust": "06:40", "hourtmax": null, "sun": null, "altitude": "93", "prec": "7,5", "latitude": 432714, "hourpresmax": null, "province": "BIZKAIA", "presmax": null, "presmin": null, "hourpresmin": null, "date": "1997-12-25", "name": "MACHICHACO", "gust": "20,0", "longitude": 24510, "avgspeed": "9,2", "dir": "22"}, {"code": "1057B", "hourtmin": null, "hourgust": "15:30", "hourtmax": null, "sun": null, "altitude": "93", "prec": "12,2", "latitude": 432714, "hourpresmax": null, "province": "BIZKAIA", "presmax": null, "presmin": null, "hourpresmin": null, "date": "1997-12-26", "name": "MACHICHACO", "gust": "31,7", "longitude": 24510, "avgspeed": "12,2", "dir": "31"}, {"code": "1057B", "hourtmin": null, "hourgust": "04:00", "hourtmax": null, "sun": null, "altitude": "93", "prec": "4,3", "latitude": 432714, "hourpresmax": null, "province": "BIZKAIA", "presmax": null, "presmin": null, "hourpresmin": null, "date": "1997-12-27", "name": "MACHICHACO", "gust": "31,4", "longitude": 24510, "avgspeed": "11,9", "dir": "29"}, {"code": "1057B", "hourtmin": null, "hourgust": "Varias", "hourtmax": null, "sun": null, "altitude": "93", "prec": "0,0", "latitude": 432714, "hourpresmax": null, "province": "BIZKAIA", "presmax": null, "presmin": null, "hourpresmin": null, "date": "1997-12-28", "name": "MACHICHACO", "gust": "14,4", "longitude": 24510, "avgspeed": "4,2", "dir": "23"}, {"code": "1057B", "hourtmin": null, "hourgust": "00:00", "hourtmax": null, "sun": null, "altitude": "93", "prec": "1,4", "latitude": 432714, "hourpresmax": null, "province": "BIZKAIA", "presmax": null, "presmin": null, "hourpresmin": null, "date": "1997-12-29", "name": "MACHICHACO", "gust": "15,0", "longitude": 24510, "avgspeed": "6,1", "dir": "22"}, {"code": "1057B", "hourtmin": null, "hourgust": "22:10", "hourtmax": null, "sun": null, "altitude": "93", "prec": "9,0", "latitude": 432714, "hourpresmax": null, "province": "BIZKAIA", "presmax": null, "presmin": null, "hourpresmin": null, "date": "1997-12-30", "name": "MACHICHACO", "gust": "15,0", "longitude": 24510, "avgspeed": "2,8", "dir": "22"}, {"code": "1057B", "hourtmin": null, "hourgust": "08:30", "hourtmax": null, "sun": null, "altitude": "93", "prec": "24,8", "latitude": 432714, "hourpresmax": null, "province": "BIZKAIA", "presmax": null, "presmin": null, "hourpresmin": null, "date": "1997-12-31", "name": "MACHICHACO", "gust": "18,9", "longitude": 24510, "avgspeed": "6,1", "dir": "27"}]