[{"code": "1057B", "hourtmin": null, "hourgust": "11:20", "hourtmax": null, "sun": null, "altitude": "93", "prec": "9,0", "latitude": 432714, "hourpresmax": null, "province": "BIZKAIA", "presmax": null, "presmin": null, "hourpresmin": null, "date": "2012-01-26", "name": "MACHICHACO", "gust": "16,9", "longitude": 24510, "avgspeed": "4,4", "dir": "28"}, {"code": "1057B", "hourtmin": null, "hourgust": "10:00", "hourtmax": null, "sun": null, "altitude": "93", "prec": "10,4", "latitude": 432714, "hourpresmax": null, "province": "BIZKAIA", "presmax": null, "presmin": null, "hourpresmin": null, "date": "2012-01-27", "name": "MACHICHACO", "gust": "10,6", "longitude": 24510, "avgspeed": "0,8", "dir": "25"}, {"code": "1057B", "hourtmin": null, "hourgust": "11:40", "hourtmax": null, "sun": null, "altitude": "93", "prec": "7,4", "latitude": 432714, "hourpresmax": null, "province": "BIZKAIA", "presmax": null, "presmin": null, "hourpresmin": null, "date": "2012-01-28", "name": "MACHICHACO", "gust": "17,2", "longitude": 24510, "avgspeed": "8,1", "dir": "27"}, {"code": "1057B", "hourtmin": null, "hourgust": "03:20", "hourtmax": null, "sun": null, "altitude": "93", "prec": "2,4", "latitude": 432714, "hourpresmax": null, "province": "BIZKAIA", "presmax": null, "presmin": null, "hourpresmin": null, "date": "2012-01-29", "name": "MACHICHACO", "gust": "14,7", "longitude": 24510, "avgspeed": "2,5", "dir": "32"}, {"code": "1057B", "hourtmin": null, "hourgust": "23:20", "hourtmax": null, "sun": null, "altitude": "93", "prec": "0,0", "latitude": 432714, "hourpresmax": null, "province": "BIZKAIA", "presmax": null, "presmin": null, "hourpresmin": null, "date": "2012-01-30", "name": "MACHICHACO", "gust": "6,7", "longitude": 24510, "avgspeed": "1,9", "dir": "26"}, {"code": "1057B", "hourtmin": null, "hourgust": "15:00", "hourtmax": null, "sun": null, "altitude": "93", "prec": "19,7", "latitude": 432714, "hourpresmax": null, "province": "BIZKAIA", "presmax": null, "presmin": null, "hourpresmin": null, "date": "2012-01-31", "name": "MACHICHACO", "gust": "21,7", "longitude": 24510, "avgspeed": "7,2", "dir": "28"}, {"code": "1057B", "hourtmin": null, "hourgust": "66:30", "hourtmax": null, "sun": null, "altitude": "93", "prec": "4,7", "latitude": 432714, "hourpresmax": null, "province": "BIZKAIA", "presmax": null, "presmin": null, "hourpresmin": null, "date": "2012-02-01", "name": "MACHICHACO", "gust": "22,8", "longitude": 24510, "avgspeed": null, "dir": "27"}, {"code": "1057B", "hourtmin": null, "hourgust": "20:00", "hourtmax": null, "sun": null, "altitude": "93", "prec": "0,0", "latitude": 432714, "hourpresmax": null, "province": "BIZKAIA", "presmax": null, "presmin": null, "hourpresmin": null, "date": "2012-02-02", "name": "MACHICHACO", "gust": "14,2", "longitude": 24510, "avgspeed": "2,2", "dir": "03"}, {"code": "1057B", "hourtmin": null, "hourgust": "10:20", "hourtmax": null, "sun": null, "altitude": "93", "prec": "0,0", "latitude": 432714, "hourpresmax": null, "province": "BIZKAIA", "presmax": null, "presmin": null, "hourpresmin": null, "date": "2012-02-03", "name": "MACHICHACO", "gust": "21,4", "longitude": 24510, "avgspeed": "3,3", "dir": "13"}, {"code": "1057B", "hourtmin": null, "hourgust": "16:10", "hourtmax": null, "sun": null, "altitude": "93", "prec": "10,0", "latitude": 432714, "hourpresmax": null, "province": "BIZKAIA", "presmax": null, "presmin": null, "hourpresmin": null, "date": "2012-02-04", "name": "MACHICHACO", "gust": "12,2", "longitude": 24510, "avgspeed": "3,3", "dir": "32"}, {"code": "1057B", "hourtmin": null, "hourgust": "08:20", "hourtmax": null, "sun": null, "altitude": "93", "prec": "5,2", "latitude": 432714, "hourpresmax": null, "province": "BIZKAIA", "presmax": null, "presmin": null, "hourpresmin": null, "date": "2012-02-05", "name": "MACHICHACO", "gust": "33,6", "longitude": 24510, "avgspeed": "8,1", "dir": "27"}, {"code": "1057B", "hourtmin": null, "hourgust": "16:30", "hourtmax": null, "sun": null, "altitude": "93", "prec": "6,0", "latitude": 432714, "hourpresmax": null, "province": "BIZKAIA", "presmax": null, "presmin": null, "hourpresmin": null, "date": "2012-02-06", "name": "MACHICHACO", "gust": "9,4", "longitude": 24510, "avgspeed": "3,1", "dir": "10"}, {"code": "1057B", "hourtmin": null, "hourgust": "12:00", "hourtmax": null, "sun": null, "altitude": "93", "latitude": 432714, "hourpresmax": null, "province": "BIZKAIA", "presmax": null, "presmin": null, "hourpresmin": null, "date": "2012-02-07", "name": "MACHICHACO", "gust": "11,7", "longitude": 24510, "avgspeed": "3,6", "dir": "08"}, {"code": "1057B", "hourtmin": null, "hourgust": "05:30", "hourtmax": null, "sun": null, "altitude": "93", "prec": "2,5", "latitude": 432714, "hourpresmax": null, "province": "BIZKAIA", "presmax": null, "presmin": null, "hourpresmin": null, "date": "2012-02-08", "name": "MACHICHACO", "gust": "12,2", "longitude": 24510, "avgspeed": "2,2", "dir": "03"}, {"code": "1057B", "hourtmin": null, "hourgust": "00:40", "hourtmax": null, "sun": null, "altitude": "93", "prec": "0,1", "latitude": 432714, "hourpresmax": null, "province": "BIZKAIA", "presmax": null, "presmin": null, "hourpresmin": null, "date": "2012-02-09", "name": "MACHICHACO", "gust": "7,8", "longitude": 24510, "avgspeed": "1,7", "dir": "05"}, {"code": "1057B", "hourtmin": null, "hourgust": "08:50", "hourtmax": null, "sun": null, "altitude": "93", "prec": "0,0", "latitude": 432714, "hourpresmax": null, "province": "BIZKAIA", "presmax": null, "presmin": null, "hourpresmin": null, "date": "2012-02-10", "name": "MACHICHACO", "gust": "10,3", "longitude": 24510, "avgspeed": "2,8", "dir": "10"}, {"code": "1057B", "hourtmin": null, "hourgust": "00:30", "hourtmax": null, "sun": null, "altitude": "93", "prec": "0,0", "latitude": 432714, "hourpresmax": null, "province": "BIZKAIA", "presmax": null, "presmin": null, "hourpresmin": null, "date": "2012-02-11", "name": "MACHICHACO", "gust": "9,4", "longitude": 24510, "avgspeed": "1,4", "dir": "05"}, {"code": "1057B", "hourtmin": null, "hourgust": "02:00", "hourtmax": null, "sun": null, "altitude": "93", "prec": "0,6", "latitude": 432714, "hourpresmax": null, "province": "BIZKAIA", "presmax": null, "presmin": null, "hourpresmin": null, "date": "2012-02-12", "name": "MACHICHACO", "gust": "10,3", "longitude": 24510, "avgspeed": "3,1", "dir": "04"}, {"code": "1057B", "hourtmin": null, "hourgust": "23:59", "hourtmax": null, "sun": null, "altitude": "93", "prec": "3,4", "latitude": 432714, "hourpresmax": null, "province": "BIZKAIA", "presmax": null, "presmin": null, "hourpresmin": null, "date": "2012-02-13", "name": "MACHICHACO", "gust": "16,4", "longitude": 24510, "avgspeed": "4,2", "dir": "30"}, {"code": "1057B", "hourtmin": null, "hourgust": "00:10", "hourtmax": null, "sun": null, "altitude": "93", "prec": "2,9", "latitude": 432714, "hourpresmax": null, "province": "BIZKAIA", "presmax": null, "presmin": null, "hourpresmin": null, "date": "2012-02-16", "name": "MACHICHACO", "gust": "11,9", "longitude": 24510, "avgspeed": "3,3", "dir": "34"}, {"code": "1057B", "hourtmin": null, "hourgust": "11:10", "hourtmax": null, "sun": null, "altitude": "93", "prec": "0,0", "latitude": 432714, "hourpresmax": null, "province": "BIZKAIA", "presmax": null, "presmin": null, "hourpresmin": null, "date": "2012-02-17", "name": "MACHICHACO", "gust": "9,7", "longitude": 24510, "avgspeed": "4,4", "dir": "10"}, {"code": "1057B", "hourtmin": null, "hourgust": "23:59", "hourtmax": null, "sun": null, "altitude": "93", "prec": "0,0", "latitude": 432714, "hourpresmax": null, "province": "BIZKAIA", "presmax": null, "presmin": null, "hourpresmin": null, "date": "2012-02-18", "name": "MACHICHACO", "gust": "8,6", "longitude": 24510, "avgspeed": "2,5", "dir": "26"}, {"code": "1057B", "hourtmin": null, "hourgust": "09:10", "hourtmax": null, "sun": null, "altitude": "93", "prec": "3,1", "latitude": 432714, "hourpresmax": null, "province": "BIZKAIA", "presmax": null, "presmin": null, "hourpresmin": null, "date": "2012-02-19", "name": "MACHICHACO", "gust": "15,0", "longitude": 24510, "avgspeed": "3,9", "dir": "27"}, {"code": "1057B", "hourtmin": null, "hourgust": "05:40", "hourtmax": null, "sun": null, "altitude": "93", "prec": "0,0", "latitude": 432714, "hourpresmax": null, "province": "BIZKAIA", "presmax": null, "presmin": null, "hourpresmin": null, "date": "2012-02-20", "name": "MACHICHACO", "gust": "9,4", "longitude": 24510, "avgspeed": "2,8", "dir": "10"}, {"code": "1057B", "hourtmin": null, "hourgust": "Varias", "hourtmax": null, "sun": null, "altitude": "93", "prec": "0,0", "latitude": 432714, "hourpresmax": null, "province": "BIZKAIA", "presmax": null, "presmin": null, "hourpresmin": null, "date": "2012-02-21", "name": "MACHICHACO", "gust": "7,8", "longitude": 24510, "avgspeed": "3,3", "dir": "10"}, {"code": "1057B", "hourtmin": null, "hourgust": "06:30", "hourtmax": null, "sun": null, "altitude": "93", "prec": "0,0", "latitude": 432714, "hourpresmax": null, "province": "BIZKAIA", "presmax": null, "presmin": null, "hourpresmin": null, "date": "2012-02-22", "name": "MACHICHACO", "gust": "6,4", "longitude": 24510, "avgspeed": "2,5", "dir": "11"}, {"code": "1057B", "hourtmin": null, "hourgust": "15:00", "hourtmax": null, "sun": null, "altitude": "93", "prec": "0,0", "latitude": 432714, "hourpresmax": null, "province": "BIZKAIA", "presmax": null, "presmin": null, "hourpresmin": null, "date": "2012-02-23", "name": "MACHICHACO", "gust": "6,4", "longitude": 24510, "avgspeed": "2,8", "dir": "10"}, {"code": "1057B", "hourtmin": null, "hourgust": "18:40", "hourtmax": null, "sun": null, "altitude": "93", "prec": "0,0", "latitude": 432714, "hourpresmax": null, "province": "BIZKAIA", "presmax": null, "presmin": null, "hourpresmin": null, "date": "2012-02-24", "name": "MACHICHACO", "gust": "6,7", "longitude": 24510, "avgspeed": "2,5", "dir": "11"}, {"code": "1057B", "hourtmin": null, "hourgust": "14:30", "hourtmax": null, "sun": null, "altitude": "93", "prec": "0,0", "latitude": 432714, "hourpresmax": null, "province": "BIZKAIA", "presmax": null, "presmin": null, "hourpresmin": null, "date": "2012-02-25", "name": "MACHICHACO", "gust": "6,1", "longitude": 24510, "avgspeed": "2,8", "dir": "27"}, {"code": "1057B", "hourtmin": null, "hourgust": "11:20", "hourtmax": null, "sun": null, "altitude": "93", "prec": "0,0", "latitude": 432714, "hourpresmax": null, "province": "BIZKAIA", "presmax": null, "presmin": null, "hourpresmin": null, "date": "2012-02-26", "name": "MACHICHACO", "gust": "6,7", "longitude": 24510, "avgspeed": "1,9", "dir": "05"}, {"code": "1057B", "hourtmin": null, "hourgust": "01:40", "hourtmax": null, "sun": null, "altitude": "93", "prec": "0,0", "latitude": 432714, "hourpresmax": null, "province": "BIZKAIA", "presmax": null, "presmin": null, "hourpresmin": null, "date": "2012-02-27", "name": "MACHICHACO", "gust": "4,2", "longitude": 24510, "avgspeed": "1,7", "dir": "05"}, {"code": "1057B", "hourtmin": null, "hourgust": "16:20", "hourtmax": null, "sun": null, "altitude": "93", "prec": "0,0", "latitude": 432714, "hourpresmax": null, "province": "BIZKAIA", "presmax": null, "presmin": null, "hourpresmin": null, "date": "2012-02-28", "name": "MACHICHACO", "gust": "10,6", "longitude": 24510, "avgspeed": "4,4", "dir": "10"}, {"code": "1057B", "hourtmin": null, "hourgust": "14:30", "hourtmax": null, "sun": null, "altitude": "93", "prec": "0,0", "latitude": 432714, "hourpresmax": null, "province": "BIZKAIA", "presmax": null, "presmin": null, "hourpresmin": null, "date": "2012-02-29", "name": "MACHICHACO", "gust": "12,2", "longitude": 24510, "avgspeed": "4,4", "dir": "99"}, {"code": "1057B", "hourtmin": null, "hourgust": "19:20", "hourtmax": null, "sun": null, "altitude": "93", "prec": "0,0", "latitude": 432714, "hourpresmax": null, "province": "BIZKAIA", "presmax": null, "presmin": null, "hourpresmin": null, "date": "2012-03-01", "name": "MACHICHACO", "gust": "8,1", "longitude": 24510, "avgspeed": "3,6", "dir": "13"}, {"code": "1057B", "hourtmin": null, "hourgust": "17:40", "hourtmax": null, "sun": null, "altitude": "93", "prec": "0,0", "latitude": 432714, "hourpresmax": null, "province": "BIZKAIA", "presmax": null, "presmin": null, "hourpresmin": null, "date": "2012-03-02", "name": "MACHICHACO", "gust": "16,9", "longitude": 24510, "avgspeed": "6,4", "dir": "27"}, {"code": "1057B", "hourtmin": null, "hourgust": "00:10", "hourtmax": null, "sun": null, "altitude": "93", "prec": "0,5", "latitude": 432714, "hourpresmax": null, "province": "BIZKAIA", "presmax": null, "presmin": null, "hourpresmin": null, "date": "2012-03-03", "name": "MACHICHACO", "gust": "6,9", "longitude": 24510, "avgspeed": "2,5", "dir": "25"}, {"code": "1057B", "hourtmin": null, "hourgust": "13:20", "hourtmax": null, "sun": null, "altitude": "93", "prec": "2,6", "latitude": 432714, "hourpresmax": null, "province": "BIZKAIA", "presmax": null, "presmin": null, "hourpresmin": null, "date": "2012-03-04", "name": "MACHICHACO", "gust": "28,1", "longitude": 24510, "avgspeed": "10,3", "dir": "28"}, {"code": "1057B", "hourtmin": null, "hourgust": "23:00", "hourtmax": null, "sun": null, "altitude": "93", "prec": "0,4", "latitude": 432714, "hourpresmax": null, "province": "BIZKAIA", "presmax": null, "presmin": null, "hourpresmin": null, "date": "2012-03-05", "name": "MACHICHACO", "gust": "12,5", "longitude": 24510, "avgspeed": "3,1", "dir": "31"}, {"code": "1057B", "hourtmin": null, "hourgust": "10:10", "hourtmax": null, "sun": null, "altitude": "93", "prec": "3,2", "latitude": 432714, "hourpresmax": null, "province": "BIZKAIA", "presmax": null, "presmin": null, "hourpresmin": null, "date": "2012-03-06", "name": "MACHICHACO", "gust": "13,1", "longitude": 24510, "avgspeed": "4,7", "dir": "28"}, {"code": "1057B", "hourtmin": null, "hourgust": "22:00", "hourtmax": null, "sun": null, "altitude": "93", "prec": "1,7", "latitude": 432714, "hourpresmax": null, "province": "BIZKAIA", "presmax": null, "presmin": null, "hourpresmin": null, "date": "2012-03-07", "name": "MACHICHACO", "gust": "21,1", "longitude": 24510, "avgspeed": "3,3", "dir": "28"}, {"code": "1057B", "hourtmin": null, "hourgust": "00:40", "hourtmax": null, "sun": null, "altitude": "93", "latitude": 432714, "hourpresmax": null, "province": "BIZKAIA", "presmax": null, "presmin": null, "hourpresmin": null, "date": "2012-03-08", "name": "MACHICHACO", "gust": "11,4", "longitude": 24510, "avgspeed": "2,8", "dir": "30"}, {"code": "1057B", "hourtmin": null, "hourgust": "18:20", "hourtmax": null, "sun": null, "altitude": "93", "prec": "0,7", "latitude": 432714, "hourpresmax": null, "province": "BIZKAIA", "presmax": null, "presmin": null, "hourpresmin": null, "date": "2012-05-04", "name": "MACHICHACO", "gust": "13,6", "longitude": 24510, "avgspeed": "3,9", "dir": "24"}, {"code": "1057B", "hourtmin": null, "hourgust": "06:50", "hourtmax": null, "sun": null, "altitude": "93", "prec": "3,7", "latitude": 432714, "hourpresmax": null, "province": "BIZKAIA", "presmax": null, "presmin": null, "hourpresmin": null, "date": "2012-05-05", "name": "MACHICHACO", "gust": "11,7", "longitude": 24510, "avgspeed": "6,4", "dir": "99"}, {"code": "1057B", "hourtmin": null, "hourgust": "07:10", "hourtmax": null, "sun": null, "altitude": "93", "prec": "0,0", "latitude": 432714, "hourpresmax": null, "province": "BIZKAIA", "presmax": null, "presmin": null, "hourpresmin": null, "date": "2012-05-06", "name": "MACHICHACO", "gust": "11,4", "longitude": 24510, "avgspeed": "3,9", "dir": "28"}, {"code": "1057B", "hourtmin": null, "hourgust": "23:20", "hourtmax": null, "sun": null, "altitude": "93", "prec": "1,1", "latitude": 432714, "hourpresmax": null, "province": "BIZKAIA", "presmax": null, "presmin": null, "hourpresmin": null, "date": "2012-05-07", "name": "MACHICHACO", "gust": "13,6", "longitude": 24510, "avgspeed": "1,4", "dir": "22"}, {"code": "1057B", "hourtmin": null, "hourgust": "07:10", "hourtmax": null, "sun": null, "altitude": "93", "prec": "0,2", "latitude": 432714, "hourpresmax": null, "province": "BIZKAIA", "presmax": null, "presmin": null, "hourpresmin": null, "date": "2012-05-08", "name": "MACHICHACO", "gust": "13,9", "longitude": 24510, "avgspeed": "4,2", "dir": "20"}, {"code": "1057B", "hourtmin": null, "hourgust": "01:00", "hourtmax": null, "sun": null, "altitude": "93", "prec": "0,0", "latitude": 432714, "hourpresmax": null, "province": "BIZKAIA", "presmax": null, "presmin": null, "hourpresmin": null, "date": "2012-05-09", "name": "MACHICHACO", "gust": "10,8", "longitude": 24510, "avgspeed": "3,3", "dir": "22"}, {"code": "1057B", "hourtmin": null, "hourgust": "21:20", "hourtmax": null, "sun": null, "altitude": "93", "prec": "0,0", "latitude": 432714, "hourpresmax": null, "province": "BIZKAIA", "presmax": null, "presmin": null, "hourpresmin": null, "date": "2012-05-10", "name": "MACHICHACO", "gust": "21,1", "longitude": 24510, "avgspeed": "1,7", "dir": "28"}, {"code": "1057B", "hourtmin": null, "hourgust": "Varias", "hourtmax": null, "sun": null, "altitude": "93", "prec": "0,0", "latitude": 432714, "hourpresmax": null, "province": "BIZKAIA", "presmax": null, "presmin": null, "hourpresmin": null, "date": "2012-05-11", "name": "MACHICHACO", "gust": "13,3", "longitude": 24510, "avgspeed": "3,1", "dir": "99"}, {"code": "1057B", "hourtmin": null, "hourgust": "Varias", "hourtmax": null, "sun": null, "altitude": "93", "prec": "0,0", "latitude": 432714, "hourpresmax": null, "province": "BIZKAIA", "presmax": null, "presmin": null, "hourpresmin": null, "date": "2012-05-12", "name": "MACHICHACO", "gust": "9,7", "longitude": 24510, "avgspeed": "3,6", "dir": "27"}, {"code": "1057B", "hourtmin": null, "hourgust": "00:30", "hourtmax": null, "sun": null, "altitude": "93", "prec": "0,0", "latitude": 432714, "hourpresmax": null, "province": "BIZKAIA", "presmax": null, "presmin": null, "hourpresmin": null, "date": "2012-05-13", "name": "MACHICHACO", "gust": "8,6", "longitude": 24510, "avgspeed": "1,4", "dir": "25"}, {"code": "1057B", "hourtmin": null, "hourgust": "Varias", "hourtmax": null, "sun": null, "altitude": "93", "prec": "0,0", "latitude": 432714, "hourpresmax": null, "province": "BIZKAIA", "presmax": null, "presmin": null, "hourpresmin": null, "date": "2012-05-14", "name": "MACHICHACO", "gust": "7,5", "longitude": 24510, "avgspeed": "1,7", "dir": "99"}, {"code": "1057B", "hourtmin": null, "hourgust": "01:20", "hourtmax": null, "sun": null, "altitude": "93", "prec": "0,0", "latitude": 432714, "hourpresmax": null, "province": "BIZKAIA", "presmax": null, "presmin": null, "hourpresmin": null, "date": "2012-05-15", "name": "MACHICHACO", "gust": "8,9", "longitude": 24510, "avgspeed": "1,7", "dir": "28"}, {"code": "1057B", "hourtmin": null, "hourgust": "01:20", "hourtmax": null, "sun": null, "altitude": "93", "prec": "0,0", "latitude": 432714, "hourpresmax": null, "province": "BIZKAIA", "presmax": null, "presmin": null, "hourpresmin": null, "date": "2012-05-16", "name": "MACHICHACO", "gust": "8,9", "longitude": 24510, "avgspeed": "1,7", "dir": "28"}, {"code": "1057B", "hourtmin": null, "hourgust": "01:20", "hourtmax": null, "sun": null, "altitude": "93", "prec": "0,0", "latitude": 432714, "hourpresmax": null, "province": "BIZKAIA", "presmax": null, "presmin": null, "hourpresmin": null, "date": "2012-05-17", "name": "MACHICHACO", "gust": "8,9", "longitude": 24510, "avgspeed": "1,7", "dir": "28"}, {"code": "1057B", "hourtmin": null, "hourgust": "01:20", "hourtmax": null, "sun": null, "altitude": "93", "prec": "0,0", "latitude": 432714, "hourpresmax": null, "province": "BIZKAIA", "presmax": null, "presmin": null, "hourpresmin": null, "date": "2012-05-18", "name": "MACHICHACO", "gust": "8,9", "longitude": 24510, "avgspeed": "1,7", "dir": "28"}, {"code": "1057B", "hourtmin": null, "hourgust": "01:20", "hourtmax": null, "sun": null, "altitude": "93", "prec": "0,0", "latitude": 432714, "hourpresmax": null, "province": "BIZKAIA", "presmax": null, "presmin": null, "hourpresmin": null, "date": "2012-05-19", "name": "MACHICHACO", "gust": "8,9", "longitude": 24510, "avgspeed": "1,7", "dir": "28"}, {"code": "1057B", "hourtmin": null, "hourgust": "01:20", "hourtmax": null, "sun": null, "altitude": "93", "latitude": 432714, "hourpresmax": null, "province": "BIZKAIA", "presmax": null, "presmin": null, "hourpresmin": null, "date": "2012-05-20", "name": "MACHICHACO", "gust": "8,9", "longitude": 24510, "avgspeed": "1,7", "dir": "28"}, {"code": "1057B", "hourtmin": null, "hourgust": "67:10", "hourtmax": null, "sun": null, "altitude": "93", "latitude": 432714, "hourpresmax": null, "province": "BIZKAIA", "presmax": null, "presmin": null, "hourpresmin": null, "date": "2012-05-21", "name": "MACHICHACO", "gust": "26,1", "longitude": 24510, "avgspeed": null, "dir": "28"}, {"code": "1057B", "hourtmin": null, "hourgust": "60:10", "hourtmax": null, "sun": null, "altitude": "93", "latitude": 432714, "hourpresmax": null, "province": "BIZKAIA", "presmax": null, "presmin": null, "hourpresmin": null, "date": "2012-05-22", "name": "MACHICHACO", "gust": "26,1", "longitude": 24510, "avgspeed": null, "dir": "28"}, {"code": "1057B", "hourtmin": null, "hourgust": "20:40", "hourtmax": null, "sun": null, "altitude": "93", "prec": "0,0", "latitude": 432714, "hourpresmax": null, "province": "BIZKAIA", "presmax": null, "presmin": null, "hourpresmin": null, "date": "2012-05-23", "name": "MACHICHACO", "gust": "12,5", "longitude": 24510, "avgspeed": "4,7", "dir": "10"}, {"code": "1057B", "hourtmin": null, "hourgust": "12:10", "hourtmax": null, "sun": null, "altitude": "93", "prec": "0,0", "latitude": 432714, "hourpresmax": null, "province": "BIZKAIA", "presmax": null, "presmin": null, "hourpresmin": null, "date": "2012-05-24", "name": "MACHICHACO", "gust": "6,7", "longitude": 24510, "avgspeed": "3,1", "dir": "10"}, {"code": "1057B", "hourtmin": null, "hourgust": "22:50", "hourtmax": null, "sun": null, "altitude": "93", "prec": "0,0", "latitude": 432714, "hourpresmax": null, "province": "BIZKAIA", "presmax": null, "presmin": null, "hourpresmin": null, "date": "2012-05-25", "name": "MACHICHACO", "gust": "20,8", "longitude": 24510, "avgspeed": "3,9", "dir": "28"}, {"code": "1057B", "hourtmin": null, "hourgust": "00:10", "hourtmax": null, "sun": null, "altitude": "93", "prec": "0,0", "latitude": 432714, "hourpresmax": null, "province": "BIZKAIA", "presmax": null, "presmin": null, "hourpresmin": null, "date": "2012-05-26", "name": "MACHICHACO", "gust": "18,3", "longitude": 24510, "avgspeed": "3,1", "dir": "26"}, {"code": "1057B", "hourtmin": null, "hourgust": "Varias", "hourtmax": null, "sun": null, "altitude": "93", "prec": "0,0", "latitude": 432714, "hourpresmax": null, "province": "BIZKAIA", "presmax": null, "presmin": null, "hourpresmin": null, "date": "2012-05-27", "name": "MACHICHACO", "gust": "6,4", "longitude": 24510, "avgspeed": "1,7", "dir": "99"}, {"code": "1057B", "hourtmin": null, "hourgust": "19:30", "hourtmax": null, "sun": null, "altitude": "93", "prec": "0,0", "latitude": 432714, "hourpresmax": null, "province": "BIZKAIA", "presmax": null, "presmin": null, "hourpresmin": null, "date": "2012-05-28", "name": "MACHICHACO", "gust": "10,0", "longitude": 24510, "avgspeed": "3,6", "dir": "11"}, {"code": "1057B", "hourtmin": null, "hourgust": "20:10", "hourtmax": null, "sun": null, "altitude": "93", "prec": "0,0", "latitude": 432714, "hourpresmax": null, "province": "BIZKAIA", "presmax": null, "presmin": null, "hourpresmin": null, "date": "2012-05-29", "name": "MACHICHACO", "gust": "15,8", "longitude": 24510, "avgspeed": "6,7", "dir": "27"}, {"code": "1057B", "hourtmin": null, "hourgust": "00:10", "hourtmax": null, "sun": null, "altitude": "93", "prec": "0,0", "latitude": 432714, "hourpresmax": null, "province": "BIZKAIA", "presmax": null, "presmin": null, "hourpresmin": null, "date": "2012-05-30", "name": "MACHICHACO", "gust": "10,6", "longitude": 24510, "avgspeed": "2,5", "dir": "27"}, {"code": "1057B", "hourtmin": null, "hourgust": "11:00", "hourtmax": null, "sun": null, "altitude": "93", "prec": "0,0", "latitude": 432714, "hourpresmax": null, "province": "BIZKAIA", "presmax": null, "presmin": null, "hourpresmin": null, "date": "2012-05-31", "name": "MACHICHACO", "gust": "12,2", "longitude": 24510, "avgspeed": "6,4", "dir": "10"}, {"code": "1057B", "hourtmin": null, "hourgust": "21:20", "hourtmax": null, "sun": null, "altitude": "93", "prec": "0,0", "latitude": 432714, "hourpresmax": null, "province": "BIZKAIA", "presmax": null, "presmin": null, "hourpresmin": null, "date": "2012-06-01", "name": "MACHICHACO", "gust": "16,4", "longitude": 24510, "avgspeed": "5,3", "dir": "28"}, {"code": "1057B", "hourtmin": null, "hourgust": "13:00", "hourtmax": null, "sun": null, "altitude": "93", "prec": "1,8", "latitude": 432714, "hourpresmax": null, "province": "BIZKAIA", "presmax": null, "presmin": null, "hourpresmin": null, "date": "2012-06-02", "name": "MACHICHACO", "gust": "22,2", "longitude": 24510, "avgspeed": "10,0", "dir": "28"}, {"code": "1057B", "hourtmin": null, "hourgust": "06:50", "hourtmax": null, "sun": null, "altitude": "93", "prec": "0,0", "latitude": 432714, "hourpresmax": null, "province": "BIZKAIA", "presmax": null, "presmin": null, "hourpresmin": null, "date": "2012-06-03", "name": "MACHICHACO", "gust": "13,9", "longitude": 24510, "avgspeed": "5,3", "dir": "27"}, {"code": "1057B", "hourtmin": null, "hourgust": "06:40", "hourtmax": null, "sun": null, "altitude": "93", "prec": "0,0", "latitude": 432714, "hourpresmax": null, "province": "BIZKAIA", "presmax": null, "presmin": null, "hourpresmin": null, "date": "2012-06-04", "name": "MACHICHACO", "gust": "6,1", "longitude": 24510, "avgspeed": "2,2", "dir": "28"}, {"code": "1057B", "hourtmin": null, "hourgust": "23:59", "hourtmax": null, "sun": null, "altitude": "93", "prec": "0,8", "latitude": 432714, "hourpresmax": null, "province": "BIZKAIA", "presmax": null, "presmin": null, "hourpresmin": null, "date": "2012-06-05", "name": "MACHICHACO", "gust": "9,2", "longitude": 24510, "avgspeed": "3,3", "dir": "28"}, {"code": "1057B", "hourtmin": null, "hourgust": "16:50", "hourtmax": null, "sun": null, "altitude": "93", "prec": "0,1", "latitude": 432714, "hourpresmax": null, "province": "BIZKAIA", "presmax": null, "presmin": null, "hourpresmin": null, "date": "2012-06-06", "name": "MACHICHACO", "gust": "11,7", "longitude": 24510, "avgspeed": "4,4", "dir": "10"}, {"code": "1057B", "hourtmin": null, "hourgust": "10:00", "hourtmax": null, "sun": null, "altitude": "93", "prec": "0,1", "latitude": 432714, "hourpresmax": null, "province": "BIZKAIA", "presmax": null, "presmin": null, "hourpresmin": null, "date": "2012-06-07", "name": "MACHICHACO", "gust": "20,8", "longitude": 24510, "avgspeed": "3,3", "dir": "28"}, {"code": "1057B", "hourtmin": null, "hourgust": "10:50", "hourtmax": null, "sun": null, "altitude": "93", "prec": "0,0", "latitude": 432714, "hourpresmax": null, "province": "BIZKAIA", "presmax": null, "presmin": null, "hourpresmin": null, "date": "2012-06-08", "name": "MACHICHACO", "gust": "10,3", "longitude": 24510, "avgspeed": "5,0", "dir": "28"}, {"code": "1057B", "hourtmin": null, "hourgust": "14:10", "hourtmax": null, "sun": null, "altitude": "93", "prec": "1,9", "latitude": 432714, "hourpresmax": null, "province": "BIZKAIA", "presmax": null, "presmin": null, "hourpresmin": null, "date": "2012-06-09", "name": "MACHICHACO", "gust": "8,9", "longitude": 24510, "avgspeed": "3,6", "dir": "09"}, {"code": "1057B", "hourtmin": null, "hourgust": "12:20", "hourtmax": null, "sun": null, "altitude": "93", "prec": "2,2", "latitude": 432714, "hourpresmax": null, "province": "BIZKAIA", "presmax": null, "presmin": null, "hourpresmin": null, "date": "2012-06-10", "name": "MACHICHACO", "gust": "21,1", "longitude": 24510, "avgspeed": "6,7", "dir": "28"}, {"code": "1057B", "hourtmin": null, "hourgust": "22:20", "hourtmax": null, "sun": null, "altitude": "93", "prec": "14,5", "latitude": 432714, "hourpresmax": null, "province": "BIZKAIA", "presmax": null, "presmin": null, "hourpresmin": null, "date": "2012-06-11", "name": "MACHICHACO", "gust": "23,9", "longitude": 24510, "avgspeed": "9,7", "dir": "27"}, {"code": "1057B", "hourtmin": null, "hourgust": "04:30", "hourtmax": null, "sun": null, "altitude": "93", "prec": "4,3", "latitude": 432714, "hourpresmax": null, "province": "BIZKAIA", "presmax": null, "presmin": null, "hourpresmin": null, "date": "2012-06-12", "name": "MACHICHACO", "gust": "25,0", "longitude": 24510, "avgspeed": "11,1", "dir": "28"}, {"code": "1057B", "hourtmin": null, "hourgust": "00:10", "hourtmax": null, "sun": null, "altitude": "93", "prec": "0,0", "latitude": 432714, "hourpresmax": null, "province": "BIZKAIA", "presmax": null, "presmin": null, "hourpresmin": null, "date": "2012-06-13", "name": "MACHICHACO", "gust": "16,7", "longitude": 24510, "avgspeed": "5,3", "dir": "28"}, {"code": "1057B", "hourtmin": null, "hourgust": "16:30", "hourtmax": null, "sun": null, "altitude": "93", "prec": "0,0", "latitude": 432714, "hourpresmax": null, "province": "BIZKAIA", "presmax": null, "presmin": null, "hourpresmin": null, "date": "2012-06-14", "name": "MACHICHACO", "gust": "13,6", "longitude": 24510, "avgspeed": "3,6", "dir": "26"}, {"code": "1057B", "hourtmin": null, "hourgust": "20:10", "hourtmax": null, "sun": null, "altitude": "93", "prec": "0,0", "latitude": 432714, "hourpresmax": null, "province": "BIZKAIA", "presmax": null, "presmin": null, "hourpresmin": null, "date": "2012-06-15", "name": "MACHICHACO", "gust": "11,9", "longitude": 24510, "avgspeed": "4,2", "dir": "26"}, {"code": "1057B", "hourtmin": null, "hourgust": "13:10", "hourtmax": null, "sun": null, "altitude": "93", "prec": "0,7", "latitude": 432714, "hourpresmax": null, "province": "BIZKAIA", "presmax": null, "presmin": null, "hourpresmin": null, "date": "2012-06-16", "name": "MACHICHACO", "gust": "11,1", "longitude": 24510, "avgspeed": "2,8", "dir": "31"}, {"code": "1057B", "hourtmin": null, "hourgust": "22:00", "hourtmax": null, "sun": null, "altitude": "93", "prec": "0,4", "latitude": 432714, "hourpresmax": null, "province": "BIZKAIA", "presmax": null, "presmin": null, "hourpresmin": null, "date": "2012-06-17", "name": "MACHICHACO", "gust": "21,9", "longitude": 24510, "avgspeed": "5,0", "dir": "27"}, {"code": "1057B", "hourtmin": null, "hourgust": "00:20", "hourtmax": null, "sun": null, "altitude": "93", "prec": "0,8", "latitude": 432714, "hourpresmax": null, "province": "BIZKAIA", "presmax": null, "presmin": null, "hourpresmin": null, "date": "2012-06-18", "name": "MACHICHACO", "gust": "15,0", "longitude": 24510, "avgspeed": "2,2", "dir": "28"}, {"code": "1057B", "hourtmin": null, "hourgust": "04:50", "hourtmax": null, "sun": null, "altitude": "93", "prec": "0,0", "latitude": 432714, "hourpresmax": null, "province": "BIZKAIA", "presmax": null, "presmin": null, "hourpresmin": null, "date": "2012-06-19", "name": "MACHICHACO", "gust": "8,6", "longitude": 24510, "avgspeed": "1,9", "dir": "11"}, {"code": "1057B", "hourtmin": null, "hourgust": "18:10", "hourtmax": null, "sun": null, "altitude": "93", "prec": "0,0", "latitude": 432714, "hourpresmax": null, "province": "BIZKAIA", "presmax": null, "presmin": null, "hourpresmin": null, "date": "2012-06-20", "name": "MACHICHACO", "gust": "16,7", "longitude": 24510, "avgspeed": "5,8", "dir": "27"}, {"code": "1057B", "hourtmin": null, "hourgust": "08:10", "hourtmax": null, "sun": null, "altitude": "93", "prec": "0,0", "latitude": 432714, "hourpresmax": null, "province": "BIZKAIA", "presmax": null, "presmin": null, "hourpresmin": null, "date": "2012-06-21", "name": "MACHICHACO", "gust": "30,8", "longitude": 24510, "avgspeed": "6,7", "dir": "28"}, {"code": "1057B", "hourtmin": null, "hourgust": "09:30", "hourtmax": null, "sun": null, "altitude": "93", "prec": "0,0", "latitude": 432714, "hourpresmax": null, "province": "BIZKAIA", "presmax": null, "presmin": null, "hourpresmin": null, "date": "2012-06-22", "name": "MACHICHACO", "gust": "5,8", "longitude": 24510, "avgspeed": "1,7", "dir": "28"}, {"code": "1057B", "hourtmin": null, "hourgust": "09:20", "hourtmax": null, "sun": null, "altitude": "93", "prec": "0,0", "latitude": 432714, "hourpresmax": null, "province": "BIZKAIA", "presmax": null, "presmin": null, "hourpresmin": null, "date": "2012-06-23", "name": "MACHICHACO", "gust": "10,0", "longitude": 24510, "avgspeed": "3,1", "dir": "09"}, {"code": "1057B", "hourtmin": null, "hourgust": "14:30", "hourtmax": null, "sun": null, "altitude": "93", "prec": "0,0", "latitude": 432714, "hourpresmax": null, "province": "BIZKAIA", "presmax": null, "presmin": null, "hourpresmin": null, "date": "2012-06-24", "name": "MACHICHACO", "gust": "7,5", "longitude": 24510, "avgspeed": "3,1", "dir": "28"}, {"code": "1057B", "hourtmin": null, "hourgust": "13:20", "hourtmax": null, "sun": null, "altitude": "93", "prec": "0,0", "latitude": 432714, "hourpresmax": null, "province": "BIZKAIA", "presmax": null, "presmin": null, "hourpresmin": null, "date": "2012-06-25", "name": "MACHICHACO", "gust": "7,8", "longitude": 24510, "avgspeed": "2,2", "dir": "10"}, {"code": "1057B", "hourtmin": null, "hourgust": "16:50", "hourtmax": null, "sun": null, "altitude": "93", "prec": "0,0", "latitude": 432714, "hourpresmax": null, "province": "BIZKAIA", "presmax": null, "presmin": null, "hourpresmin": null, "date": "2012-06-26", "name": "MACHICHACO", "gust": "11,1", "longitude": 24510, "avgspeed": "5,6", "dir": "10"}, {"code": "1057B", "hourtmin": null, "hourgust": "19:30", "hourtmax": null, "sun": null, "altitude": "93", "prec": "2,0", "latitude": 432714, "hourpresmax": null, "province": "BIZKAIA", "presmax": null, "presmin": null, "hourpresmin": null, "date": "2012-06-27", "name": "MACHICHACO", "gust": "24,7", "longitude": 24510, "avgspeed": "1,9", "dir": "27"}, {"code": "1057B", "hourtmin": null, "hourgust": "02:00", "hourtmax": null, "sun": null, "altitude": "93", "prec": "0,0", "latitude": 432714, "hourpresmax": null, "province": "BIZKAIA", "presmax": null, "presmin": null, "hourpresmin": null, "date": "2012-06-28", "name": "MACHICHACO", "gust": "13,9", "longitude": 24510, "avgspeed": "4,4", "dir": "27"}, {"code": "1057B", "hourtmin": null, "hourgust": "11:50", "hourtmax": null, "sun": null, "altitude": "93", "prec": "0,0", "latitude": 432714, "hourpresmax": null, "province": "BIZKAIA", "presmax": null, "presmin": null, "hourpresmin": null, "date": "2012-06-29", "name": "MACHICHACO", "gust": "5,6", "longitude": 24510, "avgspeed": "1,1", "dir": "02"}, {"code": "1057B", "hourtmin": null, "hourgust": "11:50", "hourtmax": null, "sun": null, "altitude": "93", "prec": "3,6", "latitude": 432714, "hourpresmax": null, "province": "BIZKAIA", "presmax": null, "presmin": null, "hourpresmin": null, "date": "2012-06-30", "name": "MACHICHACO", "gust": "18,1", "longitude": 24510, "avgspeed": "6,9", "dir": "28"}, {"code": "1057B", "hourtmin": null, "hourgust": "03:30", "hourtmax": null, "sun": null, "altitude": "93", "prec": "0,1", "latitude": 432714, "hourpresmax": null, "province": "BIZKAIA", "presmax": null, "presmin": null, "hourpresmin": null, "date": "2012-07-01", "name": "MACHICHACO", "gust": "14,7", "longitude": 24510, "avgspeed": "6,1", "dir": "28"}, {"code": "1057B", "hourtmin": null, "hourgust": "09:40", "hourtmax": null, "sun": null, "altitude": "93", "prec": "0,0", "latitude": 432714, "hourpresmax": null, "province": "BIZKAIA", "presmax": null, "presmin": null, "hourpresmin": null, "date": "2012-07-02", "name": "MACHICHACO", "gust": "7,5", "longitude": 24510, "avgspeed": "3,1", "dir": "09"}, {"code": "1057B", "hourtmin": null, "hourgust": "16:20", "hourtmax": null, "sun": null, "altitude": "93", "prec": "0,0", "latitude": 432714, "hourpresmax": null, "province": "BIZKAIA", "presmax": null, "presmin": null, "hourpresmin": null, "date": "2012-07-03", "name": "MACHICHACO", "gust": "8,1", "longitude": 24510, "avgspeed": "3,6", "dir": "27"}, {"code": "1057B", "hourtmin": null, "hourgust": "23:40", "hourtmax": null, "sun": null, "altitude": "93", "prec": "2,6", "latitude": 432714, "hourpresmax": null, "province": "BIZKAIA", "presmax": null, "presmin": null, "hourpresmin": null, "date": "2012-07-04", "name": "MACHICHACO", "gust": "12,5", "longitude": 24510, "avgspeed": "1,7", "dir": "28"}, {"code": "1057B", "hourtmin": null, "hourgust": "21:30", "hourtmax": null, "sun": null, "altitude": "93", "prec": "11,2", "latitude": 432714, "hourpresmax": null, "province": "BIZKAIA", "presmax": null, "presmin": null, "hourpresmin": null, "date": "2012-07-05", "name": "MACHICHACO", "gust": "14,4", "longitude": 24510, "avgspeed": "8,1", "dir": "28"}, {"code": "1057B", "hourtmin": null, "hourgust": "09:30", "hourtmax": null, "sun": null, "altitude": "93", "prec": "0,0", "latitude": 432714, "hourpresmax": null, "province": "BIZKAIA", "presmax": null, "presmin": null, "hourpresmin": null, "date": "2012-07-06", "name": "MACHICHACO", "gust": "14,7", "longitude": 24510, "avgspeed": "2,5", "dir": "28"}, {"code": "1057B", "hourtmin": null, "hourgust": "16:40", "hourtmax": null, "sun": null, "altitude": "93", "prec": "0,0", "latitude": 432714, "hourpresmax": null, "province": "BIZKAIA", "presmax": null, "presmin": null, "hourpresmin": null, "date": "2012-07-07", "name": "MACHICHACO", "gust": "21,1", "longitude": 24510, "avgspeed": "6,1", "dir": "28"}, {"code": "1057B", "hourtmin": null, "hourgust": "00:20", "hourtmax": null, "sun": null, "altitude": "93", "prec": "0,0", "latitude": 432714, "hourpresmax": null, "province": "BIZKAIA", "presmax": null, "presmin": null, "hourpresmin": null, "date": "2012-07-08", "name": "MACHICHACO", "gust": "16,7", "longitude": 24510, "avgspeed": "6,4", "dir": "28"}, {"code": "1057B", "hourtmin": null, "hourgust": "14:10", "hourtmax": null, "sun": null, "altitude": "93", "prec": "0,3", "latitude": 432714, "hourpresmax": null, "province": "BIZKAIA", "presmax": null, "presmin": null, "hourpresmin": null, "date": "2012-07-11", "name": "MACHICHACO", "gust": "8,9", "longitude": 24510, "avgspeed": "3,3", "dir": "31"}, {"code": "1057B", "hourtmin": null, "hourgust": "01:10", "hourtmax": null, "sun": null, "altitude": "93", "prec": "0,0", "latitude": 432714, "hourpresmax": null, "province": "BIZKAIA", "presmax": null, "presmin": null, "hourpresmin": null, "date": "2012-07-12", "name": "MACHICHACO", "gust": "6,9", "longitude": 24510, "avgspeed": "2,5", "dir": "26"}, {"code": "1057B", "hourtmin": null, "hourgust": "19:20", "hourtmax": null, "sun": null, "altitude": "93", "prec": "0,1", "latitude": 432714, "hourpresmax": null, "province": "BIZKAIA", "presmax": null, "presmin": null, "hourpresmin": null, "date": "2012-07-13", "name": "MACHICHACO", "gust": "21,1", "longitude": 24510, "avgspeed": "5,8", "dir": "27"}, {"code": "1057B", "hourtmin": null, "hourgust": "13:10", "hourtmax": null, "sun": null, "altitude": "93", "prec": "0,9", "latitude": 432714, "hourpresmax": null, "province": "BIZKAIA", "presmax": null, "presmin": null, "hourpresmin": null, "date": "2012-07-14", "name": "MACHICHACO", "gust": "15,8", "longitude": 24510, "avgspeed": "9,7", "dir": "28"}, {"code": "1057B", "hourtmin": null, "hourgust": "13:00", "hourtmax": null, "sun": null, "altitude": "93", "prec": "0,0", "latitude": 432714, "hourpresmax": null, "province": "BIZKAIA", "presmax": null, "presmin": null, "hourpresmin": null, "date": "2012-07-15", "name": "MACHICHACO", "gust": "12,2", "longitude": 24510, "avgspeed": "5,6", "dir": "28"}, {"code": "1057B", "hourtmin": null, "hourgust": "10:30", "hourtmax": null, "sun": null, "altitude": "93", "prec": "0,0", "latitude": 432714, "hourpresmax": null, "province": "BIZKAIA", "presmax": null, "presmin": null, "hourpresmin": null, "date": "2012-07-16", "name": "MACHICHACO", "gust": "10,6", "longitude": 24510, "avgspeed": "4,4", "dir": "09"}, {"code": "1057B", "hourtmin": null, "hourgust": "15:50", "hourtmax": null, "sun": null, "altitude": "93", "prec": "0,0", "latitude": 432714, "hourpresmax": null, "province": "BIZKAIA", "presmax": null, "presmin": null, "hourpresmin": null, "date": "2012-07-17", "name": "MACHICHACO", "gust": "10,3", "longitude": 24510, "avgspeed": "5,3", "dir": "13"}, {"code": "1057B", "hourtmin": null, "hourgust": "06:40", "hourtmax": null, "sun": null, "altitude": "93", "prec": "0,0", "latitude": 432714, "hourpresmax": null, "province": "BIZKAIA", "presmax": null, "presmin": null, "hourpresmin": null, "date": "2012-07-20", "name": "MACHICHACO", "gust": "6,7", "longitude": 24510, "avgspeed": "2,2", "dir": "04"}, {"code": "1057B", "hourtmin": null, "hourgust": "05:10", "hourtmax": null, "sun": null, "altitude": "93", "prec": "0,0", "latitude": 432714, "hourpresmax": null, "province": "BIZKAIA", "presmax": null, "presmin": null, "hourpresmin": null, "date": "2012-07-21", "name": "MACHICHACO", "gust": "5,8", "longitude": 24510, "avgspeed": "2,2", "dir": "05"}, {"code": "1057B", "hourtmin": null, "hourgust": "13:30", "hourtmax": null, "sun": null, "altitude": "93", "prec": "0,0", "latitude": 432714, "hourpresmax": null, "province": "BIZKAIA", "presmax": null, "presmin": null, "hourpresmin": null, "date": "2012-07-22", "name": "MACHICHACO", "gust": "4,7", "longitude": 24510, "avgspeed": "0,8", "dir": "05"}, {"code": "1057B", "hourtmin": null, "hourgust": "23:00", "hourtmax": null, "sun": null, "altitude": "93", "prec": "0,0", "latitude": 432714, "hourpresmax": null, "province": "BIZKAIA", "presmax": null, "presmin": null, "hourpresmin": null, "date": "2012-07-23", "name": "MACHICHACO", "gust": "4,4", "longitude": 24510, "avgspeed": "0,8", "dir": "25"}, {"code": "1057B", "hourtmin": null, "hourgust": "12:40", "hourtmax": null, "sun": null, "altitude": "93", "prec": "0,0", "latitude": 432714, "hourpresmax": null, "province": "BIZKAIA", "presmax": null, "presmin": null, "hourpresmin": null, "date": "2012-07-24", "name": "MACHICHACO", "gust": "7,2", "longitude": 24510, "avgspeed": "1,4", "dir": "10"}, {"code": "1057B", "hourtmin": null, "hourgust": "18:30", "hourtmax": null, "sun": null, "altitude": "93", "prec": "0,0", "latitude": 432714, "hourpresmax": null, "province": "BIZKAIA", "presmax": null, "presmin": null, "hourpresmin": null, "date": "2012-07-25", "name": "MACHICHACO", "gust": "9,2", "longitude": 24510, "avgspeed": "1,7", "dir": "26"}, {"code": "1057B", "hourtmin": null, "hourgust": "20:00", "hourtmax": null, "sun": null, "altitude": "93", "prec": "5,0", "latitude": 432714, "hourpresmax": null, "province": "BIZKAIA", "presmax": null, "presmin": null, "hourpresmin": null, "date": "2012-07-26", "name": "MACHICHACO", "gust": "16,4", "longitude": 24510, "avgspeed": "5,8", "dir": "22"}, {"code": "1057B", "hourtmin": null, "hourgust": "23:59", "hourtmax": null, "sun": null, "altitude": "93", "prec": "0,0", "latitude": 432714, "hourpresmax": null, "province": "BIZKAIA", "presmax": null, "presmin": null, "hourpresmin": null, "date": "2012-07-27", "name": "MACHICHACO", "gust": "15,6", "longitude": 24510, "avgspeed": "5,3", "dir": "28"}, {"code": "1057B", "hourtmin": null, "hourgust": "00:20", "hourtmax": null, "sun": null, "altitude": "93", "prec": "0,4", "latitude": 432714, "hourpresmax": null, "province": "BIZKAIA", "presmax": null, "presmin": null, "hourpresmin": null, "date": "2012-07-28", "name": "MACHICHACO", "gust": "16,4", "longitude": 24510, "avgspeed": "4,7", "dir": "28"}, {"code": "1057B", "hourtmin": null, "hourgust": "Varias", "hourtmax": null, "sun": null, "altitude": "93", "prec": "0,0", "latitude": 432714, "hourpresmax": null, "province": "BIZKAIA", "presmax": null, "presmin": null, "hourpresmin": null, "date": "2012-07-29", "name": "MACHICHACO", "gust": "4,2", "longitude": 24510, "avgspeed": "0,6", "dir": "99"}, {"code": "1057B", "hourtmin": null, "hourgust": "16:50", "hourtmax": null, "sun": null, "altitude": "93", "prec": "0,0", "latitude": 432714, "hourpresmax": null, "province": "BIZKAIA", "presmax": null, "presmin": null, "hourpresmin": null, "date": "2012-07-30", "name": "MACHICHACO", "gust": "5,3", "longitude": 24510, "avgspeed": "1,4", "dir": "10"}, {"code": "1057B", "hourtmin": null, "hourgust": "19:30", "hourtmax": null, "sun": null, "altitude": "93", "prec": "0,0", "latitude": 432714, "hourpresmax": null, "province": "BIZKAIA", "presmax": null, "presmin": null, "hourpresmin": null, "date": "2012-07-31", "name": "MACHICHACO", "gust": "14,4", "longitude": 24510, "avgspeed": "3,9", "dir": "27"}, {"code": "1057B", "hourtmin": null, "hourgust": "01:00", "hourtmax": null, "sun": null, "altitude": "93", "latitude": 432714, "hourpresmax": null, "province": "BIZKAIA", "presmax": null, "presmin": null, "hourpresmin": null, "date": "2012-08-01", "name": "MACHICHACO", "gust": "12,8", "longitude": 24510, "avgspeed": "0,8", "dir": "28"}, {"code": "1057B", "hourtmin": null, "hourgust": "13:50", "hourtmax": null, "sun": null, "altitude": "93", "prec": "3,8", "latitude": 432714, "hourpresmax": null, "province": "BIZKAIA", "presmax": null, "presmin": null, "hourpresmin": null, "date": "2012-08-04", "name": "MACHICHACO", "gust": "4,7", "longitude": 24510, "avgspeed": "0,8", "dir": "30"}, {"code": "1057B", "hourtmin": null, "hourgust": "13:40", "hourtmax": null, "sun": null, "altitude": "93", "prec": "9,5", "latitude": 432714, "hourpresmax": null, "province": "BIZKAIA", "presmax": null, "presmin": null, "hourpresmin": null, "date": "2012-08-05", "name": "MACHICHACO", "gust": "13,9", "longitude": 24510, "avgspeed": "6,9", "dir": "28"}, {"code": "1057B", "hourtmin": null, "hourgust": "09:00", "hourtmax": null, "sun": null, "altitude": "93", "prec": "0,0", "latitude": 432714, "hourpresmax": null, "province": "BIZKAIA", "presmax": null, "presmin": null, "hourpresmin": null, "date": "2012-08-06", "name": "MACHICHACO", "gust": "11,1", "longitude": 24510, "avgspeed": "3,3", "dir": "28"}, {"code": "1057B", "hourtmin": null, "hourgust": "16:10", "hourtmax": null, "sun": null, "altitude": "93", "prec": "0,0", "latitude": 432714, "hourpresmax": null, "province": "BIZKAIA", "presmax": null, "presmin": null, "hourpresmin": null, "date": "2012-08-07", "name": "MACHICHACO", "gust": "10,3", "longitude": 24510, "avgspeed": "4,2", "dir": "09"}, {"code": "1057B", "hourtmin": null, "hourgust": "14:50", "hourtmax": null, "sun": null, "altitude": "93", "prec": "0,0", "latitude": 432714, "hourpresmax": null, "province": "BIZKAIA", "presmax": null, "presmin": null, "hourpresmin": null, "date": "2012-08-08", "name": "MACHICHACO", "gust": "9,4", "longitude": 24510, "avgspeed": "3,3", "dir": "12"}, {"code": "1057B", "hourtmin": null, "hourgust": "19:20", "hourtmax": null, "sun": null, "altitude": "93", "prec": "0,0", "latitude": 432714, "hourpresmax": null, "province": "BIZKAIA", "presmax": null, "presmin": null, "hourpresmin": null, "date": "2012-08-09", "name": "MACHICHACO", "gust": "9,7", "longitude": 24510, "avgspeed": "3,1", "dir": "27"}, {"code": "1057B", "hourtmin": null, "hourgust": "20:40", "hourtmax": null, "sun": null, "altitude": "93", "prec": "0,0", "latitude": 432714, "hourpresmax": null, "province": "BIZKAIA", "presmax": null, "presmin": null, "hourpresmin": null, "date": "2012-08-10", "name": "MACHICHACO", "gust": "18,3", "longitude": 24510, "avgspeed": "5,0", "dir": "27"}, {"code": "1057B", "hourtmin": null, "hourgust": "03:30", "hourtmax": null, "sun": null, "altitude": "93", "prec": "0,0", "latitude": 432714, "hourpresmax": null, "province": "BIZKAIA", "presmax": null, "presmin": null, "hourpresmin": null, "date": "2012-08-11", "name": "MACHICHACO", "gust": "15,0", "longitude": 24510, "avgspeed": "7,2", "dir": "28"}, {"code": "1057B", "hourtmin": null, "hourgust": "12:20", "hourtmax": null, "sun": null, "altitude": "93", "prec": "0,0", "latitude": 432714, "hourpresmax": null, "province": "BIZKAIA", "presmax": null, "presmin": null, "hourpresmin": null, "date": "2012-08-12", "name": "MACHICHACO", "gust": "6,9", "longitude": 24510, "avgspeed": "0,6", "dir": "32"}, {"code": "1057B", "hourtmin": null, "hourgust": "17:20", "hourtmax": null, "sun": null, "altitude": "93", "prec": "0,0", "latitude": 432714, "hourpresmax": null, "province": "BIZKAIA", "presmax": null, "presmin": null, "hourpresmin": null, "date": "2012-08-13", "name": "MACHICHACO", "gust": "7,8", "longitude": 24510, "avgspeed": "2,8", "dir": "10"}, {"code": "1057B", "hourtmin": null, "hourgust": "06:50", "hourtmax": null, "sun": null, "altitude": "93", "prec": "0,0", "latitude": 432714, "hourpresmax": null, "province": "BIZKAIA", "presmax": null, "presmin": null, "hourpresmin": null, "date": "2012-08-14", "name": "MACHICHACO", "gust": "11,7", "longitude": 24510, "avgspeed": "4,4", "dir": "26"}, {"code": "1057B", "hourtmin": null, "hourgust": "05:50", "hourtmax": null, "sun": null, "altitude": "93", "prec": "0,0", "latitude": 432714, "hourpresmax": null, "province": "BIZKAIA", "presmax": null, "presmin": null, "hourpresmin": null, "date": "2012-08-15", "name": "MACHICHACO", "gust": "21,7", "longitude": 24510, "avgspeed": "5,8", "dir": "28"}, {"code": "1057B", "hourtmin": null, "hourgust": "01:30", "hourtmax": null, "sun": null, "altitude": "93", "prec": "0,0", "latitude": 432714, "hourpresmax": null, "province": "BIZKAIA", "presmax": null, "presmin": null, "hourpresmin": null, "date": "2012-08-16", "name": "MACHICHACO", "gust": "13,3", "longitude": 24510, "avgspeed": "3,6", "dir": "28"}, {"code": "1057B", "hourtmin": null, "hourgust": "23:59", "hourtmax": null, "sun": null, "altitude": "93", "prec": "0,0", "latitude": 432714, "hourpresmax": null, "province": "BIZKAIA", "presmax": null, "presmin": null, "hourpresmin": null, "date": "2012-08-17", "name": "MACHICHACO", "gust": "9,7", "longitude": 24510, "avgspeed": "2,2", "dir": "26"}, {"code": "1057B", "hourtmin": null, "hourgust": "08:50", "hourtmax": null, "sun": null, "altitude": "93", "prec": "0,0", "latitude": 432714, "hourpresmax": null, "province": "BIZKAIA", "presmax": null, "presmin": null, "hourpresmin": null, "date": "2012-08-18", "name": "MACHICHACO", "gust": "12,2", "longitude": 24510, "avgspeed": "3,9", "dir": "28"}, {"code": "1057B", "hourtmin": null, "hourgust": "09:50", "hourtmax": null, "sun": null, "altitude": "93", "prec": "0,0", "latitude": 432714, "hourpresmax": null, "province": "BIZKAIA", "presmax": null, "presmin": null, "hourpresmin": null, "date": "2012-08-19", "name": "MACHICHACO", "gust": "10,0", "longitude": 24510, "avgspeed": "1,7", "dir": "27"}, {"code": "1057B", "hourtmin": null, "hourgust": "14:20", "hourtmax": null, "sun": null, "altitude": "93", "prec": "0,0", "latitude": 432714, "hourpresmax": null, "province": "BIZKAIA", "presmax": null, "presmin": null, "hourpresmin": null, "date": "2012-08-20", "name": "MACHICHACO", "gust": "3,9", "longitude": 24510, "avgspeed": "1,1", "dir": "05"}, {"code": "1057B", "hourtmin": null, "hourgust": "11:10", "hourtmax": null, "sun": null, "altitude": "93", "prec": "0,0", "latitude": 432714, "hourpresmax": null, "province": "BIZKAIA", "presmax": null, "presmin": null, "hourpresmin": null, "date": "2012-08-21", "name": "MACHICHACO", "gust": "8,9", "longitude": 24510, "avgspeed": "2,8", "dir": "28"}, {"code": "1057B", "hourtmin": null, "hourgust": "05:40", "hourtmax": null, "sun": null, "altitude": "93", "prec": "0,0", "latitude": 432714, "hourpresmax": null, "province": "BIZKAIA", "presmax": null, "presmin": null, "hourpresmin": null, "date": "2012-08-22", "name": "MACHICHACO", "gust": "7,8", "longitude": 24510, "avgspeed": "3,3", "dir": "06"}, {"code": "1057B", "hourtmin": null, "hourgust": "14:30", "hourtmax": null, "sun": null, "altitude": "93", "prec": "0,0", "latitude": 432714, "hourpresmax": null, "province": "BIZKAIA", "presmax": null, "presmin": null, "hourpresmin": null, "date": "2012-08-23", "name": "MACHICHACO", "gust": "11,7", "longitude": 24510, "avgspeed": "4,4", "dir": "28"}, {"code": "1057B", "hourtmin": null, "hourgust": "23:00", "hourtmax": null, "sun": null, "altitude": "93", "prec": "2,8", "latitude": 432714, "hourpresmax": null, "province": "BIZKAIA", "presmax": null, "presmin": null, "hourpresmin": null, "date": "2012-08-24", "name": "MACHICHACO", "gust": "11,1", "longitude": 24510, "avgspeed": "1,1", "dir": "28"}, {"code": "1057B", "hourtmin": null, "hourgust": "11:10", "hourtmax": null, "sun": null, "altitude": "93", "prec": "1,2", "latitude": 432714, "hourpresmax": null, "province": "BIZKAIA", "presmax": null, "presmin": null, "hourpresmin": null, "date": "2012-08-25", "name": "MACHICHACO", "gust": "17,8", "longitude": 24510, "avgspeed": "11,1", "dir": "28"}, {"code": "1057B", "hourtmin": null, "hourgust": "19:10", "hourtmax": null, "sun": null, "altitude": "93", "prec": "0,0", "latitude": 432714, "hourpresmax": null, "province": "BIZKAIA", "presmax": null, "presmin": null, "hourpresmin": null, "date": "2012-08-26", "name": "MACHICHACO", "gust": "11,1", "longitude": 24510, "avgspeed": "3,3", "dir": "10"}, {"code": "1057B", "hourtmin": null, "hourgust": "14:20", "hourtmax": null, "sun": null, "altitude": "93", "prec": "0,0", "latitude": 432714, "hourpresmax": null, "province": "BIZKAIA", "presmax": null, "presmin": null, "hourpresmin": null, "date": "2012-08-27", "name": "MACHICHACO", "gust": "14,4", "longitude": 24510, "avgspeed": "6,4", "dir": "28"}, {"code": "1057B", "hourtmin": null, "hourgust": "13:00", "hourtmax": null, "sun": null, "altitude": "93", "prec": "0,0", "latitude": 432714, "hourpresmax": null, "province": "BIZKAIA", "presmax": null, "presmin": null, "hourpresmin": null, "date": "2012-08-28", "name": "MACHICHACO", "gust": "10,0", "longitude": 24510, "avgspeed": "2,8", "dir": "10"}, {"code": "1057B", "hourtmin": null, "hourgust": "12:20", "hourtmax": null, "sun": null, "altitude": "93", "prec": "26,8", "latitude": 432714, "hourpresmax": null, "province": "BIZKAIA", "presmax": null, "presmin": null, "hourpresmin": null, "date": "2012-08-29", "name": "MACHICHACO", "gust": "15,8", "longitude": 24510, "avgspeed": "6,4", "dir": "29"}, {"code": "1057B", "hourtmin": null, "hourgust": "11:40", "hourtmax": null, "sun": null, "altitude": "93", "prec": "6,1", "latitude": 432714, "hourpresmax": null, "province": "BIZKAIA", "presmax": null, "presmin": null, "hourpresmin": null, "date": "2012-08-30", "name": "MACHICHACO", "gust": "16,4", "longitude": 24510, "avgspeed": "6,7", "dir": "28"}, {"code": "1057B", "hourtmin": null, "hourgust": "04:30", "hourtmax": null, "sun": null, "altitude": "93", "prec": "0,0", "latitude": 432714, "hourpresmax": null, "province": "BIZKAIA", "presmax": null, "presmin": null, "hourpresmin": null, "date": "2012-08-31", "name": "MACHICHACO", "gust": "12,2", "longitude": 24510, "avgspeed": "3,6", "dir": "28"}, {"code": "1057B", "hourtmin": null, "hourgust": "08:40", "hourtmax": null, "sun": null, "altitude": "93", "prec": "0,0", "latitude": 432714, "hourpresmax": null, "province": "BIZKAIA", "presmax": null, "presmin": null, "hourpresmin": null, "date": "2012-09-01", "name": "MACHICHACO", "gust": "8,6", "longitude": 24510, "avgspeed": "1,7", "dir": "04"}, {"code": "1057B", "hourtmin": null, "hourgust": "22:00", "hourtmax": null, "sun": null, "altitude": "93", "prec": "0,0", "latitude": 432714, "hourpresmax": null, "province": "BIZKAIA", "presmax": null, "presmin": null, "hourpresmin": null, "date": "2012-09-02", "name": "MACHICHACO", "gust": "6,7", "longitude": 24510, "avgspeed": "0,6", "dir": "04"}, {"code": "1057B", "hourtmin": null, "hourgust": "03:20", "hourtmax": null, "sun": null, "altitude": "93", "prec": "0,0", "latitude": 432714, "hourpresmax": null, "province": "BIZKAIA", "presmax": null, "presmin": null, "hourpresmin": null, "date": "2012-09-03", "name": "MACHICHACO", "gust": "6,4", "longitude": 24510, "avgspeed": "0,0", "dir": "05"}, {"code": "1057B", "hourtmin": null, "hourgust": "07:30", "hourtmax": null, "sun": null, "altitude": "93", "prec": "0,5", "latitude": 432714, "hourpresmax": null, "province": "BIZKAIA", "presmax": null, "presmin": null, "hourpresmin": null, "date": "2012-09-04", "name": "MACHICHACO", "gust": "11,7", "longitude": 24510, "avgspeed": "1,9", "dir": "27"}, {"code": "1057B", "hourtmin": null, "hourgust": "Varias", "hourtmax": null, "sun": null, "altitude": "93", "prec": "0,0", "latitude": 432714, "hourpresmax": null, "province": "BIZKAIA", "presmax": null, "presmin": null, "hourpresmin": null, "date": "2012-09-05", "name": "MACHICHACO", "gust": "9,2", "longitude": 24510, "avgspeed": "4,4", "dir": "99"}, {"code": "1057B", "hourtmin": null, "hourgust": "02:40", "hourtmax": null, "sun": null, "altitude": "93", "prec": "0,0", "latitude": 432714, "hourpresmax": null, "province": "BIZKAIA", "presmax": null, "presmin": null, "hourpresmin": null, "date": "2012-09-06", "name": "MACHICHACO", "gust": "6,7", "longitude": 24510, "avgspeed": "1,4", "dir": "24"}, {"code": "1057B", "hourtmin": null, "hourgust": "13:00", "hourtmax": null, "sun": null, "altitude": "93", "prec": "0,0", "latitude": 432714, "hourpresmax": null, "province": "BIZKAIA", "presmax": null, "presmin": null, "hourpresmin": null, "date": "2012-09-07", "name": "MACHICHACO", "gust": "9,2", "longitude": 24510, "avgspeed": "3,6", "dir": "09"}, {"code": "1057B", "hourtmin": null, "hourgust": "23:40", "hourtmax": null, "sun": null, "altitude": "93", "prec": "0,0", "latitude": 432714, "hourpresmax": null, "province": "BIZKAIA", "presmax": null, "presmin": null, "hourpresmin": null, "date": "2012-09-08", "name": "MACHICHACO", "gust": "8,6", "longitude": 24510, "avgspeed": "2,2", "dir": "25"}, {"code": "1057B", "hourtmin": null, "hourgust": "00:10", "hourtmax": null, "sun": null, "altitude": "93", "prec": "2,6", "latitude": 432714, "hourpresmax": null, "province": "BIZKAIA", "presmax": null, "presmin": null, "hourpresmin": null, "date": "2012-09-09", "name": "MACHICHACO", "gust": "7,5", "longitude": 24510, "avgspeed": "1,4", "dir": "26"}, {"code": "1057B", "hourtmin": null, "hourgust": "14:20", "hourtmax": null, "sun": null, "altitude": "93", "prec": "0,0", "latitude": 432714, "hourpresmax": null, "province": "BIZKAIA", "presmax": null, "presmin": null, "hourpresmin": null, "date": "2012-09-10", "name": "MACHICHACO", "gust": "9,2", "longitude": 24510, "avgspeed": "3,6", "dir": "09"}, {"code": "1057B", "hourtmin": null, "hourgust": "16:20", "hourtmax": null, "sun": null, "altitude": "93", "prec": "0,0", "latitude": 432714, "hourpresmax": null, "province": "BIZKAIA", "presmax": null, "presmin": null, "hourpresmin": null, "date": "2012-09-11", "name": "MACHICHACO", "gust": "8,1", "longitude": 24510, "avgspeed": "3,1", "dir": "32"}, {"code": "1057B", "hourtmin": null, "hourgust": "23:59", "hourtmax": null, "sun": null, "altitude": "93", "prec": "15,0", "latitude": 432714, "hourpresmax": null, "province": "BIZKAIA", "presmax": null, "presmin": null, "hourpresmin": null, "date": "2012-09-12", "name": "MACHICHACO", "gust": "13,6", "longitude": 24510, "avgspeed": "5,3", "dir": "28"}, {"code": "1057B", "hourtmin": null, "hourgust": "05:30", "hourtmax": null, "sun": null, "altitude": "93", "prec": "0,2", "latitude": 432714, "hourpresmax": null, "province": "BIZKAIA", "presmax": null, "presmin": null, "hourpresmin": null, "date": "2012-09-13", "name": "MACHICHACO", "gust": "19,7", "longitude": 24510, "avgspeed": "9,7", "dir": "27"}, {"code": "1057B", "hourtmin": null, "hourgust": "02:50", "hourtmax": null, "sun": null, "altitude": "93", "prec": "0,0", "latitude": 432714, "hourpresmax": null, "province": "BIZKAIA", "presmax": null, "presmin": null, "hourpresmin": null, "date": "2012-09-14", "name": "MACHICHACO", "gust": "7,5", "longitude": 24510, "avgspeed": "1,1", "dir": "31"}, {"code": "1057B", "hourtmin": null, "hourgust": "13:10", "hourtmax": null, "sun": null, "altitude": "93", "prec": "0,0", "latitude": 432714, "hourpresmax": null, "province": "BIZKAIA", "presmax": null, "presmin": null, "hourpresmin": null, "date": "2012-09-15", "name": "MACHICHACO", "gust": "12,5", "longitude": 24510, "avgspeed": "4,2", "dir": "10"}, {"code": "1057B", "hourtmin": null, "hourgust": "09:30", "hourtmax": null, "sun": null, "altitude": "93", "prec": "0,0", "latitude": 432714, "hourpresmax": null, "province": "BIZKAIA", "presmax": null, "presmin": null, "hourpresmin": null, "date": "2012-09-16", "name": "MACHICHACO", "gust": "8,1", "longitude": 24510, "avgspeed": "3,1", "dir": "10"}, {"code": "1057B", "hourtmin": null, "hourgust": "Varias", "hourtmax": null, "sun": null, "altitude": "93", "prec": "0,0", "latitude": 432714, "hourpresmax": null, "province": "BIZKAIA", "presmax": null, "presmin": null, "hourpresmin": null, "date": "2012-09-17", "name": "MACHICHACO", "gust": "5,0", "longitude": 24510, "avgspeed": "1,1", "dir": "99"}, {"code": "1057B", "hourtmin": null, "hourgust": "23:30", "hourtmax": null, "sun": null, "altitude": "93", "prec": "4,4", "latitude": 432714, "hourpresmax": null, "province": "BIZKAIA", "presmax": null, "presmin": null, "hourpresmin": null, "date": "2012-09-18", "name": "MACHICHACO", "gust": "7,8", "longitude": 24510, "avgspeed": "3,6", "dir": "06"}, {"code": "1057B", "hourtmin": null, "hourgust": "01:40", "hourtmax": null, "sun": null, "altitude": "93", "prec": "0,8", "latitude": 432714, "hourpresmax": null, "province": "BIZKAIA", "presmax": null, "presmin": null, "hourpresmin": null, "date": "2012-09-19", "name": "MACHICHACO", "gust": "10,6", "longitude": 24510, "avgspeed": "1,7", "dir": "05"}, {"code": "1057B", "hourtmin": null, "hourgust": "12:30", "hourtmax": null, "sun": null, "altitude": "93", "prec": "0,0", "latitude": 432714, "hourpresmax": null, "province": "BIZKAIA", "presmax": null, "presmin": null, "hourpresmin": null, "date": "2012-09-20", "name": "MACHICHACO", "gust": "10,0", "longitude": 24510, "avgspeed": "3,9", "dir": "10"}, {"code": "1057B", "hourtmin": null, "hourgust": "14:10", "hourtmax": null, "sun": null, "altitude": "93", "prec": "0,0", "latitude": 432714, "hourpresmax": null, "province": "BIZKAIA", "presmax": null, "presmin": null, "hourpresmin": null, "date": "2012-09-21", "name": "MACHICHACO", "gust": "13,9", "longitude": 24510, "avgspeed": "7,5", "dir": "26"}, {"code": "1057B", "hourtmin": null, "hourgust": "10:30", "hourtmax": null, "sun": null, "altitude": "93", "prec": "0,0", "latitude": 432714, "hourpresmax": null, "province": "BIZKAIA", "presmax": null, "presmin": null, "hourpresmin": null, "date": "2012-09-22", "name": "MACHICHACO", "gust": "10,6", "longitude": 24510, "avgspeed": "4,2", "dir": "09"}, {"code": "1057B", "hourtmin": null, "hourgust": "20:50", "hourtmax": null, "sun": null, "altitude": "93", "prec": "2,5", "latitude": 432714, "hourpresmax": null, "province": "BIZKAIA", "presmax": null, "presmin": null, "hourpresmin": null, "date": "2012-09-23", "name": "MACHICHACO", "gust": "20,3", "longitude": 24510, "avgspeed": "1,9", "dir": "25"}, {"code": "1057B", "hourtmin": null, "hourgust": "04:10", "hourtmax": null, "sun": null, "altitude": "93", "prec": "0,0", "latitude": 432714, "hourpresmax": null, "province": "BIZKAIA", "presmax": null, "presmin": null, "hourpresmin": null, "date": "2012-09-24", "name": "MACHICHACO", "gust": "32,2", "longitude": 24510, "avgspeed": "5,6", "dir": "28"}, {"code": "1057B", "hourtmin": null, "hourgust": "03:10", "hourtmax": null, "sun": null, "altitude": "93", "prec": "0,0", "latitude": 432714, "hourpresmax": null, "province": "BIZKAIA", "presmax": null, "presmin": null, "hourpresmin": null, "date": "2012-09-27", "name": "MACHICHACO", "gust": "11,7", "longitude": 24510, "avgspeed": "3,3", "dir": "27"}, {"code": "1057B", "hourtmin": null, "hourgust": "22:20", "hourtmax": null, "sun": null, "altitude": "93", "prec": "0,4", "latitude": 432714, "hourpresmax": null, "province": "BIZKAIA", "presmax": null, "presmin": null, "hourpresmin": null, "date": "2012-09-28", "name": "MACHICHACO", "gust": "12,5", "longitude": 24510, "avgspeed": "3,3", "dir": "05"}, {"code": "1057B", "hourtmin": null, "hourgust": "04:30", "hourtmax": null, "sun": null, "altitude": "93", "prec": "0,0", "latitude": 432714, "hourpresmax": null, "province": "BIZKAIA", "presmax": null, "presmin": null, "hourpresmin": null, "date": "2012-09-29", "name": "MACHICHACO", "gust": "13,9", "longitude": 24510, "avgspeed": "4,4", "dir": "09"}, {"code": "1057B", "hourtmin": null, "hourgust": "06:40", "hourtmax": null, "sun": null, "altitude": "93", "prec": "0,0", "latitude": 432714, "hourpresmax": null, "province": "BIZKAIA", "presmax": null, "presmin": null, "hourpresmin": null, "date": "2012-09-30", "name": "MACHICHACO", "gust": "7,2", "longitude": 24510, "avgspeed": "1,7", "dir": "05"}, {"code": "1057B", "hourtmin": null, "hourgust": "14:10", "hourtmax": null, "sun": null, "altitude": "93", "prec": "0,0", "latitude": 432714, "hourpresmax": null, "province": "BIZKAIA", "presmax": null, "presmin": null, "hourpresmin": null, "date": "2012-10-01", "name": "MACHICHACO", "gust": "3,6", "longitude": 24510, "avgspeed": "1,7", "dir": "10"}, {"code": "1057B", "hourtmin": null, "hourgust": "Varias", "hourtmax": null, "sun": null, "altitude": "93", "prec": "0,0", "latitude": 432714, "hourpresmax": null, "province": "BIZKAIA", "presmax": null, "presmin": null, "hourpresmin": null, "date": "2012-10-02", "name": "MACHICHACO", "gust": "4,2", "longitude": 24510, "avgspeed": "0,8", "dir": "99"}, {"code": "1057B", "hourtmin": null, "hourgust": "10:30", "hourtmax": null, "sun": null, "altitude": "93", "prec": "0,0", "latitude": 432714, "hourpresmax": null, "province": "BIZKAIA", "presmax": null, "presmin": null, "hourpresmin": null, "date": "2012-10-03", "name": "MACHICHACO", "gust": "4,4", "longitude": 24510, "avgspeed": "1,4", "dir": "99"}, {"code": "1057B", "hourtmin": null, "hourgust": "17:20", "hourtmax": null, "sun": null, "altitude": "93", "prec": "0,0", "latitude": 432714, "hourpresmax": null, "province": "BIZKAIA", "presmax": null, "presmin": null, "hourpresmin": null, "date": "2012-10-04", "name": "MACHICHACO", "gust": "6,4", "longitude": 24510, "avgspeed": "2,5", "dir": "11"}, {"code": "1057B", "hourtmin": null, "hourgust": "23:59", "hourtmax": null, "sun": null, "altitude": "93", "prec": "0,0", "latitude": 432714, "hourpresmax": null, "province": "BIZKAIA", "presmax": null, "presmin": null, "hourpresmin": null, "date": "2012-10-05", "name": "MACHICHACO", "gust": "11,1", "longitude": 24510, "avgspeed": "1,7", "dir": "22"}, {"code": "1057B", "hourtmin": null, "hourgust": "10:30", "hourtmax": null, "sun": null, "altitude": "93", "prec": "0,2", "latitude": 432714, "hourpresmax": null, "province": "BIZKAIA", "presmax": null, "presmin": null, "hourpresmin": null, "date": "2012-10-06", "name": "MACHICHACO", "gust": "13,1", "longitude": 24510, "avgspeed": "2,8", "dir": "22"}, {"code": "1057B", "hourtmin": null, "hourgust": "21:10", "hourtmax": null, "sun": null, "altitude": "93", "prec": "0,0", "latitude": 432714, "hourpresmax": null, "province": "BIZKAIA", "presmax": null, "presmin": null, "hourpresmin": null, "date": "2012-10-07", "name": "MACHICHACO", "gust": "8,3", "longitude": 24510, "avgspeed": "1,4", "dir": "12"}, {"code": "1057B", "hourtmin": null, "hourgust": "13:40", "hourtmax": null, "sun": null, "altitude": "93", "prec": "0,0", "latitude": 432714, "hourpresmax": null, "province": "BIZKAIA", "presmax": null, "presmin": null, "hourpresmin": null, "date": "2012-10-08", "name": "MACHICHACO", "gust": "16,7", "longitude": 24510, "avgspeed": "4,4", "dir": "27"}, {"code": "1057B", "hourtmin": null, "hourgust": "14:30", "hourtmax": null, "sun": null, "altitude": "93", "prec": "0,0", "latitude": 432714, "hourpresmax": null, "province": "BIZKAIA", "presmax": null, "presmin": null, "hourpresmin": null, "date": "2012-10-09", "name": "MACHICHACO", "gust": "7,5", "longitude": 24510, "avgspeed": "2,5", "dir": "10"}, {"code": "1057B", "hourtmin": null, "hourgust": "11:10", "hourtmax": null, "sun": null, "altitude": "93", "prec": "14,8", "latitude": 432714, "hourpresmax": null, "province": "BIZKAIA", "presmax": null, "presmin": null, "hourpresmin": null, "date": "2012-10-10", "name": "MACHICHACO", "gust": "6,7", "longitude": 24510, "avgspeed": "1,9", "dir": "30"}, {"code": "1057B", "hourtmin": null, "hourgust": "21:30", "hourtmax": null, "sun": null, "altitude": "93", "prec": "9,8", "latitude": 432714, "hourpresmax": null, "province": "BIZKAIA", "presmax": null, "presmin": null, "hourpresmin": null, "date": "2012-10-11", "name": "MACHICHACO", "gust": "17,5", "longitude": 24510, "avgspeed": "7,2", "dir": "28"}, {"code": "1057B", "hourtmin": null, "hourgust": "01:30", "hourtmax": null, "sun": null, "altitude": "93", "prec": "4,5", "latitude": 432714, "hourpresmax": null, "province": "BIZKAIA", "presmax": null, "presmin": null, "hourpresmin": null, "date": "2012-10-12", "name": "MACHICHACO", "gust": "15,3", "longitude": 24510, "avgspeed": "3,9", "dir": "28"}, {"code": "1057B", "hourtmin": null, "hourgust": "11:30", "hourtmax": null, "sun": null, "altitude": "93", "prec": "3,1", "latitude": 432714, "hourpresmax": null, "province": "BIZKAIA", "presmax": null, "presmin": null, "hourpresmin": null, "date": "2012-10-13", "name": "MACHICHACO", "gust": "8,6", "longitude": 24510, "avgspeed": "1,7", "dir": "27"}, {"code": "1057B", "hourtmin": null, "hourgust": "16:50", "hourtmax": null, "sun": null, "altitude": "93", "prec": "23,5", "latitude": 432714, "hourpresmax": null, "province": "BIZKAIA", "presmax": null, "presmin": null, "hourpresmin": null, "date": "2012-10-14", "name": "MACHICHACO", "gust": "25,8", "longitude": 24510, "avgspeed": "13,3", "dir": "27"}, {"code": "1057B", "hourtmin": null, "hourgust": "02:30", "hourtmax": null, "sun": null, "altitude": "93", "prec": "2,2", "latitude": 432714, "hourpresmax": null, "province": "BIZKAIA", "presmax": null, "presmin": null, "hourpresmin": null, "date": "2012-10-15", "name": "MACHICHACO", "gust": "15,0", "longitude": 24510, "avgspeed": "3,6", "dir": "28"}, {"code": "1057B", "hourtmin": null, "hourgust": "12:30", "hourtmax": null, "sun": null, "altitude": "93", "prec": "0,4", "latitude": 432714, "hourpresmax": null, "province": "BIZKAIA", "presmax": null, "presmin": null, "hourpresmin": null, "date": "2012-10-16", "name": "MACHICHACO", "gust": "15,6", "longitude": 24510, "avgspeed": "2,8", "dir": "22"}, {"code": "1057B", "hourtmin": null, "hourgust": "04:50", "hourtmax": null, "sun": null, "altitude": "93", "prec": "0,1", "latitude": 432714, "hourpresmax": null, "province": "BIZKAIA", "presmax": null, "presmin": null, "hourpresmin": null, "date": "2012-10-17", "name": "MACHICHACO", "gust": "15,6", "longitude": 24510, "avgspeed": "2,5", "dir": "24"}, {"code": "1057B", "hourtmin": null, "hourgust": "22:30", "hourtmax": null, "sun": null, "altitude": "93", "prec": "29,8", "latitude": 432714, "hourpresmax": null, "province": "BIZKAIA", "presmax": null, "presmin": null, "hourpresmin": null, "date": "2012-10-18", "name": "MACHICHACO", "gust": "13,3", "longitude": 24510, "avgspeed": "1,7", "dir": "28"}, {"code": "1057B", "hourtmin": null, "hourgust": "15:50", "hourtmax": null, "sun": null, "altitude": "93", "prec": "24,7", "latitude": 432714, "hourpresmax": null, "province": "BIZKAIA", "presmax": null, "presmin": null, "hourpresmin": null, "date": "2012-10-20", "name": "MACHICHACO", "gust": "11,4", "longitude": 24510, "avgspeed": "1,7", "dir": "09"}, {"code": "1057B", "hourtmin": null, "hourgust": "06:10", "hourtmax": null, "sun": null, "altitude": "93", "prec": "8,9", "latitude": 432714, "hourpresmax": null, "province": "BIZKAIA", "presmax": null, "presmin": null, "hourpresmin": null, "date": "2012-10-21", "name": "MACHICHACO", "gust": "11,1", "longitude": 24510, "avgspeed": "4,7", "dir": "28"}, {"province": "BIZKAIA", "hourtmax": null, "presmin": null, "code": "1057B", "name": "MACHICHACO", "presmax": null, "gust": null, "altitude": "93", "longitude": 24510, "hourpresmax": null, "date": "2012-10-22", "hourpresmin": null, "hourtmin": null, "avgspeed": "1,9", "latitude": 432714, "sun": null, "hourgust": null}, {"code": "1057B", "hourtmin": null, "hourgust": "21:40", "hourtmax": null, "sun": null, "altitude": "93", "prec": "0,0", "latitude": 432714, "hourpresmax": null, "province": "BIZKAIA", "presmax": null, "presmin": null, "hourpresmin": null, "date": "2012-10-23", "name": "MACHICHACO", "gust": "8,6", "longitude": 24510, "avgspeed": "2,2", "dir": "11"}, {"code": "1057B", "hourtmin": null, "hourgust": "20:10", "hourtmax": null, "sun": null, "altitude": "93", "prec": "0,1", "latitude": 432714, "hourpresmax": null, "province": "BIZKAIA", "presmax": null, "presmin": null, "hourpresmin": null, "date": "2012-10-24", "name": "MACHICHACO", "gust": "10,0", "longitude": 24510, "avgspeed": "1,7", "dir": "22"}, {"code": "1057B", "hourtmin": null, "hourgust": "11:30", "hourtmax": null, "sun": null, "altitude": "93", "prec": "0,0", "latitude": 432714, "hourpresmax": null, "province": "BIZKAIA", "presmax": null, "presmin": null, "hourpresmin": null, "date": "2012-10-25", "name": "MACHICHACO", "gust": "10,0", "longitude": 24510, "avgspeed": "2,2", "dir": "10"}, {"code": "1057B", "hourtmin": null, "hourgust": "00:20", "hourtmax": null, "sun": null, "altitude": "93", "prec": "0,0", "latitude": 432714, "hourpresmax": null, "province": "BIZKAIA", "presmax": null, "presmin": null, "hourpresmin": null, "date": "2012-10-30", "name": "MACHICHACO", "gust": "6,9", "longitude": 24510, "avgspeed": "1,7", "dir": "17"}, {"code": "1057B", "hourtmin": null, "hourgust": "23:00", "hourtmax": null, "sun": null, "altitude": "93", "prec": "0,0", "latitude": 432714, "hourpresmax": null, "province": "BIZKAIA", "presmax": null, "presmin": null, "hourpresmin": null, "date": "2012-10-31", "name": "MACHICHACO", "gust": "10,8", "longitude": 24510, "avgspeed": "2,5", "dir": "21"}, {"code": "1057B", "hourtmin": null, "hourgust": "12:10", "hourtmax": null, "sun": null, "altitude": "93", "prec": "9,6", "latitude": 432714, "hourpresmax": null, "province": "BIZKAIA", "presmax": null, "presmin": null, "hourpresmin": null, "date": "2012-11-01", "name": "MACHICHACO", "gust": "26,1", "longitude": 24510, "avgspeed": "8,9", "dir": "28"}, {"code": "1057B", "hourtmin": null, "hourgust": "20:40", "hourtmax": null, "sun": null, "altitude": "93", "prec": "0,0", "latitude": 432714, "hourpresmax": null, "province": "BIZKAIA", "presmax": null, "presmin": null, "hourpresmin": null, "date": "2012-11-02", "name": "MACHICHACO", "gust": "15,3", "longitude": 24510, "avgspeed": "3,3", "dir": "24"}, {"code": "1057B", "hourtmin": null, "hourgust": "01:10", "hourtmax": null, "sun": null, "altitude": "93", "prec": "5,7", "latitude": 432714, "hourpresmax": null, "province": "BIZKAIA", "presmax": null, "presmin": null, "hourpresmin": null, "date": "2012-11-03", "name": "MACHICHACO", "gust": "12,2", "longitude": 24510, "avgspeed": "2,2", "dir": "23"}, {"code": "1057B", "hourtmin": null, "hourgust": "14:00", "hourtmax": null, "sun": null, "altitude": "93", "prec": "7,9", "latitude": 432714, "hourpresmax": null, "province": "BIZKAIA", "presmax": null, "presmin": null, "hourpresmin": null, "date": "2012-11-04", "name": "MACHICHACO", "gust": "17,2", "longitude": 24510, "avgspeed": "4,4", "dir": "28"}, {"code": "1057B", "hourtmin": null, "hourgust": "10:20", "hourtmax": null, "sun": null, "altitude": "93", "prec": "0,0", "latitude": 432714, "hourpresmax": null, "province": "BIZKAIA", "presmax": null, "presmin": null, "hourpresmin": null, "date": "2012-11-07", "name": "MACHICHACO", "gust": "13,3", "longitude": 24510, "avgspeed": "3,9", "dir": "09"}, {"code": "1057B", "hourtmin": null, "hourgust": "15:50", "hourtmax": null, "sun": null, "altitude": "93", "prec": "0,0", "latitude": 432714, "hourpresmax": null, "province": "BIZKAIA", "presmax": null, "presmin": null, "hourpresmin": null, "date": "2012-11-08", "name": "MACHICHACO", "gust": "10,3", "longitude": 24510, "avgspeed": "0,3", "dir": "11"}, {"code": "1057B", "hourtmin": null, "hourgust": "17:30", "hourtmax": null, "sun": null, "altitude": "93", "prec": "0,2", "latitude": 432714, "hourpresmax": null, "province": "BIZKAIA", "presmax": null, "presmin": null, "hourpresmin": null, "date": "2012-11-09", "name": "MACHICHACO", "gust": "9,4", "longitude": 24510, "avgspeed": "3,1", "dir": "27"}, {"code": "1057B", "hourtmin": null, "hourgust": "16:40", "hourtmax": null, "sun": null, "altitude": "93", "prec": "22,5", "latitude": 432714, "hourpresmax": null, "province": "BIZKAIA", "presmax": null, "presmin": null, "hourpresmin": null, "date": "2012-11-10", "name": "MACHICHACO", "gust": "22,2", "longitude": 24510, "avgspeed": "6,1", "dir": "99"}, {"code": "1057B", "hourtmin": null, "hourgust": "07:40", "hourtmax": null, "sun": null, "altitude": "93", "prec": "8,5", "latitude": 432714, "hourpresmax": null, "province": "BIZKAIA", "presmax": null, "presmin": null, "hourpresmin": null, "date": "2012-11-11", "name": "MACHICHACO", "gust": "21,7", "longitude": 24510, "avgspeed": "7,5", "dir": "28"}, {"code": "1057B", "hourtmin": null, "hourgust": "03:40", "hourtmax": null, "sun": null, "altitude": "93", "prec": "0,0", "latitude": 432714, "hourpresmax": null, "province": "BIZKAIA", "presmax": null, "presmin": null, "hourpresmin": null, "date": "2012-11-12", "name": "MACHICHACO", "gust": "8,1", "longitude": 24510, "avgspeed": "2,2", "dir": "24"}, {"code": "1057B", "hourtmin": null, "hourgust": "12:10", "hourtmax": null, "sun": null, "altitude": "93", "prec": "0,0", "latitude": 432714, "hourpresmax": null, "province": "BIZKAIA", "presmax": null, "presmin": null, "hourpresmin": null, "date": "2012-11-13", "name": "MACHICHACO", "gust": "10,6", "longitude": 24510, "avgspeed": "3,6", "dir": "10"}, {"code": "1057B", "hourtmin": null, "hourgust": "00:20", "hourtmax": null, "sun": null, "altitude": "93", "prec": "0,0", "latitude": 432714, "hourpresmax": null, "province": "BIZKAIA", "presmax": null, "presmin": null, "hourpresmin": null, "date": "2012-11-14", "name": "MACHICHACO", "gust": "8,6", "longitude": 24510, "avgspeed": "2,5", "dir": "12"}, {"code": "1057B", "hourtmin": null, "hourgust": "23:20", "hourtmax": null, "sun": null, "altitude": "93", "prec": "0,0", "latitude": 432714, "hourpresmax": null, "province": "BIZKAIA", "presmax": null, "presmin": null, "hourpresmin": null, "date": "2012-11-15", "name": "MACHICHACO", "gust": "10,0", "longitude": 24510, "avgspeed": "2,2", "dir": "20"}, {"code": "1057B", "hourtmin": null, "hourgust": "08:30", "hourtmax": null, "sun": null, "altitude": "93", "prec": "0,0", "latitude": 432714, "hourpresmax": null, "province": "BIZKAIA", "presmax": null, "presmin": null, "hourpresmin": null, "date": "2012-11-16", "name": "MACHICHACO", "gust": "15,8", "longitude": 24510, "avgspeed": "1,1", "dir": "21"}, {"code": "1057B", "hourtmin": null, "hourgust": "05:10", "hourtmax": null, "sun": null, "altitude": "93", "prec": "2,5", "latitude": 432714, "hourpresmax": null, "province": "BIZKAIA", "presmax": null, "presmin": null, "hourpresmin": null, "date": "2012-11-17", "name": "MACHICHACO", "gust": "11,9", "longitude": 24510, "avgspeed": "0,8", "dir": "20"}, {"code": "1057B", "hourtmin": null, "hourgust": "03:10", "hourtmax": null, "sun": null, "altitude": "93", "prec": "0,0", "latitude": 432714, "hourpresmax": null, "province": "BIZKAIA", "presmax": null, "presmin": null, "hourpresmin": null, "date": "2012-11-18", "name": "MACHICHACO", "gust": "18,3", "longitude": 24510, "avgspeed": "8,6", "dir": "29"}, {"code": "1057B", "hourtmin": null, "hourgust": "22:30", "hourtmax": null, "sun": null, "altitude": "93", "prec": "0,0", "latitude": 432714, "hourpresmax": null, "province": "BIZKAIA", "presmax": null, "presmin": null, "hourpresmin": null, "date": "2012-11-19", "name": "MACHICHACO", "gust": "6,4", "longitude": 24510, "avgspeed": "1,9", "dir": "22"}, {"code": "1057B", "hourtmin": null, "hourgust": "16:50", "hourtmax": null, "sun": null, "altitude": "93", "prec": "0,5", "latitude": 432714, "hourpresmax": null, "province": "BIZKAIA", "presmax": null, "presmin": null, "hourpresmin": null, "date": "2012-11-20", "name": "MACHICHACO", "gust": "12,2", "longitude": 24510, "avgspeed": "3,1", "dir": "22"}, {"code": "1057B", "hourtmin": null, "hourgust": "02:40", "hourtmax": null, "sun": null, "altitude": "93", "prec": "0,6", "latitude": 432714, "hourpresmax": null, "province": "BIZKAIA", "presmax": null, "presmin": null, "hourpresmin": null, "date": "2012-11-21", "name": "MACHICHACO", "gust": "23,1", "longitude": 24510, "avgspeed": "7,8", "dir": "27"}, {"code": "1057B", "hourtmin": null, "hourgust": "23:30", "hourtmax": null, "sun": null, "altitude": "93", "prec": "0,1", "latitude": 432714, "hourpresmax": null, "province": "BIZKAIA", "presmax": null, "presmin": null, "hourpresmin": null, "date": "2012-11-22", "name": "MACHICHACO", "gust": "17,8", "longitude": 24510, "avgspeed": "0,8", "dir": "19"}, {"code": "1057B", "hourtmin": null, "hourgust": "23:40", "hourtmax": null, "sun": null, "altitude": "93", "prec": "0,0", "latitude": 432714, "hourpresmax": null, "province": "BIZKAIA", "presmax": null, "presmin": null, "hourpresmin": null, "date": "2012-11-23", "name": "MACHICHACO", "gust": "16,1", "longitude": 24510, "avgspeed": "5,3", "dir": "19"}, {"code": "1057B", "hourtmin": null, "hourgust": "16:20", "hourtmax": null, "sun": null, "altitude": "93", "prec": "1,2", "latitude": 432714, "hourpresmax": null, "province": "BIZKAIA", "presmax": null, "presmin": null, "hourpresmin": null, "date": "2012-11-24", "name": "MACHICHACO", "gust": "17,8", "longitude": 24510, "avgspeed": "4,4", "dir": "28"}, {"code": "1057B", "hourtmin": null, "hourgust": "02:10", "hourtmax": null, "sun": null, "altitude": "93", "prec": "3,9", "latitude": 432714, "hourpresmax": null, "province": "BIZKAIA", "presmax": null, "presmin": null, "hourpresmin": null, "date": "2012-11-25", "name": "MACHICHACO", "gust": "12,2", "longitude": 24510, "avgspeed": "1,7", "dir": "27"}, {"code": "1057B", "hourtmin": null, "hourgust": "15:40", "hourtmax": null, "sun": null, "altitude": "93", "prec": "18,8", "latitude": 432714, "hourpresmax": null, "province": "BIZKAIA", "presmax": null, "presmin": null, "hourpresmin": null, "date": "2012-11-26", "name": "MACHICHACO", "gust": "22,5", "longitude": 24510, "avgspeed": "9,7", "dir": "28"}, {"code": "1057B", "hourtmin": null, "hourgust": "13:20", "hourtmax": null, "sun": null, "altitude": "93", "latitude": 432714, "hourpresmax": null, "province": "BIZKAIA", "presmax": null, "presmin": null, "hourpresmin": null, "date": "2012-11-27", "name": "MACHICHACO", "gust": "22,5", "longitude": 24510, "avgspeed": "6,9", "dir": "26"}, {"code": "1057B", "hourtmin": null, "hourgust": "08:20", "hourtmax": null, "sun": null, "altitude": "93", "prec": "0,4", "latitude": 432714, "hourpresmax": null, "province": "BIZKAIA", "presmax": null, "presmin": null, "hourpresmin": null, "date": "2012-11-30", "name": "MACHICHACO", "gust": "11,7", "longitude": 24510, "avgspeed": "4,2", "dir": "09"}, {"code": "1057B", "hourtmin": null, "hourgust": "07:20", "hourtmax": null, "sun": null, "altitude": "93", "prec": "0,6", "latitude": 432714, "hourpresmax": null, "province": "BIZKAIA", "presmax": null, "presmin": null, "hourpresmin": null, "date": "2012-12-01", "name": "MACHICHACO", "gust": "11,4", "longitude": 24510, "avgspeed": "4,7", "dir": "10"}, {"code": "1057B", "hourtmin": null, "hourgust": "17:50", "hourtmax": null, "sun": null, "altitude": "93", "prec": "13,1", "latitude": 432714, "hourpresmax": null, "province": "BIZKAIA", "presmax": null, "presmin": null, "hourpresmin": null, "date": "2012-12-02", "name": "MACHICHACO", "gust": "24,2", "longitude": 24510, "avgspeed": "10,8", "dir": "28"}, {"code": "1057B", "hourtmin": null, "hourgust": "02:10", "hourtmax": null, "sun": null, "altitude": "93", "prec": "14,4", "latitude": 432714, "hourpresmax": null, "province": "BIZKAIA", "presmax": null, "presmin": null, "hourpresmin": null, "date": "2012-12-03", "name": "MACHICHACO", "gust": "21,7", "longitude": 24510, "avgspeed": "6,4", "dir": "27"}, {"code": "1057B", "hourtmin": null, "hourgust": "22:10", "hourtmax": null, "sun": null, "altitude": "93", "prec": "49,9", "latitude": 432714, "hourpresmax": null, "province": "BIZKAIA", "presmax": null, "presmin": null, "hourpresmin": null, "date": "2012-12-04", "name": "MACHICHACO", "gust": "30,8", "longitude": 24510, "avgspeed": "13,6", "dir": "29"}, {"code": "1057B", "hourtmin": null, "hourgust": "06:40", "hourtmax": null, "sun": null, "altitude": "93", "prec": "17,5", "latitude": 432714, "hourpresmax": null, "province": "BIZKAIA", "presmax": null, "presmin": null, "hourpresmin": null, "date": "2012-12-05", "name": "MACHICHACO", "gust": "31,1", "longitude": 24510, "avgspeed": "12,8", "dir": "27"}, {"code": "1057B", "hourtmin": null, "hourgust": "01:40", "hourtmax": null, "sun": null, "altitude": "93", "prec": "0,0", "latitude": 432714, "hourpresmax": null, "province": "BIZKAIA", "presmax": null, "presmin": null, "hourpresmin": null, "date": "2012-12-06", "name": "MACHICHACO", "gust": "13,9", "longitude": 24510, "avgspeed": "2,8", "dir": "28"}, {"code": "1057B", "hourtmin": null, "hourgust": "22:30", "hourtmax": null, "sun": null, "altitude": "93", "prec": "7,9", "latitude": 432714, "hourpresmax": null, "province": "BIZKAIA", "presmax": null, "presmin": null, "hourpresmin": null, "date": "2012-12-07", "name": "MACHICHACO", "gust": "18,9", "longitude": 24510, "avgspeed": "8,1", "dir": "30"}, {"code": "1057B", "hourtmin": null, "hourgust": "01:20", "hourtmax": null, "sun": null, "altitude": "93", "prec": "2,0", "latitude": 432714, "hourpresmax": null, "province": "BIZKAIA", "presmax": null, "presmin": null, "hourpresmin": null, "date": "2012-12-08", "name": "MACHICHACO", "gust": "21,4", "longitude": 24510, "avgspeed": "6,4", "dir": "28"}, {"code": "1057B", "hourtmin": null, "hourgust": "13:40", "hourtmax": null, "sun": null, "altitude": "93", "prec": "0,0", "latitude": 432714, "hourpresmax": null, "province": "BIZKAIA", "presmax": null, "presmin": null, "hourpresmin": null, "date": "2012-12-09", "name": "MACHICHACO", "gust": "7,2", "longitude": 24510, "avgspeed": "2,5", "dir": "09"}, {"code": "1057B", "hourtmin": null, "hourgust": "23:00", "hourtmax": null, "sun": null, "altitude": "93", "prec": "0,9", "latitude": 432714, "hourpresmax": null, "province": "BIZKAIA", "presmax": null, "presmin": null, "hourpresmin": null, "date": "2012-12-10", "name": "MACHICHACO", "gust": "9,2", "longitude": 24510, "avgspeed": "1,9", "dir": "25"}, {"code": "1057B", "hourtmin": null, "hourgust": "12:30", "hourtmax": null, "sun": null, "altitude": "93", "prec": "0,3", "latitude": 432714, "hourpresmax": null, "province": "BIZKAIA", "presmax": null, "presmin": null, "hourpresmin": null, "date": "2012-12-11", "name": "MACHICHACO", "gust": "10,0", "longitude": 24510, "avgspeed": "4,2", "dir": "11"}, {"code": "1057B", "hourtmin": null, "hourgust": "21:40", "hourtmax": null, "sun": null, "altitude": "93", "prec": "0,2", "latitude": 432714, "hourpresmax": null, "province": "BIZKAIA", "presmax": null, "presmin": null, "hourpresmin": null, "date": "2012-12-12", "name": "MACHICHACO", "gust": "15,8", "longitude": 24510, "avgspeed": "5,6", "dir": "20"}, {"code": "1057B", "hourtmin": null, "hourgust": "19:20", "hourtmax": null, "sun": null, "altitude": "93", "prec": "2,5", "latitude": 432714, "hourpresmax": null, "province": "BIZKAIA", "presmax": null, "presmin": null, "hourpresmin": null, "date": "2012-12-13", "name": "MACHICHACO", "gust": "18,1", "longitude": 24510, "avgspeed": "6,9", "dir": "21"}, {"code": "1057B", "hourtmin": null, "hourgust": "12:20", "hourtmax": null, "sun": null, "altitude": "93", "prec": "21,7", "latitude": 432714, "hourpresmax": null, "province": "BIZKAIA", "presmax": null, "presmin": null, "hourpresmin": null, "date": "2012-12-14", "name": "MACHICHACO", "gust": "26,4", "longitude": 24510, "avgspeed": "6,9", "dir": "27"}, {"code": "1057B", "hourtmin": null, "hourgust": "12:10", "hourtmax": null, "sun": null, "altitude": "93", "prec": "0,1", "latitude": 432714, "hourpresmax": null, "province": "BIZKAIA", "presmax": null, "presmin": null, "hourpresmin": null, "date": "2012-12-15", "name": "MACHICHACO", "gust": "11,7", "longitude": 24510, "avgspeed": "2,5", "dir": "22"}, {"code": "1057B", "hourtmin": null, "hourgust": "23:59", "hourtmax": null, "sun": null, "altitude": "93", "prec": "4,2", "latitude": 432714, "hourpresmax": null, "province": "BIZKAIA", "presmax": null, "presmin": null, "hourpresmin": null, "date": "2012-12-16", "name": "MACHICHACO", "gust": "15,3", "longitude": 24510, "avgspeed": "5,0", "dir": "28"}, {"code": "1057B", "hourtmin": null, "hourgust": "13:30", "hourtmax": null, "sun": null, "altitude": "93", "prec": "2,7", "latitude": 432714, "hourpresmax": null, "province": "BIZKAIA", "presmax": null, "presmin": null, "hourpresmin": null, "date": "2012-12-17", "name": "MACHICHACO", "gust": "21,1", "longitude": 24510, "avgspeed": "5,3", "dir": "28"}, {"code": "1057B", "hourtmin": null, "hourgust": "20:50", "hourtmax": null, "sun": null, "altitude": "93", "prec": "1,8", "latitude": 432714, "hourpresmax": null, "province": "BIZKAIA", "presmax": null, "presmin": null, "hourpresmin": null, "date": "2012-12-18", "name": "MACHICHACO", "gust": "9,7", "longitude": 24510, "avgspeed": "0,6", "dir": "26"}, {"code": "1057B", "hourtmin": null, "hourgust": "15:40", "hourtmax": null, "sun": null, "altitude": "93", "prec": "1,5", "latitude": 432714, "hourpresmax": null, "province": "BIZKAIA", "presmax": null, "presmin": null, "hourpresmin": null, "date": "2012-12-19", "name": "MACHICHACO", "gust": "12,2", "longitude": 24510, "avgspeed": "2,2", "dir": "21"}, {"code": "1057B", "hourtmin": null, "hourgust": "06:00", "hourtmax": null, "sun": null, "altitude": "93", "prec": "1,3", "latitude": 432714, "hourpresmax": null, "province": "BIZKAIA", "presmax": null, "presmin": null, "hourpresmin": null, "date": "2012-12-20", "name": "MACHICHACO", "gust": "24,2", "longitude": 24510, "avgspeed": "3,6", "dir": "28"}, {"code": "1057B", "hourtmin": null, "hourgust": "10:10", "hourtmax": null, "sun": null, "altitude": "93", "prec": "0,2", "latitude": 432714, "hourpresmax": null, "province": "BIZKAIA", "presmax": null, "presmin": null, "hourpresmin": null, "date": "2012-12-21", "name": "MACHICHACO", "gust": "35,8", "longitude": 24510, "avgspeed": "9,7", "dir": "27"}, {"code": "1057B", "hourtmin": null, "hourgust": "11:10", "hourtmax": null, "sun": null, "altitude": "93", "prec": "0,0", "latitude": 432714, "hourpresmax": null, "province": "BIZKAIA", "presmax": null, "presmin": null, "hourpresmin": null, "date": "2012-12-22", "name": "MACHICHACO", "gust": "10,8", "longitude": 24510, "avgspeed": "2,5", "dir": "21"}, {"code": "1057B", "hourtmin": null, "hourgust": "22:00", "hourtmax": null, "sun": null, "altitude": "93", "prec": "0,0", "latitude": 432714, "hourpresmax": null, "province": "BIZKAIA", "presmax": null, "presmin": null, "hourpresmin": null, "date": "2012-12-23", "name": "MACHICHACO", "gust": "20,8", "longitude": 24510, "avgspeed": "5,8", "dir": "21"}, {"code": "1057B", "hourtmin": null, "hourgust": "00:10", "hourtmax": null, "sun": null, "altitude": "93", "prec": "0,0", "latitude": 432714, "hourpresmax": null, "province": "BIZKAIA", "presmax": null, "presmin": null, "hourpresmin": null, "date": "2012-12-24", "name": "MACHICHACO", "gust": "20,3", "longitude": 24510, "avgspeed": "3,6", "dir": "21"}, {"code": "1057B", "hourtmin": null, "hourgust": "21:40", "hourtmax": null, "sun": null, "altitude": "93", "prec": "3,5", "latitude": 432714, "hourpresmax": null, "province": "BIZKAIA", "presmax": null, "presmin": null, "hourpresmin": null, "date": "2012-12-25", "name": "MACHICHACO", "gust": "18,9", "longitude": 24510, "avgspeed": "2,5", "dir": "28"}, {"code": "1057B", "hourtmin": null, "hourgust": "04:10", "hourtmax": null, "sun": null, "altitude": "93", "prec": "0,0", "latitude": 432714, "hourpresmax": null, "province": "BIZKAIA", "presmax": null, "presmin": null, "hourpresmin": null, "date": "2012-12-26", "name": "MACHICHACO", "gust": "16,1", "longitude": 24510, "avgspeed": "3,1", "dir": "27"}, {"code": "1057B", "hourtmin": null, "hourgust": "16:20", "hourtmax": null, "sun": null, "altitude": "93", "prec": "0,7", "latitude": 432714, "hourpresmax": null, "province": "BIZKAIA", "presmax": null, "presmin": null, "hourpresmin": null, "date": "2012-12-27", "name": "MACHICHACO", "gust": "17,8", "longitude": 24510, "avgspeed": "6,1", "dir": "28"}, {"code": "1057B", "hourtmin": null, "hourgust": "23:00", "hourtmax": null, "sun": null, "altitude": "93", "prec": "0,0", "latitude": 432714, "hourpresmax": null, "province": "BIZKAIA", "presmax": null, "presmin": null, "hourpresmin": null, "date": "2012-12-28", "name": "MACHICHACO", "gust": "19,4", "longitude": 24510, "avgspeed": "1,1", "dir": "22"}, {"code": "1057B", "hourtmin": null, "hourgust": "01:10", "hourtmax": null, "sun": null, "altitude": "93", "prec": "2,4", "latitude": 432714, "hourpresmax": null, "province": "BIZKAIA", "presmax": null, "presmin": null, "hourpresmin": null, "date": "2012-12-29", "name": "MACHICHACO", "gust": "18,9", "longitude": 24510, "avgspeed": "3,1", "dir": "21"}, {"code": "1057B", "hourtmin": null, "hourgust": "03:40", "hourtmax": null, "sun": null, "altitude": "93", "prec": "0,0", "latitude": 432714, "hourpresmax": null, "province": "BIZKAIA", "presmax": null, "presmin": null, "hourpresmin": null, "date": "2012-12-30", "name": "MACHICHACO", "gust": "13,1", "longitude": 24510, "avgspeed": "3,6", "dir": "26"}, {"code": "1057B", "hourtmin": null, "hourgust": "17:20", "hourtmax": null, "sun": null, "altitude": "93", "prec": "4,5", "latitude": 432714, "hourpresmax": null, "province": "BIZKAIA", "presmax": null, "presmin": null, "hourpresmin": null, "date": "2012-12-31", "name": "MACHICHACO", "gust": "20,0", "longitude": 24510, "avgspeed": "5,6", "dir": "21"}]