[{"code": "1057B", "hourtmin": null, "hourgust": "23:00", "hourtmax": null, "sun": null, "altitude": "93", "prec": "0,0", "latitude": 432714, "hourpresmax": null, "province": "BIZKAIA", "presmax": null, "presmin": null, "hourpresmin": null, "date": "2017-01-01", "name": "MACHICHACO", "gust": "6,7", "longitude": 24510, "avgspeed": "0,0", "dir": "17"}, {"code": "1057B", "hourtmin": null, "hourgust": "17:10", "hourtmax": null, "sun": null, "altitude": "93", "prec": "0,0", "latitude": 432714, "hourpresmax": null, "province": "BIZKAIA", "presmax": null, "presmin": null, "hourpresmin": null, "date": "2017-01-02", "name": "MACHICHACO", "gust": "9,4", "longitude": 24510, "avgspeed": "1,9", "dir": "11"}, {"code": "1057B", "hourtmin": null, "hourgust": "03:00", "hourtmax": null, "sun": null, "altitude": "93", "prec": "0,0", "latitude": 432714, "hourpresmax": null, "province": "BIZKAIA", "presmax": null, "presmin": null, "hourpresmin": null, "date": "2017-01-03", "name": "MACHICHACO", "gust": "11,9", "longitude": 24510, "avgspeed": "5,0", "dir": "11"}, {"code": "1057B", "hourtmin": null, "hourgust": "13:00", "hourtmax": null, "sun": null, "altitude": "93", "prec": "0,0", "latitude": 432714, "hourpresmax": null, "province": "BIZKAIA", "presmax": null, "presmin": null, "hourpresmin": null, "date": "2017-01-04", "name": "MACHICHACO", "gust": "6,7", "longitude": 24510, "avgspeed": "2,2", "dir": "10"}, {"code": "1057B", "hourtmin": null, "hourgust": "16:30", "hourtmax": null, "sun": null, "altitude": "93", "prec": "0,0", "latitude": 432714, "hourpresmax": null, "province": "BIZKAIA", "presmax": null, "presmin": null, "hourpresmin": null, "date": "2017-01-05", "name": "MACHICHACO", "gust": "11,7", "longitude": 24510, "avgspeed": "4,2", "dir": "12"}, {"code": "1057B", "hourtmin": null, "hourgust": "12:10", "hourtmax": null, "sun": null, "altitude": "93", "prec": "0,0", "latitude": 432714, "hourpresmax": null, "province": "BIZKAIA", "presmax": null, "presmin": null, "hourpresmin": null, "date": "2017-01-06", "name": "MACHICHACO", "gust": "11,1", "longitude": 24510, "avgspeed": "3,3", "dir": "09"}, {"code": "1057B", "hourtmin": null, "hourgust": "10:50", "hourtmax": null, "sun": null, "altitude": "93", "prec": "0,0", "latitude": 432714, "hourpresmax": null, "province": "BIZKAIA", "presmax": null, "presmin": null, "hourpresmin": null, "date": "2017-01-07", "name": "MACHICHACO", "gust": "4,7", "longitude": 24510, "avgspeed": "1,1", "dir": "11"}, {"code": "1057B", "hourtmin": null, "hourgust": "10:30", "hourtmax": null, "sun": null, "altitude": "93", "prec": "0,0", "latitude": 432714, "hourpresmax": null, "province": "BIZKAIA", "presmax": null, "presmin": null, "hourpresmin": null, "date": "2017-01-08", "name": "MACHICHACO", "gust": "6,1", "longitude": 24510, "avgspeed": "1,7", "dir": "12"}, {"code": "1057B", "hourtmin": null, "hourgust": "23:59", "hourtmax": null, "sun": null, "altitude": "93", "prec": "13,5", "latitude": 432714, "hourpresmax": null, "province": "BIZKAIA", "presmax": null, "presmin": null, "hourpresmin": null, "date": "2017-01-09", "name": "MACHICHACO", "gust": "6,7", "longitude": 24510, "avgspeed": "0,6", "dir": "27"}, {"code": "1057B", "hourtmin": null, "hourgust": "05:50", "hourtmax": null, "sun": null, "altitude": "93", "prec": "18,0", "latitude": 432714, "hourpresmax": null, "province": "BIZKAIA", "presmax": null, "presmin": null, "hourpresmin": null, "date": "2017-01-10", "name": "MACHICHACO", "gust": "23,9", "longitude": 24510, "avgspeed": "13,1", "dir": "99"}, {"code": "1057B", "hourtmin": null, "hourgust": "08:10", "hourtmax": null, "sun": null, "altitude": "93", "prec": "7,1", "latitude": 432714, "hourpresmax": null, "province": "BIZKAIA", "presmax": null, "presmin": null, "hourpresmin": null, "date": "2017-01-11", "name": "MACHICHACO", "gust": "22,8", "longitude": 24510, "avgspeed": "15,3", "dir": "28"}, {"code": "1057B", "hourtmin": null, "hourgust": "21:30", "hourtmax": null, "sun": null, "altitude": "93", "prec": "9,6", "latitude": 432714, "hourpresmax": null, "province": "BIZKAIA", "presmax": null, "presmin": null, "hourpresmin": null, "date": "2017-01-12", "name": "MACHICHACO", "gust": "29,2", "longitude": 24510, "avgspeed": "4,7", "dir": "30"}, {"code": "1057B", "hourtmin": null, "hourgust": "02:50", "hourtmax": null, "sun": null, "altitude": "93", "prec": "3,5", "latitude": 432714, "hourpresmax": null, "province": "BIZKAIA", "presmax": null, "presmin": null, "hourpresmin": null, "date": "2017-01-13", "name": "MACHICHACO", "gust": "33,6", "longitude": 24510, "avgspeed": "15,0", "dir": "30"}, {"code": "1057B", "hourtmin": null, "hourgust": "12:00", "hourtmax": null, "sun": null, "altitude": "93", "prec": "5,6", "latitude": 432714, "hourpresmax": null, "province": "BIZKAIA", "presmax": null, "presmin": null, "hourpresmin": null, "date": "2017-01-14", "name": "MACHICHACO", "gust": "18,1", "longitude": 24510, "avgspeed": "8,6", "dir": "31"}, {"code": "1057B", "hourtmin": null, "hourgust": "22:30", "hourtmax": null, "sun": null, "altitude": "93", "prec": "9,4", "latitude": 432714, "hourpresmax": null, "province": "BIZKAIA", "presmax": null, "presmin": null, "hourpresmin": null, "date": "2017-01-15", "name": "MACHICHACO", "gust": "21,4", "longitude": 24510, "avgspeed": "10,6", "dir": "29"}, {"code": "1057B", "hourtmin": null, "hourgust": "04:30", "hourtmax": null, "sun": null, "altitude": "93", "prec": "11,3", "latitude": 432714, "hourpresmax": null, "province": "BIZKAIA", "presmax": null, "presmin": null, "hourpresmin": null, "date": "2017-01-16", "name": "MACHICHACO", "gust": "22,2", "longitude": 24510, "avgspeed": "10,6", "dir": "30"}, {"code": "1057B", "hourtmin": null, "hourgust": "21:50", "hourtmax": null, "sun": null, "altitude": "93", "prec": "0,0", "latitude": 432714, "hourpresmax": null, "province": "BIZKAIA", "presmax": null, "presmin": null, "hourpresmin": null, "date": "2017-01-17", "name": "MACHICHACO", "gust": "14,7", "longitude": 24510, "avgspeed": "7,5", "dir": "06"}, {"code": "1057B", "hourtmin": null, "hourgust": "00:50", "hourtmax": null, "sun": null, "altitude": "93", "prec": "0,0", "latitude": 432714, "hourpresmax": null, "province": "BIZKAIA", "presmax": null, "presmin": null, "hourpresmin": null, "date": "2017-01-18", "name": "MACHICHACO", "gust": "15,3", "longitude": 24510, "avgspeed": "2,5", "dir": "07"}, {"code": "1057B", "hourtmin": null, "hourgust": "22:40", "hourtmax": null, "sun": null, "altitude": "93", "prec": "0,0", "latitude": 432714, "hourpresmax": null, "province": "BIZKAIA", "presmax": null, "presmin": null, "hourpresmin": null, "date": "2017-01-19", "name": "MACHICHACO", "gust": "9,7", "longitude": 24510, "avgspeed": "1,9", "dir": "10"}, {"code": "1057B", "hourtmin": null, "hourgust": "00:50", "hourtmax": null, "sun": null, "altitude": "93", "prec": "0,0", "latitude": 432714, "hourpresmax": null, "province": "BIZKAIA", "presmax": null, "presmin": null, "hourpresmin": null, "date": "2017-01-20", "name": "MACHICHACO", "gust": "8,6", "longitude": 24510, "avgspeed": "2,5", "dir": "11"}, {"code": "1057B", "hourtmin": null, "hourgust": "01:10", "hourtmax": null, "sun": null, "altitude": "93", "prec": "0,0", "latitude": 432714, "hourpresmax": null, "province": "BIZKAIA", "presmax": null, "presmin": null, "hourpresmin": null, "date": "2017-01-21", "name": "MACHICHACO", "gust": "6,4", "longitude": 24510, "avgspeed": "1,1", "dir": "14"}, {"code": "1057B", "hourtmin": null, "hourgust": "21:40", "hourtmax": null, "sun": null, "altitude": "93", "prec": "0,0", "latitude": 432714, "hourpresmax": null, "province": "BIZKAIA", "presmax": null, "presmin": null, "hourpresmin": null, "date": "2017-01-22", "name": "MACHICHACO", "gust": "8,1", "longitude": 24510, "avgspeed": "4,7", "dir": "30"}, {"code": "1057B", "hourtmin": null, "hourgust": "06:30", "hourtmax": null, "sun": null, "altitude": "93", "prec": "0,0", "latitude": 432714, "hourpresmax": null, "province": "BIZKAIA", "presmax": null, "presmin": null, "hourpresmin": null, "date": "2017-01-23", "name": "MACHICHACO", "gust": "11,7", "longitude": 24510, "avgspeed": "7,2", "dir": "28"}, {"code": "1057B", "hourtmin": null, "hourgust": "02:40", "hourtmax": null, "sun": null, "altitude": "93", "prec": "0,0", "latitude": 432714, "hourpresmax": null, "province": "BIZKAIA", "presmax": null, "presmin": null, "hourpresmin": null, "date": "2017-01-24", "name": "MACHICHACO", "gust": "8,6", "longitude": 24510, "avgspeed": "3,3", "dir": "29"}, {"code": "1057B", "hourtmin": null, "hourgust": "20:40", "hourtmax": null, "sun": null, "altitude": "93", "prec": "0,0", "latitude": 432714, "hourpresmax": null, "province": "BIZKAIA", "presmax": null, "presmin": null, "hourpresmin": null, "date": "2017-01-25", "name": "MACHICHACO", "gust": "11,1", "longitude": 24510, "avgspeed": "4,4", "dir": "10"}, {"code": "1057B", "hourtmin": null, "hourgust": "17:10", "hourtmax": null, "sun": null, "altitude": "93", "prec": "0,0", "latitude": 432714, "hourpresmax": null, "province": "BIZKAIA", "presmax": null, "presmin": null, "hourpresmin": null, "date": "2017-01-26", "name": "MACHICHACO", "gust": "19,4", "longitude": 24510, "avgspeed": "7,5", "dir": "21"}, {"code": "1057B", "hourtmin": null, "hourgust": "21:10", "hourtmax": null, "sun": null, "altitude": "93", "prec": "4,4", "latitude": 432714, "hourpresmax": null, "province": "BIZKAIA", "presmax": null, "presmin": null, "hourpresmin": null, "date": "2017-01-27", "name": "MACHICHACO", "gust": "23,1", "longitude": 24510, "avgspeed": "3,9", "dir": "29"}, {"code": "1057B", "hourtmin": null, "hourgust": "Varias", "hourtmax": null, "sun": null, "altitude": "93", "prec": "0,0", "latitude": 432714, "hourpresmax": null, "province": "BIZKAIA", "presmax": null, "presmin": null, "hourpresmin": null, "date": "2017-01-28", "name": "MACHICHACO", "gust": "17,2", "longitude": 24510, "avgspeed": "7,2", "dir": "99"}, {"code": "1057B", "hourtmin": null, "hourgust": "10:40", "hourtmax": null, "sun": null, "altitude": "93", "prec": "0,0", "latitude": 432714, "hourpresmax": null, "province": "BIZKAIA", "presmax": null, "presmin": null, "hourpresmin": null, "date": "2017-01-29", "name": "MACHICHACO", "gust": "15,8", "longitude": 24510, "avgspeed": "5,8", "dir": "99"}, {"code": "1057B", "hourtmin": null, "hourgust": "21:40", "hourtmax": null, "sun": null, "altitude": "93", "prec": "0,0", "latitude": 432714, "hourpresmax": null, "province": "BIZKAIA", "presmax": null, "presmin": null, "hourpresmin": null, "date": "2017-01-30", "name": "MACHICHACO", "gust": "14,2", "longitude": 24510, "avgspeed": "1,9", "dir": "25"}, {"code": "1057B", "hourtmin": null, "hourgust": "02:00", "hourtmax": null, "sun": null, "altitude": "93", "prec": "1,8", "latitude": 432714, "hourpresmax": null, "province": "BIZKAIA", "presmax": null, "presmin": null, "hourpresmin": null, "date": "2017-01-31", "name": "MACHICHACO", "gust": "15,3", "longitude": 24510, "avgspeed": "2,5", "dir": "22"}, {"code": "1057B", "hourtmin": null, "hourgust": "21:30", "hourtmax": null, "sun": null, "altitude": "93", "prec": "1,7", "latitude": 432714, "hourpresmax": null, "province": "BIZKAIA", "presmax": null, "presmin": null, "hourpresmin": null, "date": "2017-02-01", "name": "MACHICHACO", "gust": "11,7", "longitude": 24510, "avgspeed": "2,5", "dir": "99"}, {"code": "1057B", "hourtmin": null, "hourgust": "18:40", "hourtmax": null, "sun": null, "altitude": "93", "prec": "11,0", "latitude": 432714, "hourpresmax": null, "province": "BIZKAIA", "presmax": null, "presmin": null, "hourpresmin": null, "date": "2017-02-02", "name": "MACHICHACO", "gust": "25,0", "longitude": 24510, "avgspeed": "5,0", "dir": "29"}, {"code": "1057B", "hourtmin": null, "hourgust": "23:40", "hourtmax": null, "sun": null, "altitude": "93", "prec": "7,6", "latitude": 432714, "hourpresmax": null, "province": "BIZKAIA", "presmax": null, "presmin": null, "hourpresmin": null, "date": "2017-02-03", "name": "MACHICHACO", "gust": "21,9", "longitude": 24510, "avgspeed": "5,8", "dir": "29"}, {"code": "1057B", "hourtmin": null, "hourgust": "03:40", "hourtmax": null, "sun": null, "altitude": "93", "prec": "18,7", "latitude": 432714, "hourpresmax": null, "province": "BIZKAIA", "presmax": null, "presmin": null, "hourpresmin": null, "date": "2017-02-04", "name": "MACHICHACO", "gust": "33,3", "longitude": 24510, "avgspeed": "6,1", "dir": "30"}, {"code": "1057B", "hourtmin": null, "hourgust": "18:30", "hourtmax": null, "sun": null, "altitude": "93", "prec": "13,7", "latitude": 432714, "hourpresmax": null, "province": "BIZKAIA", "presmax": null, "presmin": null, "hourpresmin": null, "date": "2017-02-05", "name": "MACHICHACO", "gust": "42,5", "longitude": 24510, "avgspeed": "18,1", "dir": "29"}, {"code": "1057B", "hourtmin": null, "hourgust": "00:20", "hourtmax": null, "sun": null, "altitude": "93", "prec": "8,6", "latitude": 432714, "hourpresmax": null, "province": "BIZKAIA", "presmax": null, "presmin": null, "hourpresmin": null, "date": "2017-02-06", "name": "MACHICHACO", "gust": "20,6", "longitude": 24510, "avgspeed": "4,4", "dir": "28"}, {"code": "1057B", "hourtmin": null, "hourgust": "20:30", "hourtmax": null, "sun": null, "altitude": "93", "prec": "12,7", "latitude": 432714, "hourpresmax": null, "province": "BIZKAIA", "presmax": null, "presmin": null, "hourpresmin": null, "date": "2017-02-07", "name": "MACHICHACO", "gust": "33,3", "longitude": 24510, "avgspeed": "13,1", "dir": "23"}, {"code": "1057B", "hourtmin": null, "hourgust": "01:20", "hourtmax": null, "sun": null, "altitude": "93", "prec": "7,1", "latitude": 432714, "hourpresmax": null, "province": "BIZKAIA", "presmax": null, "presmin": null, "hourpresmin": null, "date": "2017-02-08", "name": "MACHICHACO", "gust": "26,1", "longitude": 24510, "avgspeed": "8,9", "dir": "30"}, {"code": "1057B", "hourtmin": null, "hourgust": "15:40", "hourtmax": null, "sun": null, "altitude": "93", "prec": "0,0", "latitude": 432714, "hourpresmax": null, "province": "BIZKAIA", "presmax": null, "presmin": null, "hourpresmin": null, "date": "2017-02-09", "name": "MACHICHACO", "gust": "13,3", "longitude": 24510, "avgspeed": "4,2", "dir": "11"}, {"code": "1057B", "hourtmin": null, "hourgust": "01:20", "hourtmax": null, "sun": null, "altitude": "93", "prec": "0,0", "latitude": 432714, "hourpresmax": null, "province": "BIZKAIA", "presmax": null, "presmin": null, "hourpresmin": null, "date": "2017-02-10", "name": "MACHICHACO", "gust": "6,9", "longitude": 24510, "avgspeed": "0,0", "dir": "12"}, {"code": "1057B", "hourtmin": null, "hourgust": "23:59", "hourtmax": null, "sun": null, "altitude": "93", "prec": "1,9", "latitude": 432714, "hourpresmax": null, "province": "BIZKAIA", "presmax": null, "presmin": null, "hourpresmin": null, "date": "2017-02-11", "name": "MACHICHACO", "gust": "13,1", "longitude": 24510, "avgspeed": "5,3", "dir": "10"}, {"code": "1057B", "hourtmin": null, "hourgust": "21:20", "hourtmax": null, "sun": null, "altitude": "93", "prec": "0,2", "latitude": 432714, "hourpresmax": null, "province": "BIZKAIA", "presmax": null, "presmin": null, "hourpresmin": null, "date": "2017-02-12", "name": "MACHICHACO", "gust": "18,9", "longitude": 24510, "avgspeed": "4,7", "dir": "10"}, {"code": "1057B", "hourtmin": null, "hourgust": "12:30", "hourtmax": null, "sun": null, "altitude": "93", "prec": "0,0", "latitude": 432714, "hourpresmax": null, "province": "BIZKAIA", "presmax": null, "presmin": null, "hourpresmin": null, "date": "2017-02-13", "name": "MACHICHACO", "gust": "15,8", "longitude": 24510, "avgspeed": "4,2", "dir": "12"}, {"code": "1057B", "hourtmin": null, "hourgust": "03:10", "hourtmax": null, "sun": null, "altitude": "93", "prec": "0,0", "latitude": 432714, "hourpresmax": null, "province": "BIZKAIA", "presmax": null, "presmin": null, "hourpresmin": null, "date": "2017-02-14", "name": "MACHICHACO", "gust": "12,8", "longitude": 24510, "avgspeed": "4,4", "dir": "23"}, {"code": "1057B", "hourtmin": null, "hourgust": "00:20", "hourtmax": null, "sun": null, "altitude": "93", "prec": "0,2", "latitude": 432714, "hourpresmax": null, "province": "BIZKAIA", "presmax": null, "presmin": null, "hourpresmin": null, "date": "2017-02-15", "name": "MACHICHACO", "gust": "14,4", "longitude": 24510, "avgspeed": "3,3", "dir": "22"}, {"code": "1057B", "hourtmin": null, "hourgust": "16:10", "hourtmax": null, "sun": null, "altitude": "93", "prec": "0,0", "latitude": 432714, "hourpresmax": null, "province": "BIZKAIA", "presmax": null, "presmin": null, "hourpresmin": null, "date": "2017-02-16", "name": "MACHICHACO", "gust": "6,4", "longitude": 24510, "avgspeed": "1,9", "dir": "12"}, {"code": "1057B", "hourtmin": null, "hourgust": "17:20", "hourtmax": null, "sun": null, "altitude": "93", "prec": "0,0", "latitude": 432714, "hourpresmax": null, "province": "BIZKAIA", "presmax": null, "presmin": null, "hourpresmin": null, "date": "2017-02-17", "name": "MACHICHACO", "gust": "6,9", "longitude": 24510, "avgspeed": "2,2", "dir": "14"}, {"code": "1057B", "hourtmin": null, "hourgust": "13:20", "hourtmax": null, "sun": null, "altitude": "93", "prec": "0,0", "latitude": 432714, "hourpresmax": null, "province": "BIZKAIA", "presmax": null, "presmin": null, "hourpresmin": null, "date": "2017-02-18", "name": "MACHICHACO", "gust": "12,5", "longitude": 24510, "avgspeed": "5,3", "dir": "28"}, {"code": "1057B", "hourtmin": null, "hourgust": "10:20", "hourtmax": null, "sun": null, "altitude": "93", "prec": "0,0", "latitude": 432714, "hourpresmax": null, "province": "BIZKAIA", "presmax": null, "presmin": null, "hourpresmin": null, "date": "2017-02-19", "name": "MACHICHACO", "gust": "8,6", "longitude": 24510, "avgspeed": "3,1", "dir": "28"}, {"code": "1057B", "hourtmin": null, "hourgust": "05:20", "hourtmax": null, "sun": null, "altitude": "93", "prec": "0,0", "latitude": 432714, "hourpresmax": null, "province": "BIZKAIA", "presmax": null, "presmin": null, "hourpresmin": null, "date": "2017-02-20", "name": "MACHICHACO", "gust": "5,3", "longitude": 24510, "avgspeed": "2,2", "dir": "27"}, {"code": "1057B", "hourtmin": null, "hourgust": "Varias", "hourtmax": null, "sun": null, "altitude": "93", "prec": "0,0", "latitude": 432714, "hourpresmax": null, "province": "BIZKAIA", "presmax": null, "presmin": null, "hourpresmin": null, "date": "2017-02-21", "name": "MACHICHACO", "gust": "5,3", "longitude": 24510, "avgspeed": "1,1", "dir": "99"}, {"code": "1057B", "hourtmin": null, "hourgust": "16:00", "hourtmax": null, "sun": null, "altitude": "93", "prec": "0,0", "latitude": 432714, "hourpresmax": null, "province": "BIZKAIA", "presmax": null, "presmin": null, "hourpresmin": null, "date": "2017-02-22", "name": "MACHICHACO", "gust": "10,8", "longitude": 24510, "avgspeed": "5,6", "dir": "12"}, {"code": "1057B", "hourtmin": null, "hourgust": "20:20", "hourtmax": null, "sun": null, "altitude": "93", "prec": "2,8", "latitude": 432714, "hourpresmax": null, "province": "BIZKAIA", "presmax": null, "presmin": null, "hourpresmin": null, "date": "2017-02-23", "name": "MACHICHACO", "gust": "13,3", "longitude": 24510, "avgspeed": "8,3", "dir": "28"}, {"code": "1057B", "hourtmin": null, "hourgust": "10:50", "hourtmax": null, "sun": null, "altitude": "93", "prec": "0,8", "latitude": 432714, "hourpresmax": null, "province": "BIZKAIA", "presmax": null, "presmin": null, "hourpresmin": null, "date": "2017-02-24", "name": "MACHICHACO", "gust": "8,1", "longitude": 24510, "avgspeed": "2,2", "dir": "30"}, {"code": "1057B", "hourtmin": null, "hourgust": "21:40", "hourtmax": null, "sun": null, "altitude": "93", "prec": "0,0", "latitude": 432714, "hourpresmax": null, "province": "BIZKAIA", "presmax": null, "presmin": null, "hourpresmin": null, "date": "2017-02-25", "name": "MACHICHACO", "gust": "14,7", "longitude": 24510, "avgspeed": "3,9", "dir": "28"}, {"code": "1057B", "hourtmin": null, "hourgust": "00:20", "hourtmax": null, "sun": null, "altitude": "93", "prec": "0,0", "latitude": 432714, "hourpresmax": null, "province": "BIZKAIA", "presmax": null, "presmin": null, "hourpresmin": null, "date": "2017-02-26", "name": "MACHICHACO", "gust": "7,8", "longitude": 24510, "avgspeed": "1,4", "dir": "26"}, {"code": "1057B", "hourtmin": null, "hourgust": "22:20", "hourtmax": null, "sun": null, "altitude": "93", "prec": "0,4", "latitude": 432714, "hourpresmax": null, "province": "BIZKAIA", "presmax": null, "presmin": null, "hourpresmin": null, "date": "2017-02-27", "name": "MACHICHACO", "gust": "16,7", "longitude": 24510, "avgspeed": "4,4", "dir": "30"}, {"code": "1057B", "hourtmin": null, "hourgust": "10:50", "hourtmax": null, "sun": null, "altitude": "93", "prec": "16,8", "latitude": 432714, "hourpresmax": null, "province": "BIZKAIA", "presmax": null, "presmin": null, "hourpresmin": null, "date": "2017-02-28", "name": "MACHICHACO", "gust": "30,8", "longitude": 24510, "avgspeed": "9,7", "dir": "30"}, {"code": "1057B", "hourtmin": null, "hourgust": "02:40", "hourtmax": null, "sun": null, "altitude": "93", "prec": "0,0", "latitude": 432714, "hourpresmax": null, "province": "BIZKAIA", "presmax": null, "presmin": null, "hourpresmin": null, "date": "2017-03-01", "name": "MACHICHACO", "gust": "13,3", "longitude": 24510, "avgspeed": "2,8", "dir": "24"}, {"code": "1057B", "hourtmin": null, "hourgust": "16:40", "hourtmax": null, "sun": null, "altitude": "93", "prec": "0,0", "latitude": 432714, "hourpresmax": null, "province": "BIZKAIA", "presmax": null, "presmin": null, "hourpresmin": null, "date": "2017-03-02", "name": "MACHICHACO", "gust": "8,3", "longitude": 24510, "avgspeed": "3,1", "dir": "14"}, {"code": "1057B", "hourtmin": null, "hourgust": "21:40", "hourtmax": null, "sun": null, "altitude": "93", "prec": "29,9", "latitude": 432714, "hourpresmax": null, "province": "BIZKAIA", "presmax": null, "presmin": null, "hourpresmin": null, "date": "2017-03-03", "name": "MACHICHACO", "gust": "22,8", "longitude": 24510, "avgspeed": "5,3", "dir": "30"}, {"code": "1057B", "hourtmin": null, "hourgust": "11:40", "hourtmax": null, "sun": null, "altitude": "93", "prec": "5,8", "latitude": 432714, "hourpresmax": null, "province": "BIZKAIA", "presmax": null, "presmin": null, "hourpresmin": null, "date": "2017-03-04", "name": "MACHICHACO", "gust": "26,4", "longitude": 24510, "avgspeed": "5,6", "dir": "30"}, {"code": "1057B", "hourtmin": null, "hourgust": "07:20", "hourtmax": null, "sun": null, "altitude": "93", "prec": "2,1", "latitude": 432714, "hourpresmax": null, "province": "BIZKAIA", "presmax": null, "presmin": null, "hourpresmin": null, "date": "2017-03-05", "name": "MACHICHACO", "gust": "18,9", "longitude": 24510, "avgspeed": "5,8", "dir": "24"}, {"code": "1057B", "hourtmin": null, "hourgust": "09:00", "hourtmax": null, "sun": null, "altitude": "93", "prec": "0,1", "latitude": 432714, "hourpresmax": null, "province": "BIZKAIA", "presmax": null, "presmin": null, "hourpresmin": null, "date": "2017-03-06", "name": "MACHICHACO", "gust": "28,1", "longitude": 24510, "avgspeed": "13,3", "dir": "29"}, {"code": "1057B", "hourtmin": null, "hourgust": "13:30", "hourtmax": null, "sun": null, "altitude": "93", "prec": "4,6", "latitude": 432714, "hourpresmax": null, "province": "BIZKAIA", "presmax": null, "presmin": null, "hourpresmin": null, "date": "2017-03-07", "name": "MACHICHACO", "gust": "24,2", "longitude": 24510, "avgspeed": "9,4", "dir": "30"}, {"code": "1057B", "hourtmin": null, "hourgust": "01:20", "hourtmax": null, "sun": null, "altitude": "93", "prec": "0,0", "latitude": 432714, "hourpresmax": null, "province": "BIZKAIA", "presmax": null, "presmin": null, "hourpresmin": null, "date": "2017-03-08", "name": "MACHICHACO", "gust": "13,1", "longitude": 24510, "avgspeed": "0,3", "dir": "28"}, {"code": "1057B", "hourtmin": null, "hourgust": "10:10", "hourtmax": null, "sun": null, "altitude": "93", "prec": "0,0", "latitude": 432714, "hourpresmax": null, "province": "BIZKAIA", "presmax": null, "presmin": null, "hourpresmin": null, "date": "2017-03-09", "name": "MACHICHACO", "gust": "10,6", "longitude": 24510, "avgspeed": "5,8", "dir": "12"}, {"code": "1057B", "hourtmin": null, "hourgust": "07:00", "hourtmax": null, "sun": null, "altitude": "93", "prec": "0,0", "latitude": 432714, "hourpresmax": null, "province": "BIZKAIA", "presmax": null, "presmin": null, "hourpresmin": null, "date": "2017-03-10", "name": "MACHICHACO", "gust": "10,3", "longitude": 24510, "avgspeed": "5,8", "dir": "13"}, {"code": "1057B", "hourtmin": null, "hourgust": "12:00", "hourtmax": null, "sun": null, "altitude": "93", "prec": "2,2", "latitude": 432714, "hourpresmax": null, "province": "BIZKAIA", "presmax": null, "presmin": null, "hourpresmin": null, "date": "2017-03-11", "name": "MACHICHACO", "gust": "25,6", "longitude": 24510, "avgspeed": "8,1", "dir": "28"}, {"code": "1057B", "hourtmin": null, "hourgust": "12:50", "hourtmax": null, "sun": null, "altitude": "93", "prec": "24,4", "latitude": 432714, "hourpresmax": null, "province": "BIZKAIA", "presmax": null, "presmin": null, "hourpresmin": null, "date": "2017-03-12", "name": "MACHICHACO", "gust": "29,7", "longitude": 24510, "avgspeed": "13,9", "dir": "30"}, {"code": "1057B", "hourtmin": null, "hourgust": "00:40", "hourtmax": null, "sun": null, "altitude": "93", "prec": "1,2", "latitude": 432714, "hourpresmax": null, "province": "BIZKAIA", "presmax": null, "presmin": null, "hourpresmin": null, "date": "2017-03-13", "name": "MACHICHACO", "gust": "18,1", "longitude": 24510, "avgspeed": "5,3", "dir": "31"}, {"code": "1057B", "hourtmin": null, "hourgust": "02:00", "hourtmax": null, "sun": null, "altitude": "93", "prec": "0,0", "latitude": 432714, "hourpresmax": null, "province": "BIZKAIA", "presmax": null, "presmin": null, "hourpresmin": null, "date": "2017-03-14", "name": "MACHICHACO", "gust": "9,2", "longitude": 24510, "avgspeed": "0,8", "dir": "30"}, {"code": "1057B", "hourtmin": null, "hourgust": "23:50", "hourtmax": null, "sun": null, "altitude": "93", "prec": "0,0", "latitude": 432714, "hourpresmax": null, "province": "BIZKAIA", "presmax": null, "presmin": null, "hourpresmin": null, "date": "2017-03-15", "name": "MACHICHACO", "gust": "8,3", "longitude": 24510, "avgspeed": "1,9", "dir": "12"}, {"code": "1057B", "hourtmin": null, "hourgust": "23:59", "hourtmax": null, "sun": null, "altitude": "93", "prec": "0,0", "latitude": 432714, "hourpresmax": null, "province": "BIZKAIA", "presmax": null, "presmin": null, "hourpresmin": null, "date": "2017-03-16", "name": "MACHICHACO", "gust": "11,7", "longitude": 24510, "avgspeed": "1,9", "dir": "26"}, {"code": "1057B", "hourtmin": null, "hourgust": "05:50", "hourtmax": null, "sun": null, "altitude": "93", "prec": "0,0", "latitude": 432714, "hourpresmax": null, "province": "BIZKAIA", "presmax": null, "presmin": null, "hourpresmin": null, "date": "2017-03-17", "name": "MACHICHACO", "gust": "16,7", "longitude": 24510, "avgspeed": "6,7", "dir": "27"}, {"code": "1057B", "hourtmin": null, "hourgust": "Varias", "hourtmax": null, "sun": null, "altitude": "93", "prec": "0,0", "latitude": 432714, "hourpresmax": null, "province": "BIZKAIA", "presmax": null, "presmin": null, "hourpresmin": null, "date": "2017-03-18", "name": "MACHICHACO", "gust": "5,0", "longitude": 24510, "avgspeed": "1,9", "dir": "99"}, {"code": "1057B", "hourtmin": null, "hourgust": "14:50", "hourtmax": null, "sun": null, "altitude": "93", "prec": "0,0", "latitude": 432714, "hourpresmax": null, "province": "BIZKAIA", "presmax": null, "presmin": null, "hourpresmin": null, "date": "2017-03-19", "name": "MACHICHACO", "gust": "5,0", "longitude": 24510, "avgspeed": "0,0", "dir": "31"}, {"code": "1057B", "hourtmin": null, "hourgust": "15:40", "hourtmax": null, "sun": null, "altitude": "93", "prec": "0,0", "latitude": 432714, "hourpresmax": null, "province": "BIZKAIA", "presmax": null, "presmin": null, "hourpresmin": null, "date": "2017-03-20", "name": "MACHICHACO", "gust": "8,9", "longitude": 24510, "avgspeed": "2,2", "dir": "28"}, {"code": "1057B", "hourtmin": null, "hourgust": "09:40", "hourtmax": null, "sun": null, "altitude": "93", "prec": "8,6", "latitude": 432714, "hourpresmax": null, "province": "BIZKAIA", "presmax": null, "presmin": null, "hourpresmin": null, "date": "2017-03-21", "name": "MACHICHACO", "gust": "15,0", "longitude": 24510, "avgspeed": "5,8", "dir": "31"}, {"code": "1057B", "hourtmin": null, "hourgust": "21:10", "hourtmax": null, "sun": null, "altitude": "93", "prec": "10,6", "latitude": 432714, "hourpresmax": null, "province": "BIZKAIA", "presmax": null, "presmin": null, "hourpresmin": null, "date": "2017-03-22", "name": "MACHICHACO", "gust": "13,9", "longitude": 24510, "avgspeed": "5,3", "dir": "27"}, {"code": "1057B", "hourtmin": null, "hourgust": "05:30", "hourtmax": null, "sun": null, "altitude": "93", "prec": "0,0", "latitude": 432714, "hourpresmax": null, "province": "BIZKAIA", "presmax": null, "presmin": null, "hourpresmin": null, "date": "2017-03-23", "name": "MACHICHACO", "gust": "12,5", "longitude": 24510, "avgspeed": "4,2", "dir": "22"}, {"code": "1057B", "hourtmin": null, "hourgust": "17:00", "hourtmax": null, "sun": null, "altitude": "93", "prec": "13,1", "latitude": 432714, "hourpresmax": null, "province": "BIZKAIA", "presmax": null, "presmin": null, "hourpresmin": null, "date": "2017-03-24", "name": "MACHICHACO", "gust": "9,2", "longitude": 24510, "avgspeed": "4,2", "dir": "08"}, {"code": "1057B", "hourtmin": null, "hourgust": "09:40", "hourtmax": null, "sun": null, "altitude": "93", "prec": "39,7", "latitude": 432714, "hourpresmax": null, "province": "BIZKAIA", "presmax": null, "presmin": null, "hourpresmin": null, "date": "2017-03-25", "name": "MACHICHACO", "gust": "20,8", "longitude": 24510, "avgspeed": "8,6", "dir": "28"}, {"code": "1057B", "hourtmin": null, "hourgust": "00:10", "hourtmax": null, "sun": null, "altitude": "93", "prec": "0,0", "latitude": 432714, "hourpresmax": null, "province": "BIZKAIA", "presmax": null, "presmin": null, "hourpresmin": null, "date": "2017-03-26", "name": "MACHICHACO", "gust": "9,7", "longitude": 24510, "avgspeed": "1,1", "dir": "99"}, {"code": "1057B", "hourtmin": null, "hourgust": "12:00", "hourtmax": null, "sun": null, "altitude": "93", "prec": "0,0", "latitude": 432714, "hourpresmax": null, "province": "BIZKAIA", "presmax": null, "presmin": null, "hourpresmin": null, "date": "2017-03-27", "name": "MACHICHACO", "gust": "9,7", "longitude": 24510, "avgspeed": "2,5", "dir": "24"}, {"code": "1057B", "hourtmin": null, "hourgust": "03:30", "hourtmax": null, "sun": null, "altitude": "93", "prec": "0,0", "latitude": 432714, "hourpresmax": null, "province": "BIZKAIA", "presmax": null, "presmin": null, "hourpresmin": null, "date": "2017-03-28", "name": "MACHICHACO", "gust": "11,4", "longitude": 24510, "avgspeed": "3,6", "dir": "22"}, {"code": "1057B", "hourtmin": null, "hourgust": "14:40", "hourtmax": null, "sun": null, "altitude": "93", "prec": "0,0", "latitude": 432714, "hourpresmax": null, "province": "BIZKAIA", "presmax": null, "presmin": null, "hourpresmin": null, "date": "2017-03-29", "name": "MACHICHACO", "gust": "8,9", "longitude": 24510, "avgspeed": "2,2", "dir": "12"}, {"code": "1057B", "hourtmin": null, "hourgust": "23:40", "hourtmax": null, "sun": null, "altitude": "93", "prec": "0,0", "latitude": 432714, "hourpresmax": null, "province": "BIZKAIA", "presmax": null, "presmin": null, "hourpresmin": null, "date": "2017-03-30", "name": "MACHICHACO", "gust": "18,1", "longitude": 24510, "avgspeed": "2,2", "dir": "30"}, {"code": "1057B", "hourtmin": null, "hourgust": "00:10", "hourtmax": null, "sun": null, "altitude": "93", "prec": "5,8", "latitude": 432714, "hourpresmax": null, "province": "BIZKAIA", "presmax": null, "presmin": null, "hourpresmin": null, "date": "2017-03-31", "name": "MACHICHACO", "gust": "12,8", "longitude": 24510, "avgspeed": "3,9", "dir": "28"}, {"code": "1057B", "hourtmin": null, "hourgust": "07:40", "hourtmax": null, "sun": null, "altitude": "93", "prec": "10,2", "latitude": 432714, "hourpresmax": null, "province": "BIZKAIA", "presmax": null, "presmin": null, "hourpresmin": null, "date": "2017-04-01", "name": "MACHICHACO", "gust": "29,7", "longitude": 24510, "avgspeed": "18,6", "dir": "30"}, {"code": "1057B", "hourtmin": null, "hourgust": "00:10", "hourtmax": null, "sun": null, "altitude": "93", "prec": "1,3", "latitude": 432714, "hourpresmax": null, "province": "BIZKAIA", "presmax": null, "presmin": null, "hourpresmin": null, "date": "2017-04-02", "name": "MACHICHACO", "gust": "20,6", "longitude": 24510, "avgspeed": "6,9", "dir": "28"}, {"code": "1057B", "hourtmin": null, "hourgust": "13:20", "hourtmax": null, "sun": null, "altitude": "93", "prec": "0,0", "latitude": 432714, "hourpresmax": null, "province": "BIZKAIA", "presmax": null, "presmin": null, "hourpresmin": null, "date": "2017-04-03", "name": "MACHICHACO", "gust": "10,0", "longitude": 24510, "avgspeed": "3,1", "dir": "24"}, {"code": "1057B", "hourtmin": null, "hourgust": "21:00", "hourtmax": null, "sun": null, "altitude": "93", "prec": "8,0", "latitude": 432714, "hourpresmax": null, "province": "BIZKAIA", "presmax": null, "presmin": null, "hourpresmin": null, "date": "2017-04-04", "name": "MACHICHACO", "gust": "15,6", "longitude": 24510, "avgspeed": "6,4", "dir": "30"}, {"code": "1057B", "hourtmin": null, "hourgust": "01:20", "hourtmax": null, "sun": null, "altitude": "93", "prec": "0,0", "latitude": 432714, "hourpresmax": null, "province": "BIZKAIA", "presmax": null, "presmin": null, "hourpresmin": null, "date": "2017-04-05", "name": "MACHICHACO", "gust": "11,4", "longitude": 24510, "avgspeed": "3,1", "dir": "32"}, {"code": "1057B", "hourtmin": null, "hourgust": "23:50", "hourtmax": null, "sun": null, "altitude": "93", "prec": "0,0", "latitude": 432714, "hourpresmax": null, "province": "BIZKAIA", "presmax": null, "presmin": null, "hourpresmin": null, "date": "2017-04-06", "name": "MACHICHACO", "gust": "6,1", "longitude": 24510, "avgspeed": "0,0", "dir": "26"}, {"code": "1057B", "hourtmin": null, "hourgust": "19:30", "hourtmax": null, "sun": null, "altitude": "93", "prec": "0,0", "latitude": 432714, "hourpresmax": null, "province": "BIZKAIA", "presmax": null, "presmin": null, "hourpresmin": null, "date": "2017-04-07", "name": "MACHICHACO", "gust": "10,3", "longitude": 24510, "avgspeed": "3,9", "dir": "11"}, {"code": "1057B", "hourtmin": null, "hourgust": "12:40", "hourtmax": null, "sun": null, "altitude": "93", "prec": "0,0", "latitude": 432714, "hourpresmax": null, "province": "BIZKAIA", "presmax": null, "presmin": null, "hourpresmin": null, "date": "2017-04-08", "name": "MACHICHACO", "gust": "8,6", "longitude": 24510, "avgspeed": "3,1", "dir": "12"}, {"code": "1057B", "hourtmin": null, "hourgust": "03:30", "hourtmax": null, "sun": null, "altitude": "93", "prec": "0,0", "latitude": 432714, "hourpresmax": null, "province": "BIZKAIA", "presmax": null, "presmin": null, "hourpresmin": null, "date": "2017-04-09", "name": "MACHICHACO", "gust": "8,3", "longitude": 24510, "avgspeed": "1,9", "dir": "26"}, {"code": "1057B", "hourtmin": null, "hourgust": "12:10", "hourtmax": null, "sun": null, "altitude": "93", "prec": "0,0", "latitude": 432714, "hourpresmax": null, "province": "BIZKAIA", "presmax": null, "presmin": null, "hourpresmin": null, "date": "2017-04-10", "name": "MACHICHACO", "gust": "10,8", "longitude": 24510, "avgspeed": "6,1", "dir": "28"}, {"code": "1057B", "hourtmin": null, "hourgust": "05:30", "hourtmax": null, "sun": null, "altitude": "93", "prec": "0,0", "latitude": 432714, "hourpresmax": null, "province": "BIZKAIA", "presmax": null, "presmin": null, "hourpresmin": null, "date": "2017-04-11", "name": "MACHICHACO", "gust": "8,9", "longitude": 24510, "avgspeed": "2,8", "dir": "28"}, {"code": "1057B", "hourtmin": null, "hourgust": "14:20", "hourtmax": null, "sun": null, "altitude": "93", "prec": "0,0", "latitude": 432714, "hourpresmax": null, "province": "BIZKAIA", "presmax": null, "presmin": null, "hourpresmin": null, "date": "2017-04-12", "name": "MACHICHACO", "gust": "6,7", "longitude": 24510, "avgspeed": "2,8", "dir": "10"}, {"code": "1057B", "hourtmin": null, "hourgust": "Varias", "hourtmax": null, "sun": null, "altitude": "93", "prec": "0,0", "latitude": 432714, "hourpresmax": null, "province": "BIZKAIA", "presmax": null, "presmin": null, "hourpresmin": null, "date": "2017-04-13", "name": "MACHICHACO", "gust": "5,6", "longitude": 24510, "avgspeed": "1,9", "dir": "99"}, {"code": "1057B", "hourtmin": null, "hourgust": "06:30", "hourtmax": null, "sun": null, "altitude": "93", "prec": "0,0", "latitude": 432714, "hourpresmax": null, "province": "BIZKAIA", "presmax": null, "presmin": null, "hourpresmin": null, "date": "2017-04-14", "name": "MACHICHACO", "gust": "5,8", "longitude": 24510, "avgspeed": "3,3", "dir": "99"}, {"code": "1057B", "hourtmin": null, "hourgust": "09:40", "hourtmax": null, "sun": null, "altitude": "93", "prec": "0,0", "latitude": 432714, "hourpresmax": null, "province": "BIZKAIA", "presmax": null, "presmin": null, "hourpresmin": null, "date": "2017-04-15", "name": "MACHICHACO", "gust": "12,2", "longitude": 24510, "avgspeed": "1,1", "dir": "28"}, {"code": "1057B", "hourtmin": null, "hourgust": "11:40", "hourtmax": null, "sun": null, "altitude": "93", "prec": "0,0", "latitude": 432714, "hourpresmax": null, "province": "BIZKAIA", "presmax": null, "presmin": null, "hourpresmin": null, "date": "2017-04-16", "name": "MACHICHACO", "gust": "11,1", "longitude": 24510, "avgspeed": "5,8", "dir": "10"}, {"code": "1057B", "hourtmin": null, "hourgust": "00:10", "hourtmax": null, "sun": null, "altitude": "93", "prec": "0,0", "latitude": 432714, "hourpresmax": null, "province": "BIZKAIA", "presmax": null, "presmin": null, "hourpresmin": null, "date": "2017-04-17", "name": "MACHICHACO", "gust": "10,3", "longitude": 24510, "avgspeed": "2,5", "dir": "09"}, {"code": "1057B", "hourtmin": null, "hourgust": "23:50", "hourtmax": null, "sun": null, "altitude": "93", "prec": "0,0", "latitude": 432714, "hourpresmax": null, "province": "BIZKAIA", "presmax": null, "presmin": null, "hourpresmin": null, "date": "2017-04-18", "name": "MACHICHACO", "gust": "18,3", "longitude": 24510, "avgspeed": "5,3", "dir": "99"}, {"code": "1057B", "hourtmin": null, "hourgust": "Varias", "hourtmax": null, "sun": null, "altitude": "93", "prec": "0,1", "latitude": 432714, "hourpresmax": null, "province": "BIZKAIA", "presmax": null, "presmin": null, "hourpresmin": null, "date": "2017-04-19", "name": "MACHICHACO", "gust": "21,1", "longitude": 24510, "avgspeed": "9,7", "dir": "99"}, {"code": "1057B", "hourtmin": null, "hourgust": "00:10", "hourtmax": null, "sun": null, "altitude": "93", "prec": "0,0", "latitude": 432714, "hourpresmax": null, "province": "BIZKAIA", "presmax": null, "presmin": null, "hourpresmin": null, "date": "2017-04-20", "name": "MACHICHACO", "gust": "21,7", "longitude": 24510, "avgspeed": "9,7", "dir": "10"}, {"code": "1057B", "hourtmin": null, "hourgust": "15:50", "hourtmax": null, "sun": null, "altitude": "93", "prec": "0,0", "latitude": 432714, "hourpresmax": null, "province": "BIZKAIA", "presmax": null, "presmin": null, "hourpresmin": null, "date": "2017-04-21", "name": "MACHICHACO", "gust": "11,4", "longitude": 24510, "avgspeed": "3,1", "dir": "13"}, {"code": "1057B", "hourtmin": null, "hourgust": "12:30", "hourtmax": null, "sun": null, "altitude": "93", "prec": "0,0", "latitude": 432714, "hourpresmax": null, "province": "BIZKAIA", "presmax": null, "presmin": null, "hourpresmin": null, "date": "2017-04-22", "name": "MACHICHACO", "gust": "8,9", "longitude": 24510, "avgspeed": "3,6", "dir": "13"}, {"code": "1057B", "hourtmin": null, "hourgust": "14:20", "hourtmax": null, "sun": null, "altitude": "93", "prec": "0,0", "latitude": 432714, "hourpresmax": null, "province": "BIZKAIA", "presmax": null, "presmin": null, "hourpresmin": null, "date": "2017-04-23", "name": "MACHICHACO", "gust": "7,8", "longitude": 24510, "avgspeed": "2,5", "dir": "10"}, {"code": "1057B", "hourtmin": null, "hourgust": "Varias", "hourtmax": null, "sun": null, "altitude": "93", "prec": "0,9", "latitude": 432714, "hourpresmax": null, "province": "BIZKAIA", "presmax": null, "presmin": null, "hourpresmin": null, "date": "2017-04-24", "name": "MACHICHACO", "gust": "9,2", "longitude": 24510, "avgspeed": "3,9", "dir": "99"}, {"code": "1057B", "hourtmin": null, "hourgust": "13:30", "hourtmax": null, "sun": null, "altitude": "93", "prec": "14,1", "latitude": 432714, "hourpresmax": null, "province": "BIZKAIA", "presmax": null, "presmin": null, "hourpresmin": null, "date": "2017-04-25", "name": "MACHICHACO", "gust": "13,3", "longitude": 24510, "avgspeed": "3,9", "dir": "30"}, {"code": "1057B", "hourtmin": null, "hourgust": "00:20", "hourtmax": null, "sun": null, "altitude": "93", "prec": "3,7", "latitude": 432714, "hourpresmax": null, "province": "BIZKAIA", "presmax": null, "presmin": null, "hourpresmin": null, "date": "2017-04-26", "name": "MACHICHACO", "gust": "11,1", "longitude": 24510, "avgspeed": "1,1", "dir": "99"}, {"code": "1057B", "hourtmin": null, "hourgust": "08:40", "hourtmax": null, "sun": null, "altitude": "93", "prec": "2,6", "latitude": 432714, "hourpresmax": null, "province": "BIZKAIA", "presmax": null, "presmin": null, "hourpresmin": null, "date": "2017-04-27", "name": "MACHICHACO", "gust": "14,4", "longitude": 24510, "avgspeed": "2,2", "dir": "30"}, {"code": "1057B", "hourtmin": null, "hourgust": "21:20", "hourtmax": null, "sun": null, "altitude": "93", "prec": "0,0", "latitude": 432714, "hourpresmax": null, "province": "BIZKAIA", "presmax": null, "presmin": null, "hourpresmin": null, "date": "2017-04-28", "name": "MACHICHACO", "gust": "10,8", "longitude": 24510, "avgspeed": "3,9", "dir": "11"}, {"code": "1057B", "hourtmin": null, "hourgust": "20:40", "hourtmax": null, "sun": null, "altitude": "93", "prec": "0,0", "latitude": 432714, "hourpresmax": null, "province": "BIZKAIA", "presmax": null, "presmin": null, "hourpresmin": null, "date": "2017-04-29", "name": "MACHICHACO", "gust": "13,1", "longitude": 24510, "avgspeed": "2,5", "dir": "18"}, {"code": "1057B", "hourtmin": null, "hourgust": "10:00", "hourtmax": null, "sun": null, "altitude": "93", "prec": "12,5", "latitude": 432714, "hourpresmax": null, "province": "BIZKAIA", "presmax": null, "presmin": null, "hourpresmin": null, "date": "2017-04-30", "name": "MACHICHACO", "gust": "26,4", "longitude": 24510, "avgspeed": "7,5", "dir": "30"}, {"code": "1057B", "hourtmin": null, "hourgust": "01:10", "hourtmax": null, "sun": null, "altitude": "93", "prec": "1,6", "latitude": 432714, "hourpresmax": null, "province": "BIZKAIA", "presmax": null, "presmin": null, "hourpresmin": null, "date": "2017-05-01", "name": "MACHICHACO", "gust": "18,6", "longitude": 24510, "avgspeed": "5,0", "dir": "27"}, {"code": "1057B", "hourtmin": null, "hourgust": "04:00", "hourtmax": null, "sun": null, "altitude": "93", "prec": "1,7", "latitude": 432714, "hourpresmax": null, "province": "BIZKAIA", "presmax": null, "presmin": null, "hourpresmin": null, "date": "2017-05-02", "name": "MACHICHACO", "gust": "15,8", "longitude": 24510, "avgspeed": "6,1", "dir": "28"}, {"code": "1057B", "hourtmin": null, "hourgust": "15:50", "hourtmax": null, "sun": null, "altitude": "93", "prec": "0,0", "latitude": 432714, "hourpresmax": null, "province": "BIZKAIA", "presmax": null, "presmin": null, "hourpresmin": null, "date": "2017-05-03", "name": "MACHICHACO", "gust": "8,3", "longitude": 24510, "avgspeed": "4,4", "dir": "10"}, {"code": "1057B", "hourtmin": null, "hourgust": "Varias", "hourtmax": null, "sun": null, "altitude": "93", "prec": "0,0", "latitude": 432714, "hourpresmax": null, "province": "BIZKAIA", "presmax": null, "presmin": null, "hourpresmin": null, "date": "2017-05-04", "name": "MACHICHACO", "gust": "10,8", "longitude": 24510, "avgspeed": "3,9", "dir": "24"}, {"code": "1057B", "hourtmin": null, "hourgust": "16:00", "hourtmax": null, "sun": null, "altitude": "93", "prec": "12,4", "latitude": 432714, "hourpresmax": null, "province": "BIZKAIA", "presmax": null, "presmin": null, "hourpresmin": null, "date": "2017-05-05", "name": "MACHICHACO", "gust": "19,4", "longitude": 24510, "avgspeed": "5,6", "dir": "26"}, {"code": "1057B", "hourtmin": null, "hourgust": "06:00", "hourtmax": null, "sun": null, "altitude": "93", "prec": "0,0", "latitude": 432714, "hourpresmax": null, "province": "BIZKAIA", "presmax": null, "presmin": null, "hourpresmin": null, "date": "2017-05-06", "name": "MACHICHACO", "gust": "12,8", "longitude": 24510, "avgspeed": "3,6", "dir": "22"}, {"code": "1057B", "hourtmin": null, "hourgust": "14:40", "hourtmax": null, "sun": null, "altitude": "93", "prec": "0,0", "latitude": 432714, "hourpresmax": null, "province": "BIZKAIA", "presmax": null, "presmin": null, "hourpresmin": null, "date": "2017-05-07", "name": "MACHICHACO", "gust": "9,2", "longitude": 24510, "avgspeed": "4,4", "dir": "11"}, {"code": "1057B", "hourtmin": null, "hourgust": "08:30", "hourtmax": null, "sun": null, "altitude": "93", "prec": "0,1", "latitude": 432714, "hourpresmax": null, "province": "BIZKAIA", "presmax": null, "presmin": null, "hourpresmin": null, "date": "2017-05-08", "name": "MACHICHACO", "gust": "10,8", "longitude": 24510, "avgspeed": "5,8", "dir": "10"}, {"code": "1057B", "hourtmin": null, "hourgust": "23:59", "hourtmax": null, "sun": null, "altitude": "93", "prec": "0,0", "latitude": 432714, "hourpresmax": null, "province": "BIZKAIA", "presmax": null, "presmin": null, "hourpresmin": null, "date": "2017-05-09", "name": "MACHICHACO", "gust": "13,1", "longitude": 24510, "avgspeed": "5,6", "dir": "23"}, {"code": "1057B", "hourtmin": null, "hourgust": "01:10", "hourtmax": null, "sun": null, "altitude": "93", "prec": "0,8", "latitude": 432714, "hourpresmax": null, "province": "BIZKAIA", "presmax": null, "presmin": null, "hourpresmin": null, "date": "2017-05-10", "name": "MACHICHACO", "gust": "13,9", "longitude": 24510, "avgspeed": "3,6", "dir": "27"}, {"code": "1057B", "hourtmin": null, "hourgust": "00:10", "hourtmax": null, "sun": null, "altitude": "93", "prec": "0,0", "latitude": 432714, "hourpresmax": null, "province": "BIZKAIA", "presmax": null, "presmin": null, "hourpresmin": null, "date": "2017-05-11", "name": "MACHICHACO", "gust": "15,0", "longitude": 24510, "avgspeed": "2,2", "dir": "22"}, {"code": "1057B", "hourtmin": null, "hourgust": "06:40", "hourtmax": null, "sun": null, "altitude": "93", "prec": "8,4", "latitude": 432714, "hourpresmax": null, "province": "BIZKAIA", "presmax": null, "presmin": null, "hourpresmin": null, "date": "2017-05-12", "name": "MACHICHACO", "gust": "14,2", "longitude": 24510, "avgspeed": "4,7", "dir": "23"}, {"code": "1057B", "hourtmin": null, "hourgust": "06:40", "hourtmax": null, "sun": null, "altitude": "93", "prec": "1,2", "latitude": 432714, "hourpresmax": null, "province": "BIZKAIA", "presmax": null, "presmin": null, "hourpresmin": null, "date": "2017-05-13", "name": "MACHICHACO", "gust": "11,9", "longitude": 24510, "avgspeed": "6,7", "dir": "29"}, {"code": "1057B", "hourtmin": null, "hourgust": "16:00", "hourtmax": null, "sun": null, "altitude": "93", "prec": "0,0", "latitude": 432714, "hourpresmax": null, "province": "BIZKAIA", "presmax": null, "presmin": null, "hourpresmin": null, "date": "2017-05-14", "name": "MACHICHACO", "gust": "9,4", "longitude": 24510, "avgspeed": "3,9", "dir": "12"}, {"code": "1057B", "hourtmin": null, "hourgust": "07:20", "hourtmax": null, "sun": null, "altitude": "93", "prec": "0,0", "latitude": 432714, "hourpresmax": null, "province": "BIZKAIA", "presmax": null, "presmin": null, "hourpresmin": null, "date": "2017-05-15", "name": "MACHICHACO", "gust": "6,9", "longitude": 24510, "avgspeed": "1,9", "dir": "22"}, {"code": "1057B", "hourtmin": null, "hourgust": "18:40", "hourtmax": null, "sun": null, "altitude": "93", "prec": "0,0", "latitude": 432714, "hourpresmax": null, "province": "BIZKAIA", "presmax": null, "presmin": null, "hourpresmin": null, "date": "2017-05-16", "name": "MACHICHACO", "gust": "11,7", "longitude": 24510, "avgspeed": "3,3", "dir": "26"}, {"code": "1057B", "hourtmin": null, "hourgust": "12:30", "hourtmax": null, "sun": null, "altitude": "93", "prec": "20,1", "latitude": 432714, "hourpresmax": null, "province": "BIZKAIA", "presmax": null, "presmin": null, "hourpresmin": null, "date": "2017-05-17", "name": "MACHICHACO", "gust": "15,8", "longitude": 24510, "avgspeed": "4,2", "dir": "26"}, {"code": "1057B", "hourtmin": null, "hourgust": "Varias", "hourtmax": null, "sun": null, "altitude": "93", "prec": "10,9", "latitude": 432714, "hourpresmax": null, "province": "BIZKAIA", "presmax": null, "presmin": null, "hourpresmin": null, "date": "2017-05-18", "name": "MACHICHACO", "gust": "20,3", "longitude": 24510, "avgspeed": "11,4", "dir": "99"}, {"code": "1057B", "hourtmin": null, "hourgust": "14:10", "hourtmax": null, "sun": null, "altitude": "93", "prec": "1,9", "latitude": 432714, "hourpresmax": null, "province": "BIZKAIA", "presmax": null, "presmin": null, "hourpresmin": null, "date": "2017-05-19", "name": "MACHICHACO", "gust": "19,2", "longitude": 24510, "avgspeed": "9,4", "dir": "30"}, {"code": "1057B", "hourtmin": null, "hourgust": "05:00", "hourtmax": null, "sun": null, "altitude": "93", "prec": "0,0", "latitude": 432714, "hourpresmax": null, "province": "BIZKAIA", "presmax": null, "presmin": null, "hourpresmin": null, "date": "2017-05-20", "name": "MACHICHACO", "gust": "16,7", "longitude": 24510, "avgspeed": "4,7", "dir": "30"}, {"code": "1057B", "hourtmin": null, "hourgust": "12:50", "hourtmax": null, "sun": null, "altitude": "93", "prec": "0,1", "latitude": 432714, "hourpresmax": null, "province": "BIZKAIA", "presmax": null, "presmin": null, "hourpresmin": null, "date": "2017-05-21", "name": "MACHICHACO", "gust": "10,8", "longitude": 24510, "avgspeed": "4,4", "dir": "24"}, {"code": "1057B", "hourtmin": null, "hourgust": "00:50", "hourtmax": null, "sun": null, "altitude": "93", "prec": "0,0", "latitude": 432714, "hourpresmax": null, "province": "BIZKAIA", "presmax": null, "presmin": null, "hourpresmin": null, "date": "2017-05-22", "name": "MACHICHACO", "gust": "18,6", "longitude": 24510, "avgspeed": "11,4", "dir": "24"}, {"code": "1057B", "hourtmin": null, "hourgust": "23:30", "hourtmax": null, "sun": null, "altitude": "93", "prec": "0,0", "latitude": 432714, "hourpresmax": null, "province": "BIZKAIA", "presmax": null, "presmin": null, "hourpresmin": null, "date": "2017-05-23", "name": "MACHICHACO", "gust": "9,7", "longitude": 24510, "avgspeed": "4,2", "dir": "12"}, {"code": "1057B", "hourtmin": null, "hourgust": "14:40", "hourtmax": null, "sun": null, "altitude": "93", "prec": "0,0", "latitude": 432714, "hourpresmax": null, "province": "BIZKAIA", "presmax": null, "presmin": null, "hourpresmin": null, "date": "2017-05-24", "name": "MACHICHACO", "gust": "11,1", "longitude": 24510, "avgspeed": "4,7", "dir": "10"}, {"code": "1057B", "hourtmin": null, "hourgust": "18:40", "hourtmax": null, "sun": null, "altitude": "93", "prec": "0,0", "latitude": 432714, "hourpresmax": null, "province": "BIZKAIA", "presmax": null, "presmin": null, "hourpresmin": null, "date": "2017-05-25", "name": "MACHICHACO", "gust": "18,1", "longitude": 24510, "avgspeed": "3,6", "dir": "24"}, {"code": "1057B", "hourtmin": null, "hourgust": "17:50", "hourtmax": null, "sun": null, "altitude": "93", "prec": "5,8", "latitude": 432714, "hourpresmax": null, "province": "BIZKAIA", "presmax": null, "presmin": null, "hourpresmin": null, "date": "2017-05-26", "name": "MACHICHACO", "gust": "23,1", "longitude": 24510, "avgspeed": "8,6", "dir": "28"}, {"code": "1057B", "hourtmin": null, "hourgust": "22:10", "hourtmax": null, "sun": null, "altitude": "93", "prec": "0,0", "latitude": 432714, "hourpresmax": null, "province": "BIZKAIA", "presmax": null, "presmin": null, "hourpresmin": null, "date": "2017-05-27", "name": "MACHICHACO", "gust": "13,9", "longitude": 24510, "avgspeed": "4,2", "dir": "25"}, {"code": "1057B", "hourtmin": null, "hourgust": "20:40", "hourtmax": null, "sun": null, "altitude": "93", "prec": "8,3", "latitude": 432714, "hourpresmax": null, "province": "BIZKAIA", "presmax": null, "presmin": null, "hourpresmin": null, "date": "2017-05-28", "name": "MACHICHACO", "gust": "16,1", "longitude": 24510, "avgspeed": "6,4", "dir": "28"}, {"code": "1057B", "hourtmin": null, "hourgust": "01:30", "hourtmax": null, "sun": null, "altitude": "93", "prec": "2,1", "latitude": 432714, "hourpresmax": null, "province": "BIZKAIA", "presmax": null, "presmin": null, "hourpresmin": null, "date": "2017-05-29", "name": "MACHICHACO", "gust": "15,8", "longitude": 24510, "avgspeed": "2,8", "dir": "29"}, {"code": "1057B", "hourtmin": null, "hourgust": "Varias", "hourtmax": null, "sun": null, "altitude": "93", "prec": "0,0", "latitude": 432714, "hourpresmax": null, "province": "BIZKAIA", "presmax": null, "presmin": null, "hourpresmin": null, "date": "2017-05-30", "name": "MACHICHACO", "gust": "5,0", "longitude": 24510, "avgspeed": null, "dir": "99"}, {"code": "1057B", "hourtmin": null, "hourgust": "14:10", "hourtmax": null, "sun": null, "altitude": "93", "prec": "0,0", "latitude": 432714, "hourpresmax": null, "province": "BIZKAIA", "presmax": null, "presmin": null, "hourpresmin": null, "date": "2017-05-31", "name": "MACHICHACO", "gust": "7,2", "longitude": 24510, "avgspeed": "3,6", "dir": "10"}, {"code": "1057B", "hourtmin": null, "hourgust": "10:00", "hourtmax": null, "sun": null, "altitude": "93", "prec": "0,0", "latitude": 432714, "hourpresmax": null, "province": "BIZKAIA", "presmax": null, "presmin": null, "hourpresmin": null, "date": "2017-06-01", "name": "MACHICHACO", "gust": "7,8", "longitude": 24510, "avgspeed": "4,2", "dir": "13"}, {"code": "1057B", "hourtmin": null, "hourgust": "21:00", "hourtmax": null, "sun": null, "altitude": "93", "prec": "8,2", "latitude": 432714, "hourpresmax": null, "province": "BIZKAIA", "presmax": null, "presmin": null, "hourpresmin": null, "date": "2017-06-02", "name": "MACHICHACO", "gust": "12,5", "longitude": 24510, "avgspeed": "6,9", "dir": "28"}, {"code": "1057B", "hourtmin": null, "hourgust": "16:10", "hourtmax": null, "sun": null, "altitude": "93", "prec": "10,7", "latitude": 432714, "hourpresmax": null, "province": "BIZKAIA", "presmax": null, "presmin": null, "hourpresmin": null, "date": "2017-06-03", "name": "MACHICHACO", "gust": "17,8", "longitude": 24510, "avgspeed": "6,7", "dir": "29"}, {"code": "1057B", "hourtmin": null, "hourgust": "19:30", "hourtmax": null, "sun": null, "altitude": "93", "prec": "3,1", "latitude": 432714, "hourpresmax": null, "province": "BIZKAIA", "presmax": null, "presmin": null, "hourpresmin": null, "date": "2017-06-04", "name": "MACHICHACO", "gust": "11,1", "longitude": 24510, "avgspeed": "2,5", "dir": "28"}, {"code": "1057B", "hourtmin": null, "hourgust": "23:59", "hourtmax": null, "sun": null, "altitude": "93", "prec": "3,4", "latitude": 432714, "hourpresmax": null, "province": "BIZKAIA", "presmax": null, "presmin": null, "hourpresmin": null, "date": "2017-06-05", "name": "MACHICHACO", "gust": "11,1", "longitude": 24510, "avgspeed": "5,3", "dir": "30"}, {"code": "1057B", "hourtmin": null, "hourgust": "02:30", "hourtmax": null, "sun": null, "altitude": "93", "prec": "0,0", "latitude": 432714, "hourpresmax": null, "province": "BIZKAIA", "presmax": null, "presmin": null, "hourpresmin": null, "date": "2017-06-06", "name": "MACHICHACO", "gust": "24,2", "longitude": 24510, "avgspeed": "9,4", "dir": "31"}, {"code": "1057B", "hourtmin": null, "hourgust": "17:50", "hourtmax": null, "sun": null, "altitude": "93", "prec": "0,0", "latitude": 432714, "hourpresmax": null, "province": "BIZKAIA", "presmax": null, "presmin": null, "hourpresmin": null, "date": "2017-06-07", "name": "MACHICHACO", "gust": "11,1", "longitude": 24510, "avgspeed": "5,0", "dir": "12"}, {"code": "1057B", "hourtmin": null, "hourgust": "17:30", "hourtmax": null, "sun": null, "altitude": "93", "prec": "1,6", "latitude": 432714, "hourpresmax": null, "province": "BIZKAIA", "presmax": null, "presmin": null, "hourpresmin": null, "date": "2017-06-08", "name": "MACHICHACO", "gust": "24,7", "longitude": 24510, "avgspeed": "7,5", "dir": "25"}, {"code": "1057B", "hourtmin": null, "hourgust": "02:50", "hourtmax": null, "sun": null, "altitude": "93", "prec": "0,0", "latitude": 432714, "hourpresmax": null, "province": "BIZKAIA", "presmax": null, "presmin": null, "hourpresmin": null, "date": "2017-06-09", "name": "MACHICHACO", "gust": "10,3", "longitude": 24510, "avgspeed": "3,1", "dir": "99"}, {"code": "1057B", "hourtmin": null, "hourgust": "18:00", "hourtmax": null, "sun": null, "altitude": "93", "prec": "0,0", "latitude": 432714, "hourpresmax": null, "province": "BIZKAIA", "presmax": null, "presmin": null, "hourpresmin": null, "date": "2017-06-10", "name": "MACHICHACO", "gust": "10,6", "longitude": 24510, "avgspeed": "4,7", "dir": "36"}, {"code": "1057B", "hourtmin": null, "hourgust": "10:20", "hourtmax": null, "sun": null, "altitude": "93", "prec": "4,6", "latitude": 432714, "hourpresmax": null, "province": "BIZKAIA", "presmax": null, "presmin": null, "hourpresmin": null, "date": "2017-06-11", "name": "MACHICHACO", "gust": "13,9", "longitude": 24510, "avgspeed": "5,6", "dir": "25"}, {"code": "1057B", "hourtmin": null, "hourgust": "12:50", "hourtmax": null, "sun": null, "altitude": "93", "prec": "0,1", "latitude": 432714, "hourpresmax": null, "province": "BIZKAIA", "presmax": null, "presmin": null, "hourpresmin": null, "date": "2017-06-12", "name": "MACHICHACO", "gust": "9,7", "longitude": 24510, "avgspeed": "5,0", "dir": "99"}, {"code": "1057B", "hourtmin": null, "hourgust": "15:30", "hourtmax": null, "sun": null, "altitude": "93", "prec": "7,1", "latitude": 432714, "hourpresmax": null, "province": "BIZKAIA", "presmax": null, "presmin": null, "hourpresmin": null, "date": "2017-06-13", "name": "MACHICHACO", "gust": "13,3", "longitude": 24510, "avgspeed": "2,5", "dir": "31"}, {"code": "1057B", "hourtmin": null, "hourgust": "02:40", "hourtmax": null, "sun": null, "altitude": "93", "prec": "0,5", "latitude": 432714, "hourpresmax": null, "province": "BIZKAIA", "presmax": null, "presmin": null, "hourpresmin": null, "date": "2017-06-14", "name": "MACHICHACO", "gust": "18,1", "longitude": 24510, "avgspeed": "4,4", "dir": "27"}, {"code": "1057B", "hourtmin": null, "hourgust": "01:30", "hourtmax": null, "sun": null, "altitude": "93", "prec": "1,1", "latitude": 432714, "hourpresmax": null, "province": "BIZKAIA", "presmax": null, "presmin": null, "hourpresmin": null, "date": "2017-06-15", "name": "MACHICHACO", "gust": "15,3", "longitude": 24510, "avgspeed": "5,8", "dir": "27"}, {"code": "1057B", "hourtmin": null, "hourgust": "09:30", "hourtmax": null, "sun": null, "altitude": "93", "prec": "0,0", "latitude": 432714, "hourpresmax": null, "province": "BIZKAIA", "presmax": null, "presmin": null, "hourpresmin": null, "date": "2017-06-16", "name": "MACHICHACO", "gust": "7,8", "longitude": 24510, "avgspeed": "4,2", "dir": "09"}, {"code": "1057B", "hourtmin": null, "hourgust": "13:20", "hourtmax": null, "sun": null, "altitude": "93", "prec": "0,0", "latitude": 432714, "hourpresmax": null, "province": "BIZKAIA", "presmax": null, "presmin": null, "hourpresmin": null, "date": "2017-06-17", "name": "MACHICHACO", "gust": "6,4", "longitude": 24510, "avgspeed": "2,2", "dir": "10"}, {"code": "1057B", "hourtmin": null, "hourgust": "19:00", "hourtmax": null, "sun": null, "altitude": "93", "prec": "0,0", "latitude": 432714, "hourpresmax": null, "province": "BIZKAIA", "presmax": null, "presmin": null, "hourpresmin": null, "date": "2017-06-18", "name": "MACHICHACO", "gust": "9,2", "longitude": 24510, "avgspeed": "3,6", "dir": "24"}, {"code": "1057B", "hourtmin": null, "hourgust": "20:40", "hourtmax": null, "sun": null, "altitude": "93", "prec": "0,0", "latitude": 432714, "hourpresmax": null, "province": "BIZKAIA", "presmax": null, "presmin": null, "hourpresmin": null, "date": "2017-06-19", "name": "MACHICHACO", "gust": "19,7", "longitude": 24510, "avgspeed": "6,1", "dir": "24"}, {"code": "1057B", "hourtmin": null, "hourgust": "01:10", "hourtmax": null, "sun": null, "altitude": "93", "prec": "0,0", "latitude": 432714, "hourpresmax": null, "province": "BIZKAIA", "presmax": null, "presmin": null, "hourpresmin": null, "date": "2017-06-20", "name": "MACHICHACO", "gust": "7,2", "longitude": 24510, "avgspeed": "1,1", "dir": "26"}, {"code": "1057B", "hourtmin": null, "hourgust": "20:10", "hourtmax": null, "sun": null, "altitude": "93", "prec": "0,0", "latitude": 432714, "hourpresmax": null, "province": "BIZKAIA", "presmax": null, "presmin": null, "hourpresmin": null, "date": "2017-06-21", "name": "MACHICHACO", "gust": "11,1", "longitude": 24510, "avgspeed": "3,3", "dir": "24"}, {"code": "1057B", "hourtmin": null, "hourgust": "03:20", "hourtmax": null, "sun": null, "altitude": "93", "prec": "1,5", "latitude": 432714, "hourpresmax": null, "province": "BIZKAIA", "presmax": null, "presmin": null, "hourpresmin": null, "date": "2017-06-22", "name": "MACHICHACO", "gust": "15,8", "longitude": 24510, "avgspeed": "10,0", "dir": "28"}, {"code": "1057B", "hourtmin": null, "hourgust": "00:20", "hourtmax": null, "sun": null, "altitude": "93", "prec": "0,5", "latitude": 432714, "hourpresmax": null, "province": "BIZKAIA", "presmax": null, "presmin": null, "hourpresmin": null, "date": "2017-06-23", "name": "MACHICHACO", "gust": "12,2", "longitude": 24510, "avgspeed": "2,5", "dir": "26"}, {"code": "1057B", "hourtmin": null, "hourgust": "00:10", "hourtmax": null, "sun": null, "altitude": "93", "prec": "0,6", "latitude": 432714, "hourpresmax": null, "province": "BIZKAIA", "presmax": null, "presmin": null, "hourpresmin": null, "date": "2017-06-24", "name": "MACHICHACO", "gust": "4,4", "longitude": 24510, "avgspeed": "1,1", "dir": "25"}, {"code": "1057B", "hourtmin": null, "hourgust": "11:20", "hourtmax": null, "sun": null, "altitude": "93", "prec": "1,0", "latitude": 432714, "hourpresmax": null, "province": "BIZKAIA", "presmax": null, "presmin": null, "hourpresmin": null, "date": "2017-06-25", "name": "MACHICHACO", "gust": "10,0", "longitude": 24510, "avgspeed": "5,0", "dir": "24"}, {"code": "1057B", "hourtmin": null, "hourgust": "16:00", "hourtmax": null, "sun": null, "altitude": "93", "prec": "0,1", "latitude": 432714, "hourpresmax": null, "province": "BIZKAIA", "presmax": null, "presmin": null, "hourpresmin": null, "date": "2017-06-26", "name": "MACHICHACO", "gust": "15,8", "longitude": 24510, "avgspeed": "6,9", "dir": "27"}, {"code": "1057B", "hourtmin": null, "hourgust": "13:50", "hourtmax": null, "sun": null, "altitude": "93", "prec": "4,0", "latitude": 432714, "hourpresmax": null, "province": "BIZKAIA", "presmax": null, "presmin": null, "hourpresmin": null, "date": "2017-06-27", "name": "MACHICHACO", "gust": "16,7", "longitude": 24510, "avgspeed": "4,2", "dir": "99"}, {"code": "1057B", "hourtmin": null, "hourgust": "18:10", "hourtmax": null, "sun": null, "altitude": "93", "prec": "7,4", "latitude": 432714, "hourpresmax": null, "province": "BIZKAIA", "presmax": null, "presmin": null, "hourpresmin": null, "date": "2017-06-28", "name": "MACHICHACO", "gust": "37,2", "longitude": 24510, "avgspeed": "11,9", "dir": "27"}, {"code": "1057B", "hourtmin": null, "hourgust": "21:00", "hourtmax": null, "sun": null, "altitude": "93", "prec": "5,4", "latitude": 432714, "hourpresmax": null, "province": "BIZKAIA", "presmax": null, "presmin": null, "hourpresmin": null, "date": "2017-06-29", "name": "MACHICHACO", "gust": "27,5", "longitude": 24510, "avgspeed": "15,6", "dir": "30"}, {"code": "1057B", "hourtmin": null, "hourgust": "16:40", "hourtmax": null, "sun": null, "altitude": "93", "prec": "15,5", "latitude": 432714, "hourpresmax": null, "province": "BIZKAIA", "presmax": null, "presmin": null, "hourpresmin": null, "date": "2017-06-30", "name": "MACHICHACO", "gust": "27,5", "longitude": 24510, "avgspeed": "11,9", "dir": "30"}, {"code": "1057B", "hourtmin": null, "hourgust": "03:40", "hourtmax": null, "sun": null, "altitude": "93", "prec": "0,2", "latitude": 432714, "hourpresmax": null, "province": "BIZKAIA", "presmax": null, "presmin": null, "hourpresmin": null, "date": "2017-07-01", "name": "MACHICHACO", "gust": "23,6", "longitude": 24510, "avgspeed": "12,5", "dir": "28"}, {"code": "1057B", "hourtmin": null, "hourgust": "06:40", "hourtmax": null, "sun": null, "altitude": "93", "prec": "0,0", "latitude": 432714, "hourpresmax": null, "province": "BIZKAIA", "presmax": null, "presmin": null, "hourpresmin": null, "date": "2017-07-02", "name": "MACHICHACO", "gust": "11,7", "longitude": 24510, "avgspeed": "5,0", "dir": "28"}, {"code": "1057B", "hourtmin": null, "hourgust": "17:00", "hourtmax": null, "sun": null, "altitude": "93", "prec": "0,0", "latitude": 432714, "hourpresmax": null, "province": "BIZKAIA", "presmax": null, "presmin": null, "hourpresmin": null, "date": "2017-07-03", "name": "MACHICHACO", "gust": "10,0", "longitude": 24510, "avgspeed": "5,6", "dir": "25"}, {"code": "1057B", "hourtmin": null, "hourgust": "13:20", "hourtmax": null, "sun": null, "altitude": "93", "prec": "0,0", "latitude": 432714, "hourpresmax": null, "province": "BIZKAIA", "presmax": null, "presmin": null, "hourpresmin": null, "date": "2017-07-04", "name": "MACHICHACO", "gust": "9,7", "longitude": 24510, "avgspeed": "5,3", "dir": "21"}, {"code": "1057B", "hourtmin": null, "hourgust": "19:20", "hourtmax": null, "sun": null, "altitude": "93", "prec": "0,0", "latitude": 432714, "hourpresmax": null, "province": "BIZKAIA", "presmax": null, "presmin": null, "hourpresmin": null, "date": "2017-07-05", "name": "MACHICHACO", "gust": "16,1", "longitude": 24510, "avgspeed": "7,8", "dir": "27"}, {"code": "1057B", "hourtmin": null, "hourgust": "00:50", "hourtmax": null, "sun": null, "altitude": "93", "prec": "0,0", "latitude": 432714, "hourpresmax": null, "province": "BIZKAIA", "presmax": null, "presmin": null, "hourpresmin": null, "date": "2017-07-06", "name": "MACHICHACO", "gust": "8,9", "longitude": 24510, "avgspeed": "3,6", "dir": "26"}, {"code": "1057B", "hourtmin": null, "hourgust": "06:10", "hourtmax": null, "sun": null, "altitude": "93", "prec": "0,0", "latitude": 432714, "hourpresmax": null, "province": "BIZKAIA", "presmax": null, "presmin": null, "hourpresmin": null, "date": "2017-07-07", "name": "MACHICHACO", "gust": "14,4", "longitude": 24510, "avgspeed": "5,3", "dir": "28"}, {"code": "1057B", "hourtmin": null, "hourgust": "23:10", "hourtmax": null, "sun": null, "altitude": "93", "prec": "0,1", "latitude": 432714, "hourpresmax": null, "province": "BIZKAIA", "presmax": null, "presmin": null, "hourpresmin": null, "date": "2017-07-08", "name": "MACHICHACO", "gust": "20,0", "longitude": 24510, "avgspeed": "8,9", "dir": "28"}, {"code": "1057B", "hourtmin": null, "hourgust": "Varias", "hourtmax": null, "sun": null, "altitude": "93", "prec": "9,4", "latitude": 432714, "hourpresmax": null, "province": "BIZKAIA", "presmax": null, "presmin": null, "hourpresmin": null, "date": "2017-07-09", "name": "MACHICHACO", "gust": "19,7", "longitude": 24510, "avgspeed": "10,3", "dir": "28"}, {"code": "1057B", "hourtmin": null, "hourgust": "13:10", "hourtmax": null, "sun": null, "altitude": "93", "prec": "0,6", "latitude": 432714, "hourpresmax": null, "province": "BIZKAIA", "presmax": null, "presmin": null, "hourpresmin": null, "date": "2017-07-10", "name": "MACHICHACO", "gust": "10,8", "longitude": 24510, "avgspeed": "5,8", "dir": "28"}, {"code": "1057B", "hourtmin": null, "hourgust": "02:20", "hourtmax": null, "sun": null, "altitude": "93", "prec": "0,0", "latitude": 432714, "hourpresmax": null, "province": "BIZKAIA", "presmax": null, "presmin": null, "hourpresmin": null, "date": "2017-07-11", "name": "MACHICHACO", "gust": "6,4", "longitude": 24510, "avgspeed": "1,9", "dir": "26"}, {"code": "1057B", "hourtmin": null, "hourgust": "04:20", "hourtmax": null, "sun": null, "altitude": "93", "prec": "0,0", "latitude": 432714, "hourpresmax": null, "province": "BIZKAIA", "presmax": null, "presmin": null, "hourpresmin": null, "date": "2017-07-12", "name": "MACHICHACO", "gust": "8,6", "longitude": 24510, "avgspeed": "3,3", "dir": "26"}, {"code": "1057B", "hourtmin": null, "hourgust": "20:20", "hourtmax": null, "sun": null, "altitude": "93", "prec": "0,2", "latitude": 432714, "hourpresmax": null, "province": "BIZKAIA", "presmax": null, "presmin": null, "hourpresmin": null, "date": "2017-07-13", "name": "MACHICHACO", "gust": "5,0", "longitude": 24510, "avgspeed": "2,5", "dir": "31"}, {"code": "1057B", "hourtmin": null, "hourgust": "12:50", "hourtmax": null, "sun": null, "altitude": "93", "prec": "0,0", "latitude": 432714, "hourpresmax": null, "province": "BIZKAIA", "presmax": null, "presmin": null, "hourpresmin": null, "date": "2017-07-14", "name": "MACHICHACO", "gust": "6,1", "longitude": 24510, "avgspeed": "3,1", "dir": "99"}, {"code": "1057B", "hourtmin": null, "hourgust": "13:20", "hourtmax": null, "sun": null, "altitude": "93", "prec": "0,0", "latitude": 432714, "hourpresmax": null, "province": "BIZKAIA", "presmax": null, "presmin": null, "hourpresmin": null, "date": "2017-07-15", "name": "MACHICHACO", "gust": "7,2", "longitude": 24510, "avgspeed": "3,1", "dir": "30"}, {"code": "1057B", "hourtmin": null, "hourgust": "18:00", "hourtmax": null, "sun": null, "altitude": "93", "prec": "0,0", "latitude": 432714, "hourpresmax": null, "province": "BIZKAIA", "presmax": null, "presmin": null, "hourpresmin": null, "date": "2017-07-16", "name": "MACHICHACO", "gust": "7,2", "longitude": 24510, "avgspeed": "3,3", "dir": "23"}, {"code": "1057B", "hourtmin": null, "hourgust": "19:20", "hourtmax": null, "sun": null, "altitude": "93", "prec": "0,5", "latitude": 432714, "hourpresmax": null, "province": "BIZKAIA", "presmax": null, "presmin": null, "hourpresmin": null, "date": "2017-07-17", "name": "MACHICHACO", "gust": "12,2", "longitude": 24510, "avgspeed": "4,2", "dir": "25"}, {"code": "1057B", "hourtmin": null, "hourgust": "10:50", "hourtmax": null, "sun": null, "altitude": "93", "prec": "1,7", "latitude": 432714, "hourpresmax": null, "province": "BIZKAIA", "presmax": null, "presmin": null, "hourpresmin": null, "date": "2017-07-18", "name": "MACHICHACO", "gust": "23,6", "longitude": 24510, "avgspeed": "6,4", "dir": "26"}, {"code": "1057B", "hourtmin": null, "hourgust": "23:20", "hourtmax": null, "sun": null, "altitude": "93", "prec": "4,2", "latitude": 432714, "hourpresmax": null, "province": "BIZKAIA", "presmax": null, "presmin": null, "hourpresmin": null, "date": "2017-07-19", "name": "MACHICHACO", "gust": "14,4", "longitude": 24510, "avgspeed": "2,8", "dir": "29"}, {"code": "1057B", "hourtmin": null, "hourgust": "08:50", "hourtmax": null, "sun": null, "altitude": "93", "prec": "2,5", "latitude": 432714, "hourpresmax": null, "province": "BIZKAIA", "presmax": null, "presmin": null, "hourpresmin": null, "date": "2017-07-20", "name": "MACHICHACO", "gust": "13,3", "longitude": 24510, "avgspeed": "4,2", "dir": "24"}, {"code": "1057B", "hourtmin": null, "hourgust": "12:40", "hourtmax": null, "sun": null, "altitude": "93", "prec": "0,8", "latitude": 432714, "hourpresmax": null, "province": "BIZKAIA", "presmax": null, "presmin": null, "hourpresmin": null, "date": "2017-07-21", "name": "MACHICHACO", "gust": "7,2", "longitude": 24510, "avgspeed": "3,3", "dir": "26"}, {"code": "1057B", "hourtmin": null, "hourgust": "16:30", "hourtmax": null, "sun": null, "altitude": "93", "prec": "0,0", "latitude": 432714, "hourpresmax": null, "province": "BIZKAIA", "presmax": null, "presmin": null, "hourpresmin": null, "date": "2017-07-22", "name": "MACHICHACO", "gust": "11,1", "longitude": 24510, "avgspeed": "4,7", "dir": "28"}, {"code": "1057B", "hourtmin": null, "hourgust": "23:50", "hourtmax": null, "sun": null, "altitude": "93", "prec": "2,0", "latitude": 432714, "hourpresmax": null, "province": "BIZKAIA", "presmax": null, "presmin": null, "hourpresmin": null, "date": "2017-07-23", "name": "MACHICHACO", "gust": "19,7", "longitude": 24510, "avgspeed": "3,9", "dir": "28"}, {"code": "1057B", "hourtmin": null, "hourgust": "05:00", "hourtmax": null, "sun": null, "altitude": "93", "prec": "6,3", "latitude": 432714, "hourpresmax": null, "province": "BIZKAIA", "presmax": null, "presmin": null, "hourpresmin": null, "date": "2017-07-24", "name": "MACHICHACO", "gust": "18,1", "longitude": 24510, "avgspeed": "9,7", "dir": "29"}, {"code": "1057B", "hourtmin": null, "hourgust": "11:00", "hourtmax": null, "sun": null, "altitude": "93", "prec": "0,0", "latitude": 432714, "hourpresmax": null, "province": "BIZKAIA", "presmax": null, "presmin": null, "hourpresmin": null, "date": "2017-07-25", "name": "MACHICHACO", "gust": "11,9", "longitude": 24510, "avgspeed": "6,7", "dir": "28"}, {"code": "1057B", "hourtmin": null, "hourgust": "00:10", "hourtmax": null, "sun": null, "altitude": "93", "prec": "0,0", "latitude": 432714, "hourpresmax": null, "province": "BIZKAIA", "presmax": null, "presmin": null, "hourpresmin": null, "date": "2017-07-26", "name": "MACHICHACO", "gust": "8,3", "longitude": 24510, "avgspeed": "2,5", "dir": "27"}, {"code": "1057B", "hourtmin": null, "hourgust": "17:00", "hourtmax": null, "sun": null, "altitude": "93", "prec": "1,0", "latitude": 432714, "hourpresmax": null, "province": "BIZKAIA", "presmax": null, "presmin": null, "hourpresmin": null, "date": "2017-07-27", "name": "MACHICHACO", "gust": "7,5", "longitude": 24510, "avgspeed": "3,1", "dir": "29"}, {"code": "1057B", "hourtmin": null, "hourgust": "14:00", "hourtmax": null, "sun": null, "altitude": "93", "prec": "0,0", "latitude": 432714, "hourpresmax": null, "province": "BIZKAIA", "presmax": null, "presmin": null, "hourpresmin": null, "date": "2017-07-28", "name": "MACHICHACO", "gust": "7,5", "longitude": 24510, "avgspeed": "3,1", "dir": "24"}, {"code": "1057B", "hourtmin": null, "hourgust": "21:20", "hourtmax": null, "sun": null, "altitude": "93", "prec": "0,1", "latitude": 432714, "hourpresmax": null, "province": "BIZKAIA", "presmax": null, "presmin": null, "hourpresmin": null, "date": "2017-07-29", "name": "MACHICHACO", "gust": "12,2", "longitude": 24510, "avgspeed": "2,5", "dir": "24"}, {"code": "1057B", "hourtmin": null, "hourgust": "15:40", "hourtmax": null, "sun": null, "altitude": "93", "prec": "0,8", "latitude": 432714, "hourpresmax": null, "province": "BIZKAIA", "presmax": null, "presmin": null, "hourpresmin": null, "date": "2017-07-30", "name": "MACHICHACO", "gust": "8,9", "longitude": 24510, "avgspeed": "1,4", "dir": "28"}, {"code": "1057B", "hourtmin": null, "hourgust": "05:10", "hourtmax": null, "sun": null, "altitude": "93", "prec": "2,9", "latitude": 432714, "hourpresmax": null, "province": "BIZKAIA", "presmax": null, "presmin": null, "hourpresmin": null, "date": "2017-07-31", "name": "MACHICHACO", "gust": "6,7", "longitude": 24510, "avgspeed": "2,8", "dir": "23"}, {"code": "1057B", "hourtmin": null, "hourgust": "16:40", "hourtmax": null, "sun": null, "altitude": "93", "prec": "0,1", "latitude": 432714, "hourpresmax": null, "province": "BIZKAIA", "presmax": null, "presmin": null, "hourpresmin": null, "date": "2017-08-01", "name": "MACHICHACO", "gust": "8,3", "longitude": 24510, "avgspeed": "3,3", "dir": "26"}, {"code": "1057B", "hourtmin": null, "hourgust": "17:10", "hourtmax": null, "sun": null, "altitude": "93", "prec": "0,0", "latitude": 432714, "hourpresmax": null, "province": "BIZKAIA", "presmax": null, "presmin": null, "hourpresmin": null, "date": "2017-08-02", "name": "MACHICHACO", "gust": "6,1", "longitude": 24510, "avgspeed": "1,9", "dir": "30"}, {"code": "1057B", "hourtmin": null, "hourgust": "19:00", "hourtmax": null, "sun": null, "altitude": "93", "prec": "0,0", "latitude": 432714, "hourpresmax": null, "province": "BIZKAIA", "presmax": null, "presmin": null, "hourpresmin": null, "date": "2017-08-03", "name": "MACHICHACO", "gust": "5,8", "longitude": 24510, "avgspeed": "2,8", "dir": "32"}, {"code": "1057B", "hourtmin": null, "hourgust": "14:40", "hourtmax": null, "sun": null, "altitude": "93", "prec": "0,8", "latitude": 432714, "hourpresmax": null, "province": "BIZKAIA", "presmax": null, "presmin": null, "hourpresmin": null, "date": "2017-08-04", "name": "MACHICHACO", "gust": "5,8", "longitude": 24510, "avgspeed": "2,2", "dir": "99"}, {"code": "1057B", "hourtmin": null, "hourgust": "09:50", "hourtmax": null, "sun": null, "altitude": "93", "prec": "7,8", "latitude": 432714, "hourpresmax": null, "province": "BIZKAIA", "presmax": null, "presmin": null, "hourpresmin": null, "date": "2017-08-05", "name": "MACHICHACO", "gust": "8,3", "longitude": 24510, "avgspeed": "3,1", "dir": "31"}, {"code": "1057B", "hourtmin": null, "hourgust": "00:40", "hourtmax": null, "sun": null, "altitude": "93", "prec": "0,0", "latitude": 432714, "hourpresmax": null, "province": "BIZKAIA", "presmax": null, "presmin": null, "hourpresmin": null, "date": "2017-08-06", "name": "MACHICHACO", "gust": "7,2", "longitude": 24510, "avgspeed": "2,8", "dir": "30"}, {"code": "1057B", "hourtmin": null, "hourgust": "21:30", "hourtmax": null, "sun": null, "altitude": "93", "prec": "1,4", "latitude": 432714, "hourpresmax": null, "province": "BIZKAIA", "presmax": null, "presmin": null, "hourpresmin": null, "date": "2017-08-07", "name": "MACHICHACO", "gust": "21,1", "longitude": 24510, "avgspeed": "6,1", "dir": "30"}, {"code": "1057B", "hourtmin": null, "hourgust": "01:10", "hourtmax": null, "sun": null, "altitude": "93", "prec": "13,1", "latitude": 432714, "hourpresmax": null, "province": "BIZKAIA", "presmax": null, "presmin": null, "hourpresmin": null, "date": "2017-08-08", "name": "MACHICHACO", "gust": "19,2", "longitude": 24510, "avgspeed": "7,2", "dir": "28"}, {"code": "1057B", "hourtmin": null, "hourgust": "09:00", "hourtmax": null, "sun": null, "altitude": "93", "prec": "10,0", "latitude": 432714, "hourpresmax": null, "province": "BIZKAIA", "presmax": null, "presmin": null, "hourpresmin": null, "date": "2017-08-09", "name": "MACHICHACO", "gust": "20,0", "longitude": 24510, "avgspeed": "10,0", "dir": "31"}, {"code": "1057B", "hourtmin": null, "hourgust": "Varias", "hourtmax": null, "sun": null, "altitude": "93", "prec": "1,0", "latitude": 432714, "hourpresmax": null, "province": "BIZKAIA", "presmax": null, "presmin": null, "hourpresmin": null, "date": "2017-08-10", "name": "MACHICHACO", "gust": "17,5", "longitude": 24510, "avgspeed": "9,4", "dir": "99"}, {"code": "1057B", "hourtmin": null, "hourgust": "00:30", "hourtmax": null, "sun": null, "altitude": "93", "prec": "0,0", "latitude": 432714, "hourpresmax": null, "province": "BIZKAIA", "presmax": null, "presmin": null, "hourpresmin": null, "date": "2017-08-11", "name": "MACHICHACO", "gust": "11,9", "longitude": 24510, "avgspeed": "4,2", "dir": "31"}, {"code": "1057B", "hourtmin": null, "hourgust": "13:30", "hourtmax": null, "sun": null, "altitude": "93", "prec": "0,0", "latitude": 432714, "hourpresmax": null, "province": "BIZKAIA", "presmax": null, "presmin": null, "hourpresmin": null, "date": "2017-08-12", "name": "MACHICHACO", "gust": "8,3", "longitude": 24510, "avgspeed": "3,9", "dir": "26"}, {"code": "1057B", "hourtmin": null, "hourgust": "11:20", "hourtmax": null, "sun": null, "altitude": "93", "prec": "0,0", "latitude": 432714, "hourpresmax": null, "province": "BIZKAIA", "presmax": null, "presmin": null, "hourpresmin": null, "date": "2017-08-13", "name": "MACHICHACO", "gust": "8,6", "longitude": 24510, "avgspeed": "4,2", "dir": "27"}, {"code": "1057B", "hourtmin": null, "hourgust": "18:00", "hourtmax": null, "sun": null, "altitude": "93", "prec": "0,4", "latitude": 432714, "hourpresmax": null, "province": "BIZKAIA", "presmax": null, "presmin": null, "hourpresmin": null, "date": "2017-08-14", "name": "MACHICHACO", "gust": "17,2", "longitude": 24510, "avgspeed": "6,7", "dir": "27"}, {"code": "1057B", "hourtmin": null, "hourgust": "00:30", "hourtmax": null, "sun": null, "altitude": "93", "prec": "0,0", "latitude": 432714, "hourpresmax": null, "province": "BIZKAIA", "presmax": null, "presmin": null, "hourpresmin": null, "date": "2017-08-15", "name": "MACHICHACO", "gust": "11,7", "longitude": 24510, "avgspeed": "3,3", "dir": "28"}, {"code": "1057B", "hourtmin": null, "hourgust": "16:00", "hourtmax": null, "sun": null, "altitude": "93", "prec": "0,0", "latitude": 432714, "hourpresmax": null, "province": "BIZKAIA", "presmax": null, "presmin": null, "hourpresmin": null, "date": "2017-08-16", "name": "MACHICHACO", "gust": "5,8", "longitude": 24510, "avgspeed": "2,2", "dir": "25"}, {"code": "1057B", "hourtmin": null, "hourgust": "15:30", "hourtmax": null, "sun": null, "altitude": "93", "prec": "0,0", "latitude": 432714, "hourpresmax": null, "province": "BIZKAIA", "presmax": null, "presmin": null, "hourpresmin": null, "date": "2017-08-17", "name": "MACHICHACO", "gust": "6,1", "longitude": 24510, "avgspeed": "1,9", "dir": "23"}, {"code": "1057B", "hourtmin": null, "hourgust": "15:20", "hourtmax": null, "sun": null, "altitude": "93", "prec": "0,4", "latitude": 432714, "hourpresmax": null, "province": "BIZKAIA", "presmax": null, "presmin": null, "hourpresmin": null, "date": "2017-08-18", "name": "MACHICHACO", "gust": "7,2", "longitude": 24510, "avgspeed": "1,9", "dir": "27"}, {"code": "1057B", "hourtmin": null, "hourgust": "10:00", "hourtmax": null, "sun": null, "altitude": "93", "prec": "0,0", "latitude": 432714, "hourpresmax": null, "province": "BIZKAIA", "presmax": null, "presmin": null, "hourpresmin": null, "date": "2017-08-19", "name": "MACHICHACO", "gust": "8,6", "longitude": 24510, "avgspeed": "5,6", "dir": "26"}, {"code": "1057B", "hourtmin": null, "hourgust": "11:00", "hourtmax": null, "sun": null, "altitude": "93", "prec": "0,0", "latitude": 432714, "hourpresmax": null, "province": "BIZKAIA", "presmax": null, "presmin": null, "hourpresmin": null, "date": "2017-08-20", "name": "MACHICHACO", "gust": "10,0", "longitude": 24510, "avgspeed": "5,0", "dir": "24"}, {"code": "1057B", "hourtmin": null, "hourgust": "Varias", "hourtmax": null, "sun": null, "altitude": "93", "prec": "0,0", "latitude": 432714, "hourpresmax": null, "province": "BIZKAIA", "presmax": null, "presmin": null, "hourpresmin": null, "date": "2017-08-21", "name": "MACHICHACO", "gust": "12,5", "longitude": 24510, "avgspeed": "6,9", "dir": "99"}, {"code": "1057B", "hourtmin": null, "hourgust": "10:30", "hourtmax": null, "sun": null, "altitude": "93", "prec": "0,0", "latitude": 432714, "hourpresmax": null, "province": "BIZKAIA", "presmax": null, "presmin": null, "hourpresmin": null, "date": "2017-08-22", "name": "MACHICHACO", "gust": "18,1", "longitude": 24510, "avgspeed": "9,2", "dir": "28"}, {"code": "1057B", "hourtmin": null, "hourgust": "00:10", "hourtmax": null, "sun": null, "altitude": "93", "prec": "0,0", "latitude": 432714, "hourpresmax": null, "province": "BIZKAIA", "presmax": null, "presmin": null, "hourpresmin": null, "date": "2017-08-23", "name": "MACHICHACO", "gust": "8,3", "longitude": 24510, "avgspeed": "2,8", "dir": "25"}, {"code": "1057B", "hourtmin": null, "hourgust": "19:00", "hourtmax": null, "sun": null, "altitude": "93", "prec": "0,0", "latitude": 432714, "hourpresmax": null, "province": "BIZKAIA", "presmax": null, "presmin": null, "hourpresmin": null, "date": "2017-08-24", "name": "MACHICHACO", "gust": "6,9", "longitude": 24510, "avgspeed": "3,9", "dir": "29"}, {"code": "1057B", "hourtmin": null, "hourgust": "10:40", "hourtmax": null, "sun": null, "altitude": "93", "prec": "0,0", "latitude": 432714, "hourpresmax": null, "province": "BIZKAIA", "presmax": null, "presmin": null, "hourpresmin": null, "date": "2017-08-25", "name": "MACHICHACO", "gust": "6,9", "longitude": 24510, "avgspeed": "2,5", "dir": "25"}, {"code": "1057B", "hourtmin": null, "hourgust": "Varias", "hourtmax": null, "sun": null, "altitude": "93", "prec": "0,0", "latitude": 432714, "hourpresmax": null, "province": "BIZKAIA", "presmax": null, "presmin": null, "hourpresmin": null, "date": "2017-08-26", "name": "MACHICHACO", "gust": "9,7", "longitude": 24510, "avgspeed": "4,2", "dir": "99"}, {"code": "1057B", "hourtmin": null, "hourgust": "07:40", "hourtmax": null, "sun": null, "altitude": "93", "prec": "3,3", "latitude": 432714, "hourpresmax": null, "province": "BIZKAIA", "presmax": null, "presmin": null, "hourpresmin": null, "date": "2017-08-27", "name": "MACHICHACO", "gust": "11,7", "longitude": 24510, "avgspeed": "3,1", "dir": "28"}, {"code": "1057B", "hourtmin": null, "hourgust": "16:20", "hourtmax": null, "sun": null, "altitude": "93", "prec": "18,2", "latitude": 432714, "hourpresmax": null, "province": "BIZKAIA", "presmax": null, "presmin": null, "hourpresmin": null, "date": "2017-08-28", "name": "MACHICHACO", "gust": "16,9", "longitude": 24510, "avgspeed": "2,5", "dir": "22"}, {"code": "1057B", "hourtmin": null, "hourgust": "22:40", "hourtmax": null, "sun": null, "altitude": "93", "prec": "0,0", "latitude": 432714, "hourpresmax": null, "province": "BIZKAIA", "presmax": null, "presmin": null, "hourpresmin": null, "date": "2017-08-29", "name": "MACHICHACO", "gust": "9,4", "longitude": 24510, "avgspeed": "1,7", "dir": "23"}, {"code": "1057B", "hourtmin": null, "hourgust": "18:30", "hourtmax": null, "sun": null, "altitude": "93", "prec": "20,5", "latitude": 432714, "hourpresmax": null, "province": "BIZKAIA", "presmax": null, "presmin": null, "hourpresmin": null, "date": "2017-08-30", "name": "MACHICHACO", "gust": "13,9", "longitude": 24510, "avgspeed": "4,7", "dir": "30"}, {"code": "1057B", "hourtmin": null, "hourgust": "07:10", "hourtmax": null, "sun": null, "altitude": "93", "prec": "2,6", "latitude": 432714, "hourpresmax": null, "province": "BIZKAIA", "presmax": null, "presmin": null, "hourpresmin": null, "date": "2017-08-31", "name": "MACHICHACO", "gust": "8,9", "longitude": 24510, "avgspeed": "3,9", "dir": "28"}, {"code": "1057B", "hourtmin": null, "hourgust": "13:20", "hourtmax": null, "sun": null, "altitude": "93", "prec": "2,5", "latitude": 432714, "hourpresmax": null, "province": "BIZKAIA", "presmax": null, "presmin": null, "hourpresmin": null, "date": "2017-09-01", "name": "MACHICHACO", "gust": "17,5", "longitude": 24510, "avgspeed": "6,1", "dir": "28"}, {"code": "1057B", "hourtmin": null, "hourgust": "01:10", "hourtmax": null, "sun": null, "altitude": "93", "prec": "0,0", "latitude": 432714, "hourpresmax": null, "province": "BIZKAIA", "presmax": null, "presmin": null, "hourpresmin": null, "date": "2017-09-02", "name": "MACHICHACO", "gust": "10,8", "longitude": 24510, "avgspeed": "5,3", "dir": "30"}, {"code": "1057B", "hourtmin": null, "hourgust": "00:10", "hourtmax": null, "sun": null, "altitude": "93", "prec": "1,1", "latitude": 432714, "hourpresmax": null, "province": "BIZKAIA", "presmax": null, "presmin": null, "hourpresmin": null, "date": "2017-09-03", "name": "MACHICHACO", "gust": "6,7", "longitude": 24510, "avgspeed": "1,4", "dir": "22"}, {"code": "1057B", "hourtmin": null, "hourgust": "09:30", "hourtmax": null, "sun": null, "altitude": "93", "prec": "0,9", "latitude": 432714, "hourpresmax": null, "province": "BIZKAIA", "presmax": null, "presmin": null, "hourpresmin": null, "date": "2017-09-04", "name": "MACHICHACO", "gust": "15,8", "longitude": 24510, "avgspeed": "5,8", "dir": "28"}, {"code": "1057B", "hourtmin": null, "hourgust": "18:10", "hourtmax": null, "sun": null, "altitude": "93", "prec": "2,2", "latitude": 432714, "hourpresmax": null, "province": "BIZKAIA", "presmax": null, "presmin": null, "hourpresmin": null, "date": "2017-09-05", "name": "MACHICHACO", "gust": "6,4", "longitude": 24510, "avgspeed": "2,8", "dir": "28"}, {"code": "1057B", "hourtmin": null, "hourgust": "02:40", "hourtmax": null, "sun": null, "altitude": "93", "prec": "0,1", "latitude": 432714, "hourpresmax": null, "province": "BIZKAIA", "presmax": null, "presmin": null, "hourpresmin": null, "date": "2017-09-06", "name": "MACHICHACO", "gust": "11,7", "longitude": 24510, "avgspeed": "1,1", "dir": "22"}, {"code": "1057B", "hourtmin": null, "hourgust": "11:00", "hourtmax": null, "sun": null, "altitude": "93", "prec": "0,0", "latitude": 432714, "hourpresmax": null, "province": "BIZKAIA", "presmax": null, "presmin": null, "hourpresmin": null, "date": "2017-09-07", "name": "MACHICHACO", "gust": "8,9", "longitude": 24510, "avgspeed": "3,3", "dir": "28"}, {"code": "1057B", "hourtmin": null, "hourgust": "23:59", "hourtmax": null, "sun": null, "altitude": "93", "prec": "9,9", "latitude": 432714, "hourpresmax": null, "province": "BIZKAIA", "presmax": null, "presmin": null, "hourpresmin": null, "date": "2017-09-08", "name": "MACHICHACO", "gust": "15,6", "longitude": 24510, "avgspeed": "3,9", "dir": "26"}, {"code": "1057B", "hourtmin": null, "hourgust": "14:30", "hourtmax": null, "sun": null, "altitude": "93", "prec": "17,8", "latitude": 432714, "hourpresmax": null, "province": "BIZKAIA", "presmax": null, "presmin": null, "hourpresmin": null, "date": "2017-09-09", "name": "MACHICHACO", "gust": "25,8", "longitude": 24510, "avgspeed": "13,3", "dir": "31"}, {"code": "1057B", "hourtmin": null, "hourgust": "00:50", "hourtmax": null, "sun": null, "altitude": "93", "prec": "16,9", "latitude": 432714, "hourpresmax": null, "province": "BIZKAIA", "presmax": null, "presmin": null, "hourpresmin": null, "date": "2017-09-10", "name": "MACHICHACO", "gust": "21,7", "longitude": 24510, "avgspeed": "10,0", "dir": "29"}, {"code": "1057B", "hourtmin": null, "hourgust": "20:40", "hourtmax": null, "sun": null, "altitude": "93", "prec": "24,3", "latitude": 432714, "hourpresmax": null, "province": "BIZKAIA", "presmax": null, "presmin": null, "hourpresmin": null, "date": "2017-09-11", "name": "MACHICHACO", "gust": "21,1", "longitude": 24510, "avgspeed": "12,8", "dir": "27"}, {"code": "1057B", "hourtmin": null, "hourgust": "00:40", "hourtmax": null, "sun": null, "altitude": "93", "prec": "0,0", "latitude": 432714, "hourpresmax": null, "province": "BIZKAIA", "presmax": null, "presmin": null, "hourpresmin": null, "date": "2017-09-12", "name": "MACHICHACO", "gust": "19,2", "longitude": 24510, "avgspeed": "4,7", "dir": "28"}, {"code": "1057B", "hourtmin": null, "hourgust": "23:59", "hourtmax": null, "sun": null, "altitude": "93", "prec": "3,8", "latitude": 432714, "hourpresmax": null, "province": "BIZKAIA", "presmax": null, "presmin": null, "hourpresmin": null, "date": "2017-09-13", "name": "MACHICHACO", "gust": "10,8", "longitude": 24510, "avgspeed": "4,4", "dir": "27"}, {"code": "1057B", "hourtmin": null, "hourgust": "04:40", "hourtmax": null, "sun": null, "altitude": "93", "prec": "1,5", "latitude": 432714, "hourpresmax": null, "province": "BIZKAIA", "presmax": null, "presmin": null, "hourpresmin": null, "date": "2017-09-14", "name": "MACHICHACO", "gust": "23,6", "longitude": 24510, "avgspeed": "8,9", "dir": "30"}, {"code": "1057B", "hourtmin": null, "hourgust": "16:30", "hourtmax": null, "sun": null, "altitude": "93", "prec": "27,2", "latitude": 432714, "hourpresmax": null, "province": "BIZKAIA", "presmax": null, "presmin": null, "hourpresmin": null, "date": "2017-09-15", "name": "MACHICHACO", "gust": "17,8", "longitude": 24510, "avgspeed": "5,6", "dir": "30"}, {"code": "1057B", "hourtmin": null, "hourgust": "10:20", "hourtmax": null, "sun": null, "altitude": "93", "prec": "18,8", "latitude": 432714, "hourpresmax": null, "province": "BIZKAIA", "presmax": null, "presmin": null, "hourpresmin": null, "date": "2017-09-16", "name": "MACHICHACO", "gust": "18,1", "longitude": 24510, "avgspeed": "4,2", "dir": "28"}, {"code": "1057B", "hourtmin": null, "hourgust": "09:50", "hourtmax": null, "sun": null, "altitude": "93", "prec": "12,3", "latitude": 432714, "hourpresmax": null, "province": "BIZKAIA", "presmax": null, "presmin": null, "hourpresmin": null, "date": "2017-09-17", "name": "MACHICHACO", "gust": "17,8", "longitude": 24510, "avgspeed": "6,9", "dir": "28"}, {"code": "1057B", "hourtmin": null, "hourgust": "00:50", "hourtmax": null, "sun": null, "altitude": "93", "prec": "1,1", "latitude": 432714, "hourpresmax": null, "province": "BIZKAIA", "presmax": null, "presmin": null, "hourpresmin": null, "date": "2017-09-18", "name": "MACHICHACO", "gust": "6,1", "longitude": 24510, "avgspeed": "1,1", "dir": "99"}, {"code": "1057B", "hourtmin": null, "hourgust": "09:20", "hourtmax": null, "sun": null, "altitude": "93", "prec": "0,0", "latitude": 432714, "hourpresmax": null, "province": "BIZKAIA", "presmax": null, "presmin": null, "hourpresmin": null, "date": "2017-09-19", "name": "MACHICHACO", "gust": "8,1", "longitude": 24510, "avgspeed": "2,2", "dir": "27"}, {"code": "1057B", "hourtmin": null, "hourgust": "11:10", "hourtmax": null, "sun": null, "altitude": "93", "prec": "0,0", "latitude": 432714, "hourpresmax": null, "province": "BIZKAIA", "presmax": null, "presmin": null, "hourpresmin": null, "date": "2017-09-20", "name": "MACHICHACO", "gust": "10,3", "longitude": 24510, "avgspeed": "4,7", "dir": "24"}, {"code": "1057B", "hourtmin": null, "hourgust": "09:40", "hourtmax": null, "sun": null, "altitude": "93", "prec": "19,0", "latitude": 432714, "hourpresmax": null, "province": "BIZKAIA", "presmax": null, "presmin": null, "hourpresmin": null, "date": "2017-09-21", "name": "MACHICHACO", "gust": "10,3", "longitude": 24510, "avgspeed": "5,6", "dir": "28"}, {"code": "1057B", "hourtmin": null, "hourgust": "11:10", "hourtmax": null, "sun": null, "altitude": "93", "prec": "14,7", "latitude": 432714, "hourpresmax": null, "province": "BIZKAIA", "presmax": null, "presmin": null, "hourpresmin": null, "date": "2017-09-22", "name": "MACHICHACO", "gust": "10,0", "longitude": 24510, "avgspeed": "3,6", "dir": "26"}, {"code": "1057B", "hourtmin": null, "hourgust": "20:00", "hourtmax": null, "sun": null, "altitude": "93", "prec": "0,0", "latitude": 432714, "hourpresmax": null, "province": "BIZKAIA", "presmax": null, "presmin": null, "hourpresmin": null, "date": "2017-09-23", "name": "MACHICHACO", "gust": "14,2", "longitude": 24510, "avgspeed": "1,9", "dir": "23"}, {"code": "1057B", "hourtmin": null, "hourgust": "22:10", "hourtmax": null, "sun": null, "altitude": "93", "prec": "2,9", "latitude": 432714, "hourpresmax": null, "province": "BIZKAIA", "presmax": null, "presmin": null, "hourpresmin": null, "date": "2017-09-24", "name": "MACHICHACO", "gust": "17,2", "longitude": 24510, "avgspeed": "3,3", "dir": "28"}, {"code": "1057B", "hourtmin": null, "hourgust": "13:40", "hourtmax": null, "sun": null, "altitude": "93", "prec": "1,8", "latitude": 432714, "hourpresmax": null, "province": "BIZKAIA", "presmax": null, "presmin": null, "hourpresmin": null, "date": "2017-09-25", "name": "MACHICHACO", "gust": "16,4", "longitude": 24510, "avgspeed": "8,1", "dir": "28"}, {"code": "1057B", "hourtmin": null, "hourgust": "02:10", "hourtmax": null, "sun": null, "altitude": "93", "latitude": 432714, "hourpresmax": null, "province": "BIZKAIA", "presmax": null, "presmin": null, "hourpresmin": null, "date": "2017-09-26", "name": "MACHICHACO", "gust": "5,3", "longitude": 24510, "avgspeed": "0,0", "dir": "28"}]