[{"code": "1057B", "hourtmin": "Varias", "hourgust": "00:10", "hourtmax": "12:06", "sun": null, "altitude": "93", "prec": "0,0", "latitude": 432714, "hourpresmax": null, "province": "BIZKAIA", "tmed": "14,2", "tmin": "12,3", "presmax": null, "presmin": null, "hourpresmin": null, "date": "2018-01-23", "name": "MACHICHACO", "gust": "10,3", "tmax": "16,0", "longitude": 24510, "avgspeed": "1,9", "dir": "26"}, {"code": "1057B", "hourtmin": null, "hourgust": null, "hourtmax": null, "sun": null, "altitude": "93", "prec": "0,0", "latitude": 432714, "hourpresmax": null, "province": "BIZKAIA", "presmax": null, "presmin": null, "hourpresmin": null, "date": "2018-01-24", "name": "MACHICHACO", "gust": null, "longitude": 24510, "avgspeed": "1,9"}, {"code": "1057B", "hourtmin": "17:07", "hourgust": "16:30", "hourtmax": "00:14", "sun": null, "altitude": "93", "prec": "32,0", "latitude": 432714, "hourpresmax": null, "province": "BIZKAIA", "tmed": "11,3", "tmin": "7,4", "presmax": null, "presmin": null, "hourpresmin": null, "date": "2018-01-25", "name": "MACHICHACO", "gust": "22,2", "tmax": "15,2", "longitude": 24510, "avgspeed": "4,7", "dir": "28"}, {"code": "1057B", "hourtmin": "03:26", "hourgust": "03:30", "hourtmax": "10:08", "sun": null, "altitude": "93", "prec": "13,2", "latitude": 432714, "hourpresmax": null, "province": "BIZKAIA", "tmed": "8,2", "tmin": "5,6", "presmax": null, "presmin": null, "hourpresmin": null, "date": "2018-01-26", "name": "MACHICHACO", "gust": "22,5", "tmax": "10,7", "longitude": 24510, "avgspeed": "9,7", "dir": "28"}, {"code": "1057B", "hourtmin": "23:33", "hourgust": "02:40", "hourtmax": "13:34", "sun": null, "altitude": "93", "prec": "0,0", "latitude": 432714, "hourpresmax": null, "province": "BIZKAIA", "tmed": "9,2", "tmin": "6,6", "presmax": null, "presmin": null, "hourpresmin": null, "date": "2018-01-27", "name": "MACHICHACO", "gust": "15,6", "tmax": "11,7", "longitude": 24510, "avgspeed": "2,5", "dir": "31"}, {"code": "1057B", "hourtmin": "02:52", "hourgust": "15:30", "hourtmax": "10:08", "sun": null, "altitude": "93", "prec": "0,0", "latitude": 432714, "hourpresmax": null, "province": "BIZKAIA", "tmed": "8,4", "tmin": "6,2", "presmax": null, "presmin": null, "hourpresmin": null, "date": "2018-01-28", "name": "MACHICHACO", "gust": "10,3", "tmax": "10,7", "longitude": 24510, "avgspeed": "4,2", "dir": "99"}, {"code": "1057B", "hourtmin": "23:53", "hourgust": "14:10", "hourtmax": "12:09", "sun": null, "altitude": "93", "prec": "0,0", "latitude": 432714, "hourpresmax": null, "province": "BIZKAIA", "tmed": "9,3", "tmin": "7,0", "presmax": null, "presmin": null, "hourpresmin": null, "date": "2018-01-29", "name": "MACHICHACO", "gust": "8,3", "tmax": "11,6", "longitude": 24510, "avgspeed": "3,9", "dir": "27"}, {"code": "1057B", "hourtmin": "00:01", "hourgust": "12:10", "hourtmax": "11:58", "sun": null, "altitude": "93", "prec": "0,0", "latitude": 432714, "hourpresmax": null, "province": "BIZKAIA", "tmed": "8,2", "tmin": "7,0", "presmax": null, "presmin": null, "hourpresmin": null, "date": "2018-01-30", "name": "MACHICHACO", "gust": "9,2", "tmax": "9,4", "longitude": 24510, "avgspeed": "5,0", "dir": "10"}, {"code": "1057B", "hourtmin": "07:31", "hourgust": "18:00", "hourtmax": "12:10", "sun": null, "altitude": "93", "prec": "14,6", "latitude": 432714, "hourpresmax": null, "province": "BIZKAIA", "tmed": "8,5", "tmin": "6,2", "presmax": null, "presmin": null, "hourpresmin": null, "date": "2018-01-31", "name": "MACHICHACO", "gust": "16,7", "tmax": "10,8", "longitude": 24510, "avgspeed": "7,2", "dir": "28"}, {"code": "1057B", "hourtmin": "23:57", "hourgust": "11:40", "hourtmax": "01:24", "sun": null, "altitude": "93", "prec": "19,8", "latitude": 432714, "hourpresmax": null, "province": "BIZKAIA", "tmed": "7,5", "tmin": "4,6", "presmax": null, "presmin": null, "hourpresmin": null, "date": "2018-02-01", "name": "MACHICHACO", "gust": "22,2", "tmax": "10,4", "longitude": 24510, "avgspeed": "12,2", "dir": "28"}, {"code": "1057B", "hourtmin": "05:44", "hourgust": "18:20", "hourtmax": "22:22", "sun": null, "altitude": "93", "prec": "13,4", "latitude": 432714, "hourpresmax": null, "province": "BIZKAIA", "tmed": "6,0", "tmin": "3,7", "presmax": null, "presmin": null, "hourpresmin": null, "date": "2018-02-02", "name": "MACHICHACO", "gust": "19,7", "tmax": "8,3", "longitude": 24510, "avgspeed": "6,4", "dir": "31"}, {"code": "1057B", "hourtmin": "23:37", "hourgust": "14:00", "hourtmax": "15:15", "sun": null, "altitude": "93", "prec": "29,2", "latitude": 432714, "hourpresmax": null, "province": "BIZKAIA", "tmed": "8,0", "tmin": "5,7", "presmax": null, "presmin": null, "hourpresmin": null, "date": "2018-02-03", "name": "MACHICHACO", "gust": "30,8", "tmax": "10,3", "longitude": 24510, "avgspeed": "11,4", "dir": "26"}, {"code": "1057B", "hourtmin": "03:54", "hourgust": "01:40", "hourtmax": "12:00", "sun": null, "altitude": "93", "prec": "30,4", "latitude": 432714, "hourpresmax": null, "province": "BIZKAIA", "tmed": "6,6", "tmin": "4,7", "presmax": null, "presmin": null, "hourpresmin": null, "date": "2018-02-04", "name": "MACHICHACO", "gust": "15,0", "tmax": "8,5", "longitude": 24510, "avgspeed": "6,7", "dir": "24"}, {"code": "1057B", "hourtmin": "23:44", "hourgust": "02:20", "hourtmax": "00:58", "sun": null, "altitude": "93", "prec": "1,2", "latitude": 432714, "hourpresmax": null, "province": "BIZKAIA", "tmed": "6,6", "tmin": "5,7", "presmax": null, "presmin": null, "hourpresmin": null, "date": "2018-02-05", "name": "MACHICHACO", "gust": "16,7", "tmax": "7,4", "longitude": 24510, "avgspeed": "6,9", "dir": "08"}, {"code": "1057B", "hourtmin": "21:18", "hourgust": "03:20", "hourtmax": "11:22", "sun": null, "altitude": "93", "prec": "4,0", "latitude": 432714, "hourpresmax": null, "province": "BIZKAIA", "tmed": "5,3", "tmin": "3,3", "presmax": null, "presmin": null, "hourpresmin": null, "date": "2018-02-06", "name": "MACHICHACO", "gust": "11,4", "tmax": "7,3", "longitude": 24510, "avgspeed": "4,7", "dir": "30"}, {"code": "1057B", "hourtmin": "08:39", "hourgust": "12:30", "hourtmax": "11:53", "sun": null, "altitude": "93", "prec": "8,4", "latitude": 432714, "hourpresmax": null, "province": "BIZKAIA", "tmed": "5,2", "tmin": "2,9", "presmax": null, "presmin": null, "hourpresmin": null, "date": "2018-02-07", "name": "MACHICHACO", "gust": "15,0", "tmax": "7,6", "longitude": 24510, "avgspeed": "2,8", "dir": "30"}, {"code": "1057B", "hourtmin": "20:07", "hourgust": "02:20", "hourtmax": "14:33", "sun": null, "altitude": "93", "prec": "3,0", "latitude": 432714, "hourpresmax": null, "province": "BIZKAIA", "tmed": "5,2", "tmin": "3,3", "presmax": null, "presmin": null, "hourpresmin": null, "date": "2018-02-08", "name": "MACHICHACO", "gust": "16,7", "tmax": "7,0", "longitude": 24510, "avgspeed": "1,9", "dir": "31"}, {"code": "1057B", "hourtmin": "02:46", "hourgust": "18:40", "hourtmax": "14:02", "sun": null, "altitude": "93", "prec": "0,8", "latitude": 432714, "hourpresmax": null, "province": "BIZKAIA", "tmed": "6,2", "tmin": "3,5", "presmax": null, "presmin": null, "hourpresmin": null, "date": "2018-02-09", "name": "MACHICHACO", "gust": "22,8", "tmax": "9,0", "longitude": 24510, "avgspeed": "5,8", "dir": "30"}, {"code": "1057B", "hourtmin": "08:27", "hourgust": "04:50", "hourtmax": "13:01", "sun": null, "altitude": "93", "prec": "9,4", "latitude": 432714, "hourpresmax": null, "province": "BIZKAIA", "tmed": "7,8", "tmin": "6,3", "presmax": null, "presmin": null, "hourpresmin": null, "date": "2018-02-10", "name": "MACHICHACO", "gust": "19,7", "tmax": "9,4", "longitude": 24510, "avgspeed": "8,3", "dir": "28"}, {"code": "1057B", "hourtmin": "23:40", "hourgust": "17:30", "hourtmax": "10:08", "sun": null, "altitude": "93", "prec": "22,0", "latitude": 432714, "hourpresmax": null, "province": "BIZKAIA", "tmed": "9,5", "tmin": "7,1", "presmax": null, "presmin": null, "hourpresmin": null, "date": "2018-02-11", "name": "MACHICHACO", "gust": "23,6", "tmax": "11,9", "longitude": 24510, "avgspeed": "12,5", "dir": "27"}, {"code": "1057B", "hourtmin": "13:24", "hourgust": "00:40", "hourtmax": "00:22", "sun": null, "altitude": "93", "prec": "9,2", "latitude": 432714, "hourpresmax": null, "province": "BIZKAIA", "tmed": "5,6", "tmin": "3,3", "presmax": null, "presmin": null, "hourpresmin": null, "date": "2018-02-12", "name": "MACHICHACO", "gust": "17,8", "tmax": "8,0", "longitude": 24510, "avgspeed": "3,3", "dir": "28"}, {"code": "1057B", "hourtmin": "00:01", "hourgust": "12:10", "hourtmax": "20:08", "sun": null, "altitude": "93", "prec": "13,0", "latitude": 432714, "hourpresmax": null, "province": "BIZKAIA", "tmed": "6,7", "tmin": "3,6", "presmax": null, "presmin": null, "hourpresmin": null, "date": "2018-02-13", "name": "MACHICHACO", "gust": "22,8", "tmax": "9,8", "longitude": 24510, "avgspeed": "10,3", "dir": "25"}, {"code": "1057B", "hourtmin": "04:05", "hourgust": "14:10", "hourtmax": "14:42", "sun": null, "altitude": "93", "prec": "0,8", "latitude": 432714, "hourpresmax": null, "province": "BIZKAIA", "tmed": "12,0", "tmin": "7,5", "presmax": null, "presmin": null, "hourpresmin": null, "date": "2018-02-14", "name": "MACHICHACO", "gust": "14,7", "tmax": "16,5", "longitude": 24510, "avgspeed": "5,6", "dir": "20"}, {"code": "1057B", "hourtmin": "23:22", "hourgust": "08:00", "hourtmax": "15:16", "sun": null, "altitude": "93", "prec": "0,0", "latitude": 432714, "hourpresmax": null, "province": "BIZKAIA", "tmed": "16,8", "tmin": "12,8", "presmax": null, "presmin": null, "hourpresmin": null, "date": "2018-02-15", "name": "MACHICHACO", "gust": "15,0", "tmax": "20,7", "longitude": 24510, "avgspeed": "5,6", "dir": "20"}, {"code": "1057B", "hourtmin": "Varias", "hourgust": "21:40", "hourtmax": "Varias", "sun": null, "altitude": "93", "prec": "3,4", "latitude": 432714, "hourpresmax": null, "province": "BIZKAIA", "tmed": "13,0", "tmin": "11,3", "presmax": null, "presmin": null, "hourpresmin": null, "date": "2018-02-16", "name": "MACHICHACO", "gust": "12,8", "tmax": "14,7", "longitude": 24510, "avgspeed": "3,1", "dir": "26"}, {"code": "1057B", "hourtmin": "06:35", "hourgust": "04:10", "hourtmax": "00:04", "sun": null, "altitude": "93", "prec": "1,2", "latitude": 432714, "hourpresmax": null, "province": "BIZKAIA", "tmed": "10,4", "tmin": "9,2", "presmax": null, "presmin": null, "hourpresmin": null, "date": "2018-02-17", "name": "MACHICHACO", "gust": "21,7", "tmax": "11,6", "longitude": 24510, "avgspeed": "9,4", "dir": "27"}, {"code": "1057B", "hourtmin": "Varias", "hourgust": "19:20", "hourtmax": "22:33", "sun": null, "altitude": "93", "prec": "15,4", "latitude": 432714, "hourpresmax": null, "province": "BIZKAIA", "tmed": "9,6", "tmin": "8,3", "presmax": null, "presmin": null, "hourpresmin": null, "date": "2018-02-18", "name": "MACHICHACO", "gust": "19,4", "tmax": "11,0", "longitude": 24510, "avgspeed": "9,4", "dir": "27"}, {"code": "1057B", "hourtmin": "04:20", "hourgust": "03:10", "hourtmax": "09:07", "sun": null, "altitude": "93", "prec": "7,4", "latitude": 432714, "hourpresmax": null, "province": "BIZKAIA", "tmed": "10,2", "tmin": "9,4", "presmax": null, "presmin": null, "hourpresmin": null, "date": "2018-02-19", "name": "MACHICHACO", "gust": "15,8", "tmax": "11,1", "longitude": 24510, "avgspeed": "10,0", "dir": "28"}, {"code": "1057B", "hourtmin": "23:31", "hourgust": "23:20", "hourtmax": "11:25", "sun": null, "altitude": "93", "prec": "1,6", "latitude": 432714, "hourpresmax": null, "province": "BIZKAIA", "tmed": "10,4", "tmin": "9,4", "presmax": null, "presmin": null, "hourpresmin": null, "date": "2018-02-20", "name": "MACHICHACO", "gust": "15,6", "tmax": "11,3", "longitude": 24510, "avgspeed": "11,1", "dir": "31"}, {"code": "1057B", "hourtmin": "09:13", "hourgust": "08:50", "hourtmax": "00:01", "sun": null, "altitude": "93", "prec": "1,6", "latitude": 432714, "hourpresmax": null, "province": "BIZKAIA", "tmed": "8,0", "tmin": "6,6", "presmax": null, "presmin": null, "hourpresmin": null, "date": "2018-02-21", "name": "MACHICHACO", "gust": "15,0", "tmax": "9,5", "longitude": 24510, "avgspeed": "4,7", "dir": "02"}, {"code": "1057B", "hourtmin": "03:50", "hourgust": "00:10", "hourtmax": "15:18", "sun": null, "altitude": "93", "prec": "0,0", "latitude": 432714, "hourpresmax": null, "province": "BIZKAIA", "tmed": "7,4", "tmin": "5,8", "presmax": null, "presmin": null, "hourpresmin": null, "date": "2018-02-22", "name": "MACHICHACO", "gust": "10,0", "tmax": "9,0", "longitude": 24510, "avgspeed": "2,2", "dir": "06"}, {"code": "1057B", "hourtmin": "06:58", "hourgust": "00:40", "hourtmax": "10:18", "sun": null, "altitude": "93", "prec": "0,0", "latitude": 432714, "hourpresmax": null, "province": "BIZKAIA", "tmed": "6,2", "tmin": "4,6", "presmax": null, "presmin": null, "hourpresmin": null, "date": "2018-02-23", "name": "MACHICHACO", "gust": "8,9", "tmax": "7,7", "longitude": 24510, "avgspeed": "1,9", "dir": "08"}, {"code": "1057B", "hourtmin": "05:57", "hourgust": "16:20", "hourtmax": "09:34", "sun": null, "altitude": "93", "prec": "0,0", "latitude": 432714, "hourpresmax": null, "province": "BIZKAIA", "tmed": "5,9", "tmin": "4,1", "presmax": null, "presmin": null, "hourpresmin": null, "date": "2018-02-24", "name": "MACHICHACO", "gust": "8,1", "tmax": "7,7", "longitude": 24510, "avgspeed": "3,3", "dir": "08"}, {"code": "1057B", "hourtmin": "06:53", "hourgust": "15:00", "hourtmax": "10:43", "sun": null, "altitude": "93", "prec": "0,0", "latitude": 432714, "hourpresmax": null, "province": "BIZKAIA", "tmed": "7,2", "tmin": "4,8", "presmax": null, "presmin": null, "hourpresmin": null, "date": "2018-02-25", "name": "MACHICHACO", "gust": "7,2", "tmax": "9,7", "longitude": 24510, "avgspeed": "1,9", "dir": "30"}, {"code": "1057B", "hourtmin": "23:44", "hourgust": "23:20", "hourtmax": "04:17", "sun": null, "altitude": "93", "prec": "0,0", "latitude": 432714, "hourpresmax": null, "province": "BIZKAIA", "tmed": "4,4", "tmin": "2,5", "presmax": null, "presmin": null, "hourpresmin": null, "date": "2018-02-26", "name": "MACHICHACO", "gust": "15,8", "tmax": "6,3", "longitude": 24510, "avgspeed": "4,7", "dir": "06"}, {"code": "1057B", "hourtmin": "19:59", "hourgust": "00:40", "hourtmax": "00:01", "sun": null, "altitude": "93", "prec": "4,4", "latitude": 432714, "hourpresmax": null, "province": "BIZKAIA", "tmed": "0,6", "tmin": "-1,2", "presmax": null, "presmin": null, "hourpresmin": null, "date": "2018-02-27", "name": "MACHICHACO", "gust": "15,0", "tmax": "2,4", "longitude": 24510, "avgspeed": "5,3", "dir": "09"}, {"code": "1057B", "hourtmin": "04:53", "hourgust": "22:30", "hourtmax": "23:21", "sun": null, "altitude": "93", "prec": "4,6", "latitude": 432714, "hourpresmax": null, "province": "BIZKAIA", "tmed": "4,4", "tmin": "-2,0", "presmax": null, "presmin": null, "hourpresmin": null, "date": "2018-02-28", "name": "MACHICHACO", "gust": "18,3", "tmax": "10,9", "longitude": 24510, "avgspeed": "4,2", "dir": "19"}, {"code": "1057B", "hourtmin": "21:22", "hourgust": "20:50", "hourtmax": "11:23", "sun": null, "altitude": "93", "prec": "7,2", "latitude": 432714, "hourpresmax": null, "province": "BIZKAIA", "tmed": "13,0", "tmin": "7,7", "presmax": null, "presmin": null, "hourpresmin": null, "date": "2018-03-01", "name": "MACHICHACO", "gust": "37,2", "tmax": "18,4", "longitude": 24510, "avgspeed": "3,9", "dir": "26"}, {"code": "1057B", "hourtmin": "06:22", "hourgust": "02:50", "hourtmax": "12:41", "sun": null, "altitude": "93", "prec": "0,0", "latitude": 432714, "hourpresmax": null, "province": "BIZKAIA", "tmed": "10,6", "tmin": "7,0", "presmax": null, "presmin": null, "hourpresmin": null, "date": "2018-03-02", "name": "MACHICHACO", "gust": "26,7", "tmax": "14,2", "longitude": 24510, "avgspeed": "3,3", "dir": "27"}, {"code": "1057B", "hourtmin": "05:48", "hourgust": "07:20", "hourtmax": "15:08", "sun": null, "altitude": "93", "prec": "14,4", "latitude": 432714, "hourpresmax": null, "province": "BIZKAIA", "tmed": "14,6", "tmin": "10,4", "presmax": null, "presmin": null, "hourpresmin": null, "date": "2018-03-03", "name": "MACHICHACO", "gust": "16,1", "tmax": "18,7", "longitude": 24510, "avgspeed": "5,8", "dir": "24"}, {"code": "1057B", "hourtmin": "07:34", "hourgust": "05:00", "hourtmax": "00:26", "sun": null, "altitude": "93", "prec": "0,4", "latitude": 432714, "hourpresmax": null, "province": "BIZKAIA", "tmed": "11,2", "tmin": "7,9", "presmax": null, "presmin": null, "hourpresmin": null, "date": "2018-03-04", "name": "MACHICHACO", "gust": "11,9", "tmax": "14,4", "longitude": 24510, "avgspeed": "4,4", "dir": "29"}, {"code": "1057B", "hourtmin": "21:14", "hourgust": "20:40", "hourtmax": "12:57", "sun": null, "altitude": "93", "prec": "2,4", "latitude": 432714, "hourpresmax": null, "province": "BIZKAIA", "tmed": "13,0", "tmin": "8,6", "presmax": null, "presmin": null, "hourpresmin": null, "date": "2018-03-05", "name": "MACHICHACO", "gust": "19,2", "tmax": "17,3", "longitude": 24510, "avgspeed": "8,3", "dir": "28"}, {"code": "1057B", "hourtmin": "22:53", "hourgust": "13:20", "hourtmax": "10:48", "sun": null, "altitude": "93", "prec": "4,8", "latitude": 432714, "hourpresmax": null, "province": "BIZKAIA", "tmed": "10,4", "tmin": "7,1", "presmax": null, "presmin": null, "hourpresmin": null, "date": "2018-03-06", "name": "MACHICHACO", "gust": "28,6", "tmax": "13,8", "longitude": 24510, "avgspeed": "15,6", "dir": "27"}, {"code": "1057B", "hourtmin": "05:01", "hourgust": "05:00", "hourtmax": "15:43", "sun": null, "altitude": "93", "prec": "0,8", "latitude": 432714, "hourpresmax": null, "province": "BIZKAIA", "tmed": "9,0", "tmin": "5,9", "presmax": null, "presmin": null, "hourpresmin": null, "date": "2018-03-07", "name": "MACHICHACO", "gust": "30,8", "tmax": "12,0", "longitude": 24510, "avgspeed": "6,4", "dir": "29"}, {"code": "1057B", "hourtmin": "00:01", "hourgust": "20:00", "hourtmax": "15:23", "sun": null, "altitude": "93", "prec": "0,0", "latitude": 432714, "hourpresmax": null, "province": "BIZKAIA", "tmed": "14,0", "tmin": "8,8", "presmax": null, "presmin": null, "hourpresmin": null, "date": "2018-03-08", "name": "MACHICHACO", "gust": "15,8", "tmax": "19,3", "longitude": 24510, "avgspeed": "6,7", "dir": "25"}, {"code": "1057B", "hourtmin": "09:03", "hourgust": "07:50", "hourtmax": "11:00", "sun": null, "altitude": "93", "prec": "3,2", "latitude": 432714, "hourpresmax": null, "province": "BIZKAIA", "tmed": "17,0", "tmin": "15,3", "presmax": null, "presmin": null, "hourpresmin": null, "date": "2018-03-09", "name": "MACHICHACO", "gust": "15,8", "tmax": "18,8", "longitude": 24510, "avgspeed": "5,3", "dir": "18"}, {"code": "1057B", "hourtmin": "21:54", "hourgust": "23:20", "hourtmax": "13:01", "sun": null, "altitude": "93", "prec": "0,0", "latitude": 432714, "hourpresmax": null, "province": "BIZKAIA", "tmed": "17,6", "tmin": "14,9", "presmax": null, "presmin": null, "hourpresmin": null, "date": "2018-03-10", "name": "MACHICHACO", "gust": "13,9", "tmax": "20,3", "longitude": 24510, "avgspeed": "2,5", "dir": "15"}, {"code": "1057B", "hourtmin": "20:00", "hourgust": "18:30", "hourtmax": "13:29", "sun": null, "altitude": "93", "prec": "1,8", "latitude": 432714, "hourpresmax": null, "province": "BIZKAIA", "tmed": "14,0", "tmin": "10,0", "presmax": null, "presmin": null, "hourpresmin": null, "date": "2018-03-11", "name": "MACHICHACO", "gust": "25,8", "tmax": "18,1", "longitude": 24510, "avgspeed": "5,8", "dir": "27"}, {"code": "1057B", "hourtmin": "08:25", "hourgust": "07:30", "hourtmax": "05:22", "sun": null, "altitude": "93", "prec": "6,6", "latitude": 432714, "hourpresmax": null, "province": "BIZKAIA", "tmed": "10,0", "tmin": "7,8", "presmax": null, "presmin": null, "hourpresmin": null, "date": "2018-03-12", "name": "MACHICHACO", "gust": "31,7", "tmax": "12,2", "longitude": 24510, "avgspeed": "12,5", "dir": "27"}, {"code": "1057B", "hourtmin": "07:41", "hourgust": null, "hourtmax": "23:58", "sun": null, "altitude": "93", "prec": "0,2", "latitude": 432714, "hourpresmax": null, "province": "BIZKAIA", "tmed": "11,8", "tmin": "9,1", "presmax": null, "presmin": null, "hourpresmin": null, "date": "2018-03-13", "name": "MACHICHACO", "gust": null, "tmax": "14,6", "longitude": 24510, "avgspeed": "2,8"}, {"code": "1057B", "hourtmin": "21:33", "hourgust": "07:30", "hourtmax": "13:49", "sun": null, "altitude": "93", "prec": "2,4", "latitude": 432714, "hourpresmax": null, "province": "BIZKAIA", "tmed": "14,4", "tmin": "11,7", "presmax": null, "presmin": null, "hourpresmin": null, "date": "2018-03-14", "name": "MACHICHACO", "gust": "19,4", "tmax": "17,1", "longitude": 24510, "avgspeed": "5,6", "dir": "21"}, {"code": "1057B", "hourtmin": "20:23", "hourgust": "19:50", "hourtmax": "14:12", "sun": null, "altitude": "93", "prec": "9,2", "latitude": 432714, "hourpresmax": null, "province": "BIZKAIA", "tmed": "13,2", "tmin": "8,1", "presmax": null, "presmin": null, "hourpresmin": null, "date": "2018-03-15", "name": "MACHICHACO", "gust": "16,7", "tmax": "18,4", "longitude": 24510, "avgspeed": "6,9", "dir": "27"}, {"code": "1057B", "hourtmin": "22:29", "hourgust": "07:50", "hourtmax": "12:39", "sun": null, "altitude": "93", "prec": "0,6", "latitude": 432714, "hourpresmax": null, "province": "BIZKAIA", "tmed": "11,2", "tmin": "7,4", "presmax": null, "presmin": null, "hourpresmin": null, "date": "2018-03-16", "name": "MACHICHACO", "gust": "11,9", "tmax": "14,9", "longitude": 24510, "avgspeed": "2,8", "dir": "22"}, {"code": "1057B", "hourtmin": "23:37", "hourgust": "16:00", "hourtmax": "09:54", "sun": null, "altitude": "93", "prec": "8,0", "latitude": 432714, "hourpresmax": null, "province": "BIZKAIA", "tmed": "8,8", "tmin": "6,0", "presmax": null, "presmin": null, "hourpresmin": null, "date": "2018-03-17", "name": "MACHICHACO", "gust": "24,7", "tmax": "11,6", "longitude": 24510, "avgspeed": "11,1", "dir": "28"}, {"code": "1057B", "hourtmin": "23:37", "hourgust": "09:00", "hourtmax": "16:54", "sun": null, "altitude": "93", "prec": "37,8", "latitude": 432714, "hourpresmax": null, "province": "BIZKAIA", "tmed": "7,8", "tmin": "5,8", "presmax": null, "presmin": null, "hourpresmin": null, "date": "2018-03-18", "name": "MACHICHACO", "gust": "23,9", "tmax": "9,7", "longitude": 24510, "avgspeed": "10,6", "dir": "27"}, {"code": "1057B", "hourtmin": "17:33", "hourgust": "14:10", "hourtmax": "04:48", "sun": null, "altitude": "93", "prec": "24,4", "latitude": 432714, "hourpresmax": null, "province": "BIZKAIA", "tmed": "5,3", "tmin": "2,4", "presmax": null, "presmin": null, "hourpresmin": null, "date": "2018-03-19", "name": "MACHICHACO", "gust": "27,2", "tmax": "8,2", "longitude": 24510, "avgspeed": "10,0", "dir": "28"}, {"code": "1057B", "hourtmin": "05:03", "hourgust": "02:40", "hourtmax": "22:48", "sun": null, "altitude": "93", "prec": "1,8", "latitude": 432714, "hourpresmax": null, "province": "BIZKAIA", "tmed": "6,6", "tmin": "4,5", "presmax": null, "presmin": null, "hourpresmin": null, "date": "2018-03-20", "name": "MACHICHACO", "gust": "18,9", "tmax": "8,6", "longitude": 24510, "avgspeed": "5,0", "dir": "30"}, {"code": "1057B", "hourtmin": "01:35", "hourgust": "02:20", "hourtmax": "11:16", "sun": null, "altitude": "93", "prec": "0,0", "latitude": 432714, "hourpresmax": null, "province": "BIZKAIA", "tmed": "8,2", "tmin": "6,0", "presmax": null, "presmin": null, "hourpresmin": null, "date": "2018-03-21", "name": "MACHICHACO", "gust": "14,4", "tmax": "10,4", "longitude": 24510, "avgspeed": "5,3", "dir": "05"}, {"code": "1057B", "hourtmin": "23:52", "hourgust": "04:40", "hourtmax": "14:33", "sun": null, "altitude": "93", "prec": "0,0", "latitude": 432714, "hourpresmax": null, "province": "BIZKAIA", "tmed": "8,2", "tmin": "5,3", "presmax": null, "presmin": null, "hourpresmin": null, "date": "2018-03-22", "name": "MACHICHACO", "gust": "8,3", "tmax": "11,2", "longitude": 24510, "avgspeed": "3,1", "dir": "03"}, {"code": "1057B", "hourtmin": "00:01", "hourgust": "21:20", "hourtmax": "14:30", "sun": null, "altitude": "93", "prec": "5,0", "latitude": 432714, "hourpresmax": null, "province": "BIZKAIA", "tmed": "10,6", "tmin": "5,5", "presmax": null, "presmin": null, "hourpresmin": null, "date": "2018-03-23", "name": "MACHICHACO", "gust": "32,5", "tmax": "15,8", "longitude": 24510, "avgspeed": "2,8", "dir": "28"}, {"code": "1057B", "hourtmin": "03:19", "hourgust": "15:00", "hourtmax": "09:17", "sun": null, "altitude": "93", "prec": "19,8", "latitude": 432714, "hourpresmax": null, "province": "BIZKAIA", "tmed": "9,3", "tmin": "7,7", "presmax": null, "presmin": null, "hourpresmin": null, "date": "2018-03-24", "name": "MACHICHACO", "gust": "36,1", "tmax": "10,9", "longitude": 24510, "avgspeed": "13,6", "dir": "27"}, {"code": "1057B", "hourtmin": "12:22", "hourgust": "02:30", "hourtmax": "23:10", "sun": null, "altitude": "93", "prec": "17,6", "latitude": 432714, "hourpresmax": null, "province": "BIZKAIA", "tmed": "8,4", "tmin": "6,4", "presmax": null, "presmin": null, "hourpresmin": null, "date": "2018-03-25", "name": "MACHICHACO", "gust": "28,6", "tmax": "10,4", "longitude": 24510, "avgspeed": "10,0", "dir": "27"}, {"code": "1057B", "hourtmin": "10:06", "hourgust": "10:00", "hourtmax": "09:10", "sun": null, "altitude": "93", "prec": "3,4", "latitude": 432714, "hourpresmax": null, "province": "BIZKAIA", "tmed": "9,4", "tmin": "8,4", "presmax": null, "presmin": null, "hourpresmin": null, "date": "2018-03-26", "name": "MACHICHACO", "gust": "20,6", "tmax": "10,5", "longitude": 24510, "avgspeed": "11,4", "dir": "27"}, {"code": "1057B", "hourtmin": "00:01", "hourgust": "05:50", "hourtmax": "12:31", "sun": null, "altitude": "93", "prec": "0,0", "latitude": 432714, "hourpresmax": null, "province": "BIZKAIA", "tmed": "11,2", "tmin": "9,5", "presmax": null, "presmin": null, "hourpresmin": null, "date": "2018-03-27", "name": "MACHICHACO", "gust": "25,3", "tmax": "12,9", "longitude": 24510, "avgspeed": "13,9", "dir": "27"}, {"code": "1057B", "hourtmin": "21:53", "hourgust": "19:40", "hourtmax": "10:16", "sun": null, "altitude": "93", "prec": "7,8", "latitude": 432714, "hourpresmax": null, "province": "BIZKAIA", "tmed": "13,0", "tmin": "9,1", "presmax": null, "presmin": null, "hourpresmin": null, "date": "2018-03-28", "name": "MACHICHACO", "gust": "17,2", "tmax": "17,0", "longitude": 24510, "avgspeed": "6,9", "dir": "27"}, {"code": "1057B", "hourtmin": "03:56", "hourgust": "03:20", "hourtmax": "13:37", "sun": null, "altitude": "93", "prec": "2,4", "latitude": 432714, "hourpresmax": null, "province": "BIZKAIA", "tmed": "10,2", "tmin": "7,4", "presmax": null, "presmin": null, "hourpresmin": null, "date": "2018-03-29", "name": "MACHICHACO", "gust": "10,6", "tmax": "13,0", "longitude": 24510, "avgspeed": "3,9", "dir": "28"}, {"code": "1057B", "hourtmin": "04:16", "hourgust": "04:10", "hourtmax": "12:31", "sun": null, "altitude": "93", "prec": "9,4", "latitude": 432714, "hourpresmax": null, "province": "BIZKAIA", "tmed": "11,1", "tmin": "6,4", "presmax": null, "presmin": null, "hourpresmin": null, "date": "2018-03-30", "name": "MACHICHACO", "gust": "31,1", "tmax": "15,8", "longitude": 24510, "avgspeed": "4,7", "dir": "27"}, {"code": "1057B", "hourtmin": "02:56", "hourgust": "03:50", "hourtmax": "16:16", "sun": null, "altitude": "93", "prec": "3,4", "latitude": 432714, "hourpresmax": null, "province": "BIZKAIA", "tmed": "8,6", "tmin": "6,1", "presmax": null, "presmin": null, "hourpresmin": null, "date": "2018-03-31", "name": "MACHICHACO", "gust": "40,8", "tmax": "11,0", "longitude": 24510, "avgspeed": "19,4", "dir": "28"}, {"code": "1057B", "hourtmin": "03:38", "hourgust": "22:20", "hourtmax": "22:26", "sun": null, "altitude": "93", "prec": "0,0", "latitude": 432714, "hourpresmax": null, "province": "BIZKAIA", "tmed": "13,1", "tmin": "7,8", "presmax": null, "presmin": null, "hourpresmin": null, "date": "2018-04-01", "name": "MACHICHACO", "gust": "10,6", "tmax": "18,4", "longitude": 24510, "avgspeed": "3,1", "dir": "20"}, {"code": "1057B", "hourtmin": "08:32", "hourgust": "00:30", "hourtmax": "13:00", "sun": null, "altitude": "93", "prec": "0,0", "latitude": 432714, "hourpresmax": null, "province": "BIZKAIA", "tmed": "19,0", "tmin": "15,2", "presmax": null, "presmin": null, "hourpresmin": null, "date": "2018-04-02", "name": "MACHICHACO", "gust": "11,7", "tmax": "22,9", "longitude": 24510, "avgspeed": "3,3", "dir": "18"}, {"code": "1057B", "hourtmin": "10:49", "hourgust": "16:30", "hourtmax": "13:26", "sun": null, "altitude": "93", "prec": "2,0", "latitude": 432714, "hourpresmax": null, "province": "BIZKAIA", "tmed": "16,6", "tmin": "12,7", "presmax": null, "presmin": null, "hourpresmin": null, "date": "2018-04-03", "name": "MACHICHACO", "gust": "17,5", "tmax": "20,5", "longitude": 24510, "avgspeed": "3,6", "dir": "25"}, {"code": "1057B", "hourtmin": "22:17", "hourgust": "18:50", "hourtmax": "10:38", "sun": null, "altitude": "93", "prec": "2,0", "latitude": 432714, "hourpresmax": null, "province": "BIZKAIA", "tmed": "14,4", "tmin": "10,7", "presmax": null, "presmin": null, "hourpresmin": null, "date": "2018-04-04", "name": "MACHICHACO", "gust": "19,2", "tmax": "18,0", "longitude": 24510, "avgspeed": "7,5", "dir": "27"}, {"code": "1057B", "hourtmin": "05:52", "hourgust": "00:20", "hourtmax": "12:31", "sun": null, "altitude": "93", "prec": "0,0", "latitude": 432714, "hourpresmax": null, "province": "BIZKAIA", "tmed": "11,8", "tmin": "8,8", "presmax": null, "presmin": null, "hourpresmin": null, "date": "2018-04-05", "name": "MACHICHACO", "gust": "13,6", "tmax": "14,9", "longitude": 24510, "avgspeed": "3,9", "dir": "27"}, {"code": "1057B", "hourtmin": "23:05", "hourgust": "20:30", "hourtmax": "14:08", "sun": null, "altitude": "93", "prec": "0,0", "latitude": 432714, "hourpresmax": null, "province": "BIZKAIA", "tmed": "18,5", "tmin": "11,7", "presmax": null, "presmin": null, "hourpresmin": null, "date": "2018-04-06", "name": "MACHICHACO", "gust": "15,3", "tmax": "25,3", "longitude": 24510, "avgspeed": "2,2", "dir": "27"}, {"code": "1057B", "hourtmin": "22:39", "hourgust": "00:30", "hourtmax": "06:38", "sun": null, "altitude": "93", "prec": "5,2", "latitude": 432714, "hourpresmax": null, "province": "BIZKAIA", "tmed": "12,2", "tmin": "9,9", "presmax": null, "presmin": null, "hourpresmin": null, "date": "2018-04-07", "name": "MACHICHACO", "gust": "13,1", "tmax": "14,6", "longitude": 24510, "avgspeed": "1,9", "dir": "25"}, {"code": "1057B", "hourtmin": "22:53", "hourgust": "04:40", "hourtmax": "16:20", "sun": null, "altitude": "93", "prec": "0,4", "latitude": 432714, "hourpresmax": null, "province": "BIZKAIA", "tmed": "11,8", "tmin": "9,7", "presmax": null, "presmin": null, "hourpresmin": null, "date": "2018-04-08", "name": "MACHICHACO", "gust": "14,7", "tmax": "13,8", "longitude": 24510, "avgspeed": "6,1", "dir": "27"}, {"code": "1057B", "hourtmin": "16:58", "hourgust": "20:50", "hourtmax": "11:59", "sun": null, "altitude": "93", "prec": "7,4", "latitude": 432714, "hourpresmax": null, "province": "BIZKAIA", "tmed": "10,6", "tmin": "8,7", "presmax": null, "presmin": null, "hourpresmin": null, "date": "2018-04-09", "name": "MACHICHACO", "gust": "18,1", "tmax": "12,6", "longitude": 24510, "avgspeed": "6,4", "dir": "28"}, {"code": "1057B", "hourtmin": "12:36", "hourgust": "03:10", "hourtmax": "05:16", "sun": null, "altitude": "93", "prec": "26,6", "latitude": 432714, "hourpresmax": null, "province": "BIZKAIA", "tmed": "9,2", "tmin": "7,9", "presmax": null, "presmin": null, "hourpresmin": null, "date": "2018-04-10", "name": "MACHICHACO", "gust": "13,6", "tmax": "10,6", "longitude": 24510, "avgspeed": "4,4", "dir": "20"}, {"code": "1057B", "hourtmin": "01:02", "hourgust": "06:30", "hourtmax": "Varias", "sun": null, "altitude": "93", "prec": "14,0", "latitude": 432714, "hourpresmax": null, "province": "BIZKAIA", "tmed": "9,4", "tmin": "7,7", "presmax": null, "presmin": null, "hourpresmin": null, "date": "2018-04-11", "name": "MACHICHACO", "gust": "22,8", "tmax": "11,1", "longitude": 24510, "avgspeed": "14,4", "dir": "29"}, {"code": "1057B", "hourtmin": "02:58", "hourgust": "06:00", "hourtmax": "13:11", "sun": null, "altitude": "93", "prec": "0,8", "latitude": 432714, "hourpresmax": null, "province": "BIZKAIA", "tmed": "12,2", "tmin": "9,9", "presmax": null, "presmin": null, "hourpresmin": null, "date": "2018-04-12", "name": "MACHICHACO", "gust": "17,2", "tmax": "14,6", "longitude": 24510, "avgspeed": "6,4", "dir": "27"}, {"code": "1057B", "hourtmin": "02:45", "hourgust": "00:30", "hourtmax": "12:15", "sun": null, "altitude": "93", "prec": "1,2", "latitude": 432714, "hourpresmax": null, "province": "BIZKAIA", "tmed": "13,0", "tmin": "9,7", "presmax": null, "presmin": null, "hourpresmin": null, "date": "2018-04-13", "name": "MACHICHACO", "gust": "8,1", "tmax": "16,2", "longitude": 24510, "avgspeed": "2,2", "dir": "10"}, {"code": "1057B", "hourtmin": "02:02", "hourgust": "17:30", "hourtmax": "22:32", "sun": null, "altitude": "93", "prec": "0,0", "latitude": 432714, "hourpresmax": null, "province": "BIZKAIA", "tmed": "13,2", "tmin": "9,9", "presmax": null, "presmin": null, "hourpresmin": null, "date": "2018-04-14", "name": "MACHICHACO", "gust": "10,0", "tmax": "16,4", "longitude": 24510, "avgspeed": "4,7", "dir": "99"}, {"code": "1057B", "hourtmin": "23:59", "hourgust": "02:50", "hourtmax": "Varias", "sun": null, "altitude": "93", "prec": "5,8", "latitude": 432714, "hourpresmax": null, "province": "BIZKAIA", "tmed": "14,2", "tmin": "11,1", "presmax": null, "presmin": null, "hourpresmin": null, "date": "2018-04-15", "name": "MACHICHACO", "gust": "14,7", "tmax": "17,2", "longitude": 24510, "avgspeed": "3,9", "dir": "21"}, {"code": "1057B", "hourtmin": "05:17", "hourgust": "Varias", "hourtmax": "13:23", "sun": null, "altitude": "93", "prec": "0,0", "latitude": 432714, "hourpresmax": null, "province": "BIZKAIA", "tmed": "12,0", "tmin": "9,5", "presmax": null, "presmin": null, "hourpresmin": null, "date": "2018-04-16", "name": "MACHICHACO", "gust": "10,6", "tmax": "14,5", "longitude": 24510, "avgspeed": "5,8", "dir": "99"}, {"code": "1057B", "hourtmin": "02:36", "hourgust": "19:40", "hourtmax": "10:01", "sun": null, "altitude": "93", "prec": "0,0", "latitude": 432714, "hourpresmax": null, "province": "BIZKAIA", "tmed": "16,4", "tmin": "11,0", "presmax": null, "presmin": null, "hourpresmin": null, "date": "2018-04-17", "name": "MACHICHACO", "gust": "10,6", "tmax": "21,7", "longitude": 24510, "avgspeed": "3,9", "dir": "12"}, {"code": "1057B", "hourtmin": "02:44", "hourgust": "16:00", "hourtmax": "15:48", "sun": null, "altitude": "93", "prec": "0,0", "latitude": 432714, "hourpresmax": null, "province": "BIZKAIA", "tmed": "19,7", "tmin": "12,1", "presmax": null, "presmin": null, "hourpresmin": null, "date": "2018-04-18", "name": "MACHICHACO", "gust": "10,6", "tmax": "27,3", "longitude": 24510, "avgspeed": "4,2", "dir": "24"}, {"code": "1057B", "hourtmin": "05:36", "hourgust": "16:50", "hourtmax": "18:14", "sun": null, "altitude": "93", "prec": "0,0", "latitude": 432714, "hourpresmax": null, "province": "BIZKAIA", "tmed": "17,7", "tmin": "13,2", "presmax": null, "presmin": null, "hourpresmin": null, "date": "2018-04-19", "name": "MACHICHACO", "gust": "8,3", "tmax": "22,2", "longitude": 24510, "avgspeed": "3,9", "dir": "10"}, {"code": "1057B", "hourtmin": "05:01", "hourgust": "21:10", "hourtmax": "15:38", "sun": null, "altitude": "93", "prec": "0,0", "latitude": 432714, "hourpresmax": null, "province": "BIZKAIA", "tmed": "16,2", "tmin": "12,5", "presmax": null, "presmin": null, "hourpresmin": null, "date": "2018-04-20", "name": "MACHICHACO", "gust": "9,2", "tmax": "20,0", "longitude": 24510, "avgspeed": "4,4", "dir": "10"}, {"code": "1057B", "hourtmin": "02:29", "hourgust": "01:40", "hourtmax": "16:56", "sun": null, "altitude": "93", "prec": "0,0", "latitude": 432714, "hourpresmax": null, "province": "BIZKAIA", "tmed": "20,4", "tmin": "15,9", "presmax": null, "presmin": null, "hourpresmin": null, "date": "2018-04-21", "name": "MACHICHACO", "gust": "7,5", "tmax": "24,8", "longitude": 24510, "avgspeed": "2,2", "dir": "10"}, {"code": "1057B", "hourtmin": "19:45", "hourgust": "19:00", "hourtmax": "02:09", "sun": null, "altitude": "93", "prec": "8,0", "latitude": 432714, "hourpresmax": null, "province": "BIZKAIA", "tmed": "17,7", "tmin": "13,5", "presmax": null, "presmin": null, "hourpresmin": null, "date": "2018-04-22", "name": "MACHICHACO", "gust": "15,3", "tmax": "21,9", "longitude": 24510, "avgspeed": "6,7", "dir": "27"}, {"code": "1057B", "hourtmin": "02:41", "hourgust": "00:20", "hourtmax": "13:20", "sun": null, "altitude": "93", "prec": "0,0", "latitude": 432714, "hourpresmax": null, "province": "BIZKAIA", "tmed": "14,2", "tmin": "12,9", "presmax": null, "presmin": null, "hourpresmin": null, "date": "2018-04-23", "name": "MACHICHACO", "gust": "9,4", "tmax": "15,5", "longitude": 24510, "avgspeed": "3,3", "dir": "29"}, {"code": "1057B", "hourtmin": "00:21", "hourgust": "12:30", "hourtmax": "13:38", "sun": null, "altitude": "93", "prec": "0,8", "latitude": 432714, "hourpresmax": null, "province": "BIZKAIA", "tmed": "15,7", "tmin": "13,2", "presmax": null, "presmin": null, "hourpresmin": null, "date": "2018-04-24", "name": "MACHICHACO", "gust": "7,8", "tmax": "18,2", "longitude": 24510, "avgspeed": "4,7", "dir": "99"}, {"code": "1057B", "hourtmin": "16:56", "hourgust": "15:00", "hourtmax": "13:39", "sun": null, "altitude": "93", "prec": "0,2", "latitude": 432714, "hourpresmax": null, "province": "BIZKAIA", "tmed": "13,6", "tmin": "12,3", "presmax": null, "presmin": null, "hourpresmin": null, "date": "2018-04-25", "name": "MACHICHACO", "gust": "11,1", "tmax": "14,8", "longitude": 24510, "avgspeed": "5,3", "dir": "28"}, {"code": "1057B", "hourtmin": "04:21", "hourgust": "20:20", "hourtmax": "13:08", "sun": null, "altitude": "93", "prec": "0,0", "latitude": 432714, "hourpresmax": null, "province": "BIZKAIA", "tmed": "13,2", "tmin": "10,7", "presmax": null, "presmin": null, "hourpresmin": null, "date": "2018-04-26", "name": "MACHICHACO", "gust": "8,3", "tmax": "15,6", "longitude": 24510, "avgspeed": "3,6", "dir": "09"}, {"code": "1057B", "hourtmin": "02:08", "hourgust": "06:30", "hourtmax": "06:03", "sun": null, "altitude": "93", "prec": "2,2", "latitude": 432714, "hourpresmax": null, "province": "BIZKAIA", "tmed": "12,6", "tmin": "10,9", "presmax": null, "presmin": null, "hourpresmin": null, "date": "2018-04-27", "name": "MACHICHACO", "gust": "20,8", "tmax": "14,2", "longitude": 24510, "avgspeed": "11,1", "dir": "26"}, {"code": "1057B", "hourtmin": "04:16", "hourgust": "Varias", "hourtmax": "15:55", "sun": null, "altitude": "93", "prec": "2,8", "latitude": 432714, "hourpresmax": null, "province": "BIZKAIA", "tmed": "10,5", "tmin": "9,5", "presmax": null, "presmin": null, "hourpresmin": null, "date": "2018-04-28", "name": "MACHICHACO", "gust": "8,1", "tmax": "11,5", "longitude": 24510, "avgspeed": "4,4", "dir": "99"}, {"code": "1057B", "hourtmin": "Varias", "hourgust": "04:10", "hourtmax": "13:44", "sun": null, "altitude": "93", "prec": "3,4", "latitude": 432714, "hourpresmax": null, "province": "BIZKAIA", "tmed": "11,0", "tmin": "9,3", "presmax": null, "presmin": null, "hourpresmin": null, "date": "2018-04-29", "name": "MACHICHACO", "gust": "17,5", "tmax": "12,6", "longitude": 24510, "avgspeed": "7,2", "dir": "27"}, {"code": "1057B", "hourtmin": "23:47", "hourgust": "12:20", "hourtmax": "18:58", "sun": null, "altitude": "93", "prec": "12,8", "latitude": 432714, "hourpresmax": null, "province": "BIZKAIA", "tmed": "8,8", "tmin": "7,8", "presmax": null, "presmin": null, "hourpresmin": null, "date": "2018-04-30", "name": "MACHICHACO", "gust": "16,9", "tmax": "9,8", "longitude": 24510, "avgspeed": "6,1", "dir": "27"}, {"code": "1057B", "hourtmin": "00:50", "hourgust": "00:20", "hourtmax": "14:42", "sun": null, "altitude": "93", "prec": "0,2", "latitude": 432714, "hourpresmax": null, "province": "BIZKAIA", "tmed": "11,2", "tmin": "7,7", "presmax": null, "presmin": null, "hourpresmin": null, "date": "2018-05-01", "name": "MACHICHACO", "gust": "15,0", "tmax": "14,7", "longitude": 24510, "avgspeed": "6,1", "dir": "24"}, {"code": "1057B", "hourtmin": "03:21", "hourgust": "20:20", "hourtmax": "10:36", "sun": null, "altitude": "93", "prec": "5,0", "latitude": 432714, "hourpresmax": null, "province": "BIZKAIA", "tmed": "12,2", "tmin": "9,3", "presmax": null, "presmin": null, "hourpresmin": null, "date": "2018-05-02", "name": "MACHICHACO", "gust": "18,1", "tmax": "15,1", "longitude": 24510, "avgspeed": "5,6", "dir": "26"}, {"code": "1057B", "hourtmin": "05:59", "hourgust": "07:00", "hourtmax": "13:24", "sun": null, "altitude": "93", "prec": "0,0", "latitude": 432714, "hourpresmax": null, "province": "BIZKAIA", "tmed": "12,1", "tmin": "10,8", "presmax": null, "presmin": null, "hourpresmin": null, "date": "2018-05-03", "name": "MACHICHACO", "gust": "16,4", "tmax": "13,4", "longitude": 24510, "avgspeed": "10,3", "dir": "28"}, {"code": "1057B", "hourtmin": "00:22", "hourgust": "06:40", "hourtmax": "15:33", "sun": null, "altitude": "93", "prec": "0,0", "latitude": 432714, "hourpresmax": null, "province": "BIZKAIA", "tmed": "12,8", "tmin": "10,8", "presmax": null, "presmin": null, "hourpresmin": null, "date": "2018-05-04", "name": "MACHICHACO", "gust": "8,9", "tmax": "14,7", "longitude": 24510, "avgspeed": "6,1", "dir": "31"}, {"code": "1057B", "hourtmin": "Varias", "hourgust": "08:10", "hourtmax": "15:58", "sun": null, "altitude": "93", "prec": "0,0", "latitude": 432714, "hourpresmax": null, "province": "BIZKAIA", "tmed": "12,9", "tmin": "10,9", "presmax": null, "presmin": null, "hourpresmin": null, "date": "2018-05-05", "name": "MACHICHACO", "gust": "12,8", "tmax": "14,9", "longitude": 24510, "avgspeed": "7,8", "dir": "26"}, {"code": "1057B", "hourtmin": "02:03", "hourgust": "14:30", "hourtmax": "10:02", "sun": null, "altitude": "93", "prec": "0,0", "latitude": 432714, "hourpresmax": null, "province": "BIZKAIA", "tmed": "14,8", "tmin": "11,3", "presmax": null, "presmin": null, "hourpresmin": null, "date": "2018-05-06", "name": "MACHICHACO", "gust": "8,6", "tmax": "18,2", "longitude": 24510, "avgspeed": "3,9", "dir": "11"}, {"code": "1057B", "hourtmin": "01:55", "hourgust": "23:30", "hourtmax": "13:39", "sun": null, "altitude": "93", "prec": "0,0", "latitude": 432714, "hourpresmax": null, "province": "BIZKAIA", "tmed": "16,0", "tmin": "13,3", "presmax": null, "presmin": null, "hourpresmin": null, "date": "2018-05-07", "name": "MACHICHACO", "gust": "10,6", "tmax": "18,8", "longitude": 24510, "avgspeed": "4,2", "dir": "27"}, {"code": "1057B", "hourtmin": "23:01", "hourgust": "Varias", "hourtmax": "12:32", "sun": null, "altitude": "93", "prec": "0,0", "latitude": 432714, "hourpresmax": null, "province": "BIZKAIA", "tmed": "13,6", "tmin": "12,7", "presmax": null, "presmin": null, "hourpresmin": null, "date": "2018-05-08", "name": "MACHICHACO", "gust": "17,2", "tmax": "14,4", "longitude": 24510, "avgspeed": "12,2", "dir": "27"}, {"code": "1057B", "hourtmin": "22:58", "hourgust": "22:10", "hourtmax": "13:32", "sun": null, "altitude": "93", "prec": "2,6", "latitude": 432714, "hourpresmax": null, "province": "BIZKAIA", "tmed": "13,2", "tmin": "11,6", "presmax": null, "presmin": null, "hourpresmin": null, "date": "2018-05-09", "name": "MACHICHACO", "gust": "13,9", "tmax": "14,7", "longitude": 24510, "avgspeed": "3,9", "dir": "28"}, {"code": "1057B", "hourtmin": "23:59", "hourgust": "01:00", "hourtmax": "15:17", "sun": null, "altitude": "93", "prec": "0,0", "latitude": 432714, "hourpresmax": null, "province": "BIZKAIA", "tmed": "13,4", "tmin": "10,4", "presmax": null, "presmin": null, "hourpresmin": null, "date": "2018-05-10", "name": "MACHICHACO", "gust": "14,7", "tmax": "16,5", "longitude": 24510, "avgspeed": "5,0", "dir": "27"}, {"code": "1057B", "hourtmin": "04:53", "hourgust": "12:10", "hourtmax": "10:37", "sun": null, "altitude": "93", "prec": "4,6", "latitude": 432714, "hourpresmax": null, "province": "BIZKAIA", "tmed": "16,2", "tmin": "9,2", "presmax": null, "presmin": null, "hourpresmin": null, "date": "2018-05-11", "name": "MACHICHACO", "gust": "15,3", "tmax": "23,3", "longitude": 24510, "avgspeed": "6,9", "dir": "26"}, {"code": "1057B", "hourtmin": "22:03", "hourgust": "15:40", "hourtmax": "Varias", "sun": null, "altitude": "93", "prec": "13,2", "latitude": 432714, "hourpresmax": null, "province": "BIZKAIA", "tmed": "10,7", "tmin": "8,6", "presmax": null, "presmin": null, "hourpresmin": null, "date": "2018-05-12", "name": "MACHICHACO", "gust": "25,8", "tmax": "12,8", "longitude": 24510, "avgspeed": "15,0", "dir": "27"}, {"code": "1057B", "hourtmin": "03:18", "hourgust": "09:10", "hourtmax": "15:06", "sun": null, "altitude": "93", "prec": "17,0", "latitude": 432714, "hourpresmax": null, "province": "BIZKAIA", "tmed": "9,7", "tmin": "6,8", "presmax": null, "presmin": null, "hourpresmin": null, "date": "2018-05-13", "name": "MACHICHACO", "gust": "23,6", "tmax": "12,6", "longitude": 24510, "avgspeed": "13,1", "dir": "28"}, {"code": "1057B", "hourtmin": "02:11", "hourgust": "19:20", "hourtmax": "10:21", "sun": null, "altitude": "93", "prec": "0,0", "latitude": 432714, "hourpresmax": null, "province": "BIZKAIA", "tmed": "11,5", "tmin": "9,2", "presmax": null, "presmin": null, "hourpresmin": null, "date": "2018-05-14", "name": "MACHICHACO", "gust": "12,8", "tmax": "13,8", "longitude": 24510, "avgspeed": "6,9", "dir": "28"}, {"code": "1057B", "hourtmin": "05:47", "hourgust": "09:50", "hourtmax": "15:25", "sun": null, "altitude": "93", "prec": "0,0", "latitude": 432714, "hourpresmax": null, "province": "BIZKAIA", "tmed": "13,0", "tmin": "11,5", "presmax": null, "presmin": null, "hourpresmin": null, "date": "2018-05-15", "name": "MACHICHACO", "gust": "15,8", "tmax": "14,4", "longitude": 24510, "avgspeed": "9,7", "dir": "26"}, {"code": "1057B", "hourtmin": "03:54", "hourgust": "02:50", "hourtmax": "15:59", "sun": null, "altitude": "93", "prec": "0,0", "latitude": 432714, "hourpresmax": null, "province": "BIZKAIA", "tmed": "13,4", "tmin": "11,4", "presmax": null, "presmin": null, "hourpresmin": null, "date": "2018-05-16", "name": "MACHICHACO", "gust": "11,4", "tmax": "15,3", "longitude": 24510, "avgspeed": "3,9", "dir": "27"}, {"code": "1057B", "hourtmin": "04:36", "hourgust": "Varias", "hourtmax": "11:01", "sun": null, "altitude": "93", "prec": "0,0", "latitude": 432714, "hourpresmax": null, "province": "BIZKAIA", "tmed": "13,8", "tmin": "11,0", "presmax": null, "presmin": null, "hourpresmin": null, "date": "2018-05-17", "name": "MACHICHACO", "gust": "6,1", "tmax": "16,7", "longitude": 24510, "avgspeed": "3,3", "dir": "99"}, {"code": "1057B", "hourtmin": "02:40", "hourgust": "10:30", "hourtmax": "16:02", "sun": null, "altitude": "93", "prec": "0,0", "latitude": 432714, "hourpresmax": null, "province": "BIZKAIA", "tmed": "14,8", "tmin": "12,7", "presmax": null, "presmin": null, "hourpresmin": null, "date": "2018-05-18", "name": "MACHICHACO", "gust": "9,4", "tmax": "16,8", "longitude": 24510, "avgspeed": "3,9", "dir": "27"}, {"code": "1057B", "hourtmin": "22:53", "hourgust": "01:30", "hourtmax": "16:47", "sun": null, "altitude": "93", "prec": "0,0", "latitude": 432714, "hourpresmax": null, "province": "BIZKAIA", "tmed": "15,5", "tmin": "13,0", "presmax": null, "presmin": null, "hourpresmin": null, "date": "2018-05-19", "name": "MACHICHACO", "gust": "10,6", "tmax": "18,0", "longitude": 24510, "avgspeed": "5,0", "dir": "25"}, {"code": "1057B", "hourtmin": "04:54", "hourgust": "03:00", "hourtmax": "16:30", "sun": null, "altitude": "93", "prec": "0,0", "latitude": 432714, "hourpresmax": null, "province": "BIZKAIA", "tmed": "15,0", "tmin": "11,9", "presmax": null, "presmin": null, "hourpresmin": null, "date": "2018-05-20", "name": "MACHICHACO", "gust": "7,8", "tmax": "18,1", "longitude": 24510, "avgspeed": "2,8", "dir": "25"}, {"code": "1057B", "hourtmin": "02:38", "hourgust": "18:20", "hourtmax": "14:24", "sun": null, "altitude": "93", "prec": "0,0", "latitude": 432714, "hourpresmax": null, "province": "BIZKAIA", "tmed": "15,4", "tmin": "11,8", "presmax": null, "presmin": null, "hourpresmin": null, "date": "2018-05-21", "name": "MACHICHACO", "gust": "8,9", "tmax": "19,1", "longitude": 24510, "avgspeed": "4,7", "dir": "27"}, {"code": "1057B", "hourtmin": "00:01", "hourgust": "10:20", "hourtmax": "16:12", "sun": null, "altitude": "93", "prec": "0,0", "latitude": 432714, "hourpresmax": null, "province": "BIZKAIA", "tmed": "16,3", "tmin": "14,0", "presmax": null, "presmin": null, "hourpresmin": null, "date": "2018-05-22", "name": "MACHICHACO", "gust": "8,9", "tmax": "18,6", "longitude": 24510, "avgspeed": "3,3", "dir": "28"}, {"code": "1057B", "hourtmin": "02:13", "hourgust": "13:50", "hourtmax": "15:09", "sun": null, "altitude": "93", "prec": "0,0", "latitude": 432714, "hourpresmax": null, "province": "BIZKAIA", "tmed": "16,6", "tmin": "13,2", "presmax": null, "presmin": null, "hourpresmin": null, "date": "2018-05-23", "name": "MACHICHACO", "gust": "6,7", "tmax": "20,0", "longitude": 24510, "avgspeed": "3,6", "dir": "12"}, {"code": "1057B", "hourtmin": "01:55", "hourgust": "17:20", "hourtmax": "15:12", "sun": null, "altitude": "93", "prec": "6,8", "latitude": 432714, "hourpresmax": null, "province": "BIZKAIA", "tmed": "18,2", "tmin": "15,8", "presmax": null, "presmin": null, "hourpresmin": null, "date": "2018-05-24", "name": "MACHICHACO", "gust": "8,3", "tmax": "20,6", "longitude": 24510, "avgspeed": "3,3", "dir": "12"}, {"code": "1057B", "hourtmin": "03:13", "hourgust": "04:00", "hourtmax": "14:53", "sun": null, "altitude": "93", "prec": "11,6", "latitude": 432714, "hourpresmax": null, "province": "BIZKAIA", "tmed": "17,2", "tmin": "14,7", "presmax": null, "presmin": null, "hourpresmin": null, "date": "2018-05-25", "name": "MACHICHACO", "gust": "11,7", "tmax": "19,8", "longitude": 24510, "avgspeed": "2,5", "dir": "23"}, {"code": "1057B", "hourtmin": "14:41", "hourgust": "14:30", "hourtmax": "12:12", "sun": null, "altitude": "93", "prec": "12,6", "latitude": 432714, "hourpresmax": null, "province": "BIZKAIA", "tmed": "16,8", "tmin": "13,0", "presmax": null, "presmin": null, "hourpresmin": null, "date": "2018-05-26", "name": "MACHICHACO", "gust": "27,5", "tmax": "20,7", "longitude": 24510, "avgspeed": "3,9", "dir": "28"}, {"code": "1057B", "hourtmin": "03:04", "hourgust": "00:30", "hourtmax": "11:55", "sun": null, "altitude": "93", "prec": "4,8", "latitude": 432714, "hourpresmax": null, "province": "BIZKAIA", "tmed": "16,4", "tmin": "14,7", "presmax": null, "presmin": null, "hourpresmin": null, "date": "2018-05-27", "name": "MACHICHACO", "gust": "8,6", "tmax": "18,2", "longitude": 24510, "avgspeed": "1,1", "dir": "28"}, {"code": "1057B", "hourtmin": "06:20", "hourgust": "00:30", "hourtmax": "11:54", "sun": null, "altitude": "93", "prec": "0,0", "latitude": 432714, "hourpresmax": null, "province": "BIZKAIA", "tmed": "16,0", "tmin": "14,0", "presmax": null, "presmin": null, "hourpresmin": null, "date": "2018-05-28", "name": "MACHICHACO", "gust": "8,9", "tmax": "17,9", "longitude": 24510, "avgspeed": "4,2", "dir": "28"}, {"code": "1057B", "hourtmin": "04:54", "hourgust": "15:30", "hourtmax": "08:23", "sun": null, "altitude": "93", "prec": "0,0", "latitude": 432714, "hourpresmax": null, "province": "BIZKAIA", "tmed": "16,2", "tmin": "14,5", "presmax": null, "presmin": null, "hourpresmin": null, "date": "2018-05-29", "name": "MACHICHACO", "gust": "8,6", "tmax": "17,9", "longitude": 24510, "avgspeed": "4,7", "dir": "27"}, {"code": "1057B", "hourtmin": "04:54", "hourgust": "19:30", "hourtmax": "15:19", "sun": null, "altitude": "93", "prec": "5,2", "latitude": 432714, "hourpresmax": null, "province": "BIZKAIA", "tmed": "16,6", "tmin": "14,9", "presmax": null, "presmin": null, "hourpresmin": null, "date": "2018-05-30", "name": "MACHICHACO", "gust": "8,9", "tmax": "18,2", "longitude": 24510, "avgspeed": "2,2", "dir": "28"}, {"code": "1057B", "hourtmin": "07:20", "hourgust": "07:20", "hourtmax": "14:08", "sun": null, "altitude": "93", "prec": "5,0", "latitude": 432714, "hourpresmax": null, "province": "BIZKAIA", "tmed": "16,4", "tmin": "13,8", "presmax": null, "presmin": null, "hourpresmin": null, "date": "2018-05-31", "name": "MACHICHACO", "gust": "9,4", "tmax": "19,0", "longitude": 24510, "avgspeed": "2,5", "dir": "29"}, {"code": "1057B", "hourtmin": "Varias", "hourgust": "21:40", "hourtmax": "14:24", "sun": null, "altitude": "93", "prec": "3,0", "latitude": 432714, "hourpresmax": null, "province": "BIZKAIA", "tmed": "17,0", "tmin": "15,1", "presmax": null, "presmin": null, "hourpresmin": null, "date": "2018-06-01", "name": "MACHICHACO", "gust": "7,5", "tmax": "18,9", "longitude": 24510, "avgspeed": "1,9", "dir": "26"}, {"code": "1057B", "hourtmin": "05:38", "hourgust": "05:30", "hourtmax": "13:32", "sun": null, "altitude": "93", "prec": "0,2", "latitude": 432714, "hourpresmax": null, "province": "BIZKAIA", "tmed": "17,9", "tmin": "15,4", "presmax": null, "presmin": null, "hourpresmin": null, "date": "2018-06-02", "name": "MACHICHACO", "gust": "12,8", "tmax": "20,4", "longitude": 24510, "avgspeed": "3,9", "dir": "26"}, {"code": "1057B", "hourtmin": "04:04", "hourgust": "17:10", "hourtmax": "08:28", "sun": null, "altitude": "93", "prec": "6,0", "latitude": 432714, "hourpresmax": null, "province": "BIZKAIA", "tmed": "18,2", "tmin": "15,3", "presmax": null, "presmin": null, "hourpresmin": null, "date": "2018-06-03", "name": "MACHICHACO", "gust": "9,2", "tmax": "21,1", "longitude": 24510, "avgspeed": "3,6", "dir": "28"}, {"code": "1057B", "hourtmin": "04:35", "hourgust": "02:00", "hourtmax": "14:23", "sun": null, "altitude": "93", "prec": "3,2", "latitude": 432714, "hourpresmax": null, "province": "BIZKAIA", "tmed": "16,8", "tmin": "14,3", "presmax": null, "presmin": null, "hourpresmin": null, "date": "2018-06-04", "name": "MACHICHACO", "gust": "11,4", "tmax": "19,4", "longitude": 24510, "avgspeed": "3,3", "dir": "27"}, {"code": "1057B", "hourtmin": "06:45", "hourgust": "03:10", "hourtmax": "17:10", "sun": null, "altitude": "93", "prec": "0,4", "latitude": 432714, "hourpresmax": null, "province": "BIZKAIA", "tmed": "15,4", "tmin": "12,7", "presmax": null, "presmin": null, "hourpresmin": null, "date": "2018-06-05", "name": "MACHICHACO", "gust": "13,9", "tmax": "18,2", "longitude": 24510, "avgspeed": "5,0", "dir": "26"}, {"code": "1057B", "hourtmin": "Varias", "hourgust": "17:30", "hourtmax": "14:53", "sun": null, "altitude": "93", "prec": "0,2", "latitude": 432714, "hourpresmax": null, "province": "BIZKAIA", "tmed": "16,0", "tmin": "13,6", "presmax": null, "presmin": null, "hourpresmin": null, "date": "2018-06-06", "name": "MACHICHACO", "gust": "11,1", "tmax": "18,5", "longitude": 24510, "avgspeed": "6,9", "dir": "27"}, {"code": "1057B", "hourtmin": "00:01", "hourgust": "13:50", "hourtmax": "12:09", "sun": null, "altitude": "93", "prec": "0,0", "latitude": 432714, "hourpresmax": null, "province": "BIZKAIA", "tmed": "18,0", "tmin": "15,8", "presmax": null, "presmin": null, "hourpresmin": null, "date": "2018-06-07", "name": "MACHICHACO", "gust": "8,6", "tmax": "20,2", "longitude": 24510, "avgspeed": "5,0", "dir": "99"}, {"code": "1057B", "hourtmin": "03:33", "hourgust": "19:20", "hourtmax": "13:22", "sun": null, "altitude": "93", "prec": "6,6", "latitude": 432714, "hourpresmax": null, "province": "BIZKAIA", "tmed": "20,6", "tmin": "17,0", "presmax": null, "presmin": null, "hourpresmin": null, "date": "2018-06-08", "name": "MACHICHACO", "gust": "15,8", "tmax": "24,2", "longitude": 24510, "avgspeed": "5,0", "dir": "27"}, {"code": "1057B", "hourtmin": "23:31", "hourgust": "01:20", "hourtmax": "10:46", "sun": null, "altitude": "93", "prec": "2,6", "latitude": 432714, "hourpresmax": null, "province": "BIZKAIA", "tmed": "17,7", "tmin": "15,0", "presmax": null, "presmin": null, "hourpresmin": null, "date": "2018-06-09", "name": "MACHICHACO", "gust": "10,8", "tmax": "20,4", "longitude": 24510, "avgspeed": "5,8", "dir": "22"}, {"code": "1057B", "hourtmin": "03:37", "hourgust": "05:30", "hourtmax": "08:11", "sun": null, "altitude": "93", "prec": "11,6", "latitude": 432714, "hourpresmax": null, "province": "BIZKAIA", "tmed": "17,8", "tmin": "13,9", "presmax": null, "presmin": null, "hourpresmin": null, "date": "2018-06-10", "name": "MACHICHACO", "gust": "10,8", "tmax": "21,6", "longitude": 24510, "avgspeed": "3,3", "dir": "20"}, {"code": "1057B", "hourtmin": "08:53", "hourgust": "23:50", "hourtmax": "14:37", "sun": null, "altitude": "93", "prec": "35,6", "latitude": 432714, "hourpresmax": null, "province": "BIZKAIA", "tmed": "16,8", "tmin": "14,5", "presmax": null, "presmin": null, "hourpresmin": null, "date": "2018-06-11", "name": "MACHICHACO", "gust": "15,3", "tmax": "19,1", "longitude": 24510, "avgspeed": "6,9", "dir": "27"}, {"code": "1057B", "hourtmin": "06:05", "hourgust": "05:30", "hourtmax": "00:09", "sun": null, "altitude": "93", "prec": "0,4", "latitude": 432714, "hourpresmax": null, "province": "BIZKAIA", "tmed": "16,4", "tmin": "15,8", "presmax": null, "presmin": null, "hourpresmin": null, "date": "2018-06-12", "name": "MACHICHACO", "gust": "29,7", "tmax": "17,1", "longitude": 24510, "avgspeed": "22,2", "dir": "27"}, {"code": "1057B", "hourtmin": "23:55", "hourgust": "00:30", "hourtmax": "14:09", "sun": null, "altitude": "93", "prec": "0,0", "latitude": 432714, "hourpresmax": null, "province": "BIZKAIA", "tmed": "16,4", "tmin": "15,2", "presmax": null, "presmin": null, "hourpresmin": null, "date": "2018-06-13", "name": "MACHICHACO", "gust": "21,9", "tmax": "17,7", "longitude": 24510, "avgspeed": "12,2", "dir": "27"}, {"code": "1057B", "hourtmin": "21:52", "hourgust": "Varias", "hourtmax": "15:08", "sun": null, "altitude": "93", "prec": "0,0", "latitude": 432714, "hourpresmax": null, "province": "BIZKAIA", "tmed": "17,0", "tmin": "14,2", "presmax": null, "presmin": null, "hourpresmin": null, "date": "2018-06-14", "name": "MACHICHACO", "gust": "7,8", "tmax": "19,9", "longitude": 24510, "avgspeed": "3,3", "dir": "99"}, {"code": "1057B", "hourtmin": "00:29", "hourgust": "13:10", "hourtmax": "13:57", "sun": null, "altitude": "93", "prec": "2,0", "latitude": 432714, "hourpresmax": null, "province": "BIZKAIA", "tmed": "16,2", "tmin": "14,2", "presmax": null, "presmin": null, "hourpresmin": null, "date": "2018-06-15", "name": "MACHICHACO", "gust": "10,3", "tmax": "18,2", "longitude": 24510, "avgspeed": "3,9", "dir": "27"}, {"code": "1057B", "hourtmin": "00:24", "hourgust": "10:30", "hourtmax": "15:31", "sun": null, "altitude": "93", "prec": "0,4", "latitude": 432714, "hourpresmax": null, "province": "BIZKAIA", "tmed": "18,0", "tmin": "14,9", "presmax": null, "presmin": null, "hourpresmin": null, "date": "2018-06-16", "name": "MACHICHACO", "gust": "4,2", "tmax": "21,1", "longitude": 24510, "avgspeed": "1,7", "dir": "07"}, {"code": "1057B", "hourtmin": "21:24", "hourgust": "09:00", "hourtmax": "14:55", "sun": null, "altitude": "93", "prec": "0,0", "latitude": 432714, "hourpresmax": null, "province": "BIZKAIA", "tmed": "17,2", "tmin": "14,6", "presmax": null, "presmin": null, "hourpresmin": null, "date": "2018-06-17", "name": "MACHICHACO", "gust": "8,6", "tmax": "19,9", "longitude": 24510, "avgspeed": "2,8", "dir": "27"}, {"code": "1057B", "hourtmin": "00:02", "hourgust": "12:40", "hourtmax": "11:39", "sun": null, "altitude": "93", "prec": "2,8", "latitude": 432714, "hourpresmax": null, "province": "BIZKAIA", "tmed": "17,1", "tmin": "15,3", "presmax": null, "presmin": null, "hourpresmin": null, "date": "2018-06-18", "name": "MACHICHACO", "gust": "10,8", "tmax": "18,9", "longitude": 24510, "avgspeed": "5,8", "dir": "28"}, {"code": "1057B", "hourtmin": "00:20", "hourgust": "15:30", "hourtmax": "14:37", "sun": null, "altitude": "93", "prec": "0,0", "latitude": 432714, "hourpresmax": null, "province": "BIZKAIA", "tmed": "18,0", "tmin": "15,4", "presmax": null, "presmin": null, "hourpresmin": null, "date": "2018-06-19", "name": "MACHICHACO", "gust": "6,4", "tmax": "20,5", "longitude": 24510, "avgspeed": "2,8", "dir": "10"}, {"code": "1057B", "hourtmin": "04:28", "hourgust": "22:40", "hourtmax": "13:37", "sun": null, "altitude": "93", "prec": "0,0", "latitude": 432714, "hourpresmax": null, "province": "BIZKAIA", "tmed": "18,8", "tmin": "16,4", "presmax": null, "presmin": null, "hourpresmin": null, "date": "2018-06-20", "name": "MACHICHACO", "gust": "12,8", "tmax": "21,1", "longitude": 24510, "avgspeed": "4,7", "dir": "28"}, {"code": "1057B", "hourtmin": "01:35", "hourgust": "15:50", "hourtmax": "15:20", "sun": null, "altitude": "93", "prec": "0,0", "latitude": 432714, "hourpresmax": null, "province": "BIZKAIA", "tmed": "19,7", "tmin": "18,6", "presmax": null, "presmin": null, "hourpresmin": null, "date": "2018-06-21", "name": "MACHICHACO", "gust": "12,8", "tmax": "20,8", "longitude": 24510, "avgspeed": "7,8", "dir": "26"}, {"code": "1057B", "hourtmin": "20:35", "hourgust": "04:00", "hourtmax": "09:32", "sun": null, "altitude": "93", "prec": "0,0", "latitude": 432714, "hourpresmax": null, "province": "BIZKAIA", "tmed": "19,0", "tmin": "16,5", "presmax": null, "presmin": null, "hourpresmin": null, "date": "2018-06-22", "name": "MACHICHACO", "gust": "12,5", "tmax": "21,4", "longitude": 24510, "avgspeed": "3,1", "dir": "24"}, {"code": "1057B", "hourtmin": "04:30", "hourgust": "00:30", "hourtmax": "09:29", "sun": null, "altitude": "93", "prec": "0,0", "latitude": 432714, "hourpresmax": null, "province": "BIZKAIA", "tmed": "18,8", "tmin": "16,2", "presmax": null, "presmin": null, "hourpresmin": null, "date": "2018-06-23", "name": "MACHICHACO", "gust": "8,6", "tmax": "21,3", "longitude": 24510, "avgspeed": "3,1", "dir": "24"}, {"code": "1057B", "hourtmin": "03:17", "hourgust": "15:20", "hourtmax": "13:54", "sun": null, "altitude": "93", "prec": "0,0", "latitude": 432714, "hourpresmax": null, "province": "BIZKAIA", "tmed": "19,4", "tmin": "15,9", "presmax": null, "presmin": null, "hourpresmin": null, "date": "2018-06-24", "name": "MACHICHACO", "gust": "9,2", "tmax": "23,0", "longitude": 24510, "avgspeed": "3,3", "dir": "09"}, {"code": "1057B", "hourtmin": "01:26", "hourgust": "15:50", "hourtmax": "10:44", "sun": null, "altitude": "93", "prec": "0,0", "latitude": 432714, "hourpresmax": null, "province": "BIZKAIA", "tmed": "20,2", "tmin": "17,6", "presmax": null, "presmin": null, "hourpresmin": null, "date": "2018-06-25", "name": "MACHICHACO", "gust": "8,6", "tmax": "22,7", "longitude": 24510, "avgspeed": "4,4", "dir": "10"}, {"code": "1057B", "hourtmin": "03:29", "hourgust": "21:40", "hourtmax": "07:56", "sun": null, "altitude": "93", "prec": "0,0", "latitude": 432714, "hourpresmax": null, "province": "BIZKAIA", "tmed": "19,8", "tmin": "17,6", "presmax": null, "presmin": null, "hourpresmin": null, "date": "2018-06-26", "name": "MACHICHACO", "gust": "22,8", "tmax": "22,1", "longitude": 24510, "avgspeed": "6,4", "dir": "27"}, {"code": "1057B", "hourtmin": "22:06", "hourgust": "07:30", "hourtmax": "08:12", "sun": null, "altitude": "93", "prec": "32,8", "latitude": 432714, "hourpresmax": null, "province": "BIZKAIA", "tmed": "18,2", "tmin": "17,3", "presmax": null, "presmin": null, "hourpresmin": null, "date": "2018-06-27", "name": "MACHICHACO", "gust": "13,6", "tmax": "19,1", "longitude": 24510, "avgspeed": "7,2", "dir": "28"}, {"code": "1057B", "hourtmin": "00:01", "hourgust": "23:40", "hourtmax": "15:24", "sun": null, "altitude": "93", "prec": "0,8", "latitude": 432714, "hourpresmax": null, "province": "BIZKAIA", "tmed": "18,9", "tmin": "17,5", "presmax": null, "presmin": null, "hourpresmin": null, "date": "2018-06-28", "name": "MACHICHACO", "gust": "11,1", "tmax": "20,3", "longitude": 24510, "avgspeed": "5,6", "dir": "25"}, {"code": "1057B", "hourtmin": "Varias", "hourgust": "00:20", "hourtmax": "16:08", "sun": null, "altitude": "93", "prec": "0,0", "latitude": 432714, "hourpresmax": null, "province": "BIZKAIA", "tmed": "20,2", "tmin": "17,6", "presmax": null, "presmin": null, "hourpresmin": null, "date": "2018-06-29", "name": "MACHICHACO", "gust": "11,7", "tmax": "22,8", "longitude": 24510, "avgspeed": "4,7", "dir": "28"}, {"code": "1057B", "hourtmin": "02:16", "hourgust": "16:40", "hourtmax": "10:31", "sun": null, "altitude": "93", "prec": "2,6", "latitude": 432714, "hourpresmax": null, "province": "BIZKAIA", "tmed": "23,4", "tmin": "19,2", "presmax": null, "presmin": null, "hourpresmin": null, "date": "2018-06-30", "name": "MACHICHACO", "gust": "12,5", "tmax": "27,5", "longitude": 24510, "avgspeed": "4,2", "dir": "26"}, {"code": "1057B", "hourtmin": "24:00", "hourgust": "22:50", "hourtmax": "12:11", "sun": null, "altitude": "93", "prec": "28,0", "latitude": 432714, "hourpresmax": null, "province": "BIZKAIA", "tmed": "20,2", "tmin": "17,4", "presmax": null, "presmin": null, "hourpresmin": null, "date": "2018-07-01", "name": "MACHICHACO", "gust": "21,9", "tmax": "22,9", "longitude": 24510, "avgspeed": "5,0", "dir": "27"}, {"code": "1057B", "hourtmin": "00:01", "hourgust": "00:20", "hourtmax": "13:01", "sun": null, "altitude": "93", "prec": "0,0", "latitude": 432714, "hourpresmax": null, "province": "BIZKAIA", "tmed": "20,5", "tmin": "17,4", "presmax": null, "presmin": null, "hourpresmin": null, "date": "2018-07-02", "name": "MACHICHACO", "gust": "13,3", "tmax": "23,6", "longitude": 24510, "avgspeed": "3,3", "dir": "26"}, {"code": "1057B", "hourtmin": "00:39", "hourgust": "07:30", "hourtmax": "14:13", "sun": null, "altitude": "93", "prec": "0,0", "latitude": 432714, "hourpresmax": null, "province": "BIZKAIA", "tmed": "21,5", "tmin": "18,5", "presmax": null, "presmin": null, "hourpresmin": null, "date": "2018-07-03", "name": "MACHICHACO", "gust": "5,8", "tmax": "24,5", "longitude": 24510, "avgspeed": "2,2", "dir": "26"}, {"code": "1057B", "hourtmin": "22:59", "hourgust": "19:50", "hourtmax": "09:12", "sun": null, "altitude": "93", "prec": "10,4", "latitude": 432714, "hourpresmax": null, "province": "BIZKAIA", "tmed": "19,8", "tmin": "17,7", "presmax": null, "presmin": null, "hourpresmin": null, "date": "2018-07-04", "name": "MACHICHACO", "gust": "13,9", "tmax": "21,8", "longitude": 24510, "avgspeed": "4,7", "dir": "27"}, {"code": "1057B", "hourtmin": "10:08", "hourgust": "09:40", "hourtmax": "09:29", "sun": null, "altitude": "93", "prec": "4,6", "latitude": 432714, "hourpresmax": null, "province": "BIZKAIA", "tmed": "18,6", "tmin": "17,0", "presmax": null, "presmin": null, "hourpresmin": null, "date": "2018-07-05", "name": "MACHICHACO", "gust": "19,2", "tmax": "20,1", "longitude": 24510, "avgspeed": "7,2", "dir": "28"}, {"code": "1057B", "hourtmin": "00:01", "hourgust": "15:00", "hourtmax": "11:11", "sun": null, "altitude": "93", "prec": "0,4", "latitude": 432714, "hourpresmax": null, "province": "BIZKAIA", "tmed": "20,4", "tmin": "17,8", "presmax": null, "presmin": null, "hourpresmin": null, "date": "2018-07-06", "name": "MACHICHACO", "gust": "7,8", "tmax": "22,9", "longitude": 24510, "avgspeed": "3,6", "dir": "06"}, {"code": "1057B", "hourtmin": "00:20", "hourgust": "05:10", "hourtmax": "14:15", "sun": null, "altitude": "93", "prec": "0,0", "latitude": 432714, "hourpresmax": null, "province": "BIZKAIA", "tmed": "20,7", "tmin": "17,7", "presmax": null, "presmin": null, "hourpresmin": null, "date": "2018-07-07", "name": "MACHICHACO", "gust": "8,1", "tmax": "23,7", "longitude": 24510, "avgspeed": "2,8", "dir": "10"}, {"code": "1057B", "hourtmin": "01:24", "hourgust": "17:40", "hourtmax": "14:21", "sun": null, "altitude": "93", "prec": "0,0", "latitude": 432714, "hourpresmax": null, "province": "BIZKAIA", "tmed": "22,0", "tmin": "20,0", "presmax": null, "presmin": null, "hourpresmin": null, "date": "2018-07-08", "name": "MACHICHACO", "gust": "8,6", "tmax": "24,1", "longitude": 24510, "avgspeed": "5,6", "dir": "26"}, {"code": "1057B", "hourtmin": "Varias", "hourgust": "01:30", "hourtmax": "18:42", "sun": null, "altitude": "93", "prec": "0,0", "latitude": 432714, "hourpresmax": null, "province": "BIZKAIA", "tmed": "22,5", "tmin": "20,4", "presmax": null, "presmin": null, "hourpresmin": null, "date": "2018-07-09", "name": "MACHICHACO", "gust": "10,3", "tmax": "24,6", "longitude": 24510, "avgspeed": "3,9", "dir": "26"}, {"code": "1057B", "hourtmin": "04:50", "hourgust": "10:10", "hourtmax": "16:58", "sun": null, "altitude": "93", "prec": "0,0", "latitude": 432714, "hourpresmax": null, "province": "BIZKAIA", "tmed": "21,8", "tmin": "20,2", "presmax": null, "presmin": null, "hourpresmin": null, "date": "2018-07-10", "name": "MACHICHACO", "gust": "12,5", "tmax": "23,5", "longitude": 24510, "avgspeed": "6,7", "dir": "27"}, {"code": "1057B", "hourtmin": "04:04", "hourgust": "12:00", "hourtmax": "17:29", "sun": null, "altitude": "93", "prec": "29,4", "latitude": 432714, "hourpresmax": null, "province": "BIZKAIA", "tmed": "22,3", "tmin": "19,8", "presmax": null, "presmin": null, "hourpresmin": null, "date": "2018-07-11", "name": "MACHICHACO", "gust": "12,2", "tmax": "24,8", "longitude": 24510, "avgspeed": "4,4", "dir": "28"}, {"code": "1057B", "hourtmin": "03:40", "hourgust": "03:50", "hourtmax": "14:51", "sun": null, "altitude": "93", "prec": "0,0", "latitude": 432714, "hourpresmax": null, "province": "BIZKAIA", "tmed": "20,4", "tmin": "17,8", "presmax": null, "presmin": null, "hourpresmin": null, "date": "2018-07-12", "name": "MACHICHACO", "gust": "19,2", "tmax": "22,9", "longitude": 24510, "avgspeed": "5,8", "dir": "26"}, {"code": "1057B", "hourtmin": "03:32", "hourgust": "15:10", "hourtmax": "10:43", "sun": null, "altitude": "93", "prec": "1,6", "latitude": 432714, "hourpresmax": null, "province": "BIZKAIA", "tmed": "20,7", "tmin": "17,6", "presmax": null, "presmin": null, "hourpresmin": null, "date": "2018-07-13", "name": "MACHICHACO", "gust": "8,1", "tmax": "23,8", "longitude": 24510, "avgspeed": "3,6", "dir": "10"}, {"code": "1057B", "hourtmin": "04:54", "hourgust": "01:00", "hourtmax": "12:51", "sun": null, "altitude": "93", "prec": "0,0", "latitude": 432714, "hourpresmax": null, "province": "BIZKAIA", "tmed": "22,6", "tmin": "19,9", "presmax": null, "presmin": null, "hourpresmin": null, "date": "2018-07-14", "name": "MACHICHACO", "gust": "9,4", "tmax": "25,2", "longitude": 24510, "avgspeed": "1,9", "dir": "11"}, {"code": "1057B", "hourtmin": "23:54", "hourgust": "23:59", "hourtmax": "13:19", "sun": null, "altitude": "93", "prec": "1,6", "latitude": 432714, "hourpresmax": null, "province": "BIZKAIA", "tmed": "22,2", "tmin": "20,4", "presmax": null, "presmin": null, "hourpresmin": null, "date": "2018-07-15", "name": "MACHICHACO", "gust": "21,4", "tmax": "24,0", "longitude": 24510, "avgspeed": "8,3", "dir": "27"}, {"code": "1057B", "hourtmin": "09:49", "hourgust": "04:20", "hourtmax": "Varias", "sun": null, "altitude": "93", "prec": "6,2", "latitude": 432714, "hourpresmax": null, "province": "BIZKAIA", "tmed": "19,5", "tmin": "17,7", "presmax": null, "presmin": null, "hourpresmin": null, "date": "2018-07-16", "name": "MACHICHACO", "gust": "23,6", "tmax": "21,3", "longitude": 24510, "avgspeed": "11,9", "dir": "27"}, {"code": "1057B", "hourtmin": "04:38", "hourgust": "23:20", "hourtmax": "11:31", "sun": null, "altitude": "93", "prec": "0,0", "latitude": 432714, "hourpresmax": null, "province": "BIZKAIA", "tmed": "20,6", "tmin": "18,0", "presmax": null, "presmin": null, "hourpresmin": null, "date": "2018-07-17", "name": "MACHICHACO", "gust": "8,9", "tmax": "23,3", "longitude": 24510, "avgspeed": "3,6", "dir": "07"}, {"code": "1057B", "hourtmin": "23:48", "hourgust": "03:10", "hourtmax": "17:24", "sun": null, "altitude": "93", "prec": "0,0", "latitude": 432714, "hourpresmax": null, "province": "BIZKAIA", "tmed": "22,6", "tmin": "19,9", "presmax": null, "presmin": null, "hourpresmin": null, "date": "2018-07-18", "name": "MACHICHACO", "gust": "11,1", "tmax": "25,2", "longitude": 24510, "avgspeed": "3,1", "dir": "08"}, {"code": "1057B", "hourtmin": "00:01", "hourgust": "15:20", "hourtmax": "11:14", "sun": null, "altitude": "93", "prec": "0,0", "latitude": 432714, "hourpresmax": null, "province": "BIZKAIA", "tmed": "22,0", "tmin": "19,9", "presmax": null, "presmin": null, "hourpresmin": null, "date": "2018-07-19", "name": "MACHICHACO", "gust": "9,7", "tmax": "24,0", "longitude": 24510, "avgspeed": "4,2", "dir": "30"}, {"code": "1057B", "hourtmin": "11:44", "hourgust": "11:10", "hourtmax": "08:48", "sun": null, "altitude": "93", "prec": "4,2", "latitude": 432714, "hourpresmax": null, "province": "BIZKAIA", "tmed": "19,4", "tmin": "18,1", "presmax": null, "presmin": null, "hourpresmin": null, "date": "2018-07-20", "name": "MACHICHACO", "gust": "15,8", "tmax": "20,7", "longitude": 24510, "avgspeed": "5,0", "dir": "27"}, {"code": "1057B", "hourtmin": "04:42", "hourgust": "05:30", "hourtmax": "13:08", "sun": null, "altitude": "93", "prec": "0,0", "latitude": 432714, "hourpresmax": null, "province": "BIZKAIA", "tmed": "19,0", "tmin": "16,6", "presmax": null, "presmin": null, "hourpresmin": null, "date": "2018-07-21", "name": "MACHICHACO", "gust": "10,8", "tmax": "21,4", "longitude": 24510, "avgspeed": "5,6", "dir": "26"}, {"code": "1057B", "hourtmin": "Varias", "hourgust": "Varias", "hourtmax": "17:08", "sun": null, "altitude": "93", "prec": "0,0", "latitude": 432714, "hourpresmax": null, "province": "BIZKAIA", "tmed": "20,0", "tmin": "17,6", "presmax": null, "presmin": null, "hourpresmin": null, "date": "2018-07-22", "name": "MACHICHACO", "gust": "9,7", "tmax": "22,4", "longitude": 24510, "avgspeed": "4,7", "dir": "99"}, {"code": "1057B", "hourtmin": "03:34", "hourgust": "09:40", "hourtmax": "14:08", "sun": null, "altitude": "93", "prec": "0,0", "latitude": 432714, "hourpresmax": null, "province": "BIZKAIA", "tmed": "21,0", "tmin": "17,9", "presmax": null, "presmin": null, "hourpresmin": null, "date": "2018-07-23", "name": "MACHICHACO", "gust": "10,0", "tmax": "24,2", "longitude": 24510, "avgspeed": "5,3", "dir": "09"}, {"code": "1057B", "hourtmin": "05:27", "hourgust": "07:10", "hourtmax": "18:25", "sun": null, "altitude": "93", "prec": "0,0", "latitude": 432714, "hourpresmax": null, "province": "BIZKAIA", "tmed": "22,1", "tmin": "20,6", "presmax": null, "presmin": null, "hourpresmin": null, "date": "2018-07-24", "name": "MACHICHACO", "gust": "12,8", "tmax": "23,6", "longitude": 24510, "avgspeed": "6,9", "dir": "26"}, {"code": "1057B", "hourtmin": "00:46", "hourgust": "14:30", "hourtmax": "11:17", "sun": null, "altitude": "93", "prec": "0,0", "latitude": 432714, "hourpresmax": null, "province": "BIZKAIA", "tmed": "22,6", "tmin": "20,8", "presmax": null, "presmin": null, "hourpresmin": null, "date": "2018-07-25", "name": "MACHICHACO", "gust": "7,8", "tmax": "24,4", "longitude": 24510, "avgspeed": "4,2", "dir": "07"}, {"code": "1057B", "hourtmin": "03:51", "hourgust": "13:10", "hourtmax": "14:06", "sun": null, "altitude": "93", "prec": "1,6", "latitude": 432714, "hourpresmax": null, "province": "BIZKAIA", "tmed": "22,6", "tmin": "20,0", "presmax": null, "presmin": null, "hourpresmin": null, "date": "2018-07-26", "name": "MACHICHACO", "gust": "5,3", "tmax": "25,1", "longitude": 24510, "avgspeed": "3,1", "dir": "30"}, {"code": "1057B", "hourtmin": "24:00", "hourgust": "22:10", "hourtmax": "14:24", "sun": null, "altitude": "93", "prec": "1,2", "latitude": 432714, "hourpresmax": null, "province": "BIZKAIA", "tmed": "22,0", "tmin": "19,0", "presmax": null, "presmin": null, "hourpresmin": null, "date": "2018-07-27", "name": "MACHICHACO", "gust": "13,3", "tmax": "24,9", "longitude": 24510, "avgspeed": "2,8", "dir": "27"}, {"code": "1057B", "hourtmin": "00:14", "hourgust": "08:50", "hourtmax": "13:13", "sun": null, "altitude": "93", "prec": "0,0", "latitude": 432714, "hourpresmax": null, "province": "BIZKAIA", "tmed": "20,6", "tmin": "18,7", "presmax": null, "presmin": null, "hourpresmin": null, "date": "2018-07-28", "name": "MACHICHACO", "gust": "13,3", "tmax": "22,5", "longitude": 24510, "avgspeed": "4,7", "dir": "28"}, {"code": "1057B", "hourtmin": "22:48", "hourgust": "11:40", "hourtmax": "15:03", "sun": null, "altitude": "93", "prec": "0,0", "latitude": 432714, "hourpresmax": null, "province": "BIZKAIA", "tmed": "21,8", "tmin": "19,8", "presmax": null, "presmin": null, "hourpresmin": null, "date": "2018-07-29", "name": "MACHICHACO", "gust": "8,9", "tmax": "23,9", "longitude": 24510, "avgspeed": "3,3", "dir": "28"}, {"code": "1057B", "hourtmin": "01:16", "hourgust": "08:00", "hourtmax": "14:15", "sun": null, "altitude": "93", "prec": "0,0", "latitude": 432714, "hourpresmax": null, "province": "BIZKAIA", "tmed": "22,4", "tmin": "19,7", "presmax": null, "presmin": null, "hourpresmin": null, "date": "2018-07-30", "name": "MACHICHACO", "gust": "7,8", "tmax": "25,2", "longitude": 24510, "avgspeed": "3,6", "dir": "09"}, {"code": "1057B", "hourtmin": "17:10", "hourgust": "10:30", "hourtmax": "09:06", "sun": null, "altitude": "93", "prec": "15,2", "latitude": 432714, "hourpresmax": null, "province": "BIZKAIA", "tmed": "20,8", "tmin": "18,9", "presmax": null, "presmin": null, "hourpresmin": null, "date": "2018-07-31", "name": "MACHICHACO", "gust": "11,7", "tmax": "22,7", "longitude": 24510, "avgspeed": "3,9", "dir": "26"}, {"code": "1057B", "hourtmin": "Varias", "hourgust": "06:20", "hourtmax": "11:17", "sun": null, "altitude": "93", "prec": "0,0", "latitude": 432714, "hourpresmax": null, "province": "BIZKAIA", "tmed": "21,0", "tmin": "18,7", "presmax": null, "presmin": null, "hourpresmin": null, "date": "2018-08-01", "name": "MACHICHACO", "gust": "9,7", "tmax": "23,2", "longitude": 24510, "avgspeed": "5,0", "dir": "05"}, {"code": "1057B", "hourtmin": "02:20", "hourgust": "14:00", "hourtmax": "12:07", "sun": null, "altitude": "93", "prec": "0,0", "latitude": 432714, "hourpresmax": null, "province": "BIZKAIA", "tmed": "21,8", "tmin": "18,9", "presmax": null, "presmin": null, "hourpresmin": null, "date": "2018-08-02", "name": "MACHICHACO", "gust": "7,8", "tmax": "24,6", "longitude": 24510, "avgspeed": "3,9", "dir": "10"}, {"code": "1057B", "hourtmin": "05:08", "hourgust": "23:50", "hourtmax": "15:19", "sun": null, "altitude": "93", "prec": "0,0", "latitude": 432714, "hourpresmax": null, "province": "BIZKAIA", "tmed": "24,6", "tmin": "21,0", "presmax": null, "presmin": null, "hourpresmin": null, "date": "2018-08-03", "name": "MACHICHACO", "gust": "8,3", "tmax": "28,1", "longitude": 24510, "avgspeed": "2,5", "dir": "99"}, {"code": "1057B", "hourtmin": "22:53", "hourgust": "14:00", "hourtmax": "16:13", "sun": null, "altitude": "93", "prec": "0,0", "latitude": 432714, "hourpresmax": null, "province": "BIZKAIA", "tmed": "22,8", "tmin": "21,3", "presmax": null, "presmin": null, "hourpresmin": null, "date": "2018-08-04", "name": "MACHICHACO", "gust": "12,2", "tmax": "24,3", "longitude": 24510, "avgspeed": "8,3", "dir": "27"}, {"code": "1057B", "hourtmin": "04:32", "hourgust": "06:20", "hourtmax": "14:15", "sun": null, "altitude": "93", "prec": "0,0", "latitude": 432714, "hourpresmax": null, "province": "BIZKAIA", "tmed": "23,1", "tmin": "20,7", "presmax": null, "presmin": null, "hourpresmin": null, "date": "2018-08-05", "name": "MACHICHACO", "gust": "11,4", "tmax": "25,5", "longitude": 24510, "avgspeed": "5,6", "dir": "24"}, {"code": "1057B", "hourtmin": "02:31", "hourgust": "23:30", "hourtmax": "16:38", "sun": null, "altitude": "93", "prec": "0,0", "latitude": 432714, "hourpresmax": null, "province": "BIZKAIA", "tmed": "24,9", "tmin": "20,5", "presmax": null, "presmin": null, "hourpresmin": null, "date": "2018-08-06", "name": "MACHICHACO", "gust": "19,7", "tmax": "29,3", "longitude": 24510, "avgspeed": "3,3", "dir": "27"}, {"code": "1057B", "hourtmin": "23:43", "hourgust": "71:50", "hourtmax": "13:54", "sun": null, "altitude": "93", "prec": "0,2", "latitude": 432714, "hourpresmax": null, "province": "BIZKAIA", "tmed": "20,7", "tmin": "19,2", "presmax": null, "presmin": null, "hourpresmin": null, "date": "2018-08-07", "name": "MACHICHACO", "gust": "21,1", "tmax": "22,2", "longitude": 24510, "avgspeed": "13,6", "dir": "99"}, {"code": "1057B", "hourtmin": "23:45", "hourgust": "23:50", "hourtmax": "13:19", "sun": null, "altitude": "93", "prec": "11,6", "latitude": 432714, "hourpresmax": null, "province": "BIZKAIA", "tmed": "20,0", "tmin": "16,6", "presmax": null, "presmin": null, "hourpresmin": null, "date": "2018-08-08", "name": "MACHICHACO", "gust": "33,9", "tmax": "23,4", "longitude": 24510, "avgspeed": "2,5", "dir": "26"}, {"code": "1057B", "hourtmin": "06:32", "hourgust": "00:50", "hourtmax": "12:43", "sun": null, "altitude": "93", "prec": "1,8", "latitude": 432714, "hourpresmax": null, "province": "BIZKAIA", "tmed": "18,4", "tmin": "16,5", "presmax": null, "presmin": null, "hourpresmin": null, "date": "2018-08-09", "name": "MACHICHACO", "gust": "33,6", "tmax": "20,3", "longitude": 24510, "avgspeed": "9,7", "dir": "28"}, {"code": "1057B", "hourtmin": "02:28", "hourgust": "14:20", "hourtmax": "11:57", "sun": null, "altitude": "93", "prec": "0,0", "latitude": 432714, "hourpresmax": null, "province": "BIZKAIA", "tmed": "19,4", "tmin": "16,7", "presmax": null, "presmin": null, "hourpresmin": null, "date": "2018-08-10", "name": "MACHICHACO", "gust": "8,9", "tmax": "22,0", "longitude": 24510, "avgspeed": "5,0", "dir": "07"}, {"code": "1057B", "hourtmin": "00:47", "hourgust": "03:30", "hourtmax": "15:28", "sun": null, "altitude": "93", "prec": "0,0", "latitude": 432714, "hourpresmax": null, "province": "BIZKAIA", "tmed": "20,8", "tmin": "18,8", "presmax": null, "presmin": null, "hourpresmin": null, "date": "2018-08-11", "name": "MACHICHACO", "gust": "8,9", "tmax": "22,8", "longitude": 24510, "avgspeed": "5,3", "dir": "08"}, {"code": "1057B", "hourtmin": "05:12", "hourgust": "16:10", "hourtmax": "07:35", "sun": null, "altitude": "93", "prec": "9,0", "latitude": 432714, "hourpresmax": null, "province": "BIZKAIA", "tmed": "20,9", "tmin": "18,5", "presmax": null, "presmin": null, "hourpresmin": null, "date": "2018-08-12", "name": "MACHICHACO", "gust": "13,1", "tmax": "23,3", "longitude": 24510, "avgspeed": "5,3", "dir": "28"}, {"code": "1057B", "hourtmin": "05:06", "hourgust": "22:00", "hourtmax": "12:18", "sun": null, "altitude": "93", "prec": "1,8", "latitude": 432714, "hourpresmax": null, "province": "BIZKAIA", "tmed": "19,8", "tmin": "18,1", "presmax": null, "presmin": null, "hourpresmin": null, "date": "2018-08-13", "name": "MACHICHACO", "gust": "17,5", "tmax": "21,5", "longitude": 24510, "avgspeed": "9,7", "dir": "28"}, {"code": "1057B", "hourtmin": "00:01", "hourgust": "01:40", "hourtmax": "14:37", "sun": null, "altitude": "93", "prec": "0,6", "latitude": 432714, "hourpresmax": null, "province": "BIZKAIA", "tmed": "21,8", "tmin": "19,4", "presmax": null, "presmin": null, "hourpresmin": null, "date": "2018-08-14", "name": "MACHICHACO", "gust": "15,3", "tmax": "24,3", "longitude": 24510, "avgspeed": "4,4", "dir": "30"}, {"code": "1057B", "hourtmin": "02:54", "hourgust": "14:00", "hourtmax": "15:00", "sun": null, "altitude": "93", "prec": "0,0", "latitude": 432714, "hourpresmax": null, "province": "BIZKAIA", "tmed": "20,8", "tmin": "19,2", "presmax": null, "presmin": null, "hourpresmin": null, "date": "2018-08-15", "name": "MACHICHACO", "gust": "8,9", "tmax": "22,5", "longitude": 24510, "avgspeed": "5,3", "dir": "08"}, {"code": "1057B", "hourtmin": "00:53", "hourgust": "12:30", "hourtmax": "Varias", "sun": null, "altitude": "93", "prec": "12,6", "latitude": 432714, "hourpresmax": null, "province": "BIZKAIA", "tmed": "20,6", "tmin": "19,2", "presmax": null, "presmin": null, "hourpresmin": null, "date": "2018-08-16", "name": "MACHICHACO", "gust": "13,1", "tmax": "22,0", "longitude": 24510, "avgspeed": "6,7", "dir": "27"}, {"code": "1057B", "hourtmin": "05:15", "hourgust": "03:00", "hourtmax": "15:57", "sun": null, "altitude": "93", "prec": "3,8", "latitude": 432714, "hourpresmax": null, "province": "BIZKAIA", "tmed": "19,4", "tmin": "17,2", "presmax": null, "presmin": null, "hourpresmin": null, "date": "2018-08-17", "name": "MACHICHACO", "gust": "12,2", "tmax": "21,6", "longitude": 24510, "avgspeed": "3,3", "dir": "27"}, {"code": "1057B", "hourtmin": "05:03", "hourgust": "01:30", "hourtmax": "15:34", "sun": null, "altitude": "93", "prec": "0,0", "latitude": 432714, "hourpresmax": null, "province": "BIZKAIA", "tmed": "19,3", "tmin": "15,6", "presmax": null, "presmin": null, "hourpresmin": null, "date": "2018-08-18", "name": "MACHICHACO", "gust": "6,1", "tmax": "23,0", "longitude": 24510, "avgspeed": "1,7", "dir": "04"}, {"code": "1057B", "hourtmin": "02:23", "hourgust": "Varias", "hourtmax": "12:52", "sun": null, "altitude": "93", "prec": "0,0", "latitude": 432714, "hourpresmax": null, "province": "BIZKAIA", "tmed": "20,2", "tmin": "17,1", "presmax": null, "presmin": null, "hourpresmin": null, "date": "2018-08-19", "name": "MACHICHACO", "gust": "3,6", "tmax": "23,3", "longitude": 24510, "avgspeed": "1,9", "dir": "99"}, {"code": "1057B", "hourtmin": "05:40", "hourgust": "Varias", "hourtmax": "10:54", "sun": null, "altitude": "93", "prec": "0,0", "latitude": 432714, "hourpresmax": null, "province": "BIZKAIA", "tmed": "20,6", "tmin": "18,0", "presmax": null, "presmin": null, "hourpresmin": null, "date": "2018-08-20", "name": "MACHICHACO", "gust": "3,6", "tmax": "23,1", "longitude": 24510, "avgspeed": "1,1", "dir": "99"}, {"code": "1057B", "hourtmin": "00:21", "hourgust": "15:50", "hourtmax": "14:47", "sun": null, "altitude": "93", "prec": "0,0", "latitude": 432714, "hourpresmax": null, "province": "BIZKAIA", "tmed": "21,2", "tmin": "18,2", "presmax": null, "presmin": null, "hourpresmin": null, "date": "2018-08-21", "name": "MACHICHACO", "gust": "5,0", "tmax": "24,2", "longitude": 24510, "avgspeed": "1,7", "dir": "09"}, {"code": "1057B", "hourtmin": "03:22", "hourgust": "20:30", "hourtmax": "08:54", "sun": null, "altitude": "93", "prec": "0,0", "latitude": 432714, "hourpresmax": null, "province": "BIZKAIA", "tmed": "21,7", "tmin": "19,4", "presmax": null, "presmin": null, "hourpresmin": null, "date": "2018-08-22", "name": "MACHICHACO", "gust": "13,3", "tmax": "24,0", "longitude": 24510, "avgspeed": "4,7", "dir": "26"}, {"code": "1057B", "hourtmin": "Varias", "hourgust": "00:30", "hourtmax": "13:51", "sun": null, "altitude": "93", "prec": "3,0", "latitude": 432714, "hourpresmax": null, "province": "BIZKAIA", "tmed": "22,2", "tmin": "20,5", "presmax": null, "presmin": null, "hourpresmin": null, "date": "2018-08-23", "name": "MACHICHACO", "gust": "11,4", "tmax": "24,0", "longitude": 24510, "avgspeed": "3,3", "dir": "27"}, {"code": "1057B", "hourtmin": "07:02", "hourgust": "04:40", "hourtmax": "02:56", "sun": null, "altitude": "93", "prec": "0,4", "latitude": 432714, "hourpresmax": null, "province": "BIZKAIA", "tmed": "19,7", "tmin": "18,4", "presmax": null, "presmin": null, "hourpresmin": null, "date": "2018-08-24", "name": "MACHICHACO", "gust": "15,6", "tmax": "21,0", "longitude": 24510, "avgspeed": "5,6", "dir": "27"}, {"code": "1057B", "hourtmin": "23:18", "hourgust": "15:30", "hourtmax": "11:14", "sun": null, "altitude": "93", "prec": "0,0", "latitude": 432714, "hourpresmax": null, "province": "BIZKAIA", "tmed": "19,3", "tmin": "17,0", "presmax": null, "presmin": null, "hourpresmin": null, "date": "2018-08-25", "name": "MACHICHACO", "gust": "11,1", "tmax": "21,6", "longitude": 24510, "avgspeed": "5,6", "dir": "28"}, {"code": "1057B", "hourtmin": "05:33", "hourgust": "14:00", "hourtmax": "11:53", "sun": null, "altitude": "93", "prec": "0,0", "latitude": 432714, "hourpresmax": null, "province": "BIZKAIA", "tmed": "19,5", "tmin": "16,4", "presmax": null, "presmin": null, "hourpresmin": null, "date": "2018-08-26", "name": "MACHICHACO", "gust": "7,2", "tmax": "22,6", "longitude": 24510, "avgspeed": "2,8", "dir": "08"}, {"code": "1057B", "hourtmin": "01:14", "hourgust": "13:30", "hourtmax": "11:23", "sun": null, "altitude": "93", "prec": "0,0", "latitude": 432714, "hourpresmax": null, "province": "BIZKAIA", "tmed": "20,3", "tmin": "17,2", "presmax": null, "presmin": null, "hourpresmin": null, "date": "2018-08-27", "name": "MACHICHACO", "gust": "9,7", "tmax": "23,4", "longitude": 24510, "avgspeed": "5,0", "dir": "10"}, {"code": "1057B", "hourtmin": "04:27", "hourgust": "16:40", "hourtmax": "12:57", "sun": null, "altitude": "93", "prec": "7,6", "latitude": 432714, "hourpresmax": null, "province": "BIZKAIA", "tmed": "22,0", "tmin": "20,0", "presmax": null, "presmin": null, "hourpresmin": null, "date": "2018-08-28", "name": "MACHICHACO", "gust": "16,9", "tmax": "24,1", "longitude": 24510, "avgspeed": "6,4", "dir": "26"}, {"code": "1057B", "hourtmin": "24:00", "hourgust": "09:50", "hourtmax": "09:02", "sun": null, "altitude": "93", "prec": "9,8", "latitude": 432714, "hourpresmax": null, "province": "BIZKAIA", "tmed": "20,2", "tmin": "18,6", "presmax": null, "presmin": null, "hourpresmin": null, "date": "2018-08-29", "name": "MACHICHACO", "gust": "11,7", "tmax": "21,9", "longitude": 24510, "avgspeed": "4,2", "dir": "26"}, {"code": "1057B", "hourtmin": "03:03", "hourgust": "10:30", "hourtmax": "11:33", "sun": null, "altitude": "93", "prec": "0,0", "latitude": 432714, "hourpresmax": null, "province": "BIZKAIA", "tmed": "19,4", "tmin": "17,0", "presmax": null, "presmin": null, "hourpresmin": null, "date": "2018-08-30", "name": "MACHICHACO", "gust": "8,9", "tmax": "21,8", "longitude": 24510, "avgspeed": "2,8", "dir": "99"}, {"code": "1057B", "hourtmin": "04:16", "hourgust": "19:20", "hourtmax": "14:04", "sun": null, "altitude": "93", "prec": "0,0", "latitude": 432714, "hourpresmax": null, "province": "BIZKAIA", "tmed": "20,0", "tmin": "16,9", "presmax": null, "presmin": null, "hourpresmin": null, "date": "2018-08-31", "name": "MACHICHACO", "gust": "5,0", "tmax": "23,0", "longitude": 24510, "avgspeed": "1,9", "dir": "05"}, {"code": "1057B", "hourtmin": "Varias", "hourgust": "09:30", "hourtmax": "10:39", "sun": null, "altitude": "93", "prec": "0,0", "latitude": 432714, "hourpresmax": null, "province": "BIZKAIA", "tmed": "19,8", "tmin": "17,8", "presmax": null, "presmin": null, "hourpresmin": null, "date": "2018-09-01", "name": "MACHICHACO", "gust": "9,7", "tmax": "21,8", "longitude": 24510, "avgspeed": "5,3", "dir": "09"}, {"code": "1057B", "hourtmin": "23:54", "hourgust": "16:50", "hourtmax": "11:30", "sun": null, "altitude": "93", "prec": "0,0", "latitude": 432714, "hourpresmax": null, "province": "BIZKAIA", "tmed": "20,7", "tmin": "18,5", "presmax": null, "presmin": null, "hourpresmin": null, "date": "2018-09-02", "name": "MACHICHACO", "gust": "12,5", "tmax": "22,9", "longitude": 24510, "avgspeed": "6,9", "dir": "07"}]