[{"code": "1484C", "hourtmin": "23:59", "hourgust": null, "hourtmax": "13:00", "sun": "7,5", "altitude": "108", "prec": "0,6", "latitude": 422618, "hourpresmax": "12", "province": "PONTEVEDRA", "tmed": "19,5", "tmin": "16,0", "avgspeed": "1,7", "presmax": "1007,0", "presmin": "1003,9", "hourpresmin": "00", "date": "1985-10-01", "name": "PONTEVEDRA", "gust": null, "tmax": "23,0", "longitude": 83657}, {"code": "1484C", "hourtmin": "Varias", "hourgust": null, "hourtmax": "13:00", "sun": "4,0", "altitude": "108", "prec": "1,4", "latitude": 422618, "hourpresmax": "00", "province": "PONTEVEDRA", "tmed": "18,0", "tmin": "14,0", "avgspeed": "4,4", "presmax": "1006,2", "presmin": "1001,6", "hourpresmin": "24", "date": "1985-10-02", "name": "PONTEVEDRA", "gust": null, "tmax": "22,0", "longitude": 83657}, {"code": "1484C", "hourtmin": "23:59", "hourgust": null, "hourtmax": "12:00", "sun": "2,0", "altitude": "108", "prec": "29,2", "latitude": 422618, "hourpresmax": "00", "province": "PONTEVEDRA", "tmed": "18,3", "tmin": "13,8", "avgspeed": "3,1", "presmax": "1001,6", "presmin": "999,4", "hourpresmin": "15", "date": "1985-10-03", "name": "PONTEVEDRA", "gust": null, "tmax": "22,8", "longitude": 83657}, {"code": "1484C", "hourtmin": "06:00", "hourgust": null, "hourtmax": "13:00", "sun": "5,1", "altitude": "108", "prec": "10,0", "latitude": 422618, "hourpresmax": "24", "province": "PONTEVEDRA", "tmed": "16,9", "tmin": "13,6", "avgspeed": "0,6", "presmax": "1004,5", "presmin": "1001,4", "hourpresmin": "00", "date": "1985-10-04", "name": "PONTEVEDRA", "gust": null, "tmax": "20,2", "longitude": 83657}, {"code": "1484C", "hourtmin": "Varias", "hourgust": null, "hourtmax": "13:00", "sun": "7,0", "altitude": "108", "prec": "0,0", "latitude": 422618, "hourpresmax": "24", "province": "PONTEVEDRA", "tmed": "15,8", "tmin": "13,0", "avgspeed": "3,1", "presmax": "1009,0", "presmin": "1004,5", "hourpresmin": "Varias", "date": "1985-10-05", "name": "PONTEVEDRA", "gust": null, "tmax": "18,6", "longitude": 83657}, {"code": "1484C", "hourtmin": "06:00", "hourgust": null, "hourtmax": "16:00", "sun": "6,5", "altitude": "108", "prec": "0,5", "latitude": 422618, "hourpresmax": "00", "province": "PONTEVEDRA", "tmed": "18,3", "tmin": "14,6", "avgspeed": "4,2", "presmax": "1009,0", "presmin": "1005,6", "hourpresmin": "24", "date": "1985-10-06", "name": "PONTEVEDRA", "gust": null, "tmax": "22,0", "longitude": 83657}, {"code": "1484C", "hourtmin": "23:59", "hourgust": null, "hourtmax": "13:00", "sun": "0,5", "altitude": "108", "prec": "4,6", "latitude": 422618, "hourpresmax": "24", "province": "PONTEVEDRA", "tmed": "16,5", "tmin": "13,0", "avgspeed": "2,5", "presmax": "1016,1", "presmin": "1005,6", "hourpresmin": "00", "date": "1985-10-07", "name": "PONTEVEDRA", "gust": null, "tmax": "20,0", "longitude": 83657}, {"code": "1484C", "hourtmin": "Varias", "hourgust": null, "hourtmax": "14:00", "sun": "4,5", "altitude": "108", "prec": "0,0", "latitude": 422618, "hourpresmax": "09", "province": "PONTEVEDRA", "tmed": "15,5", "tmin": "11,0", "avgspeed": "1,1", "presmax": "1016,3", "presmin": "1012,6", "hourpresmin": "24", "date": "1985-10-08", "name": "PONTEVEDRA", "gust": null, "tmax": "20,0", "longitude": 83657}, {"code": "1484C", "hourtmin": "04:00", "hourgust": null, "hourtmax": "16:00", "sun": "4,7", "altitude": "108", "prec": "0,0", "latitude": 422618, "hourpresmax": "00", "province": "PONTEVEDRA", "tmed": "15,3", "tmin": "10,2", "avgspeed": "1,7", "presmax": "1012,6", "presmin": "1007,9", "hourpresmin": "18", "date": "1985-10-09", "name": "PONTEVEDRA", "gust": null, "tmax": "20,4", "longitude": 83657}, {"code": "1484C", "hourtmin": "07:00", "hourgust": null, "hourtmax": "16:00", "sun": "8,3", "altitude": "108", "prec": "0,0", "latitude": 422618, "hourpresmax": "00", "province": "PONTEVEDRA", "tmed": "19,7", "tmin": "12,8", "avgspeed": "0,3", "presmax": "1008,9", "presmin": "1007,4", "hourpresmin": "18", "date": "1985-10-10", "name": "PONTEVEDRA", "gust": null, "tmax": "26,6", "longitude": 83657}, {"code": "1484C", "hourtmin": "08:00", "hourgust": null, "hourtmax": "15:00", "sun": "8,3", "altitude": "108", "prec": "0,0", "latitude": 422618, "hourpresmax": "24", "province": "PONTEVEDRA", "tmed": "22,2", "tmin": "16,0", "avgspeed": "0,0", "presmax": "1010,9", "presmin": "1008,1", "hourpresmin": "Varias", "date": "1985-10-11", "name": "PONTEVEDRA", "gust": null, "tmax": "28,4", "longitude": 83657}, {"code": "1484C", "hourtmin": "07:00", "hourgust": null, "hourtmax": "14:00", "sun": "8,7", "altitude": "108", "prec": "0,0", "latitude": 422618, "hourpresmax": "24", "province": "PONTEVEDRA", "tmed": "22,8", "tmin": "17,0", "avgspeed": "0,0", "presmax": "1012,1", "presmin": "1010,2", "hourpresmin": "Varias", "date": "1985-10-12", "name": "PONTEVEDRA", "gust": null, "tmax": "28,6", "longitude": 83657}, {"code": "1484C", "hourtmin": "08:00", "hourgust": null, "hourtmax": "16:00", "sun": "8,4", "altitude": "108", "prec": "0,0", "latitude": 422618, "hourpresmax": "00", "province": "PONTEVEDRA", "tmed": "22,4", "tmin": "15,6", "avgspeed": "1,1", "presmax": "1012,1", "presmin": "1010,9", "hourpresmin": "Varias", "date": "1985-10-13", "name": "PONTEVEDRA", "gust": null, "tmax": "29,2", "longitude": 83657}, {"code": "1484C", "hourtmin": "05:00", "hourgust": null, "hourtmax": "14:00", "sun": "8,2", "altitude": "108", "prec": "0,0", "latitude": 422618, "hourpresmax": "09", "province": "PONTEVEDRA", "tmed": "22,5", "tmin": "16,0", "avgspeed": "1,7", "presmax": "1011,9", "presmin": "1008,9", "hourpresmin": "18", "date": "1985-10-14", "name": "PONTEVEDRA", "gust": null, "tmax": "29,0", "longitude": 83657}, {"code": "1484C", "hourtmin": "23:59", "hourgust": null, "hourtmax": "12:30", "sun": "8,1", "altitude": "108", "prec": "0,0", "latitude": 422618, "hourpresmax": "Varias", "province": "PONTEVEDRA", "tmed": "21,2", "tmin": "16,0", "avgspeed": "1,4", "presmax": "1009,1", "presmin": "1008,5", "hourpresmin": "Varias", "date": "1985-10-15", "name": "PONTEVEDRA", "gust": null, "tmax": "26,4", "longitude": 83657}, {"code": "1484C", "hourtmin": "Varias", "hourgust": null, "hourtmax": "Varias", "sun": "7,6", "altitude": "108", "prec": "0,0", "latitude": 422618, "hourpresmax": "00", "province": "PONTEVEDRA", "tmed": "19,5", "tmin": "14,8", "avgspeed": "0,8", "presmax": "1008,9", "presmin": "1006,4", "hourpresmin": "24", "date": "1985-10-16", "name": "PONTEVEDRA", "gust": null, "tmax": "24,2", "longitude": 83657}, {"code": "1484C", "hourtmin": "23:59", "hourgust": null, "hourtmax": "14:00", "sun": "8,0", "altitude": "108", "prec": "0,0", "latitude": 422618, "hourpresmax": "Varias", "province": "PONTEVEDRA", "tmed": "18,5", "tmin": "13,0", "avgspeed": "1,7", "presmax": "1006,4", "presmin": "1005,9", "hourpresmin": "Varias", "date": "1985-10-17", "name": "PONTEVEDRA", "gust": null, "tmax": "24,0", "longitude": 83657}, {"code": "1484C", "hourtmin": "Varias", "hourgust": null, "hourtmax": "13:00", "sun": "7,7", "altitude": "108", "prec": "0,0", "latitude": 422618, "hourpresmax": "Varias", "province": "PONTEVEDRA", "tmed": "15,3", "tmin": "11,0", "avgspeed": "0,6", "presmax": "1006,9", "presmin": "1005,9", "hourpresmin": "Varias", "date": "1985-10-18", "name": "PONTEVEDRA", "gust": null, "tmax": "19,6", "longitude": 83657}, {"code": "1484C", "hourtmin": "Varias", "hourgust": null, "hourtmax": "15:00", "sun": "7,5", "altitude": "108", "prec": "0,0", "latitude": 422618, "hourpresmax": "00", "province": "PONTEVEDRA", "tmed": "14,9", "tmin": "9,8", "avgspeed": "0,8", "presmax": "1006,2", "presmin": "1002,2", "hourpresmin": "Varias", "date": "1985-10-19", "name": "PONTEVEDRA", "gust": null, "tmax": "20,0", "longitude": 83657}, {"code": "1484C", "hourtmin": "08:00", "hourgust": null, "hourtmax": "15:00", "sun": "6,5", "altitude": "108", "prec": "0,0", "latitude": 422618, "hourpresmax": "24", "province": "PONTEVEDRA", "tmed": "15,5", "tmin": "11,0", "avgspeed": "1,4", "presmax": "1006,4", "presmin": "1002,6", "hourpresmin": "Varias", "date": "1985-10-20", "name": "PONTEVEDRA", "gust": null, "tmax": "20,0", "longitude": 83657}, {"code": "1484C", "hourtmin": "07:00", "hourgust": null, "hourtmax": "15:00", "sun": "8,3", "altitude": "108", "prec": "0,0", "latitude": 422618, "hourpresmax": "Varias", "province": "PONTEVEDRA", "tmed": "15,0", "tmin": "9,4", "avgspeed": "0,6", "presmax": "1008,6", "presmin": "1006,4", "hourpresmin": "Varias", "date": "1985-10-21", "name": "PONTEVEDRA", "gust": null, "tmax": "20,6", "longitude": 83657}, {"code": "1484C", "hourtmin": "06:00", "hourgust": null, "hourtmax": "15:00", "sun": "7,5", "altitude": "108", "prec": "0,0", "latitude": 422618, "hourpresmax": "00", "province": "PONTEVEDRA", "tmed": "15,8", "tmin": "9,6", "avgspeed": "0,6", "presmax": "1008,5", "presmin": "1006,6", "hourpresmin": "18", "date": "1985-10-22", "name": "PONTEVEDRA", "gust": null, "tmax": "22,0", "longitude": 83657}, {"code": "1484C", "hourtmin": "04:00", "hourgust": null, "hourtmax": "15:00", "sun": "8,2", "altitude": "108", "prec": "0,0", "latitude": 422618, "hourpresmax": "00", "province": "PONTEVEDRA", "tmed": "14,2", "tmin": "10,0", "avgspeed": "1,4", "presmax": "1007,1", "presmin": "1004,6", "hourpresmin": "15", "date": "1985-10-23", "name": "PONTEVEDRA", "gust": null, "tmax": "18,4", "longitude": 83657}, {"code": "1484C", "hourtmin": "05:00", "hourgust": null, "hourtmax": "15:00", "sun": "1,1", "altitude": "108", "prec": "0,0", "latitude": 422618, "hourpresmax": "24", "province": "PONTEVEDRA", "tmed": "14,2", "tmin": "10,8", "avgspeed": "1,9", "presmax": "1006,7", "presmin": "1005,2", "hourpresmin": "Varias", "date": "1985-10-24", "name": "PONTEVEDRA", "gust": null, "tmax": "17,6", "longitude": 83657}, {"code": "1484C", "hourtmin": "05:00", "hourgust": null, "hourtmax": "13:00", "sun": "8,0", "altitude": "108", "prec": "0,0", "latitude": 422618, "hourpresmax": "00", "province": "PONTEVEDRA", "tmed": "14,7", "tmin": "9,4", "avgspeed": "2,5", "presmax": "1006,7", "presmin": "1004,3", "hourpresmin": "Varias", "date": "1985-10-25", "name": "PONTEVEDRA", "gust": null, "tmax": "20,0", "longitude": 83657}, {"code": "1484C", "hourtmin": "Varias", "hourgust": null, "hourtmax": "Varias", "sun": "8,3", "altitude": "108", "prec": "0,0", "latitude": 422618, "hourpresmax": "24", "province": "PONTEVEDRA", "tmed": "14,5", "tmin": "8,0", "avgspeed": "1,9", "presmax": "1007,0", "presmin": "1005,5", "hourpresmin": "Varias", "date": "1985-10-26", "name": "PONTEVEDRA", "gust": null, "tmax": "21,0", "longitude": 83657}, {"code": "1484C", "hourtmin": "Varias", "hourgust": null, "hourtmax": "13:00", "sun": "8,8", "altitude": "108", "prec": "0,0", "latitude": 422618, "hourpresmax": "Varias", "province": "PONTEVEDRA", "tmed": "16,7", "tmin": "11,0", "avgspeed": "3,3", "presmax": "1011,1", "presmin": "1007,0", "hourpresmin": "Varias", "date": "1985-10-27", "name": "PONTEVEDRA", "gust": null, "tmax": "22,4", "longitude": 83657}, {"code": "1484C", "hourtmin": "23:59", "hourgust": null, "hourtmax": "15:00", "sun": "8,4", "altitude": "108", "prec": "0,0", "latitude": 422618, "hourpresmax": "00", "province": "PONTEVEDRA", "tmed": "16,5", "tmin": "12,0", "avgspeed": "1,9", "presmax": "1009,2", "presmin": "1004,3", "hourpresmin": "Varias", "date": "1985-10-28", "name": "PONTEVEDRA", "gust": null, "tmax": "21,0", "longitude": 83657}, {"code": "1484C", "hourtmin": "Varias", "hourgust": null, "hourtmax": "15:00", "sun": "7,9", "altitude": "108", "prec": "0,0", "latitude": 422618, "hourpresmax": "00", "province": "PONTEVEDRA", "tmed": "13,2", "tmin": "8,0", "avgspeed": "1,4", "presmax": "1004,3", "presmin": "999,5", "hourpresmin": "24", "date": "1985-10-29", "name": "PONTEVEDRA", "gust": null, "tmax": "18,4", "longitude": 83657}, {"code": "1484C", "hourtmin": "06:00", "hourgust": null, "hourtmax": "14:00", "sun": "5,9", "altitude": "108", "prec": "0,0", "latitude": 422618, "hourpresmax": "Varias", "province": "PONTEVEDRA", "tmed": "12,3", "tmin": "7,4", "avgspeed": "0,8", "presmax": "999,5", "presmin": "998,4", "hourpresmin": "Varias", "date": "1985-10-30", "name": "PONTEVEDRA", "gust": null, "tmax": "17,2", "longitude": 83657}, {"code": "1484C", "hourtmin": "23:59", "hourgust": null, "hourtmax": "15:00", "sun": "1,5", "altitude": "108", "prec": "0,0", "latitude": 422618, "hourpresmax": "24", "province": "PONTEVEDRA", "tmed": "12,2", "tmin": "9,0", "avgspeed": "0,8", "presmax": "999,9", "presmin": "996,6", "hourpresmin": "15", "date": "1985-10-31", "name": "PONTEVEDRA", "gust": null, "tmax": "15,4", "longitude": 83657}, {"code": "1484C", "hourtmin": "Varias", "hourgust": null, "hourtmax": "15:00", "sun": "6,5", "altitude": "108", "prec": "0,4", "latitude": 422618, "hourpresmax": "Varias", "province": "PONTEVEDRA", "tmed": "12,7", "tmin": "7,0", "avgspeed": "1,4", "presmax": "1000,8", "presmin": "998,7", "hourpresmin": "24", "date": "1985-11-01", "name": "PONTEVEDRA", "gust": null, "tmax": "18,4", "longitude": 83657}, {"code": "1484C", "hourtmin": "06:00", "hourgust": null, "hourtmax": "15:00", "sun": "2,6", "altitude": "108", "prec": "7,5", "latitude": 422618, "hourpresmax": "00", "province": "PONTEVEDRA", "tmed": "14,8", "tmin": "12,4", "avgspeed": "1,4", "presmax": "998,7", "presmin": "993,3", "hourpresmin": "Varias", "date": "1985-11-02", "name": "PONTEVEDRA", "gust": null, "tmax": "17,2", "longitude": 83657}, {"code": "1484C", "hourtmin": "04:00", "hourgust": null, "hourtmax": "13:00", "sun": "1,9", "altitude": "108", "prec": "14,0", "latitude": 422618, "hourpresmax": "13", "province": "PONTEVEDRA", "tmed": "15,5", "tmin": "12,8", "avgspeed": "0,6", "presmax": "996,9", "presmin": "991,1", "hourpresmin": "24", "date": "1985-11-03", "name": "PONTEVEDRA", "gust": null, "tmax": "18,2", "longitude": 83657}, {"code": "1484C", "hourtmin": "Varias", "hourgust": null, "hourtmax": "Varias", "sun": "0,0", "altitude": "108", "prec": "14,2", "latitude": 422618, "hourpresmax": "24", "province": "PONTEVEDRA", "tmed": "16,7", "tmin": "15,2", "avgspeed": "1,9", "presmax": "993,6", "presmin": "984,4", "hourpresmin": "09", "date": "1985-11-04", "name": "PONTEVEDRA", "gust": null, "tmax": "18,2", "longitude": 83657}, {"code": "1484C", "hourtmin": "Varias", "hourgust": null, "hourtmax": "15:00", "sun": "0,0", "altitude": "108", "prec": "41,8", "latitude": 422618, "hourpresmax": "24", "province": "PONTEVEDRA", "tmed": "17,4", "tmin": "16,0", "avgspeed": "3,3", "presmax": "1001,9", "presmin": "992,3", "hourpresmin": "Varias", "date": "1985-11-05", "name": "PONTEVEDRA", "gust": null, "tmax": "18,8", "longitude": 83657}, {"code": "1484C", "hourtmin": "06:00", "hourgust": null, "hourtmax": "15:00", "sun": "0,0", "altitude": "108", "prec": "4,0", "latitude": 422618, "hourpresmax": "24", "province": "PONTEVEDRA", "tmed": "17,3", "tmin": "15,4", "avgspeed": "4,4", "presmax": "1003,1", "presmin": "1001,2", "hourpresmin": "Varias", "date": "1985-11-06", "name": "PONTEVEDRA", "gust": null, "tmax": "19,2", "longitude": 83657}, {"code": "1484C", "hourtmin": "23:59", "hourgust": null, "hourtmax": "15:00", "sun": "0,5", "altitude": "108", "prec": "2,1", "latitude": 422618, "hourpresmax": "Varias", "province": "PONTEVEDRA", "tmed": "18,9", "tmin": "17,8", "avgspeed": "3,6", "presmax": "1004,3", "presmin": "1002,7", "hourpresmin": "24", "date": "1985-11-07", "name": "PONTEVEDRA", "gust": null, "tmax": "20,0", "longitude": 83657}, {"code": "1484C", "hourtmin": "23:59", "hourgust": null, "hourtmax": "15:00", "sun": "0,0", "altitude": "108", "prec": "24,9", "latitude": 422618, "hourpresmax": "00", "province": "PONTEVEDRA", "tmed": "17,6", "tmin": "16,2", "avgspeed": "4,2", "presmax": "1002,7", "presmin": "996,7", "hourpresmin": "Varias", "date": "1985-11-08", "name": "PONTEVEDRA", "gust": null, "tmax": "19,0", "longitude": 83657}, {"code": "1484C", "hourtmin": "23:59", "hourgust": null, "hourtmax": "00:00", "sun": "0,0", "altitude": "108", "prec": "74,0", "latitude": 422618, "hourpresmax": "24", "province": "PONTEVEDRA", "tmed": "14,1", "tmin": "12,0", "avgspeed": "1,7", "presmax": "1004,0", "presmin": "996,3", "hourpresmin": "Varias", "date": "1985-11-09", "name": "PONTEVEDRA", "gust": null, "tmax": "16,2", "longitude": 83657}, {"code": "1484C", "hourtmin": "23:59", "hourgust": null, "hourtmax": "14:00", "sun": "6,0", "altitude": "108", "prec": "1,2", "latitude": 422618, "hourpresmax": "24", "province": "PONTEVEDRA", "tmed": "13,2", "tmin": "10,4", "avgspeed": "1,4", "presmax": "1004,8", "presmin": "1002,5", "hourpresmin": "Varias", "date": "1985-11-10", "name": "PONTEVEDRA", "gust": null, "tmax": "16,0", "longitude": 83657}, {"code": "1484C", "hourtmin": "23:59", "hourgust": null, "hourtmax": "13:00", "sun": "0,0", "altitude": "108", "prec": "5,0", "latitude": 422618, "hourpresmax": "00", "province": "PONTEVEDRA", "tmed": "13,5", "tmin": "9,4", "avgspeed": "4,4", "presmax": "1004,8", "presmin": "993,1", "hourpresmin": "18", "date": "1985-11-11", "name": "PONTEVEDRA", "gust": null, "tmax": "17,6", "longitude": 83657}, {"code": "1484C", "hourtmin": "23:59", "hourgust": null, "hourtmax": "15:00", "sun": "2,3", "altitude": "108", "prec": "0,0", "latitude": 422618, "hourpresmax": "24", "province": "PONTEVEDRA", "tmed": "9,0", "tmin": "6,0", "avgspeed": "4,4", "presmax": "1005,7", "presmin": "993,2", "hourpresmin": "00", "date": "1985-11-12", "name": "PONTEVEDRA", "gust": null, "tmax": "12,0", "longitude": 83657}, {"code": "1484C", "hourtmin": "04:00", "hourgust": null, "hourtmax": "13:00", "sun": "8,0", "altitude": "108", "prec": "0,0", "latitude": 422618, "hourpresmax": "Varias", "province": "PONTEVEDRA", "tmed": "9,5", "tmin": "5,0", "avgspeed": "2,5", "presmax": "1009,5", "presmin": "1005,7", "hourpresmin": "00", "date": "1985-11-13", "name": "PONTEVEDRA", "gust": null, "tmax": "14,0", "longitude": 83657}, {"code": "1484C", "hourtmin": "07:00", "hourgust": null, "hourtmax": "15:00", "sun": "7,9", "altitude": "108", "prec": "0,0", "latitude": 422618, "hourpresmax": "24", "province": "PONTEVEDRA", "tmed": "8,6", "tmin": "4,0", "avgspeed": "0,8", "presmax": "1011,6", "presmin": "1009,1", "hourpresmin": "Varias", "date": "1985-11-14", "name": "PONTEVEDRA", "gust": null, "tmax": "13,2", "longitude": 83657}, {"code": "1484C", "hourtmin": "04:00", "hourgust": null, "hourtmax": "15:00", "sun": "8,0", "altitude": "108", "prec": "0,0", "latitude": 422618, "hourpresmax": "00", "province": "PONTEVEDRA", "tmed": "10,1", "tmin": "6,0", "avgspeed": "3,3", "presmax": "1011,6", "presmin": "1008,4", "hourpresmin": "15", "date": "1985-11-15", "name": "PONTEVEDRA", "gust": null, "tmax": "14,2", "longitude": 83657}, {"code": "1484C", "hourtmin": "Varias", "hourgust": null, "hourtmax": "15:00", "sun": "8,0", "altitude": "108", "prec": "0,0", "latitude": 422618, "hourpresmax": "Varias", "province": "PONTEVEDRA", "tmed": "10,7", "tmin": "6,4", "avgspeed": "2,8", "presmax": "1012,4", "presmin": "1009,1", "hourpresmin": "00", "date": "1985-11-16", "name": "PONTEVEDRA", "gust": null, "tmax": "15,0", "longitude": 83657}, {"code": "1484C", "hourtmin": "07:00", "hourgust": null, "hourtmax": "15:00", "sun": "7,8", "altitude": "108", "prec": "0,0", "latitude": 422618, "hourpresmax": "09", "province": "PONTEVEDRA", "tmed": "9,7", "tmin": "4,4", "avgspeed": "1,9", "presmax": "1012,5", "presmin": "1010,5", "hourpresmin": "24", "date": "1985-11-17", "name": "PONTEVEDRA", "gust": null, "tmax": "15,0", "longitude": 83657}, {"code": "1484C", "hourtmin": "02:00", "hourgust": null, "hourtmax": "15:00", "sun": "8,0", "altitude": "108", "prec": "0,0", "latitude": 422618, "hourpresmax": "00", "province": "PONTEVEDRA", "tmed": "11,4", "tmin": "7,8", "avgspeed": "3,6", "presmax": "1010,5", "presmin": "1004,7", "hourpresmin": "18", "date": "1985-11-18", "name": "PONTEVEDRA", "gust": null, "tmax": "15,0", "longitude": 83657}, {"code": "1484C", "hourtmin": "00:05", "hourgust": null, "hourtmax": "13:00", "sun": "8,0", "altitude": "108", "prec": "0,0", "latitude": 422618, "hourpresmax": "00", "province": "PONTEVEDRA", "tmed": "8,4", "tmin": "4,8", "avgspeed": "2,8", "presmax": "1005,2", "presmin": "1004,0", "hourpresmin": "Varias", "date": "1985-11-19", "name": "PONTEVEDRA", "gust": null, "tmax": "12,0", "longitude": 83657}, {"code": "1484C", "hourtmin": "Varias", "hourgust": null, "hourtmax": "15:00", "sun": "6,3", "altitude": "108", "prec": "0,0", "latitude": 422618, "hourpresmax": "24", "province": "PONTEVEDRA", "tmed": "6,1", "tmin": "1,0", "avgspeed": "1,4", "presmax": "1007,1", "presmin": "1004,0", "hourpresmin": "15", "date": "1985-11-20", "name": "PONTEVEDRA", "gust": null, "tmax": "11,2", "longitude": 83657}, {"code": "1484C", "hourtmin": "Varias", "hourgust": null, "hourtmax": "15:00", "sun": "2,8", "altitude": "108", "prec": "0,0", "latitude": 422618, "hourpresmax": "24", "province": "PONTEVEDRA", "tmed": "6,6", "tmin": "2,2", "avgspeed": "1,1", "presmax": "1009,5", "presmin": "1007,1", "hourpresmin": "00", "date": "1985-11-21", "name": "PONTEVEDRA", "gust": null, "tmax": "11,0", "longitude": 83657}, {"code": "1484C", "hourtmin": "Varias", "hourgust": null, "hourtmax": "14:00", "sun": "7,6", "altitude": "108", "prec": "0,0", "latitude": 422618, "hourpresmax": "Varias", "province": "PONTEVEDRA", "tmed": "9,1", "tmin": "4,2", "avgspeed": "1,7", "presmax": "1010,7", "presmin": "1008,9", "hourpresmin": "18", "date": "1985-11-22", "name": "PONTEVEDRA", "gust": null, "tmax": "14,0", "longitude": 83657}, {"code": "1484C", "hourtmin": "09:00", "hourgust": null, "hourtmax": "13:00", "sun": "7,7", "altitude": "108", "prec": "0,0", "latitude": 422618, "hourpresmax": "00", "province": "PONTEVEDRA", "tmed": "9,0", "tmin": "4,4", "avgspeed": "0,8", "presmax": "1010,7", "presmin": "1005,6", "hourpresmin": "18", "date": "1985-11-23", "name": "PONTEVEDRA", "gust": null, "tmax": "13,6", "longitude": 83657}, {"code": "1484C", "hourtmin": "07:00", "hourgust": null, "hourtmax": "15:00", "sun": "0,0", "altitude": "108", "prec": "0,0", "latitude": 422618, "hourpresmax": "00", "province": "PONTEVEDRA", "tmed": "6,7", "tmin": "4,0", "avgspeed": "0,6", "presmax": "1006,3", "presmin": "995,9", "hourpresmin": "24", "date": "1985-11-24", "name": "PONTEVEDRA", "gust": null, "tmax": "9,4", "longitude": 83657}, {"code": "1484C", "hourtmin": "04:00", "hourgust": null, "hourtmax": "12:00", "sun": "0,3", "altitude": "108", "prec": "1,7", "latitude": 422618, "hourpresmax": "00", "province": "PONTEVEDRA", "tmed": "10,5", "tmin": "8,0", "avgspeed": "2,8", "presmax": "995,9", "presmin": "984,9", "hourpresmin": "24", "date": "1985-11-25", "name": "PONTEVEDRA", "gust": null, "tmax": "13,0", "longitude": 83657}, {"code": "1484C", "hourtmin": "23:59", "hourgust": null, "hourtmax": "15:00", "sun": "0,0", "altitude": "108", "prec": "0,1", "latitude": 422618, "hourpresmax": "24", "province": "PONTEVEDRA", "tmed": "9,3", "tmin": "7,0", "avgspeed": "0,3", "presmax": "990,5", "presmin": "984,9", "hourpresmin": "Varias", "date": "1985-11-26", "name": "PONTEVEDRA", "gust": null, "tmax": "11,6", "longitude": 83657}, {"code": "1484C", "hourtmin": "23:59", "hourgust": null, "hourtmax": "14:00", "sun": "7,7", "altitude": "108", "prec": "0,0", "latitude": 422618, "hourpresmax": "24", "province": "PONTEVEDRA", "tmed": "8,0", "tmin": "4,0", "avgspeed": "3,1", "presmax": "1003,6", "presmin": "990,5", "hourpresmin": "00", "date": "1985-11-27", "name": "PONTEVEDRA", "gust": null, "tmax": "12,0", "longitude": 83657}, {"code": "1484C", "hourtmin": "07:00", "hourgust": null, "hourtmax": "15:00", "sun": "4,0", "altitude": "108", "prec": "10,6", "latitude": 422618, "hourpresmax": "12", "province": "PONTEVEDRA", "tmed": "6,2", "tmin": "1,4", "avgspeed": "1,1", "presmax": "1006,0", "presmin": "1002,5", "hourpresmin": "24", "date": "1985-11-28", "name": "PONTEVEDRA", "gust": null, "tmax": "11,0", "longitude": 83657}, {"code": "1484C", "hourtmin": "06:00", "hourgust": null, "hourtmax": "23:59", "sun": "0,0", "altitude": "108", "prec": "30,2", "latitude": 422618, "hourpresmax": "00", "province": "PONTEVEDRA", "tmed": "11,3", "tmin": "8,2", "avgspeed": "3,6", "presmax": "1002,5", "presmin": "998,7", "hourpresmin": "Varias", "date": "1985-11-29", "name": "PONTEVEDRA", "gust": null, "tmax": "14,4", "longitude": 83657}, {"code": "1484C", "hourtmin": "Varias", "hourgust": null, "hourtmax": "23:59", "sun": "0,2", "altitude": "108", "prec": "5,6", "latitude": 422618, "hourpresmax": "Varias", "province": "PONTEVEDRA", "tmed": "15,2", "tmin": "13,4", "avgspeed": "5,0", "presmax": "999,2", "presmin": "998,1", "hourpresmin": "Varias", "date": "1985-11-30", "name": "PONTEVEDRA", "gust": null, "tmax": "17,0", "longitude": 83657}, {"code": "1484C", "hourtmin": "Varias", "hourgust": null, "hourtmax": "23:59", "sun": "0,0", "altitude": "108", "prec": "11,3", "latitude": 422618, "hourpresmax": "24", "province": "PONTEVEDRA", "tmed": "16,6", "tmin": "15,0", "avgspeed": "5,3", "presmax": "1002,3", "presmin": "997,1", "hourpresmin": "Varias", "date": "1985-12-01", "name": "PONTEVEDRA", "gust": null, "tmax": "18,2", "longitude": 83657}, {"code": "1484C", "hourtmin": "00:00", "hourgust": null, "hourtmax": "15:00", "sun": "0,1", "altitude": "108", "prec": "13,2", "latitude": 422618, "hourpresmax": "24", "province": "PONTEVEDRA", "tmed": "20,8", "tmin": "18,2", "avgspeed": "6,7", "presmax": "1004,9", "presmin": "1000,1", "hourpresmin": "Varias", "date": "1985-12-02", "name": "PONTEVEDRA", "gust": null, "tmax": "23,4", "longitude": 83657}, {"code": "1484C", "hourtmin": "23:59", "hourgust": null, "hourtmax": "00:00", "sun": "0,0", "altitude": "108", "prec": "24,7", "latitude": 422618, "hourpresmax": "Varias", "province": "PONTEVEDRA", "tmed": "16,3", "tmin": "13,0", "avgspeed": "4,2", "presmax": "1005,7", "presmin": "1003,6", "hourpresmin": "Varias", "date": "1985-12-03", "name": "PONTEVEDRA", "gust": null, "tmax": "19,6", "longitude": 83657}, {"code": "1484C", "hourtmin": "23:59", "hourgust": null, "hourtmax": "12:00", "sun": "2,0", "altitude": "108", "prec": "34,9", "latitude": 422618, "hourpresmax": "00", "province": "PONTEVEDRA", "tmed": "15,2", "tmin": "11,4", "avgspeed": "2,2", "presmax": "1005,3", "presmin": "993,9", "hourpresmin": "18", "date": "1985-12-04", "name": "PONTEVEDRA", "gust": null, "tmax": "19,0", "longitude": 83657}, {"code": "1484C", "hourtmin": "23:59", "hourgust": null, "hourtmax": "15:00", "sun": "1,0", "altitude": "108", "prec": "8,5", "latitude": 422618, "hourpresmax": "24", "province": "PONTEVEDRA", "tmed": "10,5", "tmin": "8,4", "avgspeed": "0,3", "presmax": "1007,6", "presmin": "991,7", "hourpresmin": "Varias", "date": "1985-12-05", "name": "PONTEVEDRA", "gust": null, "tmax": "12,6", "longitude": 83657}, {"code": "1484C", "hourtmin": "01:00", "hourgust": null, "hourtmax": "16:00", "sun": "2,0", "altitude": "108", "prec": "4,0", "latitude": 422618, "hourpresmax": "12", "province": "PONTEVEDRA", "tmed": "11,5", "tmin": "8,0", "avgspeed": "2,8", "presmax": "1010,9", "presmin": "1007,1", "hourpresmin": "24", "date": "1985-12-06", "name": "PONTEVEDRA", "gust": null, "tmax": "15,0", "longitude": 83657}, {"code": "1484C", "hourtmin": "23:59", "hourgust": null, "hourtmax": "Varias", "sun": "1,0", "altitude": "108", "prec": "25,0", "latitude": 422618, "hourpresmax": "00", "province": "PONTEVEDRA", "tmed": "10,9", "tmin": "8,6", "avgspeed": "2,2", "presmax": "1007,1", "presmin": "1000,8", "hourpresmin": "09", "date": "1985-12-07", "name": "PONTEVEDRA", "gust": null, "tmax": "13,2", "longitude": 83657}, {"code": "1484C", "hourtmin": "23:59", "hourgust": null, "hourtmax": "14:00", "sun": "0,5", "altitude": "108", "prec": "4,0", "latitude": 422618, "hourpresmax": "24", "province": "PONTEVEDRA", "tmed": "7,6", "tmin": "4,4", "avgspeed": "1,1", "presmax": "1006,1", "presmin": "1001,3", "hourpresmin": "Varias", "date": "1985-12-08", "name": "PONTEVEDRA", "gust": null, "tmax": "10,8", "longitude": 83657}, {"code": "1484C", "hourtmin": "07:00", "hourgust": null, "hourtmax": "14:00", "sun": "0,0", "altitude": "108", "prec": "7,0", "latitude": 422618, "hourpresmax": "Varias", "province": "PONTEVEDRA", "tmed": "6,0", "tmin": "3,0", "avgspeed": "0,6", "presmax": "1008,0", "presmin": "1006,0", "hourpresmin": "24", "date": "1985-12-09", "name": "PONTEVEDRA", "gust": null, "tmax": "9,0", "longitude": 83657}, {"code": "1484C", "hourtmin": "Varias", "hourgust": null, "hourtmax": "Varias", "sun": null, "altitude": "108", "prec": "7,0", "latitude": 422618, "hourpresmax": "24", "province": "PONTEVEDRA", "tmed": "8,9", "tmin": "7,6", "avgspeed": "0,3", "presmax": "1008,0", "presmin": "1004,8", "hourpresmin": "Varias", "date": "1985-12-10", "name": "PONTEVEDRA", "gust": null, "tmax": "10,2", "longitude": 83657}, {"code": "1484C", "hourtmin": "23:59", "hourgust": null, "hourtmax": "16:00", "sun": "7,4", "altitude": "108", "prec": "0,0", "latitude": 422618, "hourpresmax": "24", "province": "PONTEVEDRA", "tmed": "9,0", "tmin": "4,4", "avgspeed": "0,8", "presmax": "1013,6", "presmin": "1008,0", "hourpresmin": "00", "date": "1985-12-11", "name": "PONTEVEDRA", "gust": null, "tmax": "13,6", "longitude": 83657}, {"code": "1484C", "hourtmin": "09:00", "hourgust": null, "hourtmax": "16:00", "sun": "7,0", "altitude": "108", "prec": "0,0", "latitude": 422618, "hourpresmax": "24", "province": "PONTEVEDRA", "tmed": "7,4", "tmin": "2,8", "avgspeed": "1,9", "presmax": "1019,7", "presmin": "1013,6", "hourpresmin": "00", "date": "1985-12-12", "name": "PONTEVEDRA", "gust": null, "tmax": "12,0", "longitude": 83657}, {"code": "1484C", "hourtmin": "Varias", "hourgust": null, "hourtmax": "16:00", "sun": "7,5", "altitude": "108", "prec": "0,0", "latitude": 422618, "hourpresmax": "00", "province": "PONTEVEDRA", "tmed": "8,4", "tmin": "3,4", "avgspeed": "0,0", "presmax": "1019,7", "presmin": "1015,3", "hourpresmin": "24", "date": "1985-12-13", "name": "PONTEVEDRA", "gust": null, "tmax": "13,4", "longitude": 83657}, {"code": "1484C", "hourtmin": "Varias", "hourgust": null, "hourtmax": "15:00", "sun": "7,5", "altitude": "108", "prec": "0,0", "latitude": 422618, "hourpresmax": "00", "province": "PONTEVEDRA", "tmed": "9,5", "tmin": "4,6", "avgspeed": "0,3", "presmax": "1015,3", "presmin": "1012,8", "hourpresmin": "Varias", "date": "1985-12-14", "name": "PONTEVEDRA", "gust": null, "tmax": "14,4", "longitude": 83657}, {"code": "1484C", "hourtmin": "Varias", "hourgust": null, "hourtmax": "14:00", "sun": "7,5", "altitude": "108", "prec": "0,0", "latitude": 422618, "hourpresmax": "24", "province": "PONTEVEDRA", "tmed": "10,5", "tmin": "6,0", "avgspeed": "0,0", "presmax": "1017,2", "presmin": "1013,3", "hourpresmin": "00", "date": "1985-12-15", "name": "PONTEVEDRA", "gust": null, "tmax": "15,0", "longitude": 83657}, {"code": "1484C", "hourtmin": "23:59", "hourgust": null, "hourtmax": "14:00", "sun": "7,4", "altitude": "108", "prec": "0,0", "latitude": 422618, "hourpresmax": "Varias", "province": "PONTEVEDRA", "tmed": "11,0", "tmin": "6,0", "avgspeed": "0,0", "presmax": "1018,0", "presmin": "1016,9", "hourpresmin": "15", "date": "1985-12-16", "name": "PONTEVEDRA", "gust": null, "tmax": "16,0", "longitude": 83657}, {"code": "1484C", "hourtmin": "09:00", "hourgust": null, "hourtmax": "15:00", "sun": "7,0", "altitude": "108", "prec": "0,0", "latitude": 422618, "hourpresmax": "00", "province": "PONTEVEDRA", "tmed": "9,4", "tmin": "4,8", "avgspeed": "0,6", "presmax": "1017,2", "presmin": "1012,8", "hourpresmin": "24", "date": "1985-12-17", "name": "PONTEVEDRA", "gust": null, "tmax": "14,0", "longitude": 83657}, {"code": "1484C", "hourtmin": "04:00", "hourgust": null, "hourtmax": "15:00", "sun": "3,0", "altitude": "108", "prec": "0,0", "latitude": 422618, "hourpresmax": "00", "province": "PONTEVEDRA", "tmed": "11,4", "tmin": "7,4", "avgspeed": "1,4", "presmax": "1012,8", "presmin": "1010,0", "hourpresmin": "24", "date": "1985-12-18", "name": "PONTEVEDRA", "gust": null, "tmax": "15,4", "longitude": 83657}, {"code": "1484C", "hourtmin": "23:59", "hourgust": null, "hourtmax": "16:00", "sun": "6,5", "altitude": "108", "prec": "0,0", "latitude": 422618, "hourpresmax": "24", "province": "PONTEVEDRA", "tmed": "11,7", "tmin": "8,0", "avgspeed": "0,6", "presmax": "1011,7", "presmin": "1009,6", "hourpresmin": "15", "date": "1985-12-19", "name": "PONTEVEDRA", "gust": null, "tmax": "15,4", "longitude": 83657}, {"code": "1484C", "hourtmin": "Varias", "hourgust": null, "hourtmax": "14:00", "sun": "7,2", "altitude": "108", "prec": "0,0", "latitude": 422618, "hourpresmax": "Varias", "province": "PONTEVEDRA", "tmed": "9,4", "tmin": "5,4", "avgspeed": "1,9", "presmax": "1013,5", "presmin": "1011,7", "hourpresmin": "00", "date": "1985-12-20", "name": "PONTEVEDRA", "gust": null, "tmax": "13,4", "longitude": 83657}, {"code": "1484C", "hourtmin": "00:00", "hourgust": null, "hourtmax": "17:00", "sun": "2,8", "altitude": "108", "prec": "35,1", "latitude": 422618, "hourpresmax": "00", "province": "PONTEVEDRA", "tmed": "9,4", "tmin": "5,4", "avgspeed": "7,8", "presmax": "1013,1", "presmin": "999,5", "hourpresmin": "24", "date": "1985-12-21", "name": "PONTEVEDRA", "gust": null, "tmax": "13,4", "longitude": 83657}, {"code": "1484C", "hourtmin": "23:59", "hourgust": null, "hourtmax": "02:00", "sun": "1,5", "altitude": "108", "prec": "16,0", "latitude": 422618, "hourpresmax": "24", "province": "PONTEVEDRA", "tmed": "9,5", "tmin": "6,0", "avgspeed": "6,1", "presmax": "1005,6", "presmin": "998,1", "hourpresmin": "Varias", "date": "1985-12-22", "name": "PONTEVEDRA", "gust": null, "tmax": "13,0", "longitude": 83657}, {"code": "1484C", "hourtmin": "09:00", "hourgust": null, "hourtmax": "23:59", "sun": "0,0", "altitude": "108", "prec": "33,0", "latitude": 422618, "hourpresmax": "Varias", "province": "PONTEVEDRA", "tmed": "9,5", "tmin": "5,0", "avgspeed": "3,9", "presmax": "1009,3", "presmin": "1002,9", "hourpresmin": "24", "date": "1985-12-23", "name": "PONTEVEDRA", "gust": null, "tmax": "14,0", "longitude": 83657}, {"code": "1484C", "hourtmin": "23:59", "hourgust": null, "hourtmax": "Varias", "sun": "0,0", "altitude": "108", "prec": "45,0", "latitude": 422618, "hourpresmax": "00", "province": "PONTEVEDRA", "tmed": "13,0", "tmin": "11,0", "avgspeed": "4,2", "presmax": "1002,9", "presmin": "997,1", "hourpresmin": "Varias", "date": "1985-12-24", "name": "PONTEVEDRA", "gust": null, "tmax": "15,0", "longitude": 83657}, {"code": "1484C", "hourtmin": "23:59", "hourgust": null, "hourtmax": "14:00", "sun": "1,0", "altitude": "108", "prec": "21,0", "latitude": 422618, "hourpresmax": "24", "province": "PONTEVEDRA", "tmed": "11,0", "tmin": "9,0", "avgspeed": "4,2", "presmax": "998,3", "presmin": "994,8", "hourpresmin": "Varias", "date": "1985-12-25", "name": "PONTEVEDRA", "gust": null, "tmax": "13,0", "longitude": 83657}, {"code": "1484C", "hourtmin": "Varias", "hourgust": null, "hourtmax": "14:00", "sun": "2,0", "altitude": "108", "prec": "40,0", "latitude": 422618, "hourpresmax": "Varias", "province": "PONTEVEDRA", "tmed": "9,7", "tmin": "7,4", "avgspeed": "2,8", "presmax": "998,3", "presmin": "993,5", "hourpresmin": "24", "date": "1985-12-26", "name": "PONTEVEDRA", "gust": null, "tmax": "12,0", "longitude": 83657}, {"code": "1484C", "hourtmin": "23:59", "hourgust": null, "hourtmax": "15:00", "sun": "0,0", "altitude": "108", "prec": "1,6", "latitude": 422618, "hourpresmax": "Varias", "province": "PONTEVEDRA", "tmed": "8,3", "tmin": "6,2", "avgspeed": "1,1", "presmax": "993,5", "presmin": "985,9", "hourpresmin": "24", "date": "1985-12-27", "name": "PONTEVEDRA", "gust": null, "tmax": "10,4", "longitude": 83657}, {"code": "1484C", "hourtmin": "Varias", "hourgust": null, "hourtmax": "Varias", "sun": "7,3", "altitude": "108", "prec": "0,0", "latitude": 422618, "hourpresmax": "24", "province": "PONTEVEDRA", "tmed": "7,5", "tmin": "5,0", "avgspeed": "0,6", "presmax": "989,3", "presmin": "984,5", "hourpresmin": "Varias", "date": "1985-12-28", "name": "PONTEVEDRA", "gust": null, "tmax": "10,0", "longitude": 83657}, {"code": "1484C", "hourtmin": "Varias", "hourgust": null, "hourtmax": "14:00", "sun": "7,3", "altitude": "108", "prec": "0,0", "latitude": 422618, "hourpresmax": "24", "province": "PONTEVEDRA", "tmed": "8,2", "tmin": "5,0", "avgspeed": "2,2", "presmax": "995,9", "presmin": "989,3", "hourpresmin": "Varias", "date": "1985-12-29", "name": "PONTEVEDRA", "gust": null, "tmax": "11,4", "longitude": 83657}, {"code": "1484C", "hourtmin": "Varias", "hourgust": null, "hourtmax": "Varias", "sun": "7,5", "altitude": "108", "prec": "10,0", "latitude": 422618, "hourpresmax": "Varias", "province": "PONTEVEDRA", "tmed": "6,0", "tmin": "3,0", "avgspeed": "1,7", "presmax": "1002,0", "presmin": "995,9", "hourpresmin": "00", "date": "1985-12-30", "name": "PONTEVEDRA", "gust": null, "tmax": "9,0", "longitude": 83657}, {"code": "1484C", "hourtmin": "03:00", "hourgust": null, "hourtmax": "23:59", "sun": "0,0", "altitude": "108", "prec": "41,0", "latitude": 422618, "hourpresmax": "18", "province": "PONTEVEDRA", "tmed": "8,0", "tmin": "5,0", "avgspeed": "1,1", "presmax": "1001,3", "presmin": "998,1", "hourpresmin": "Varias", "date": "1985-12-31", "name": "PONTEVEDRA", "gust": null, "tmax": "11,0", "longitude": 83657}]