[{"province": "GIPUZKOA", "hourtmax": null, "presmin": null, "code": "1014", "name": "HONDARRIBIA, MALKARROA", "presmax": null, "gust": null, "altitude": "4", "longitude": 14732, "hourpresmax": null, "date": "1955-08-18", "hourpresmin": null, "hourtmin": null, "avgspeed": "0,8", "latitude": 432125, "sun": null, "hourgust": null}, {"province": "GIPUZKOA", "hourtmax": null, "presmin": null, "code": "1014", "name": "HONDARRIBIA, MALKARROA", "presmax": null, "gust": null, "altitude": "4", "longitude": 14732, "hourpresmax": null, "date": "1955-08-19", "hourpresmin": null, "hourtmin": null, "avgspeed": "0,6", "latitude": 432125, "sun": null, "hourgust": null}, {"province": "GIPUZKOA", "hourtmax": null, "presmin": null, "code": "1014", "name": "HONDARRIBIA, MALKARROA", "presmax": null, "gust": null, "altitude": "4", "longitude": 14732, "hourpresmax": null, "date": "1955-08-20", "hourpresmin": null, "hourtmin": null, "avgspeed": "0,3", "latitude": 432125, "sun": null, "hourgust": null}, {"province": "GIPUZKOA", "hourtmax": null, "presmin": null, "code": "1014", "name": "HONDARRIBIA, MALKARROA", "presmax": null, "gust": null, "altitude": "4", "longitude": 14732, "hourpresmax": null, "date": "1955-08-21", "hourpresmin": null, "hourtmin": null, "avgspeed": "0,6", "latitude": 432125, "sun": null, "hourgust": null}, {"province": "GIPUZKOA", "hourtmax": null, "presmin": null, "code": "1014", "name": "HONDARRIBIA, MALKARROA", "presmax": null, "gust": null, "altitude": "4", "longitude": 14732, "hourpresmax": null, "date": "1955-08-22", "hourpresmin": null, "hourtmin": null, "avgspeed": "0,6", "latitude": 432125, "sun": null, "hourgust": null}, {"province": "GIPUZKOA", "hourtmax": null, "presmin": null, "code": "1014", "name": "HONDARRIBIA, MALKARROA", "presmax": null, "gust": null, "altitude": "4", "longitude": 14732, "hourpresmax": null, "date": "1955-08-23", "hourpresmin": null, "hourtmin": null, "avgspeed": "0,8", "latitude": 432125, "sun": null, "hourgust": null}, {"province": "GIPUZKOA", "hourtmax": null, "presmin": null, "code": "1014", "name": "HONDARRIBIA, MALKARROA", "presmax": null, "gust": null, "altitude": "4", "longitude": 14732, "hourpresmax": null, "date": "1955-08-24", "hourpresmin": null, "hourtmin": null, "avgspeed": "0,3", "latitude": 432125, "sun": null, "hourgust": null}, {"province": "GIPUZKOA", "hourtmax": null, "presmin": null, "code": "1014", "name": "HONDARRIBIA, MALKARROA", "presmax": null, "gust": null, "altitude": "4", "longitude": 14732, "hourpresmax": null, "date": "1955-08-25", "hourpresmin": null, "hourtmin": null, "avgspeed": "0,6", "latitude": 432125, "sun": null, "hourgust": null}, {"province": "GIPUZKOA", "hourtmax": null, "presmin": null, "code": "1014", "name": "HONDARRIBIA, MALKARROA", "presmax": null, "gust": null, "altitude": "4", "longitude": 14732, "hourpresmax": null, "date": "1955-08-26", "hourpresmin": null, "hourtmin": null, "avgspeed": "0,3", "latitude": 432125, "sun": null, "hourgust": null}, {"province": "GIPUZKOA", "hourtmax": null, "presmin": null, "code": "1014", "name": "HONDARRIBIA, MALKARROA", "presmax": null, "gust": null, "altitude": "4", "longitude": 14732, "hourpresmax": null, "date": "1955-08-27", "hourpresmin": null, "hourtmin": null, "avgspeed": "0,0", "latitude": 432125, "sun": null, "hourgust": null}, {"province": "GIPUZKOA", "hourtmax": null, "presmin": null, "code": "1014", "name": "HONDARRIBIA, MALKARROA", "presmax": null, "gust": null, "altitude": "4", "longitude": 14732, "hourpresmax": null, "date": "1955-08-28", "hourpresmin": null, "hourtmin": null, "avgspeed": "0,0", "latitude": 432125, "sun": null, "hourgust": null}, {"province": "GIPUZKOA", "hourtmax": null, "presmin": null, "code": "1014", "name": "HONDARRIBIA, MALKARROA", "presmax": null, "gust": null, "altitude": "4", "longitude": 14732, "hourpresmax": null, "date": "1955-08-29", "hourpresmin": null, "hourtmin": null, "avgspeed": "0,3", "latitude": 432125, "sun": null, "hourgust": null}, {"province": "GIPUZKOA", "hourtmax": null, "presmin": null, "code": "1014", "name": "HONDARRIBIA, MALKARROA", "presmax": null, "gust": null, "altitude": "4", "longitude": 14732, "hourpresmax": null, "date": "1955-08-30", "hourpresmin": null, "hourtmin": null, "avgspeed": "0,8", "latitude": 432125, "sun": null, "hourgust": null}, {"province": "GIPUZKOA", "hourtmax": null, "presmin": null, "code": "1014", "name": "HONDARRIBIA, MALKARROA", "presmax": null, "gust": null, "altitude": "4", "longitude": 14732, "hourpresmax": null, "date": "1955-08-31", "hourpresmin": null, "hourtmin": null, "avgspeed": "1,1", "latitude": 432125, "sun": null, "hourgust": null}, {"code": "1014", "hourtmin": null, "hourgust": null, "hourtmax": null, "sun": null, "altitude": "4", "latitude": 432125, "hourpresmax": null, "province": "GIPUZKOA", "tmed": "21,8", "tmin": "19,4", "presmax": null, "presmin": null, "hourpresmin": null, "date": "1955-09-01", "name": "HONDARRIBIA, MALKARROA", "avgspeed": null, "tmax": "24,2", "longitude": 14732, "gust": null}, {"code": "1014", "hourtmin": null, "hourgust": null, "hourtmax": null, "sun": null, "altitude": "4", "latitude": 432125, "hourpresmax": null, "province": "GIPUZKOA", "tmed": "21,0", "tmin": "17,0", "presmax": null, "presmin": null, "hourpresmin": null, "date": "1955-09-02", "name": "HONDARRIBIA, MALKARROA", "avgspeed": null, "tmax": "25,0", "longitude": 14732, "gust": null}, {"code": "1014", "hourtmin": null, "hourgust": "14:40", "hourtmax": null, "sun": null, "altitude": "4", "latitude": 432125, "hourpresmax": null, "province": "GIPUZKOA", "tmed": "21,3", "tmin": "18,0", "presmax": null, "presmin": null, "hourpresmin": null, "date": "1955-09-03", "name": "HONDARRIBIA, MALKARROA", "gust": "1,4", "tmax": "24,6", "longitude": 14732, "avgspeed": "0,3", "dir": "36"}, {"code": "1014", "hourtmin": null, "hourgust": null, "hourtmax": null, "sun": null, "altitude": "4", "latitude": 432125, "hourpresmax": null, "province": "GIPUZKOA", "tmed": "21,8", "tmin": "18,6", "presmax": null, "presmin": null, "hourpresmin": null, "date": "1955-09-04", "name": "HONDARRIBIA, MALKARROA", "avgspeed": null, "tmax": "25,0", "longitude": 14732, "gust": null}, {"code": "1014", "hourtmin": null, "hourgust": null, "hourtmax": null, "sun": null, "altitude": "4", "latitude": 432125, "hourpresmax": null, "province": "GIPUZKOA", "tmed": "20,3", "tmin": "15,2", "presmax": null, "presmin": null, "hourpresmin": null, "date": "1955-09-05", "name": "HONDARRIBIA, MALKARROA", "avgspeed": null, "tmax": "25,4", "longitude": 14732, "gust": null}, {"code": "1014", "hourtmin": null, "hourgust": null, "hourtmax": null, "sun": null, "altitude": "4", "latitude": 432125, "hourpresmax": null, "province": "GIPUZKOA", "tmed": "21,2", "tmin": "16,8", "presmax": null, "presmin": null, "hourpresmin": null, "date": "1955-09-06", "name": "HONDARRIBIA, MALKARROA", "avgspeed": null, "tmax": "25,6", "longitude": 14732, "gust": null}, {"code": "1014", "hourtmin": null, "hourgust": null, "hourtmax": null, "sun": null, "altitude": "4", "latitude": 432125, "hourpresmax": null, "province": "GIPUZKOA", "tmed": "21,2", "tmin": "17,5", "presmax": null, "presmin": null, "hourpresmin": null, "date": "1955-09-07", "name": "HONDARRIBIA, MALKARROA", "avgspeed": null, "tmax": "25,0", "longitude": 14732, "gust": null}, {"code": "1014", "hourtmin": null, "hourgust": null, "hourtmax": null, "sun": null, "altitude": "4", "latitude": 432125, "hourpresmax": null, "province": "GIPUZKOA", "tmed": "21,8", "tmin": "18,7", "presmax": null, "presmin": null, "hourpresmin": null, "date": "1955-09-08", "name": "HONDARRIBIA, MALKARROA", "avgspeed": null, "tmax": "24,8", "longitude": 14732, "gust": null}, {"code": "1014", "hourtmin": null, "hourgust": null, "hourtmax": null, "sun": null, "altitude": "4", "latitude": 432125, "hourpresmax": null, "province": "GIPUZKOA", "tmed": "20,0", "tmin": "15,0", "presmax": null, "presmin": null, "hourpresmin": null, "date": "1955-09-09", "name": "HONDARRIBIA, MALKARROA", "avgspeed": null, "tmax": "25,0", "longitude": 14732, "gust": null}, {"code": "1014", "hourtmin": null, "hourgust": null, "hourtmax": null, "sun": null, "altitude": "4", "latitude": 432125, "hourpresmax": null, "province": "GIPUZKOA", "tmed": "20,0", "tmin": "16,8", "presmax": null, "presmin": null, "hourpresmin": null, "date": "1955-09-10", "name": "HONDARRIBIA, MALKARROA", "avgspeed": null, "tmax": "23,2", "longitude": 14732, "gust": null}, {"code": "1014", "hourtmin": null, "hourgust": null, "hourtmax": null, "sun": null, "altitude": "4", "latitude": 432125, "hourpresmax": null, "province": "GIPUZKOA", "tmed": "18,2", "tmin": "13,3", "presmax": null, "presmin": null, "hourpresmin": null, "date": "1955-09-11", "name": "HONDARRIBIA, MALKARROA", "avgspeed": null, "tmax": "23,2", "longitude": 14732, "gust": null}, {"code": "1014", "hourtmin": null, "hourgust": null, "hourtmax": null, "sun": null, "altitude": "4", "latitude": 432125, "hourpresmax": null, "province": "GIPUZKOA", "tmed": "17,3", "tmin": "11,0", "presmax": null, "presmin": null, "hourpresmin": null, "date": "1955-09-12", "name": "HONDARRIBIA, MALKARROA", "avgspeed": null, "tmax": "23,6", "longitude": 14732, "gust": null}, {"code": "1014", "hourtmin": null, "hourgust": null, "hourtmax": null, "sun": null, "altitude": "4", "latitude": 432125, "hourpresmax": null, "province": "GIPUZKOA", "tmed": "19,4", "tmin": "15,2", "presmax": null, "presmin": null, "hourpresmin": null, "date": "1955-09-13", "name": "HONDARRIBIA, MALKARROA", "avgspeed": null, "tmax": "23,5", "longitude": 14732, "gust": null}, {"code": "1014", "hourtmin": null, "hourgust": "15:30", "hourtmax": null, "sun": null, "altitude": "4", "latitude": 432125, "hourpresmax": null, "province": "GIPUZKOA", "tmed": "17,7", "tmin": "15,0", "presmax": null, "presmin": null, "hourpresmin": null, "date": "1955-09-14", "name": "HONDARRIBIA, MALKARROA", "gust": "6,1", "tmax": "20,4", "longitude": 14732, "avgspeed": "0,8", "dir": "23"}, {"code": "1014", "hourtmin": null, "hourgust": null, "hourtmax": null, "sun": null, "altitude": "4", "latitude": 432125, "hourpresmax": null, "province": "GIPUZKOA", "tmed": "16,8", "tmin": "14,6", "presmax": null, "presmin": null, "hourpresmin": null, "date": "1955-09-15", "name": "HONDARRIBIA, MALKARROA", "avgspeed": null, "tmax": "19,0", "longitude": 14732, "gust": null}, {"code": "1014", "hourtmin": null, "hourgust": null, "hourtmax": null, "sun": null, "altitude": "4", "latitude": 432125, "hourpresmax": null, "province": "GIPUZKOA", "tmed": "17,4", "tmin": "12,8", "presmax": null, "presmin": null, "hourpresmin": null, "date": "1955-09-16", "name": "HONDARRIBIA, MALKARROA", "avgspeed": null, "tmax": "22,0", "longitude": 14732, "gust": null}, {"code": "1014", "hourtmin": null, "hourgust": null, "hourtmax": null, "sun": null, "altitude": "4", "latitude": 432125, "hourpresmax": null, "province": "GIPUZKOA", "tmed": "15,7", "tmin": "9,0", "presmax": null, "presmin": null, "hourpresmin": null, "date": "1955-09-17", "name": "HONDARRIBIA, MALKARROA", "gust": null, "tmax": "22,4", "longitude": 14732, "avgspeed": "0,3"}, {"code": "1014", "hourtmin": null, "hourgust": null, "hourtmax": null, "sun": null, "altitude": "4", "latitude": 432125, "hourpresmax": null, "province": "GIPUZKOA", "tmed": "17,7", "tmin": "11,8", "presmax": null, "presmin": null, "hourpresmin": null, "date": "1955-09-18", "name": "HONDARRIBIA, MALKARROA", "gust": null, "tmax": "23,6", "longitude": 14732, "avgspeed": "0,0"}, {"code": "1014", "hourtmin": null, "hourgust": null, "hourtmax": null, "sun": null, "altitude": "4", "latitude": 432125, "hourpresmax": null, "province": "GIPUZKOA", "tmed": "19,9", "tmin": "11,8", "presmax": null, "presmin": null, "hourpresmin": null, "date": "1955-09-19", "name": "HONDARRIBIA, MALKARROA", "avgspeed": null, "tmax": "28,0", "longitude": 14732, "gust": null}, {"code": "1014", "hourtmin": null, "hourgust": null, "hourtmax": null, "sun": null, "altitude": "4", "latitude": 432125, "hourpresmax": null, "province": "GIPUZKOA", "tmed": "20,9", "tmin": "13,8", "presmax": null, "presmin": null, "hourpresmin": null, "date": "1955-09-20", "name": "HONDARRIBIA, MALKARROA", "avgspeed": null, "tmax": "28,0", "longitude": 14732, "gust": null}, {"code": "1014", "hourtmin": null, "hourgust": null, "hourtmax": null, "sun": null, "altitude": "4", "latitude": 432125, "hourpresmax": null, "province": "GIPUZKOA", "tmed": "19,2", "tmin": "14,0", "presmax": null, "presmin": null, "hourpresmin": null, "date": "1955-09-21", "name": "HONDARRIBIA, MALKARROA", "avgspeed": null, "tmax": "24,5", "longitude": 14732, "gust": null}, {"code": "1014", "hourtmin": null, "hourgust": null, "hourtmax": null, "sun": null, "altitude": "4", "latitude": 432125, "hourpresmax": null, "province": "GIPUZKOA", "tmed": "18,5", "tmin": "15,0", "presmax": null, "presmin": null, "hourpresmin": null, "date": "1955-09-22", "name": "HONDARRIBIA, MALKARROA", "avgspeed": null, "tmax": "22,0", "longitude": 14732, "gust": null}, {"code": "1014", "hourtmin": null, "hourgust": "11:00", "hourtmax": null, "sun": null, "altitude": "4", "latitude": 432125, "hourpresmax": null, "province": "GIPUZKOA", "tmed": "19,0", "tmin": "15,8", "presmax": null, "presmin": null, "hourpresmin": null, "date": "1955-09-23", "name": "HONDARRIBIA, MALKARROA", "gust": "5,6", "tmax": "22,2", "longitude": 14732, "avgspeed": "0,8", "dir": "23"}, {"code": "1014", "hourtmin": null, "hourgust": null, "hourtmax": null, "sun": null, "altitude": "4", "latitude": 432125, "hourpresmax": null, "province": "GIPUZKOA", "tmed": "17,9", "tmin": "13,2", "presmax": null, "presmin": null, "hourpresmin": null, "date": "1955-09-24", "name": "HONDARRIBIA, MALKARROA", "avgspeed": null, "tmax": "22,6", "longitude": 14732, "gust": null}, {"code": "1014", "hourtmin": null, "hourgust": null, "hourtmax": null, "sun": null, "altitude": "4", "latitude": 432125, "hourpresmax": null, "province": "GIPUZKOA", "tmed": "18,2", "tmin": "13,6", "presmax": null, "presmin": null, "hourpresmin": null, "date": "1955-09-25", "name": "HONDARRIBIA, MALKARROA", "avgspeed": null, "tmax": "22,8", "longitude": 14732, "gust": null}, {"code": "1014", "hourtmin": null, "hourgust": null, "hourtmax": null, "sun": null, "altitude": "4", "latitude": 432125, "hourpresmax": null, "province": "GIPUZKOA", "tmed": "17,9", "tmin": "13,2", "presmax": null, "presmin": null, "hourpresmin": null, "date": "1955-09-26", "name": "HONDARRIBIA, MALKARROA", "avgspeed": null, "tmax": "22,6", "longitude": 14732, "gust": null}, {"code": "1014", "hourtmin": null, "hourgust": null, "hourtmax": null, "sun": null, "altitude": "4", "latitude": 432125, "hourpresmax": null, "province": "GIPUZKOA", "tmed": "16,5", "tmin": "13,0", "presmax": null, "presmin": null, "hourpresmin": null, "date": "1955-09-27", "name": "HONDARRIBIA, MALKARROA", "avgspeed": null, "tmax": "20,0", "longitude": 14732, "gust": null}, {"code": "1014", "hourtmin": null, "hourgust": null, "hourtmax": null, "sun": null, "altitude": "4", "latitude": 432125, "hourpresmax": null, "province": "GIPUZKOA", "tmed": "13,0", "tmin": "7,8", "presmax": null, "presmin": null, "hourpresmin": null, "date": "1955-09-28", "name": "HONDARRIBIA, MALKARROA", "avgspeed": null, "tmax": "18,2", "longitude": 14732, "gust": null}, {"code": "1014", "hourtmin": null, "hourgust": null, "hourtmax": null, "sun": null, "altitude": "4", "latitude": 432125, "hourpresmax": null, "province": "GIPUZKOA", "tmed": "13,8", "tmin": "8,5", "presmax": null, "presmin": null, "hourpresmin": null, "date": "1955-09-29", "name": "HONDARRIBIA, MALKARROA", "avgspeed": null, "tmax": "19,0", "longitude": 14732, "gust": null}, {"code": "1014", "hourtmin": null, "hourgust": null, "hourtmax": null, "sun": null, "altitude": "4", "latitude": 432125, "hourpresmax": null, "province": "GIPUZKOA", "tmed": "12,5", "tmin": "6,0", "presmax": null, "presmin": null, "hourpresmin": null, "date": "1955-09-30", "name": "HONDARRIBIA, MALKARROA", "avgspeed": null, "tmax": "19,0", "longitude": 14732, "gust": null}, {"code": "1014", "hourtmin": null, "hourgust": null, "hourtmax": null, "sun": null, "altitude": "4", "latitude": 432125, "hourpresmax": null, "province": "GIPUZKOA", "tmed": "13,6", "tmin": "6,5", "presmax": null, "presmin": null, "hourpresmin": null, "date": "1955-10-01", "name": "HONDARRIBIA, MALKARROA", "avgspeed": null, "tmax": "20,8", "longitude": 14732, "gust": null}, {"code": "1014", "hourtmin": null, "hourgust": null, "hourtmax": null, "sun": null, "altitude": "4", "latitude": 432125, "hourpresmax": null, "province": "GIPUZKOA", "tmed": "15,2", "tmin": "9,2", "presmax": null, "presmin": null, "hourpresmin": null, "date": "1955-10-02", "name": "HONDARRIBIA, MALKARROA", "avgspeed": null, "tmax": "21,2", "longitude": 14732, "gust": null}, {"code": "1014", "hourtmin": null, "hourgust": null, "hourtmax": null, "sun": null, "altitude": "4", "latitude": 432125, "hourpresmax": null, "province": "GIPUZKOA", "tmed": "14,2", "tmin": "9,5", "presmax": null, "presmin": null, "hourpresmin": null, "date": "1955-10-03", "name": "HONDARRIBIA, MALKARROA", "avgspeed": null, "tmax": "19,0", "longitude": 14732, "gust": null}, {"code": "1014", "hourtmin": null, "hourgust": null, "hourtmax": null, "sun": null, "altitude": "4", "latitude": 432125, "hourpresmax": null, "province": "GIPUZKOA", "tmed": "15,6", "tmin": "13,2", "presmax": null, "presmin": null, "hourpresmin": null, "date": "1955-10-04", "name": "HONDARRIBIA, MALKARROA", "avgspeed": null, "tmax": "18,1", "longitude": 14732, "gust": null}, {"code": "1014", "hourtmin": null, "hourgust": null, "hourtmax": null, "sun": null, "altitude": "4", "latitude": 432125, "hourpresmax": null, "province": "GIPUZKOA", "tmed": "13,2", "tmin": "6,8", "presmax": null, "presmin": null, "hourpresmin": null, "date": "1955-10-05", "name": "HONDARRIBIA, MALKARROA", "avgspeed": null, "tmax": "19,5", "longitude": 14732, "gust": null}, {"code": "1014", "hourtmin": null, "hourgust": "08:15", "hourtmax": null, "sun": null, "altitude": "4", "latitude": 432125, "hourpresmax": null, "province": "GIPUZKOA", "tmed": "16,3", "tmin": "13,3", "presmax": null, "presmin": null, "hourpresmin": null, "date": "1955-10-06", "name": "HONDARRIBIA, MALKARROA", "gust": "3,6", "tmax": "19,3", "longitude": 14732, "avgspeed": "0,6", "dir": "23"}, {"code": "1014", "hourtmin": null, "hourgust": null, "hourtmax": null, "sun": null, "altitude": "4", "latitude": 432125, "hourpresmax": null, "province": "GIPUZKOA", "tmed": "16,0", "tmin": "13,1", "presmax": null, "presmin": null, "hourpresmin": null, "date": "1955-10-07", "name": "HONDARRIBIA, MALKARROA", "avgspeed": null, "tmax": "19,0", "longitude": 14732, "gust": null}, {"code": "1014", "hourtmin": null, "hourgust": null, "hourtmax": null, "sun": null, "altitude": "4", "latitude": 432125, "hourpresmax": null, "province": "GIPUZKOA", "tmed": "17,0", "tmin": "15,0", "presmax": null, "presmin": null, "hourpresmin": null, "date": "1955-10-08", "name": "HONDARRIBIA, MALKARROA", "avgspeed": null, "tmax": "19,0", "longitude": 14732, "gust": null}, {"code": "1014", "hourtmin": null, "hourgust": null, "hourtmax": null, "sun": null, "altitude": "4", "latitude": 432125, "hourpresmax": null, "province": "GIPUZKOA", "tmed": "17,8", "tmin": "15,5", "presmax": null, "presmin": null, "hourpresmin": null, "date": "1955-10-09", "name": "HONDARRIBIA, MALKARROA", "avgspeed": null, "tmax": "20,0", "longitude": 14732, "gust": null}, {"code": "1014", "hourtmin": null, "hourgust": null, "hourtmax": null, "sun": null, "altitude": "4", "latitude": 432125, "hourpresmax": null, "province": "GIPUZKOA", "tmed": "16,0", "tmin": "10,2", "presmax": null, "presmin": null, "hourpresmin": null, "date": "1955-10-10", "name": "HONDARRIBIA, MALKARROA", "avgspeed": null, "tmax": "21,9", "longitude": 14732, "gust": null}, {"code": "1014", "hourtmin": null, "hourgust": null, "hourtmax": null, "sun": null, "altitude": "4", "latitude": 432125, "hourpresmax": null, "province": "GIPUZKOA", "tmed": "16,5", "tmin": "12,5", "presmax": null, "presmin": null, "hourpresmin": null, "date": "1955-10-11", "name": "HONDARRIBIA, MALKARROA", "avgspeed": null, "tmax": "20,5", "longitude": 14732, "gust": null}, {"code": "1014", "hourtmin": null, "hourgust": null, "hourtmax": null, "sun": null, "altitude": "4", "latitude": 432125, "hourpresmax": null, "province": "GIPUZKOA", "tmed": "13,2", "tmin": "6,0", "presmax": null, "presmin": null, "hourpresmin": null, "date": "1955-10-12", "name": "HONDARRIBIA, MALKARROA", "avgspeed": null, "tmax": "20,5", "longitude": 14732, "gust": null}, {"code": "1014", "hourtmin": null, "hourgust": null, "hourtmax": null, "sun": null, "altitude": "4", "latitude": 432125, "hourpresmax": null, "province": "GIPUZKOA", "tmed": "14,6", "tmin": "9,0", "presmax": null, "presmin": null, "hourpresmin": null, "date": "1955-10-13", "name": "HONDARRIBIA, MALKARROA", "avgspeed": null, "tmax": "20,2", "longitude": 14732, "gust": null}, {"code": "1014", "hourtmin": null, "hourgust": null, "hourtmax": null, "sun": null, "altitude": "4", "latitude": 432125, "hourpresmax": null, "province": "GIPUZKOA", "tmed": "14,6", "tmin": "8,7", "presmax": null, "presmin": null, "hourpresmin": null, "date": "1955-10-14", "name": "HONDARRIBIA, MALKARROA", "avgspeed": null, "tmax": "20,5", "longitude": 14732, "gust": null}, {"code": "1014", "hourtmin": null, "hourgust": null, "hourtmax": null, "sun": null, "altitude": "4", "latitude": 432125, "hourpresmax": null, "province": "GIPUZKOA", "tmed": "14,9", "tmin": "7,8", "presmax": null, "presmin": null, "hourpresmin": null, "date": "1955-10-15", "name": "HONDARRIBIA, MALKARROA", "avgspeed": null, "tmax": "22,0", "longitude": 14732, "gust": null}, {"code": "1014", "hourtmin": null, "hourgust": null, "hourtmax": null, "sun": null, "altitude": "4", "latitude": 432125, "hourpresmax": null, "province": "GIPUZKOA", "tmed": "14,2", "tmin": "10,5", "presmax": null, "presmin": null, "hourpresmin": null, "date": "1955-10-16", "name": "HONDARRIBIA, MALKARROA", "avgspeed": null, "tmax": "18,0", "longitude": 14732, "gust": null}, {"code": "1014", "hourtmin": null, "hourgust": null, "hourtmax": null, "sun": null, "altitude": "4", "latitude": 432125, "hourpresmax": null, "province": "GIPUZKOA", "tmed": "14,1", "tmin": "11,7", "presmax": null, "presmin": null, "hourpresmin": null, "date": "1955-10-17", "name": "HONDARRIBIA, MALKARROA", "avgspeed": null, "tmax": "16,5", "longitude": 14732, "gust": null}, {"code": "1014", "hourtmin": null, "hourgust": null, "hourtmax": null, "sun": null, "altitude": "4", "latitude": 432125, "hourpresmax": null, "province": "GIPUZKOA", "tmed": "12,1", "tmin": "6,7", "presmax": null, "presmin": null, "hourpresmin": null, "date": "1955-10-18", "name": "HONDARRIBIA, MALKARROA", "avgspeed": null, "tmax": "17,5", "longitude": 14732, "gust": null}, {"code": "1014", "hourtmin": null, "hourgust": null, "hourtmax": null, "sun": null, "altitude": "4", "latitude": 432125, "hourpresmax": null, "province": "GIPUZKOA", "tmed": "14,9", "tmin": "5,8", "presmax": null, "presmin": null, "hourpresmin": null, "date": "1955-10-19", "name": "HONDARRIBIA, MALKARROA", "avgspeed": null, "tmax": "24,0", "longitude": 14732, "gust": null}, {"code": "1014", "hourtmin": null, "hourgust": null, "hourtmax": null, "sun": null, "altitude": "4", "latitude": 432125, "hourpresmax": null, "province": "GIPUZKOA", "tmed": "17,8", "tmin": "12,6", "presmax": null, "presmin": null, "hourpresmin": null, "date": "1955-10-20", "name": "HONDARRIBIA, MALKARROA", "avgspeed": null, "tmax": "23,0", "longitude": 14732, "gust": null}, {"code": "1014", "hourtmin": null, "hourgust": null, "hourtmax": null, "sun": null, "altitude": "4", "latitude": 432125, "hourpresmax": null, "province": "GIPUZKOA", "tmed": "11,8", "tmin": "9,5", "presmax": null, "presmin": null, "hourpresmin": null, "date": "1955-10-21", "name": "HONDARRIBIA, MALKARROA", "avgspeed": null, "tmax": "14,0", "longitude": 14732, "gust": null}, {"code": "1014", "hourtmin": null, "hourgust": null, "hourtmax": null, "sun": null, "altitude": "4", "latitude": 432125, "hourpresmax": null, "province": "GIPUZKOA", "tmed": "10,3", "tmin": "7,6", "presmax": null, "presmin": null, "hourpresmin": null, "date": "1955-10-22", "name": "HONDARRIBIA, MALKARROA", "avgspeed": null, "tmax": "13,0", "longitude": 14732, "gust": null}, {"code": "1014", "hourtmin": null, "hourgust": null, "hourtmax": null, "sun": null, "altitude": "4", "latitude": 432125, "hourpresmax": null, "province": "GIPUZKOA", "tmed": "11,2", "tmin": "7,0", "presmax": null, "presmin": null, "hourpresmin": null, "date": "1955-10-23", "name": "HONDARRIBIA, MALKARROA", "avgspeed": null, "tmax": "15,5", "longitude": 14732, "gust": null}, {"code": "1014", "hourtmin": null, "hourgust": null, "hourtmax": null, "sun": null, "altitude": "4", "latitude": 432125, "hourpresmax": null, "province": "GIPUZKOA", "tmed": "11,2", "tmin": "7,0", "presmax": null, "presmin": null, "hourpresmin": null, "date": "1955-10-24", "name": "HONDARRIBIA, MALKARROA", "avgspeed": null, "tmax": "15,4", "longitude": 14732, "gust": null}, {"code": "1014", "hourtmin": null, "hourgust": null, "hourtmax": null, "sun": null, "altitude": "4", "latitude": 432125, "hourpresmax": null, "province": "GIPUZKOA", "tmed": "10,1", "tmin": "4,8", "presmax": null, "presmin": null, "hourpresmin": null, "date": "1955-10-25", "name": "HONDARRIBIA, MALKARROA", "avgspeed": null, "tmax": "15,4", "longitude": 14732, "gust": null}, {"code": "1014", "hourtmin": null, "hourgust": null, "hourtmax": null, "sun": null, "altitude": "4", "latitude": 432125, "hourpresmax": null, "province": "GIPUZKOA", "tmed": "12,6", "tmin": "2,0", "presmax": null, "presmin": null, "hourpresmin": null, "date": "1955-10-26", "name": "HONDARRIBIA, MALKARROA", "avgspeed": null, "tmax": "23,2", "longitude": 14732, "gust": null}, {"code": "1014", "hourtmin": null, "hourgust": null, "hourtmax": null, "sun": null, "altitude": "4", "latitude": 432125, "hourpresmax": null, "province": "GIPUZKOA", "tmed": "12,4", "tmin": "5,4", "presmax": null, "presmin": null, "hourpresmin": null, "date": "1955-10-27", "name": "HONDARRIBIA, MALKARROA", "avgspeed": null, "tmax": "19,4", "longitude": 14732, "gust": null}, {"code": "1014", "hourtmin": null, "hourgust": null, "hourtmax": null, "sun": null, "altitude": "4", "latitude": 432125, "hourpresmax": null, "province": "GIPUZKOA", "tmed": "11,4", "tmin": "4,8", "presmax": null, "presmin": null, "hourpresmin": null, "date": "1955-10-28", "name": "HONDARRIBIA, MALKARROA", "avgspeed": null, "tmax": "18,0", "longitude": 14732, "gust": null}, {"code": "1014", "hourtmin": null, "hourgust": null, "hourtmax": null, "sun": null, "altitude": "4", "latitude": 432125, "hourpresmax": null, "province": "GIPUZKOA", "tmed": "11,0", "tmin": "6,8", "presmax": null, "presmin": null, "hourpresmin": null, "date": "1955-10-29", "name": "HONDARRIBIA, MALKARROA", "avgspeed": null, "tmax": "15,2", "longitude": 14732, "gust": null}, {"code": "1014", "hourtmin": null, "hourgust": null, "hourtmax": null, "sun": null, "altitude": "4", "latitude": 432125, "hourpresmax": null, "province": "GIPUZKOA", "tmed": "9,6", "tmin": "6,8", "presmax": null, "presmin": null, "hourpresmin": null, "date": "1955-10-30", "name": "HONDARRIBIA, MALKARROA", "avgspeed": null, "tmax": "12,4", "longitude": 14732, "gust": null}, {"code": "1014", "hourtmin": null, "hourgust": null, "hourtmax": null, "sun": null, "altitude": "4", "latitude": 432125, "hourpresmax": null, "province": "GIPUZKOA", "tmed": "11,1", "tmin": "9,8", "presmax": null, "presmin": null, "hourpresmin": null, "date": "1955-10-31", "name": "HONDARRIBIA, MALKARROA", "avgspeed": null, "tmax": "12,4", "longitude": 14732, "gust": null}, {"code": "1014", "hourtmin": null, "hourgust": null, "hourtmax": null, "sun": null, "altitude": "4", "latitude": 432125, "hourpresmax": null, "province": "GIPUZKOA", "tmed": "11,2", "tmin": "9,0", "presmax": null, "presmin": null, "hourpresmin": null, "date": "1955-11-01", "name": "HONDARRIBIA, MALKARROA", "avgspeed": null, "tmax": "13,4", "longitude": 14732, "gust": null}, {"code": "1014", "hourtmin": null, "hourgust": null, "hourtmax": null, "sun": null, "altitude": "4", "latitude": 432125, "hourpresmax": null, "province": "GIPUZKOA", "tmed": "12,0", "tmin": "3,6", "presmax": null, "presmin": null, "hourpresmin": null, "date": "1955-11-02", "name": "HONDARRIBIA, MALKARROA", "avgspeed": null, "tmax": "20,4", "longitude": 14732, "gust": null}, {"code": "1014", "hourtmin": null, "hourgust": "20:40", "hourtmax": null, "sun": null, "altitude": "4", "latitude": 432125, "hourpresmax": null, "province": "GIPUZKOA", "tmed": "17,2", "tmin": "14,0", "presmax": null, "presmin": null, "hourpresmin": null, "date": "1955-11-03", "name": "HONDARRIBIA, MALKARROA", "gust": "5,0", "tmax": "20,4", "longitude": 14732, "avgspeed": "1,9", "dir": "23"}, {"code": "1014", "hourtmin": null, "hourgust": null, "hourtmax": null, "sun": null, "altitude": "4", "latitude": 432125, "hourpresmax": null, "province": "GIPUZKOA", "tmed": "16,0", "tmin": "10,0", "presmax": null, "presmin": null, "hourpresmin": null, "date": "1955-11-04", "name": "HONDARRIBIA, MALKARROA", "avgspeed": null, "tmax": "22,0", "longitude": 14732, "gust": null}, {"code": "1014", "hourtmin": null, "hourgust": null, "hourtmax": null, "sun": null, "altitude": "4", "latitude": 432125, "hourpresmax": null, "province": "GIPUZKOA", "tmed": "17,4", "tmin": "10,0", "presmax": null, "presmin": null, "hourpresmin": null, "date": "1955-11-05", "name": "HONDARRIBIA, MALKARROA", "avgspeed": null, "tmax": "24,8", "longitude": 14732, "gust": null}, {"code": "1014", "hourtmin": null, "hourgust": "20:40", "hourtmax": null, "sun": null, "altitude": "4", "latitude": 432125, "hourpresmax": null, "province": "GIPUZKOA", "tmed": "18,3", "tmin": "10,2", "presmax": null, "presmin": null, "hourpresmin": null, "date": "1955-11-06", "name": "HONDARRIBIA, MALKARROA", "gust": "6,7", "tmax": "26,4", "longitude": 14732, "avgspeed": "1,9", "dir": "18"}, {"code": "1014", "hourtmin": null, "hourgust": "03:30", "hourtmax": null, "sun": null, "altitude": "4", "latitude": 432125, "hourpresmax": null, "province": "GIPUZKOA", "tmed": "20,1", "tmin": "16,0", "presmax": null, "presmin": null, "hourpresmin": null, "date": "1955-11-07", "name": "HONDARRIBIA, MALKARROA", "gust": "5,0", "tmax": "24,2", "longitude": 14732, "avgspeed": "1,7", "dir": "18"}, {"code": "1014", "hourtmin": null, "hourgust": null, "hourtmax": null, "sun": null, "altitude": "4", "latitude": 432125, "hourpresmax": null, "province": "GIPUZKOA", "tmed": "20,5", "tmin": "16,0", "presmax": null, "presmin": null, "hourpresmin": null, "date": "1955-11-08", "name": "HONDARRIBIA, MALKARROA", "avgspeed": null, "tmax": "25,0", "longitude": 14732, "gust": null}, {"code": "1014", "hourtmin": null, "hourgust": null, "hourtmax": null, "sun": null, "altitude": "4", "latitude": 432125, "hourpresmax": null, "province": "GIPUZKOA", "tmed": "14,9", "tmin": "11,0", "presmax": null, "presmin": null, "hourpresmin": null, "date": "1955-11-09", "name": "HONDARRIBIA, MALKARROA", "avgspeed": null, "tmax": "18,8", "longitude": 14732, "gust": null}, {"code": "1014", "hourtmin": null, "hourgust": null, "hourtmax": null, "sun": null, "altitude": "4", "latitude": 432125, "hourpresmax": null, "province": "GIPUZKOA", "tmed": "12,8", "tmin": "5,4", "presmax": null, "presmin": null, "hourpresmin": null, "date": "1955-11-10", "name": "HONDARRIBIA, MALKARROA", "avgspeed": null, "tmax": "20,2", "longitude": 14732, "gust": null}, {"code": "1014", "hourtmin": null, "hourgust": null, "hourtmax": null, "sun": null, "altitude": "4", "latitude": 432125, "hourpresmax": null, "province": "GIPUZKOA", "tmed": "15,6", "tmin": "10,0", "presmax": null, "presmin": null, "hourpresmin": null, "date": "1955-11-11", "name": "HONDARRIBIA, MALKARROA", "avgspeed": null, "tmax": "21,2", "longitude": 14732, "gust": null}, {"code": "1014", "hourtmin": null, "hourgust": null, "hourtmax": null, "sun": null, "altitude": "4", "latitude": 432125, "hourpresmax": null, "province": "GIPUZKOA", "tmed": "11,2", "tmin": "8,0", "presmax": null, "presmin": null, "hourpresmin": null, "date": "1955-11-12", "name": "HONDARRIBIA, MALKARROA", "avgspeed": null, "tmax": "14,5", "longitude": 14732, "gust": null}, {"code": "1014", "hourtmin": null, "hourgust": null, "hourtmax": null, "sun": null, "altitude": "4", "latitude": 432125, "hourpresmax": null, "province": "GIPUZKOA", "tmed": "13,5", "tmin": "10,0", "presmax": null, "presmin": null, "hourpresmin": null, "date": "1955-11-13", "name": "HONDARRIBIA, MALKARROA", "avgspeed": null, "tmax": "17,0", "longitude": 14732, "gust": null}, {"code": "1014", "hourtmin": null, "hourgust": null, "hourtmax": null, "sun": null, "altitude": "4", "latitude": 432125, "hourpresmax": null, "province": "GIPUZKOA", "tmed": "11,4", "tmin": "5,2", "presmax": null, "presmin": null, "hourpresmin": null, "date": "1955-11-14", "name": "HONDARRIBIA, MALKARROA", "avgspeed": null, "tmax": "17,5", "longitude": 14732, "gust": null}, {"code": "1014", "hourtmin": null, "hourgust": null, "hourtmax": null, "sun": null, "altitude": "4", "latitude": 432125, "hourpresmax": null, "province": "GIPUZKOA", "tmed": "8,4", "tmin": "5,2", "presmax": null, "presmin": null, "hourpresmin": null, "date": "1955-11-15", "name": "HONDARRIBIA, MALKARROA", "avgspeed": null, "tmax": "11,5", "longitude": 14732, "gust": null}, {"code": "1014", "hourtmin": null, "hourgust": null, "hourtmax": null, "sun": null, "altitude": "4", "latitude": 432125, "hourpresmax": null, "province": "GIPUZKOA", "tmed": "4,4", "tmin": "-1,0", "presmax": null, "presmin": null, "hourpresmin": null, "date": "1955-11-16", "name": "HONDARRIBIA, MALKARROA", "avgspeed": null, "tmax": "9,8", "longitude": 14732, "gust": null}, {"code": "1014", "hourtmin": null, "hourgust": null, "hourtmax": null, "sun": null, "altitude": "4", "latitude": 432125, "hourpresmax": null, "province": "GIPUZKOA", "tmed": "3,9", "tmin": "-1,0", "presmax": null, "presmin": null, "hourpresmin": null, "date": "1955-11-17", "name": "HONDARRIBIA, MALKARROA", "avgspeed": null, "tmax": "8,8", "longitude": 14732, "gust": null}, {"code": "1014", "hourtmin": null, "hourgust": null, "hourtmax": null, "sun": null, "altitude": "4", "latitude": 432125, "hourpresmax": null, "province": "GIPUZKOA", "tmed": "5,0", "tmin": "0,0", "presmax": null, "presmin": null, "hourpresmin": null, "date": "1955-11-18", "name": "HONDARRIBIA, MALKARROA", "avgspeed": null, "tmax": "10,0", "longitude": 14732, "gust": null}, {"code": "1014", "hourtmin": null, "hourgust": null, "hourtmax": null, "sun": null, "altitude": "4", "latitude": 432125, "hourpresmax": null, "province": "GIPUZKOA", "tmed": "3,8", "tmin": "0,0", "presmax": null, "presmin": null, "hourpresmin": null, "date": "1955-11-19", "name": "HONDARRIBIA, MALKARROA", "avgspeed": null, "tmax": "7,5", "longitude": 14732, "gust": null}, {"code": "1014", "hourtmin": null, "hourgust": null, "hourtmax": null, "sun": null, "altitude": "4", "latitude": 432125, "hourpresmax": null, "province": "GIPUZKOA", "tmed": "1,0", "tmin": "-4,6", "presmax": null, "presmin": null, "hourpresmin": null, "date": "1955-11-20", "name": "HONDARRIBIA, MALKARROA", "avgspeed": null, "tmax": "6,5", "longitude": 14732, "gust": null}, {"code": "1014", "hourtmin": null, "hourgust": null, "hourtmax": null, "sun": null, "altitude": "4", "latitude": 432125, "hourpresmax": null, "province": "GIPUZKOA", "tmed": "3,0", "tmin": "-1,5", "presmax": null, "presmin": null, "hourpresmin": null, "date": "1955-11-21", "name": "HONDARRIBIA, MALKARROA", "avgspeed": null, "tmax": "7,5", "longitude": 14732, "gust": null}, {"code": "1014", "hourtmin": null, "hourgust": null, "hourtmax": null, "sun": null, "altitude": "4", "latitude": 432125, "hourpresmax": null, "province": "GIPUZKOA", "tmed": "0,4", "tmin": "-4,0", "presmax": null, "presmin": null, "hourpresmin": null, "date": "1955-11-22", "name": "HONDARRIBIA, MALKARROA", "avgspeed": null, "tmax": "4,8", "longitude": 14732, "gust": null}, {"code": "1014", "hourtmin": null, "hourgust": null, "hourtmax": null, "sun": null, "altitude": "4", "latitude": 432125, "hourpresmax": null, "province": "GIPUZKOA", "tmed": "6,1", "tmin": "2,2", "presmax": null, "presmin": null, "hourpresmin": null, "date": "1955-11-23", "name": "HONDARRIBIA, MALKARROA", "avgspeed": null, "tmax": "10,0", "longitude": 14732, "gust": null}, {"code": "1014", "hourtmin": null, "hourgust": null, "hourtmax": null, "sun": null, "altitude": "4", "latitude": 432125, "hourpresmax": null, "province": "GIPUZKOA", "tmed": "3,2", "tmin": "-0,5", "presmax": null, "presmin": null, "hourpresmin": null, "date": "1955-11-24", "name": "HONDARRIBIA, MALKARROA", "avgspeed": null, "tmax": "7,0", "longitude": 14732, "gust": null}, {"code": "1014", "hourtmin": null, "hourgust": null, "hourtmax": null, "sun": null, "altitude": "4", "latitude": 432125, "hourpresmax": null, "province": "GIPUZKOA", "tmed": "3,8", "tmin": "-2,5", "presmax": null, "presmin": null, "hourpresmin": null, "date": "1955-11-25", "name": "HONDARRIBIA, MALKARROA", "avgspeed": null, "tmax": "10,0", "longitude": 14732, "gust": null}, {"code": "1014", "hourtmin": null, "hourgust": null, "hourtmax": null, "sun": null, "altitude": "4", "latitude": 432125, "hourpresmax": null, "province": "GIPUZKOA", "tmed": "1,2", "tmin": "-5,5", "presmax": null, "presmin": null, "hourpresmin": null, "date": "1955-11-26", "name": "HONDARRIBIA, MALKARROA", "avgspeed": null, "tmax": "8,0", "longitude": 14732, "gust": null}, {"code": "1014", "hourtmin": null, "hourgust": null, "hourtmax": null, "sun": null, "altitude": "4", "latitude": 432125, "hourpresmax": null, "province": "GIPUZKOA", "tmed": "4,4", "tmin": "-5,2", "presmax": null, "presmin": null, "hourpresmin": null, "date": "1955-11-27", "name": "HONDARRIBIA, MALKARROA", "avgspeed": null, "tmax": "14,0", "longitude": 14732, "gust": null}, {"code": "1014", "hourtmin": null, "hourgust": null, "hourtmax": null, "sun": null, "altitude": "4", "latitude": 432125, "hourpresmax": null, "province": "GIPUZKOA", "tmed": "8,2", "tmin": "-2,0", "presmax": null, "presmin": null, "hourpresmin": null, "date": "1955-11-28", "name": "HONDARRIBIA, MALKARROA", "avgspeed": null, "tmax": "18,5", "longitude": 14732, "gust": null}, {"code": "1014", "hourtmin": null, "hourgust": null, "hourtmax": null, "sun": null, "altitude": "4", "latitude": 432125, "hourpresmax": null, "province": "GIPUZKOA", "tmed": "11,8", "tmin": "6,0", "presmax": null, "presmin": null, "hourpresmin": null, "date": "1955-11-29", "name": "HONDARRIBIA, MALKARROA", "avgspeed": null, "tmax": "17,5", "longitude": 14732, "gust": null}, {"code": "1014", "hourtmin": null, "hourgust": null, "hourtmax": null, "sun": null, "altitude": "4", "latitude": 432125, "hourpresmax": null, "province": "GIPUZKOA", "tmed": "9,8", "tmin": "4,0", "presmax": null, "presmin": null, "hourpresmin": null, "date": "1955-11-30", "name": "HONDARRIBIA, MALKARROA", "avgspeed": null, "tmax": "15,5", "longitude": 14732, "gust": null}, {"code": "1014", "hourtmin": null, "hourgust": null, "hourtmax": null, "sun": null, "altitude": "4", "latitude": 432125, "hourpresmax": null, "province": "GIPUZKOA", "tmed": "8,8", "tmin": "0,5", "presmax": null, "presmin": null, "hourpresmin": null, "date": "1955-12-01", "name": "HONDARRIBIA, MALKARROA", "avgspeed": null, "tmax": "17,0", "longitude": 14732, "gust": null}, {"code": "1014", "hourtmin": null, "hourgust": null, "hourtmax": null, "sun": null, "altitude": "4", "latitude": 432125, "hourpresmax": null, "province": "GIPUZKOA", "tmed": "11,0", "tmin": "8,5", "presmax": null, "presmin": null, "hourpresmin": null, "date": "1955-12-02", "name": "HONDARRIBIA, MALKARROA", "avgspeed": null, "tmax": "13,5", "longitude": 14732, "gust": null}, {"code": "1014", "hourtmin": null, "hourgust": null, "hourtmax": null, "sun": null, "altitude": "4", "latitude": 432125, "hourpresmax": null, "province": "GIPUZKOA", "tmed": "10,8", "tmin": "4,0", "presmax": null, "presmin": null, "hourpresmin": null, "date": "1955-12-03", "name": "HONDARRIBIA, MALKARROA", "avgspeed": null, "tmax": "17,5", "longitude": 14732, "gust": null}, {"code": "1014", "hourtmin": null, "hourgust": null, "hourtmax": null, "sun": null, "altitude": "4", "latitude": 432125, "hourpresmax": null, "province": "GIPUZKOA", "tmed": "9,4", "tmin": "4,0", "presmax": null, "presmin": null, "hourpresmin": null, "date": "1955-12-04", "name": "HONDARRIBIA, MALKARROA", "avgspeed": null, "tmax": "14,8", "longitude": 14732, "gust": null}, {"code": "1014", "hourtmin": null, "hourgust": null, "hourtmax": null, "sun": null, "altitude": "4", "latitude": 432125, "hourpresmax": null, "province": "GIPUZKOA", "tmed": "8,8", "tmin": "7,5", "presmax": null, "presmin": null, "hourpresmin": null, "date": "1955-12-05", "name": "HONDARRIBIA, MALKARROA", "avgspeed": null, "tmax": "10,0", "longitude": 14732, "gust": null}, {"code": "1014", "hourtmin": null, "hourgust": null, "hourtmax": null, "sun": null, "altitude": "4", "latitude": 432125, "hourpresmax": null, "province": "GIPUZKOA", "tmed": "7,8", "tmin": "3,0", "presmax": null, "presmin": null, "hourpresmin": null, "date": "1955-12-06", "name": "HONDARRIBIA, MALKARROA", "avgspeed": null, "tmax": "12,5", "longitude": 14732, "gust": null}, {"code": "1014", "hourtmin": null, "hourgust": null, "hourtmax": null, "sun": null, "altitude": "4", "latitude": 432125, "hourpresmax": null, "province": "GIPUZKOA", "tmed": "5,0", "tmin": "-0,5", "presmax": null, "presmin": null, "hourpresmin": null, "date": "1955-12-07", "name": "HONDARRIBIA, MALKARROA", "avgspeed": null, "tmax": "10,5", "longitude": 14732, "gust": null}, {"code": "1014", "hourtmin": null, "hourgust": null, "hourtmax": null, "sun": null, "altitude": "4", "latitude": 432125, "hourpresmax": null, "province": "GIPUZKOA", "tmed": "8,8", "tmin": "5,0", "presmax": null, "presmin": null, "hourpresmin": null, "date": "1955-12-08", "name": "HONDARRIBIA, MALKARROA", "avgspeed": null, "tmax": "12,5", "longitude": 14732, "gust": null}, {"code": "1014", "hourtmin": null, "hourgust": null, "hourtmax": null, "sun": null, "altitude": "4", "latitude": 432125, "hourpresmax": null, "province": "GIPUZKOA", "tmed": "6,0", "tmin": "1,5", "presmax": null, "presmin": null, "hourpresmin": null, "date": "1955-12-09", "name": "HONDARRIBIA, MALKARROA", "avgspeed": null, "tmax": "10,5", "longitude": 14732, "gust": null}, {"code": "1014", "hourtmin": null, "hourgust": null, "hourtmax": null, "sun": null, "altitude": "4", "latitude": 432125, "hourpresmax": null, "province": "GIPUZKOA", "tmed": "10,8", "tmin": "6,0", "presmax": null, "presmin": null, "hourpresmin": null, "date": "1955-12-10", "name": "HONDARRIBIA, MALKARROA", "avgspeed": null, "tmax": "15,5", "longitude": 14732, "gust": null}, {"code": "1014", "hourtmin": null, "hourgust": null, "hourtmax": null, "sun": null, "altitude": "4", "latitude": 432125, "hourpresmax": null, "province": "GIPUZKOA", "tmed": "12,2", "tmin": "5,8", "presmax": null, "presmin": null, "hourpresmin": null, "date": "1955-12-11", "name": "HONDARRIBIA, MALKARROA", "gust": null, "tmax": "18,6", "longitude": 14732, "avgspeed": "0,0"}, {"code": "1014", "hourtmin": null, "hourgust": null, "hourtmax": null, "sun": null, "altitude": "4", "latitude": 432125, "hourpresmax": null, "province": "GIPUZKOA", "tmed": "10,6", "tmin": "3,6", "presmax": null, "presmin": null, "hourpresmin": null, "date": "1955-12-12", "name": "HONDARRIBIA, MALKARROA", "gust": null, "tmax": "17,5", "longitude": 14732, "avgspeed": "1,1"}, {"code": "1014", "hourtmin": null, "hourgust": null, "hourtmax": null, "sun": null, "altitude": "4", "latitude": 432125, "hourpresmax": null, "province": "GIPUZKOA", "tmed": "13,0", "tmin": "5,0", "presmax": null, "presmin": null, "hourpresmin": null, "date": "1955-12-13", "name": "HONDARRIBIA, MALKARROA", "gust": null, "tmax": "21,0", "longitude": 14732, "avgspeed": "0,6"}, {"code": "1014", "hourtmin": null, "hourgust": null, "hourtmax": null, "sun": null, "altitude": "4", "latitude": 432125, "hourpresmax": null, "province": "GIPUZKOA", "tmed": "17,6", "tmin": "14,2", "presmax": null, "presmin": null, "hourpresmin": null, "date": "1955-12-14", "name": "HONDARRIBIA, MALKARROA", "gust": null, "tmax": "21,0", "longitude": 14732, "avgspeed": "1,9"}, {"code": "1014", "hourtmin": null, "hourgust": null, "hourtmax": null, "sun": null, "altitude": "4", "latitude": 432125, "hourpresmax": null, "province": "GIPUZKOA", "tmed": "13,0", "tmin": "8,6", "presmax": null, "presmin": null, "hourpresmin": null, "date": "1955-12-15", "name": "HONDARRIBIA, MALKARROA", "gust": null, "tmax": "17,5", "longitude": 14732, "avgspeed": "1,9"}, {"code": "1014", "hourtmin": null, "hourgust": null, "hourtmax": null, "sun": null, "altitude": "4", "latitude": 432125, "hourpresmax": null, "province": "GIPUZKOA", "tmed": "14,1", "tmin": "11,8", "presmax": null, "presmin": null, "hourpresmin": null, "date": "1955-12-16", "name": "HONDARRIBIA, MALKARROA", "gust": null, "tmax": "16,4", "longitude": 14732, "avgspeed": "0,0"}, {"code": "1014", "hourtmin": null, "hourgust": null, "hourtmax": null, "sun": null, "altitude": "4", "latitude": 432125, "hourpresmax": null, "province": "GIPUZKOA", "tmed": "11,7", "tmin": "6,0", "presmax": null, "presmin": null, "hourpresmin": null, "date": "1955-12-17", "name": "HONDARRIBIA, MALKARROA", "avgspeed": null, "tmax": "17,4", "longitude": 14732, "gust": null}, {"code": "1014", "hourtmin": null, "hourgust": null, "hourtmax": null, "sun": null, "altitude": "4", "latitude": 432125, "hourpresmax": null, "province": "GIPUZKOA", "tmed": "10,2", "tmin": "3,0", "presmax": null, "presmin": null, "hourpresmin": null, "date": "1955-12-18", "name": "HONDARRIBIA, MALKARROA", "avgspeed": null, "tmax": "17,4", "longitude": 14732, "gust": null}, {"code": "1014", "hourtmin": null, "hourgust": null, "hourtmax": null, "sun": null, "altitude": "4", "latitude": 432125, "hourpresmax": null, "province": "GIPUZKOA", "tmed": "8,2", "tmin": "2,0", "presmax": null, "presmin": null, "hourpresmin": null, "date": "1955-12-19", "name": "HONDARRIBIA, MALKARROA", "avgspeed": null, "tmax": "14,4", "longitude": 14732, "gust": null}, {"code": "1014", "hourtmin": null, "hourgust": null, "hourtmax": null, "sun": null, "altitude": "4", "latitude": 432125, "hourpresmax": null, "province": "GIPUZKOA", "tmed": "11,5", "tmin": "7,0", "presmax": null, "presmin": null, "hourpresmin": null, "date": "1955-12-20", "name": "HONDARRIBIA, MALKARROA", "avgspeed": null, "tmax": "16,0", "longitude": 14732, "gust": null}, {"code": "1014", "hourtmin": null, "hourgust": "16:35", "hourtmax": null, "sun": null, "altitude": "4", "latitude": 432125, "hourpresmax": null, "province": "GIPUZKOA", "tmed": "11,1", "tmin": "7,2", "presmax": null, "presmin": null, "hourpresmin": null, "date": "1955-12-21", "name": "HONDARRIBIA, MALKARROA", "gust": "6,1", "tmax": "15,0", "longitude": 14732, "avgspeed": "1,7", "dir": "27"}, {"code": "1014", "hourtmin": null, "hourgust": "01:10", "hourtmax": null, "sun": null, "altitude": "4", "latitude": 432125, "hourpresmax": null, "province": "GIPUZKOA", "tmed": "12,2", "tmin": "8,4", "presmax": null, "presmin": null, "hourpresmin": null, "date": "1955-12-22", "name": "HONDARRIBIA, MALKARROA", "gust": "3,1", "tmax": "16,0", "longitude": 14732, "avgspeed": "0,6", "dir": "23"}, {"code": "1014", "hourtmin": null, "hourgust": null, "hourtmax": null, "sun": null, "altitude": "4", "latitude": 432125, "hourpresmax": null, "province": "GIPUZKOA", "tmed": "13,3", "tmin": "8,6", "presmax": null, "presmin": null, "hourpresmin": null, "date": "1955-12-23", "name": "HONDARRIBIA, MALKARROA", "avgspeed": null, "tmax": "18,0", "longitude": 14732, "gust": null}, {"code": "1014", "hourtmin": null, "hourgust": "22:50", "hourtmax": null, "sun": null, "altitude": "4", "latitude": 432125, "hourpresmax": null, "province": "GIPUZKOA", "tmed": "14,5", "tmin": "10,0", "presmax": null, "presmin": null, "hourpresmin": null, "date": "1955-12-24", "name": "HONDARRIBIA, MALKARROA", "gust": "11,1", "tmax": "19,0", "longitude": 14732, "avgspeed": "2,2", "dir": "23"}, {"code": "1014", "hourtmin": null, "hourgust": null, "hourtmax": null, "sun": null, "altitude": "4", "latitude": 432125, "hourpresmax": null, "province": "GIPUZKOA", "tmed": "13,0", "tmin": "10,0", "presmax": null, "presmin": null, "hourpresmin": null, "date": "1955-12-25", "name": "HONDARRIBIA, MALKARROA", "avgspeed": null, "tmax": "16,0", "longitude": 14732, "gust": null}, {"code": "1014", "hourtmin": null, "hourgust": null, "hourtmax": null, "sun": null, "altitude": "4", "latitude": 432125, "hourpresmax": null, "province": "GIPUZKOA", "tmed": "9,4", "tmin": "1,8", "presmax": null, "presmin": null, "hourpresmin": null, "date": "1955-12-26", "name": "HONDARRIBIA, MALKARROA", "avgspeed": null, "tmax": "17,0", "longitude": 14732, "gust": null}, {"code": "1014", "hourtmin": null, "hourgust": null, "hourtmax": null, "sun": null, "altitude": "4", "latitude": 432125, "hourpresmax": null, "province": "GIPUZKOA", "tmed": "11,8", "tmin": "6,6", "presmax": null, "presmin": null, "hourpresmin": null, "date": "1955-12-27", "name": "HONDARRIBIA, MALKARROA", "avgspeed": null, "tmax": "17,0", "longitude": 14732, "gust": null}, {"code": "1014", "hourtmin": null, "hourgust": null, "hourtmax": null, "sun": null, "altitude": "4", "latitude": 432125, "hourpresmax": null, "province": "GIPUZKOA", "tmed": "14,0", "tmin": "11,0", "presmax": null, "presmin": null, "hourpresmin": null, "date": "1955-12-28", "name": "HONDARRIBIA, MALKARROA", "avgspeed": null, "tmax": "17,0", "longitude": 14732, "gust": null}, {"code": "1014", "hourtmin": null, "hourgust": null, "hourtmax": null, "sun": null, "altitude": "4", "latitude": 432125, "hourpresmax": null, "province": "GIPUZKOA", "tmed": "13,5", "tmin": "11,0", "presmax": null, "presmin": null, "hourpresmin": null, "date": "1955-12-29", "name": "HONDARRIBIA, MALKARROA", "avgspeed": null, "tmax": "16,0", "longitude": 14732, "gust": null}, {"code": "1014", "hourtmin": null, "hourgust": "11:50", "hourtmax": null, "sun": null, "altitude": "4", "latitude": 432125, "hourpresmax": null, "province": "GIPUZKOA", "tmed": "11,1", "tmin": "9,0", "presmax": null, "presmin": null, "hourpresmin": null, "date": "1955-12-30", "name": "HONDARRIBIA, MALKARROA", "gust": "8,3", "tmax": "13,2", "longitude": 14732, "avgspeed": "3,9", "dir": "25"}, {"code": "1014", "hourtmin": null, "hourgust": null, "hourtmax": null, "sun": null, "altitude": "4", "latitude": 432125, "hourpresmax": null, "province": "GIPUZKOA", "tmed": "7,0", "tmin": "2,8", "presmax": null, "presmin": null, "hourpresmin": null, "date": "1955-12-31", "name": "HONDARRIBIA, MALKARROA", "avgspeed": null, "tmax": "11,2", "longitude": 14732, "gust": null}]