[{"code": "1690A", "hourtmin": "05:00", "hourgust": null, "hourtmax": "16:00", "sun": "14,0", "altitude": "143", "prec": "0,0", "latitude": 421931, "hourpresmax": null, "province": "OURENSE", "tmed": "17,8", "tmin": "9,0", "presmax": null, "presmin": null, "hourpresmin": null, "date": "1972-08-01", "name": "OURENSE", "gust": null, "tmax": "26,6", "longitude": 75135, "avgspeed": null}, {"code": "1690A", "hourtmin": "06:00", "hourgust": null, "hourtmax": "15:00", "sun": "10,0", "altitude": "143", "prec": "0,0", "latitude": 421931, "hourpresmax": null, "province": "OURENSE", "tmed": "17,8", "tmin": "8,6", "presmax": null, "presmin": null, "hourpresmin": null, "date": "1972-08-02", "name": "OURENSE", "gust": null, "tmax": "27,0", "longitude": 75135, "avgspeed": null}, {"code": "1690A", "hourtmin": "04:00", "hourgust": null, "hourtmax": "17:00", "sun": "12,0", "altitude": "143", "prec": "0,0", "latitude": 421931, "hourpresmax": null, "province": "OURENSE", "tmed": "17,8", "tmin": "5,6", "presmax": null, "presmin": null, "hourpresmin": null, "date": "1972-08-03", "name": "OURENSE", "gust": null, "tmax": "30,0", "longitude": 75135, "avgspeed": null}, {"code": "1690A", "hourtmin": "06:00", "hourgust": null, "hourtmax": "17:00", "sun": "13,0", "altitude": "143", "prec": "0,0", "latitude": 421931, "hourpresmax": null, "province": "OURENSE", "tmed": "20,3", "tmin": "7,0", "presmax": null, "presmin": null, "hourpresmin": null, "date": "1972-08-04", "name": "OURENSE", "gust": null, "tmax": "33,6", "longitude": 75135, "avgspeed": null}, {"code": "1690A", "hourtmin": "05:00", "hourgust": null, "hourtmax": "16:00", "sun": "13,0", "altitude": "143", "prec": "0,0", "latitude": 421931, "hourpresmax": null, "province": "OURENSE", "tmed": "21,5", "tmin": "9,0", "presmax": null, "presmin": null, "hourpresmin": null, "date": "1972-08-05", "name": "OURENSE", "gust": null, "tmax": "34,0", "longitude": 75135, "avgspeed": null}, {"code": "1690A", "hourtmin": "05:00", "hourgust": null, "hourtmax": "17:00", "sun": "6,0", "altitude": "143", "prec": "0,0", "latitude": 421931, "hourpresmax": null, "province": "OURENSE", "tmed": "22,5", "tmin": "13,0", "presmax": null, "presmin": null, "hourpresmin": null, "date": "1972-08-06", "name": "OURENSE", "gust": null, "tmax": "32,0", "longitude": 75135, "avgspeed": null}, {"code": "1690A", "hourtmin": "04:00", "hourgust": null, "hourtmax": "16:00", "sun": "5,0", "altitude": "143", "prec": "0,0", "latitude": 421931, "hourpresmax": null, "province": "OURENSE", "tmed": "24,5", "tmin": "18,0", "presmax": null, "presmin": null, "hourpresmin": null, "date": "1972-08-07", "name": "OURENSE", "gust": null, "tmax": "31,0", "longitude": 75135, "avgspeed": null}, {"code": "1690A", "hourtmin": "05:00", "hourgust": null, "hourtmax": "17:00", "sun": "1,0", "altitude": "143", "prec": "4,0", "latitude": 421931, "hourpresmax": null, "province": "OURENSE", "tmed": "22,4", "tmin": "16,4", "presmax": null, "presmin": null, "hourpresmin": null, "date": "1972-08-08", "name": "OURENSE", "gust": null, "tmax": "28,4", "longitude": 75135, "avgspeed": null}, {"code": "1690A", "hourtmin": "04:00", "hourgust": null, "hourtmax": "17:00", "sun": "1,0", "altitude": "143", "prec": "0,0", "latitude": 421931, "hourpresmax": null, "province": "OURENSE", "tmed": "19,5", "tmin": "9,0", "presmax": null, "presmin": null, "hourpresmin": null, "date": "1972-08-09", "name": "OURENSE", "gust": null, "tmax": "30,0", "longitude": 75135, "avgspeed": null}, {"code": "1690A", "hourtmin": "04:00", "hourgust": null, "hourtmax": "16:00", "sun": "1,0", "altitude": "143", "prec": "0,0", "latitude": 421931, "hourpresmax": null, "province": "OURENSE", "tmed": "20,0", "tmin": "12,0", "presmax": null, "presmin": null, "hourpresmin": null, "date": "1972-08-10", "name": "OURENSE", "gust": null, "tmax": "28,0", "longitude": 75135, "avgspeed": null}, {"code": "1690A", "hourtmin": "03:00", "hourgust": null, "hourtmax": "16:00", "sun": "2,0", "altitude": "143", "prec": "0,0", "latitude": 421931, "hourpresmax": null, "province": "OURENSE", "tmed": "20,0", "tmin": "12,0", "presmax": null, "presmin": null, "hourpresmin": null, "date": "1972-08-11", "name": "OURENSE", "gust": null, "tmax": "28,0", "longitude": 75135, "avgspeed": null}, {"code": "1690A", "hourtmin": "05:00", "hourgust": null, "hourtmax": "16:00", "sun": "3,0", "altitude": "143", "prec": "0,0", "latitude": 421931, "hourpresmax": null, "province": "OURENSE", "tmed": "21,5", "tmin": "14,0", "presmax": null, "presmin": null, "hourpresmin": null, "date": "1972-08-12", "name": "OURENSE", "gust": null, "tmax": "29,0", "longitude": 75135, "avgspeed": null}, {"code": "1690A", "hourtmin": "04:00", "hourgust": null, "hourtmax": "17:00", "sun": "2,0", "altitude": "143", "prec": "0,0", "latitude": 421931, "hourpresmax": null, "province": "OURENSE", "tmed": "18,5", "tmin": "11,0", "presmax": null, "presmin": null, "hourpresmin": null, "date": "1972-08-13", "name": "OURENSE", "gust": null, "tmax": "26,0", "longitude": 75135, "avgspeed": null}, {"code": "1690A", "hourtmin": "05:00", "hourgust": null, "hourtmax": "16:00", "sun": "0,0", "altitude": "143", "prec": "0,0", "latitude": 421931, "hourpresmax": null, "province": "OURENSE", "tmed": "16,5", "tmin": "10,0", "presmax": null, "presmin": null, "hourpresmin": null, "date": "1972-08-14", "name": "OURENSE", "gust": null, "tmax": "23,0", "longitude": 75135, "avgspeed": null}, {"code": "1690A", "hourtmin": "04:00", "hourgust": null, "hourtmax": "17:00", "sun": "12,0", "altitude": "143", "prec": "0,0", "latitude": 421931, "hourpresmax": null, "province": "OURENSE", "tmed": "18,0", "tmin": "7,0", "presmax": null, "presmin": null, "hourpresmin": null, "date": "1972-08-15", "name": "OURENSE", "gust": null, "tmax": "29,0", "longitude": 75135, "avgspeed": null}, {"code": "1690A", "hourtmin": "04:00", "hourgust": null, "hourtmax": "17:00", "sun": "13,0", "altitude": "143", "prec": "0,0", "latitude": 421931, "hourpresmax": null, "province": "OURENSE", "tmed": "19,5", "tmin": "9,0", "presmax": null, "presmin": null, "hourpresmin": null, "date": "1972-08-16", "name": "OURENSE", "gust": null, "tmax": "30,0", "longitude": 75135, "avgspeed": null}, {"code": "1690A", "hourtmin": "05:00", "hourgust": null, "hourtmax": "17:00", "sun": "12,0", "altitude": "143", "prec": "0,0", "latitude": 421931, "hourpresmax": null, "province": "OURENSE", "tmed": "19,2", "tmin": "8,4", "presmax": null, "presmin": null, "hourpresmin": null, "date": "1972-08-17", "name": "OURENSE", "gust": null, "tmax": "30,0", "longitude": 75135, "avgspeed": null}, {"code": "1690A", "hourtmin": "05:00", "hourgust": null, "hourtmax": "17:00", "sun": "12,0", "altitude": "143", "prec": "0,0", "latitude": 421931, "hourpresmax": null, "province": "OURENSE", "tmed": "20,0", "tmin": "8,4", "presmax": null, "presmin": null, "hourpresmin": null, "date": "1972-08-18", "name": "OURENSE", "gust": null, "tmax": "31,6", "longitude": 75135, "avgspeed": null}, {"code": "1690A", "hourtmin": "04:00", "hourgust": null, "hourtmax": "17:00", "sun": "13,0", "altitude": "143", "prec": "0,0", "latitude": 421931, "hourpresmax": null, "province": "OURENSE", "tmed": "22,5", "tmin": "10,4", "presmax": null, "presmin": null, "hourpresmin": null, "date": "1972-08-19", "name": "OURENSE", "gust": null, "tmax": "34,6", "longitude": 75135, "avgspeed": null}, {"code": "1690A", "hourtmin": "04:00", "hourgust": null, "hourtmax": "16:00", "sun": "12,0", "altitude": "143", "prec": "0,0", "latitude": 421931, "hourpresmax": null, "province": "OURENSE", "tmed": "20,5", "tmin": "7,0", "presmax": null, "presmin": null, "hourpresmin": null, "date": "1972-08-20", "name": "OURENSE", "gust": null, "tmax": "34,0", "longitude": 75135, "avgspeed": null}, {"code": "1690A", "hourtmin": "04:00", "hourgust": null, "hourtmax": "17:00", "sun": "12,0", "altitude": "143", "prec": "0,0", "latitude": 421931, "hourpresmax": null, "province": "OURENSE", "tmed": "21,7", "tmin": "9,0", "presmax": null, "presmin": null, "hourpresmin": null, "date": "1972-08-21", "name": "OURENSE", "gust": null, "tmax": "34,4", "longitude": 75135, "avgspeed": null}, {"code": "1690A", "hourtmin": "05:00", "hourgust": null, "hourtmax": "17:00", "sun": "10,0", "altitude": "143", "prec": "0,0", "latitude": 421931, "hourpresmax": null, "province": "OURENSE", "tmed": "20,6", "tmin": "7,8", "presmax": null, "presmin": null, "hourpresmin": null, "date": "1972-08-22", "name": "OURENSE", "gust": null, "tmax": "33,4", "longitude": 75135, "avgspeed": null}, {"code": "1690A", "hourtmin": "04:00", "hourgust": null, "hourtmax": "17:00", "sun": "12,0", "altitude": "143", "prec": "0,0", "latitude": 421931, "hourpresmax": null, "province": "OURENSE", "tmed": "23,2", "tmin": "10,4", "presmax": null, "presmin": null, "hourpresmin": null, "date": "1972-08-23", "name": "OURENSE", "gust": null, "tmax": "36,0", "longitude": 75135, "avgspeed": null}, {"code": "1690A", "hourtmin": "05:00", "hourgust": null, "hourtmax": "16:00", "sun": "8,0", "altitude": "143", "prec": "0,0", "latitude": 421931, "hourpresmax": null, "province": "OURENSE", "tmed": "21,6", "tmin": "10,4", "presmax": null, "presmin": null, "hourpresmin": null, "date": "1972-08-24", "name": "OURENSE", "gust": null, "tmax": "32,8", "longitude": 75135, "avgspeed": null}, {"code": "1690A", "hourtmin": "05:00", "hourgust": null, "hourtmax": "16:00", "sun": "9,0", "altitude": "143", "prec": "0,0", "latitude": 421931, "hourpresmax": null, "province": "OURENSE", "tmed": "18,8", "tmin": "10,6", "presmax": null, "presmin": null, "hourpresmin": null, "date": "1972-08-25", "name": "OURENSE", "gust": null, "tmax": "27,0", "longitude": 75135, "avgspeed": null}, {"code": "1690A", "hourtmin": "04:00", "hourgust": null, "hourtmax": "15:00", "sun": "8,0", "altitude": "143", "prec": "0,0", "latitude": 421931, "hourpresmax": null, "province": "OURENSE", "tmed": "19,8", "tmin": "12,4", "presmax": null, "presmin": null, "hourpresmin": null, "date": "1972-08-26", "name": "OURENSE", "gust": null, "tmax": "27,2", "longitude": 75135, "avgspeed": null}, {"code": "1690A", "hourtmin": "04:00", "hourgust": null, "hourtmax": "17:00", "sun": "6,0", "altitude": "143", "prec": "5,5", "latitude": 421931, "hourpresmax": null, "province": "OURENSE", "tmed": "18,6", "tmin": "12,6", "presmax": null, "presmin": null, "hourpresmin": null, "date": "1972-08-27", "name": "OURENSE", "gust": null, "tmax": "24,6", "longitude": 75135, "avgspeed": null}, {"code": "1690A", "hourtmin": "04:00", "hourgust": null, "hourtmax": "15:00", "sun": "5,0", "altitude": "143", "prec": "0,0", "latitude": 421931, "hourpresmax": null, "province": "OURENSE", "tmed": "16,0", "tmin": "8,0", "presmax": null, "presmin": null, "hourpresmin": null, "date": "1972-08-28", "name": "OURENSE", "gust": null, "tmax": "24,0", "longitude": 75135, "avgspeed": null}, {"code": "1690A", "hourtmin": "05:00", "hourgust": null, "hourtmax": "17:00", "sun": "7,0", "altitude": "143", "prec": "0,0", "latitude": 421931, "hourpresmax": null, "province": "OURENSE", "tmed": "17,8", "tmin": "8,0", "presmax": null, "presmin": null, "hourpresmin": null, "date": "1972-08-29", "name": "OURENSE", "gust": null, "tmax": "27,6", "longitude": 75135, "avgspeed": null}, {"code": "1690A", "hourtmin": "05:00", "hourgust": null, "hourtmax": "17:00", "sun": "8,0", "altitude": "143", "prec": "0,0", "latitude": 421931, "hourpresmax": null, "province": "OURENSE", "tmed": "17,9", "tmin": "8,8", "presmax": null, "presmin": null, "hourpresmin": null, "date": "1972-08-30", "name": "OURENSE", "gust": null, "tmax": "27,0", "longitude": 75135, "avgspeed": null}, {"code": "1690A", "hourtmin": "04:00", "hourgust": null, "hourtmax": "16:00", "sun": "10,0", "altitude": "143", "prec": "0,0", "latitude": 421931, "hourpresmax": null, "province": "OURENSE", "tmed": "19,0", "tmin": "8,0", "presmax": null, "presmin": null, "hourpresmin": null, "date": "1972-08-31", "name": "OURENSE", "gust": null, "tmax": "30,0", "longitude": 75135, "avgspeed": null}, {"code": "1690A", "hourtmin": "05:00", "hourgust": null, "hourtmax": "17:00", "sun": "12,0", "altitude": "143", "prec": "0,0", "latitude": 421931, "hourpresmax": null, "province": "OURENSE", "tmed": "20,6", "tmin": "9,2", "presmax": null, "presmin": null, "hourpresmin": null, "date": "1972-09-01", "name": "OURENSE", "gust": null, "tmax": "32,0", "longitude": 75135, "avgspeed": null}, {"code": "1690A", "hourtmin": "05:00", "hourgust": null, "hourtmax": "17:00", "sun": "9,0", "altitude": "143", "prec": "0,0", "latitude": 421931, "hourpresmax": null, "province": "OURENSE", "tmed": "21,3", "tmin": "10,6", "presmax": null, "presmin": null, "hourpresmin": null, "date": "1972-09-02", "name": "OURENSE", "gust": null, "tmax": "32,0", "longitude": 75135, "avgspeed": null}, {"code": "1690A", "hourtmin": "07:00", "hourgust": null, "hourtmax": "16:00", "sun": "3,0", "altitude": "143", "prec": "2,0", "latitude": 421931, "hourpresmax": null, "province": "OURENSE", "tmed": "21,5", "tmin": "16,0", "presmax": null, "presmin": null, "hourpresmin": null, "date": "1972-09-03", "name": "OURENSE", "gust": null, "tmax": "27,0", "longitude": 75135, "avgspeed": null}, {"code": "1690A", "hourtmin": "06:00", "hourgust": null, "hourtmax": "16:00", "sun": "3,0", "altitude": "143", "prec": "12,2", "latitude": 421931, "hourpresmax": null, "province": "OURENSE", "tmed": "18,6", "tmin": "12,0", "presmax": null, "presmin": null, "hourpresmin": null, "date": "1972-09-04", "name": "OURENSE", "gust": null, "tmax": "25,2", "longitude": 75135, "avgspeed": null}, {"code": "1690A", "hourtmin": "07:00", "hourgust": null, "hourtmax": "17:00", "sun": "5,0", "altitude": "143", "prec": "0,0", "latitude": 421931, "hourpresmax": null, "province": "OURENSE", "tmed": "19,7", "tmin": "11,4", "presmax": null, "presmin": null, "hourpresmin": null, "date": "1972-09-05", "name": "OURENSE", "gust": null, "tmax": "28,0", "longitude": 75135, "avgspeed": null}, {"code": "1690A", "hourtmin": "05:00", "hourgust": null, "hourtmax": "16:00", "sun": "6,0", "altitude": "143", "prec": "0,6", "latitude": 421931, "hourpresmax": null, "province": "OURENSE", "tmed": "19,6", "tmin": "10,2", "presmax": null, "presmin": null, "hourpresmin": null, "date": "1972-09-06", "name": "OURENSE", "gust": null, "tmax": "29,0", "longitude": 75135, "avgspeed": null}, {"code": "1690A", "hourtmin": "04:00", "hourgust": null, "hourtmax": "15:00", "sun": "6,0", "altitude": "143", "prec": "0,0", "latitude": 421931, "hourpresmax": null, "province": "OURENSE", "tmed": "17,7", "tmin": "9,4", "presmax": null, "presmin": null, "hourpresmin": null, "date": "1972-09-07", "name": "OURENSE", "gust": null, "tmax": "26,0", "longitude": 75135, "avgspeed": null}, {"code": "1690A", "hourtmin": "05:00", "hourgust": null, "hourtmax": "16:00", "sun": "5,0", "altitude": "143", "prec": "1,2", "latitude": 421931, "hourpresmax": null, "province": "OURENSE", "tmed": "19,3", "tmin": "11,6", "presmax": null, "presmin": null, "hourpresmin": null, "date": "1972-09-08", "name": "OURENSE", "gust": null, "tmax": "27,0", "longitude": 75135, "avgspeed": null}, {"code": "1690A", "hourtmin": "03:00", "hourgust": null, "hourtmax": "16:00", "sun": "1,0", "altitude": "143", "prec": "13,6", "latitude": 421931, "hourpresmax": null, "province": "OURENSE", "tmed": "19,0", "tmin": "14,0", "presmax": null, "presmin": null, "hourpresmin": null, "date": "1972-09-09", "name": "OURENSE", "gust": null, "tmax": "24,0", "longitude": 75135, "avgspeed": null}, {"code": "1690A", "hourtmin": "07:00", "hourgust": null, "hourtmax": "14:00", "sun": "5,0", "altitude": "143", "prec": "0,0", "latitude": 421931, "hourpresmax": null, "province": "OURENSE", "tmed": "19,2", "tmin": "15,0", "presmax": null, "presmin": null, "hourpresmin": null, "date": "1972-09-10", "name": "OURENSE", "gust": null, "tmax": "23,5", "longitude": 75135, "avgspeed": null}, {"code": "1690A", "hourtmin": "03:00", "hourgust": null, "hourtmax": "14:00", "sun": "10,0", "altitude": "143", "prec": "0,0", "latitude": 421931, "hourpresmax": null, "province": "OURENSE", "tmed": "17,7", "tmin": "7,4", "presmax": null, "presmin": null, "hourpresmin": null, "date": "1972-09-11", "name": "OURENSE", "gust": null, "tmax": "28,0", "longitude": 75135, "avgspeed": null}, {"code": "1690A", "hourtmin": "07:00", "hourgust": null, "hourtmax": "17:00", "sun": "7,0", "altitude": "143", "prec": "0,0", "latitude": 421931, "hourpresmax": null, "province": "OURENSE", "tmed": "18,8", "tmin": "9,0", "presmax": null, "presmin": null, "hourpresmin": null, "date": "1972-09-12", "name": "OURENSE", "gust": null, "tmax": "28,5", "longitude": 75135, "avgspeed": null}, {"code": "1690A", "hourtmin": "04:00", "hourgust": null, "hourtmax": "16:00", "sun": "6,0", "altitude": "143", "prec": "0,0", "latitude": 421931, "hourpresmax": null, "province": "OURENSE", "tmed": "19,7", "tmin": "11,4", "presmax": null, "presmin": null, "hourpresmin": null, "date": "1972-09-13", "name": "OURENSE", "gust": null, "tmax": "28,0", "longitude": 75135, "avgspeed": null}, {"code": "1690A", "hourtmin": "05:00", "hourgust": null, "hourtmax": "16:00", "sun": "8,0", "altitude": "143", "prec": "0,0", "latitude": 421931, "hourpresmax": null, "province": "OURENSE", "tmed": "17,2", "tmin": "11,5", "presmax": null, "presmin": null, "hourpresmin": null, "date": "1972-09-14", "name": "OURENSE", "gust": null, "tmax": "23,0", "longitude": 75135, "avgspeed": null}, {"code": "1690A", "hourtmin": "04:00", "hourgust": null, "hourtmax": "15:00", "sun": "10,0", "altitude": "143", "prec": "0,0", "latitude": 421931, "hourpresmax": null, "province": "OURENSE", "tmed": "18,0", "tmin": "11,5", "presmax": null, "presmin": null, "hourpresmin": null, "date": "1972-09-15", "name": "OURENSE", "gust": null, "tmax": "24,4", "longitude": 75135, "avgspeed": null}, {"code": "1690A", "hourtmin": "04:00", "hourgust": null, "hourtmax": "17:00", "sun": "11,0", "altitude": "143", "prec": "0,0", "latitude": 421931, "hourpresmax": null, "province": "OURENSE", "tmed": "17,6", "tmin": "10,2", "presmax": null, "presmin": null, "hourpresmin": null, "date": "1972-09-16", "name": "OURENSE", "gust": null, "tmax": "25,0", "longitude": 75135, "avgspeed": null}, {"code": "1690A", "hourtmin": "07:00", "hourgust": null, "hourtmax": "14:00", "sun": "7,0", "altitude": "143", "prec": "0,0", "latitude": 421931, "hourpresmax": null, "province": "OURENSE", "tmed": "15,5", "tmin": "5,0", "presmax": null, "presmin": null, "hourpresmin": null, "date": "1972-09-17", "name": "OURENSE", "gust": null, "tmax": "26,0", "longitude": 75135, "avgspeed": null}, {"code": "1690A", "hourtmin": "06:00", "hourgust": null, "hourtmax": "15:00", "sun": "8,0", "altitude": "143", "prec": "0,0", "latitude": 421931, "hourpresmax": null, "province": "OURENSE", "tmed": "14,8", "tmin": "4,6", "presmax": null, "presmin": null, "hourpresmin": null, "date": "1972-09-18", "name": "OURENSE", "gust": null, "tmax": "25,0", "longitude": 75135, "avgspeed": null}, {"code": "1690A", "hourtmin": "06:00", "hourgust": null, "hourtmax": "14:00", "sun": "7,0", "altitude": "143", "prec": "0,0", "latitude": 421931, "hourpresmax": null, "province": "OURENSE", "tmed": "15,0", "tmin": "6,0", "presmax": null, "presmin": null, "hourpresmin": null, "date": "1972-09-19", "name": "OURENSE", "gust": null, "tmax": "24,0", "longitude": 75135, "avgspeed": null}, {"code": "1690A", "hourtmin": "07:00", "hourgust": null, "hourtmax": "15:00", "sun": "9,0", "altitude": "143", "prec": "0,0", "latitude": 421931, "hourpresmax": null, "province": "OURENSE", "tmed": "13,0", "tmin": "5,0", "presmax": null, "presmin": null, "hourpresmin": null, "date": "1972-09-20", "name": "OURENSE", "gust": null, "tmax": "21,0", "longitude": 75135, "avgspeed": null}, {"code": "1690A", "hourtmin": "05:00", "hourgust": null, "hourtmax": "17:00", "sun": "2,0", "altitude": "143", "prec": "3,4", "latitude": 421931, "hourpresmax": null, "province": "OURENSE", "tmed": "15,5", "tmin": "11,0", "presmax": null, "presmin": null, "hourpresmin": null, "date": "1972-09-21", "name": "OURENSE", "gust": null, "tmax": "20,0", "longitude": 75135, "avgspeed": null}, {"code": "1690A", "hourtmin": "06:00", "hourgust": null, "hourtmax": "17:00", "sun": "5,0", "altitude": "143", "prec": "0,0", "latitude": 421931, "hourpresmax": null, "province": "OURENSE", "tmed": "14,7", "tmin": "4,4", "presmax": null, "presmin": null, "hourpresmin": null, "date": "1972-09-22", "name": "OURENSE", "gust": null, "tmax": "25,0", "longitude": 75135, "avgspeed": null}, {"code": "1690A", "hourtmin": "06:00", "hourgust": null, "hourtmax": "16:00", "sun": "1,0", "altitude": "143", "prec": "4,6", "latitude": 421931, "hourpresmax": null, "province": "OURENSE", "tmed": "16,0", "tmin": "13,0", "presmax": null, "presmin": null, "hourpresmin": null, "date": "1972-09-23", "name": "OURENSE", "gust": null, "tmax": "19,0", "longitude": 75135, "avgspeed": null}, {"code": "1690A", "hourtmin": "07:00", "hourgust": null, "hourtmax": "16:00", "sun": "3,0", "altitude": "143", "prec": "0,0", "latitude": 421931, "hourpresmax": null, "province": "OURENSE", "tmed": "18,0", "tmin": "12,0", "presmax": null, "presmin": null, "hourpresmin": null, "date": "1972-09-24", "name": "OURENSE", "gust": null, "tmax": "24,0", "longitude": 75135, "avgspeed": null}, {"code": "1690A", "hourtmin": "06:00", "hourgust": null, "hourtmax": "15:00", "sun": "4,0", "altitude": "143", "prec": "0,0", "latitude": 421931, "hourpresmax": null, "province": "OURENSE", "tmed": "17,0", "tmin": "10,0", "presmax": null, "presmin": null, "hourpresmin": null, "date": "1972-09-25", "name": "OURENSE", "gust": null, "tmax": "24,0", "longitude": 75135, "avgspeed": null}, {"code": "1690A", "hourtmin": "06:00", "hourgust": null, "hourtmax": "14:00", "sun": "6,0", "altitude": "143", "prec": "0,0", "latitude": 421931, "hourpresmax": null, "province": "OURENSE", "tmed": "18,5", "tmin": "9,0", "presmax": null, "presmin": null, "hourpresmin": null, "date": "1972-09-26", "name": "OURENSE", "gust": null, "tmax": "28,0", "longitude": 75135, "avgspeed": null}, {"code": "1690A", "hourtmin": "05:00", "hourgust": null, "hourtmax": "15:00", "sun": "9,0", "altitude": "143", "prec": "0,0", "latitude": 421931, "hourpresmax": null, "province": "OURENSE", "tmed": "19,0", "tmin": "8,0", "presmax": null, "presmin": null, "hourpresmin": null, "date": "1972-09-27", "name": "OURENSE", "gust": null, "tmax": "30,0", "longitude": 75135, "avgspeed": null}, {"code": "1690A", "hourtmin": "06:00", "hourgust": null, "hourtmax": "14:00", "sun": "7,0", "altitude": "143", "prec": "0,7", "latitude": 421931, "hourpresmax": null, "province": "OURENSE", "tmed": "18,4", "tmin": "9,0", "presmax": null, "presmin": null, "hourpresmin": null, "date": "1972-09-28", "name": "OURENSE", "gust": null, "tmax": "27,8", "longitude": 75135, "avgspeed": null}, {"code": "1690A", "hourtmin": "06:00", "hourgust": null, "hourtmax": "14:00", "sun": "6,0", "altitude": "143", "prec": "0,0", "latitude": 421931, "hourpresmax": null, "province": "OURENSE", "tmed": "20,0", "tmin": "13,0", "presmax": null, "presmin": null, "hourpresmin": null, "date": "1972-09-29", "name": "OURENSE", "gust": null, "tmax": "27,0", "longitude": 75135, "avgspeed": null}, {"code": "1690A", "hourtmin": "06:00", "hourgust": null, "hourtmax": "14:00", "sun": "4,0", "altitude": "143", "prec": "1,8", "latitude": 421931, "hourpresmax": null, "province": "OURENSE", "tmed": "19,1", "tmin": "13,6", "presmax": null, "presmin": null, "hourpresmin": null, "date": "1972-09-30", "name": "OURENSE", "gust": null, "tmax": "24,6", "longitude": 75135, "avgspeed": null}, {"code": "1690A", "hourtmin": "05:00", "hourgust": null, "hourtmax": "14:00", "sun": "0,0", "altitude": "143", "prec": "10,7", "latitude": 421931, "hourpresmax": null, "province": "OURENSE", "tmed": "14,0", "tmin": "11,4", "presmax": null, "presmin": null, "hourpresmin": null, "date": "1972-10-01", "name": "OURENSE", "gust": null, "tmax": "16,6", "longitude": 75135, "avgspeed": null}, {"code": "1690A", "hourtmin": "03:00", "hourgust": null, "hourtmax": "17:00", "sun": "1,0", "altitude": "143", "prec": "0,0", "latitude": 421931, "hourpresmax": null, "province": "OURENSE", "tmed": "13,5", "tmin": "7,0", "presmax": null, "presmin": null, "hourpresmin": null, "date": "1972-10-02", "name": "OURENSE", "gust": null, "tmax": "20,0", "longitude": 75135, "avgspeed": null}, {"code": "1690A", "hourtmin": "06:00", "hourgust": null, "hourtmax": "17:00", "sun": "0,0", "altitude": "143", "prec": "10,0", "latitude": 421931, "hourpresmax": null, "province": "OURENSE", "tmed": "15,6", "tmin": "5,0", "presmax": null, "presmin": null, "hourpresmin": null, "date": "1972-10-03", "name": "OURENSE", "gust": null, "tmax": "26,2", "longitude": 75135, "avgspeed": null}, {"code": "1690A", "hourtmin": "05:00", "hourgust": null, "hourtmax": "15:00", "sun": "3,0", "altitude": "143", "prec": "3,9", "latitude": 421931, "hourpresmax": null, "province": "OURENSE", "tmed": "18,7", "tmin": "14,4", "presmax": null, "presmin": null, "hourpresmin": null, "date": "1972-10-04", "name": "OURENSE", "gust": null, "tmax": "23,0", "longitude": 75135, "avgspeed": null}, {"code": "1690A", "hourtmin": "07:00", "hourgust": null, "hourtmax": "16:00", "sun": "2,0", "altitude": "143", "prec": "0,0", "latitude": 421931, "hourpresmax": null, "province": "OURENSE", "tmed": "19,6", "tmin": "15,0", "presmax": null, "presmin": null, "hourpresmin": null, "date": "1972-10-05", "name": "OURENSE", "gust": null, "tmax": "24,2", "longitude": 75135, "avgspeed": null}, {"code": "1690A", "hourtmin": "06:00", "hourgust": null, "hourtmax": "17:00", "sun": "3,0", "altitude": "143", "prec": "0,3", "latitude": 421931, "hourpresmax": null, "province": "OURENSE", "tmed": "19,2", "tmin": "14,0", "presmax": null, "presmin": null, "hourpresmin": null, "date": "1972-10-06", "name": "OURENSE", "gust": null, "tmax": "24,4", "longitude": 75135, "avgspeed": null}, {"code": "1690A", "hourtmin": "07:00", "hourgust": null, "hourtmax": "16:00", "sun": "5,0", "altitude": "143", "prec": "0,0", "latitude": 421931, "hourpresmax": null, "province": "OURENSE", "tmed": "16,6", "tmin": "8,8", "presmax": null, "presmin": null, "hourpresmin": null, "date": "1972-10-07", "name": "OURENSE", "gust": null, "tmax": "24,4", "longitude": 75135, "avgspeed": null}, {"code": "1690A", "hourtmin": "04:00", "hourgust": null, "hourtmax": "15:00", "sun": "4,0", "altitude": "143", "prec": "0,0", "latitude": 421931, "hourpresmax": null, "province": "OURENSE", "tmed": "17,3", "tmin": "9,0", "presmax": null, "presmin": null, "hourpresmin": null, "date": "1972-10-08", "name": "OURENSE", "gust": null, "tmax": "25,6", "longitude": 75135, "avgspeed": null}, {"code": "1690A", "hourtmin": "06:00", "hourgust": null, "hourtmax": "14:00", "sun": "2,0", "altitude": "143", "prec": "0,7", "latitude": 421931, "hourpresmax": null, "province": "OURENSE", "tmed": "17,5", "tmin": "9,4", "presmax": null, "presmin": null, "hourpresmin": null, "date": "1972-10-09", "name": "OURENSE", "gust": null, "tmax": "25,6", "longitude": 75135, "avgspeed": null}, {"code": "1690A", "hourtmin": "04:00", "hourgust": null, "hourtmax": "15:00", "sun": "2,0", "altitude": "143", "prec": "0,3", "latitude": 421931, "hourpresmax": null, "province": "OURENSE", "tmed": "15,4", "tmin": "11,8", "presmax": null, "presmin": null, "hourpresmin": null, "date": "1972-10-10", "name": "OURENSE", "gust": null, "tmax": "19,0", "longitude": 75135, "avgspeed": null}, {"code": "1690A", "hourtmin": "05:00", "hourgust": null, "hourtmax": "16:00", "sun": "1,0", "altitude": "143", "prec": "12,2", "latitude": 421931, "hourpresmax": null, "province": "OURENSE", "tmed": "12,2", "tmin": "8,4", "presmax": null, "presmin": null, "hourpresmin": null, "date": "1972-10-11", "name": "OURENSE", "gust": null, "tmax": "16,0", "longitude": 75135, "avgspeed": null}, {"code": "1690A", "hourtmin": "04:00", "hourgust": null, "hourtmax": "15:00", "sun": "0,0", "altitude": "143", "prec": "5,2", "latitude": 421931, "hourpresmax": null, "province": "OURENSE", "tmed": "8,4", "tmin": "3,8", "presmax": null, "presmin": null, "hourpresmin": null, "date": "1972-10-12", "name": "OURENSE", "gust": null, "tmax": "13,0", "longitude": 75135, "avgspeed": null}, {"code": "1690A", "hourtmin": "06:00", "hourgust": null, "hourtmax": "15:00", "sun": "3,0", "altitude": "143", "prec": "0,0", "latitude": 421931, "hourpresmax": null, "province": "OURENSE", "tmed": "12,5", "tmin": "7,0", "presmax": null, "presmin": null, "hourpresmin": null, "date": "1972-10-13", "name": "OURENSE", "gust": null, "tmax": "18,0", "longitude": 75135, "avgspeed": null}, {"code": "1690A", "hourtmin": "04:00", "hourgust": null, "hourtmax": "14:00", "sun": "4,0", "altitude": "143", "prec": "0,0", "latitude": 421931, "hourpresmax": null, "province": "OURENSE", "tmed": "11,3", "tmin": "3,6", "presmax": null, "presmin": null, "hourpresmin": null, "date": "1972-10-14", "name": "OURENSE", "gust": null, "tmax": "19,0", "longitude": 75135, "avgspeed": null}, {"code": "1690A", "hourtmin": "05:00", "hourgust": null, "hourtmax": "16:00", "sun": "4,0", "altitude": "143", "prec": "0,0", "latitude": 421931, "hourpresmax": null, "province": "OURENSE", "tmed": "14,7", "tmin": "5,4", "presmax": null, "presmin": null, "hourpresmin": null, "date": "1972-10-15", "name": "OURENSE", "gust": null, "tmax": "24,0", "longitude": 75135, "avgspeed": null}, {"code": "1690A", "hourtmin": "09:00", "hourgust": null, "hourtmax": "14:00", "sun": "5,0", "altitude": "143", "prec": "0,5", "latitude": 421931, "hourpresmax": null, "province": "OURENSE", "tmed": "16,5", "tmin": "9,0", "presmax": null, "presmin": null, "hourpresmin": null, "date": "1972-10-16", "name": "OURENSE", "gust": null, "tmax": "24,0", "longitude": 75135, "avgspeed": null}, {"code": "1690A", "hourtmin": "06:00", "hourgust": null, "hourtmax": "15:00", "sun": "4,0", "altitude": "143", "prec": "14,1", "latitude": 421931, "hourpresmax": null, "province": "OURENSE", "tmed": "15,6", "tmin": "7,4", "presmax": null, "presmin": null, "hourpresmin": null, "date": "1972-10-17", "name": "OURENSE", "gust": null, "tmax": "23,8", "longitude": 75135, "avgspeed": null}, {"code": "1690A", "hourtmin": "05:00", "hourgust": null, "hourtmax": "16:00", "sun": "1,0", "altitude": "143", "prec": "2,1", "latitude": 421931, "hourpresmax": null, "province": "OURENSE", "tmed": "15,5", "tmin": "10,0", "presmax": null, "presmin": null, "hourpresmin": null, "date": "1972-10-18", "name": "OURENSE", "gust": null, "tmax": "21,0", "longitude": 75135, "avgspeed": null}, {"code": "1690A", "hourtmin": "06:00", "hourgust": null, "hourtmax": "14:00", "sun": "2,0", "altitude": "143", "prec": "0,0", "latitude": 421931, "hourpresmax": null, "province": "OURENSE", "tmed": "14,0", "tmin": "8,0", "presmax": null, "presmin": null, "hourpresmin": null, "date": "1972-10-19", "name": "OURENSE", "gust": null, "tmax": "20,0", "longitude": 75135, "avgspeed": null}, {"code": "1690A", "hourtmin": "06:00", "hourgust": null, "hourtmax": "15:00", "sun": "5,0", "altitude": "143", "prec": "0,0", "latitude": 421931, "hourpresmax": null, "province": "OURENSE", "tmed": "15,8", "tmin": "8,4", "presmax": null, "presmin": null, "hourpresmin": null, "date": "1972-10-20", "name": "OURENSE", "gust": null, "tmax": "23,2", "longitude": 75135, "avgspeed": null}, {"code": "1690A", "hourtmin": "05:00", "hourgust": null, "hourtmax": "16:00", "sun": "6,0", "altitude": "143", "prec": "0,0", "latitude": 421931, "hourpresmax": null, "province": "OURENSE", "tmed": "15,3", "tmin": "9,4", "presmax": null, "presmin": null, "hourpresmin": null, "date": "1972-10-21", "name": "OURENSE", "gust": null, "tmax": "21,2", "longitude": 75135, "avgspeed": null}, {"code": "1690A", "hourtmin": "06:00", "hourgust": null, "hourtmax": "14:00", "sun": "5,0", "altitude": "143", "prec": "0,0", "latitude": 421931, "hourpresmax": null, "province": "OURENSE", "tmed": "10,5", "tmin": "2,4", "presmax": null, "presmin": null, "hourpresmin": null, "date": "1972-10-22", "name": "OURENSE", "gust": null, "tmax": "18,6", "longitude": 75135, "avgspeed": null}, {"code": "1690A", "hourtmin": "05:00", "hourgust": null, "hourtmax": "14:00", "sun": "9,0", "altitude": "143", "prec": "0,0", "latitude": 421931, "hourpresmax": null, "province": "OURENSE", "tmed": "7,0", "tmin": "0,8", "presmax": null, "presmin": null, "hourpresmin": null, "date": "1972-10-23", "name": "OURENSE", "gust": null, "tmax": "13,2", "longitude": 75135, "avgspeed": null}, {"code": "1690A", "hourtmin": "02:00", "hourgust": null, "hourtmax": "15:00", "sun": "4,0", "altitude": "143", "prec": "0,0", "latitude": 421931, "hourpresmax": null, "province": "OURENSE", "tmed": "9,3", "tmin": "0,2", "presmax": null, "presmin": null, "hourpresmin": null, "date": "1972-10-24", "name": "OURENSE", "gust": null, "tmax": "18,4", "longitude": 75135, "avgspeed": null}, {"code": "1690A", "hourtmin": "06:00", "hourgust": null, "hourtmax": "13:00", "sun": "2,0", "altitude": "143", "prec": "10,1", "latitude": 421931, "hourpresmax": null, "province": "OURENSE", "tmed": "13,0", "tmin": "8,0", "presmax": null, "presmin": null, "hourpresmin": null, "date": "1972-10-25", "name": "OURENSE", "gust": null, "tmax": "18,0", "longitude": 75135, "avgspeed": null}, {"code": "1690A", "hourtmin": "05:00", "hourgust": null, "hourtmax": "14:00", "sun": "0,0", "altitude": "143", "prec": "78,4", "latitude": 421931, "hourpresmax": null, "province": "OURENSE", "tmed": "15,0", "tmin": "10,8", "presmax": null, "presmin": null, "hourpresmin": null, "date": "1972-10-26", "name": "OURENSE", "gust": null, "tmax": "19,2", "longitude": 75135, "avgspeed": null}, {"code": "1690A", "hourtmin": "06:00", "hourgust": null, "hourtmax": "Varias", "sun": "0,0", "altitude": "143", "prec": "10,7", "latitude": 421931, "hourpresmax": null, "province": "OURENSE", "tmed": "8,2", "tmin": "7,4", "presmax": null, "presmin": null, "hourpresmin": null, "date": "1972-10-27", "name": "OURENSE", "gust": null, "tmax": "9,0", "longitude": 75135, "avgspeed": null}, {"code": "1690A", "hourtmin": "05:00", "hourgust": null, "hourtmax": "14:00", "sun": "2,0", "altitude": "143", "prec": "0,4", "latitude": 421931, "hourpresmax": null, "province": "OURENSE", "tmed": "11,7", "tmin": "4,4", "presmax": null, "presmin": null, "hourpresmin": null, "date": "1972-10-28", "name": "OURENSE", "gust": null, "tmax": "19,0", "longitude": 75135, "avgspeed": null}, {"code": "1690A", "hourtmin": "04:00", "hourgust": null, "hourtmax": "15:00", "sun": "1,0", "altitude": "143", "prec": "0,0", "latitude": 421931, "hourpresmax": null, "province": "OURENSE", "tmed": "14,3", "tmin": "9,0", "presmax": null, "presmin": null, "hourpresmin": null, "date": "1972-10-29", "name": "OURENSE", "gust": null, "tmax": "19,6", "longitude": 75135, "avgspeed": null}, {"code": "1690A", "hourtmin": "07:00", "hourgust": null, "hourtmax": "14:00", "sun": "3,0", "altitude": "143", "prec": "4,2", "latitude": 421931, "hourpresmax": null, "province": "OURENSE", "tmed": "11,5", "tmin": "5,0", "presmax": null, "presmin": null, "hourpresmin": null, "date": "1972-10-30", "name": "OURENSE", "gust": null, "tmax": "18,0", "longitude": 75135, "avgspeed": null}, {"code": "1690A", "hourtmin": "06:00", "hourgust": null, "hourtmax": "13:00", "sun": "2,0", "altitude": "143", "prec": "16,5", "latitude": 421931, "hourpresmax": null, "province": "OURENSE", "tmed": "11,5", "tmin": "8,0", "presmax": null, "presmin": null, "hourpresmin": null, "date": "1972-10-31", "name": "OURENSE", "gust": null, "tmax": "15,0", "longitude": 75135, "avgspeed": null}, {"code": "1690A", "hourtmin": "04:00", "hourgust": null, "hourtmax": "15:00", "sun": "2,0", "altitude": "143", "prec": "4,0", "latitude": 421931, "hourpresmax": null, "province": "OURENSE", "tmed": "13,2", "tmin": "9,0", "presmax": null, "presmin": null, "hourpresmin": null, "date": "1972-11-01", "name": "OURENSE", "gust": null, "tmax": "17,4", "longitude": 75135, "avgspeed": null}, {"code": "1690A", "hourtmin": "03:00", "hourgust": null, "hourtmax": "16:00", "sun": "5,0", "altitude": "143", "prec": "1,0", "latitude": 421931, "hourpresmax": null, "province": "OURENSE", "tmed": "9,9", "tmin": "3,0", "presmax": null, "presmin": null, "hourpresmin": null, "date": "1972-11-02", "name": "OURENSE", "gust": null, "tmax": "16,8", "longitude": 75135, "avgspeed": null}, {"code": "1690A", "hourtmin": "04:00", "hourgust": null, "hourtmax": "15:00", "sun": "6,0", "altitude": "143", "prec": "0,0", "latitude": 421931, "hourpresmax": null, "province": "OURENSE", "tmed": "11,2", "tmin": "2,4", "presmax": null, "presmin": null, "hourpresmin": null, "date": "1972-11-03", "name": "OURENSE", "gust": null, "tmax": "20,0", "longitude": 75135, "avgspeed": null}, {"code": "1690A", "hourtmin": "06:00", "hourgust": null, "hourtmax": "14:00", "sun": "10,0", "altitude": "143", "prec": "0,0", "latitude": 421931, "hourpresmax": null, "province": "OURENSE", "tmed": "14,9", "tmin": "7,2", "presmax": null, "presmin": null, "hourpresmin": null, "date": "1972-11-04", "name": "OURENSE", "gust": null, "tmax": "22,6", "longitude": 75135, "avgspeed": null}, {"code": "1690A", "hourtmin": "05:00", "hourgust": null, "hourtmax": "15:00", "sun": "7,0", "altitude": "143", "prec": "0,0", "latitude": 421931, "hourpresmax": null, "province": "OURENSE", "tmed": "13,5", "tmin": "6,0", "presmax": null, "presmin": null, "hourpresmin": null, "date": "1972-11-05", "name": "OURENSE", "gust": null, "tmax": "21,0", "longitude": 75135, "avgspeed": null}, {"code": "1690A", "hourtmin": "06:00", "hourgust": null, "hourtmax": "15:00", "sun": "3,0", "altitude": "143", "prec": "0,0", "latitude": 421931, "hourpresmax": null, "province": "OURENSE", "tmed": "12,5", "tmin": "5,0", "presmax": null, "presmin": null, "hourpresmin": null, "date": "1972-11-06", "name": "OURENSE", "gust": null, "tmax": "20,0", "longitude": 75135, "avgspeed": null}, {"code": "1690A", "hourtmin": "06:00", "hourgust": null, "hourtmax": "16:00", "sun": "2,0", "altitude": "143", "prec": "0,0", "latitude": 421931, "hourpresmax": null, "province": "OURENSE", "tmed": "12,5", "tmin": "5,6", "presmax": null, "presmin": null, "hourpresmin": null, "date": "1972-11-07", "name": "OURENSE", "gust": null, "tmax": "19,4", "longitude": 75135, "avgspeed": null}, {"code": "1690A", "hourtmin": "04:00", "hourgust": null, "hourtmax": "15:00", "sun": "3,0", "altitude": "143", "prec": "0,0", "latitude": 421931, "hourpresmax": null, "province": "OURENSE", "tmed": "13,7", "tmin": "8,0", "presmax": null, "presmin": null, "hourpresmin": null, "date": "1972-11-08", "name": "OURENSE", "gust": null, "tmax": "19,4", "longitude": 75135, "avgspeed": null}, {"code": "1690A", "hourtmin": "03:00", "hourgust": null, "hourtmax": "16:00", "sun": "6,0", "altitude": "143", "prec": "0,0", "latitude": 421931, "hourpresmax": null, "province": "OURENSE", "tmed": "12,5", "tmin": "5,6", "presmax": null, "presmin": null, "hourpresmin": null, "date": "1972-11-09", "name": "OURENSE", "gust": null, "tmax": "19,4", "longitude": 75135, "avgspeed": null}, {"code": "1690A", "hourtmin": "05:00", "hourgust": null, "hourtmax": "14:00", "sun": "4,0", "altitude": "143", "prec": "3,0", "latitude": 421931, "hourpresmax": null, "province": "OURENSE", "tmed": "9,5", "tmin": "3,4", "presmax": null, "presmin": null, "hourpresmin": null, "date": "1972-11-10", "name": "OURENSE", "gust": null, "tmax": "15,6", "longitude": 75135, "avgspeed": null}, {"code": "1690A", "hourtmin": "06:00", "hourgust": null, "hourtmax": "15:00", "sun": "5,0", "altitude": "143", "prec": "0,3", "latitude": 421931, "hourpresmax": null, "province": "OURENSE", "tmed": "12,8", "tmin": "8,6", "presmax": null, "presmin": null, "hourpresmin": null, "date": "1972-11-11", "name": "OURENSE", "gust": null, "tmax": "17,0", "longitude": 75135, "avgspeed": null}, {"code": "1690A", "hourtmin": "05:00", "hourgust": null, "hourtmax": "14:00", "sun": "4,0", "altitude": "143", "prec": "0,0", "latitude": 421931, "hourpresmax": null, "province": "OURENSE", "tmed": "7,1", "tmin": "-0,4", "presmax": null, "presmin": null, "hourpresmin": null, "date": "1972-11-12", "name": "OURENSE", "gust": null, "tmax": "14,6", "longitude": 75135, "avgspeed": null}, {"code": "1690A", "hourtmin": "03:00", "hourgust": null, "hourtmax": "16:00", "sun": "3,0", "altitude": "143", "prec": "0,0", "latitude": 421931, "hourpresmax": null, "province": "OURENSE", "tmed": "9,3", "tmin": "2,0", "presmax": null, "presmin": null, "hourpresmin": null, "date": "1972-11-13", "name": "OURENSE", "gust": null, "tmax": "16,6", "longitude": 75135, "avgspeed": null}, {"code": "1690A", "hourtmin": "04:00", "hourgust": null, "hourtmax": "14:00", "sun": "2,0", "altitude": "143", "prec": "15,7", "latitude": 421931, "hourpresmax": null, "province": "OURENSE", "tmed": "15,5", "tmin": "11,0", "presmax": null, "presmin": null, "hourpresmin": null, "date": "1972-11-14", "name": "OURENSE", "gust": null, "tmax": "20,0", "longitude": 75135, "avgspeed": null}, {"code": "1690A", "hourtmin": "06:00", "hourgust": null, "hourtmax": "14:00", "sun": "2,0", "altitude": "143", "prec": "0,8", "latitude": 421931, "hourpresmax": null, "province": "OURENSE", "tmed": "16,2", "tmin": "12,0", "presmax": null, "presmin": null, "hourpresmin": null, "date": "1972-11-15", "name": "OURENSE", "gust": null, "tmax": "20,4", "longitude": 75135, "avgspeed": null}, {"code": "1690A", "hourtmin": "06:00", "hourgust": null, "hourtmax": "15:00", "sun": "2,0", "altitude": "143", "prec": "5,0", "latitude": 421931, "hourpresmax": null, "province": "OURENSE", "tmed": "16,2", "tmin": "12,4", "presmax": null, "presmin": null, "hourpresmin": null, "date": "1972-11-16", "name": "OURENSE", "gust": null, "tmax": "20,0", "longitude": 75135, "avgspeed": null}, {"code": "1690A", "hourtmin": "05:00", "hourgust": null, "hourtmax": "16:00", "sun": "3,0", "altitude": "143", "prec": "13,8", "latitude": 421931, "hourpresmax": null, "province": "OURENSE", "tmed": "15,4", "tmin": "11,8", "presmax": null, "presmin": null, "hourpresmin": null, "date": "1972-11-17", "name": "OURENSE", "gust": null, "tmax": "19,0", "longitude": 75135, "avgspeed": null}, {"code": "1690A", "hourtmin": "04:00", "hourgust": null, "hourtmax": "16:00", "sun": "3,0", "altitude": "143", "prec": "1,0", "latitude": 421931, "hourpresmax": null, "province": "OURENSE", "tmed": "14,3", "tmin": "9,0", "presmax": null, "presmin": null, "hourpresmin": null, "date": "1972-11-18", "name": "OURENSE", "gust": null, "tmax": "19,6", "longitude": 75135, "avgspeed": null}, {"code": "1690A", "hourtmin": "04:00", "hourgust": null, "hourtmax": "15:00", "sun": "1,0", "altitude": "143", "prec": "19,3", "latitude": 421931, "hourpresmax": null, "province": "OURENSE", "tmed": "15,5", "tmin": "11,4", "presmax": null, "presmin": null, "hourpresmin": null, "date": "1972-11-19", "name": "OURENSE", "gust": null, "tmax": "19,6", "longitude": 75135, "avgspeed": null}, {"code": "1690A", "hourtmin": "05:00", "hourgust": null, "hourtmax": "14:00", "sun": "0,0", "altitude": "143", "prec": "33,2", "latitude": 421931, "hourpresmax": null, "province": "OURENSE", "tmed": "15,5", "tmin": "11,0", "presmax": null, "presmin": null, "hourpresmin": null, "date": "1972-11-20", "name": "OURENSE", "gust": null, "tmax": "20,0", "longitude": 75135, "avgspeed": null}, {"code": "1690A", "hourtmin": "04:00", "hourgust": null, "hourtmax": "16:00", "sun": "2,0", "altitude": "143", "prec": "3,2", "latitude": 421931, "hourpresmax": null, "province": "OURENSE", "tmed": "16,5", "tmin": "12,4", "presmax": null, "presmin": null, "hourpresmin": null, "date": "1972-11-21", "name": "OURENSE", "gust": null, "tmax": "20,6", "longitude": 75135, "avgspeed": null}, {"code": "1690A", "hourtmin": "07:00", "hourgust": null, "hourtmax": "17:00", "sun": "3,0", "altitude": "143", "prec": "0,4", "latitude": 421931, "hourpresmax": null, "province": "OURENSE", "tmed": "13,5", "tmin": "11,0", "presmax": null, "presmin": null, "hourpresmin": null, "date": "1972-11-22", "name": "OURENSE", "gust": null, "tmax": "16,0", "longitude": 75135, "avgspeed": null}, {"code": "1690A", "hourtmin": "03:00", "hourgust": null, "hourtmax": "15:00", "sun": "2,0", "altitude": "143", "prec": "2,0", "latitude": 421931, "hourpresmax": null, "province": "OURENSE", "tmed": "14,3", "tmin": "9,6", "presmax": null, "presmin": null, "hourpresmin": null, "date": "1972-11-23", "name": "OURENSE", "gust": null, "tmax": "19,0", "longitude": 75135, "avgspeed": null}, {"code": "1690A", "hourtmin": "05:00", "hourgust": null, "hourtmax": "15:00", "sun": "4,0", "altitude": "143", "prec": "0,0", "latitude": 421931, "hourpresmax": null, "province": "OURENSE", "tmed": "14,3", "tmin": "10,0", "presmax": null, "presmin": null, "hourpresmin": null, "date": "1972-11-24", "name": "OURENSE", "gust": null, "tmax": "18,6", "longitude": 75135, "avgspeed": null}, {"code": "1690A", "hourtmin": "06:00", "hourgust": null, "hourtmax": "17:00", "sun": "6,0", "altitude": "143", "prec": "0,0", "latitude": 421931, "hourpresmax": null, "province": "OURENSE", "tmed": "8,9", "tmin": "1,8", "presmax": null, "presmin": null, "hourpresmin": null, "date": "1972-11-25", "name": "OURENSE", "gust": null, "tmax": "16,0", "longitude": 75135, "avgspeed": null}, {"code": "1690A", "hourtmin": "02:00", "hourgust": null, "hourtmax": "16:00", "sun": "8,0", "altitude": "143", "prec": "0,0", "latitude": 421931, "hourpresmax": null, "province": "OURENSE", "tmed": "6,3", "tmin": "-2,4", "presmax": null, "presmin": null, "hourpresmin": null, "date": "1972-11-26", "name": "OURENSE", "gust": null, "tmax": "15,0", "longitude": 75135, "avgspeed": null}, {"code": "1690A", "hourtmin": "03:00", "hourgust": null, "hourtmax": "17:00", "sun": "8,0", "altitude": "143", "prec": "0,0", "latitude": 421931, "hourpresmax": null, "province": "OURENSE", "tmed": "4,7", "tmin": "-4,0", "presmax": null, "presmin": null, "hourpresmin": null, "date": "1972-11-27", "name": "OURENSE", "gust": null, "tmax": "13,4", "longitude": 75135, "avgspeed": null}, {"code": "1690A", "hourtmin": "06:00", "hourgust": null, "hourtmax": "15:00", "sun": "5,0", "altitude": "143", "prec": "0,0", "latitude": 421931, "hourpresmax": null, "province": "OURENSE", "tmed": "5,5", "tmin": "-3,6", "presmax": null, "presmin": null, "hourpresmin": null, "date": "1972-11-28", "name": "OURENSE", "gust": null, "tmax": "14,6", "longitude": 75135, "avgspeed": null}, {"code": "1690A", "hourtmin": "06:00", "hourgust": null, "hourtmax": "17:00", "sun": "6,0", "altitude": "143", "prec": "5,0", "latitude": 421931, "hourpresmax": null, "province": "OURENSE", "tmed": "5,9", "tmin": "-1,6", "presmax": null, "presmin": null, "hourpresmin": null, "date": "1972-11-29", "name": "OURENSE", "gust": null, "tmax": "13,4", "longitude": 75135, "avgspeed": null}, {"code": "1690A", "hourtmin": "02:00", "hourgust": null, "hourtmax": "16:00", "sun": "1,0", "altitude": "143", "prec": "3,1", "latitude": 421931, "hourpresmax": null, "province": "OURENSE", "tmed": "6,6", "tmin": "-0,2", "presmax": null, "presmin": null, "hourpresmin": null, "date": "1972-11-30", "name": "OURENSE", "gust": null, "tmax": "13,4", "longitude": 75135, "avgspeed": null}, {"code": "1690A", "hourtmin": "02:00", "hourgust": null, "hourtmax": "15:00", "sun": "0,0", "altitude": "143", "prec": "2,3", "latitude": 421931, "hourpresmax": null, "province": "OURENSE", "tmed": "7,4", "tmin": "0,8", "presmax": null, "presmin": null, "hourpresmin": null, "date": "1972-12-01", "name": "OURENSE", "gust": null, "tmax": "14,0", "longitude": 75135, "avgspeed": null}, {"code": "1690A", "hourtmin": "18:00", "hourgust": null, "hourtmax": "14:00", "sun": "0,0", "altitude": "143", "prec": "14,0", "latitude": 421931, "hourpresmax": null, "province": "OURENSE", "tmed": "9,0", "tmin": "5,0", "presmax": null, "presmin": null, "hourpresmin": null, "date": "1972-12-02", "name": "OURENSE", "gust": null, "tmax": "13,0", "longitude": 75135, "avgspeed": null}, {"code": "1690A", "hourtmin": "06:00", "hourgust": null, "hourtmax": "16:00", "sun": "2,0", "altitude": "143", "prec": "3,6", "latitude": 421931, "hourpresmax": null, "province": "OURENSE", "tmed": "7,7", "tmin": "2,4", "presmax": null, "presmin": null, "hourpresmin": null, "date": "1972-12-03", "name": "OURENSE", "gust": null, "tmax": "13,0", "longitude": 75135, "avgspeed": null}, {"code": "1690A", "hourtmin": "03:00", "hourgust": null, "hourtmax": "15:00", "sun": "2,0", "altitude": "143", "prec": "1,6", "latitude": 421931, "hourpresmax": null, "province": "OURENSE", "tmed": "8,1", "tmin": "2,0", "presmax": null, "presmin": null, "hourpresmin": null, "date": "1972-12-04", "name": "OURENSE", "gust": null, "tmax": "14,2", "longitude": 75135, "avgspeed": null}, {"code": "1690A", "hourtmin": "04:00", "hourgust": null, "hourtmax": "16:00", "sun": "3,0", "altitude": "143", "prec": "13,2", "latitude": 421931, "hourpresmax": null, "province": "OURENSE", "tmed": "7,9", "tmin": "1,6", "presmax": null, "presmin": null, "hourpresmin": null, "date": "1972-12-05", "name": "OURENSE", "gust": null, "tmax": "14,2", "longitude": 75135, "avgspeed": null}, {"code": "1690A", "hourtmin": "05:00", "hourgust": null, "hourtmax": "17:00", "sun": "0,0", "altitude": "143", "prec": "20,3", "latitude": 421931, "hourpresmax": null, "province": "OURENSE", "tmed": "11,8", "tmin": "7,4", "presmax": null, "presmin": null, "hourpresmin": null, "date": "1972-12-06", "name": "OURENSE", "gust": null, "tmax": "16,2", "longitude": 75135, "avgspeed": null}, {"code": "1690A", "hourtmin": "18:00", "hourgust": null, "hourtmax": "16:00", "sun": "1,0", "altitude": "143", "prec": "0,6", "latitude": 421931, "hourpresmax": null, "province": "OURENSE", "tmed": "11,8", "tmin": "9,0", "presmax": null, "presmin": null, "hourpresmin": null, "date": "1972-12-07", "name": "OURENSE", "gust": null, "tmax": "14,6", "longitude": 75135, "avgspeed": null}, {"code": "1690A", "hourtmin": "06:00", "hourgust": null, "hourtmax": "15:00", "sun": "3,0", "altitude": "143", "prec": "0,0", "latitude": 421931, "hourpresmax": null, "province": "OURENSE", "tmed": "9,5", "tmin": "5,4", "presmax": null, "presmin": null, "hourpresmin": null, "date": "1972-12-08", "name": "OURENSE", "gust": null, "tmax": "13,6", "longitude": 75135, "avgspeed": null}, {"code": "1690A", "hourtmin": "05:00", "hourgust": null, "hourtmax": "16:00", "sun": "7,0", "altitude": "143", "prec": "0,0", "latitude": 421931, "hourpresmax": null, "province": "OURENSE", "tmed": "6,4", "tmin": "-1,6", "presmax": null, "presmin": null, "hourpresmin": null, "date": "1972-12-09", "name": "OURENSE", "gust": null, "tmax": "14,4", "longitude": 75135, "avgspeed": null}, {"code": "1690A", "hourtmin": "03:00", "hourgust": null, "hourtmax": "15:00", "sun": "2,0", "altitude": "143", "prec": "0,0", "latitude": 421931, "hourpresmax": null, "province": "OURENSE", "tmed": "3,8", "tmin": "-1,4", "presmax": null, "presmin": null, "hourpresmin": null, "date": "1972-12-10", "name": "OURENSE", "gust": null, "tmax": "9,0", "longitude": 75135, "avgspeed": null}, {"code": "1690A", "hourtmin": "07:00", "hourgust": null, "hourtmax": "17:00", "sun": "0,0", "altitude": "143", "prec": "0,0", "latitude": 421931, "hourpresmax": null, "province": "OURENSE", "tmed": "3,3", "tmin": "-1,0", "presmax": null, "presmin": null, "hourpresmin": null, "date": "1972-12-11", "name": "OURENSE", "gust": null, "tmax": "7,6", "longitude": 75135, "avgspeed": null}, {"code": "1690A", "hourtmin": "03:00", "hourgust": null, "hourtmax": "16:00", "sun": "0,0", "altitude": "143", "prec": "0,0", "latitude": 421931, "hourpresmax": null, "province": "OURENSE", "tmed": "6,5", "tmin": "0,0", "presmax": null, "presmin": null, "hourpresmin": null, "date": "1972-12-12", "name": "OURENSE", "gust": null, "tmax": "13,0", "longitude": 75135, "avgspeed": null}, {"code": "1690A", "hourtmin": "04:00", "hourgust": null, "hourtmax": "15:00", "sun": "3,0", "altitude": "143", "prec": "0,0", "latitude": 421931, "hourpresmax": null, "province": "OURENSE", "tmed": "13,0", "tmin": "8,0", "presmax": null, "presmin": null, "hourpresmin": null, "date": "1972-12-13", "name": "OURENSE", "gust": null, "tmax": "18,0", "longitude": 75135, "avgspeed": null}, {"code": "1690A", "hourtmin": "02:00", "hourgust": null, "hourtmax": "15:00", "sun": "7,0", "altitude": "143", "prec": "0,0", "latitude": 421931, "hourpresmax": null, "province": "OURENSE", "tmed": "10,6", "tmin": "4,6", "presmax": null, "presmin": null, "hourpresmin": null, "date": "1972-12-14", "name": "OURENSE", "gust": null, "tmax": "16,6", "longitude": 75135, "avgspeed": null}, {"code": "1690A", "hourtmin": "06:00", "hourgust": null, "hourtmax": "16:00", "sun": "2,0", "altitude": "143", "prec": "2,4", "latitude": 421931, "hourpresmax": null, "province": "OURENSE", "tmed": "12,8", "tmin": "10,0", "presmax": null, "presmin": null, "hourpresmin": null, "date": "1972-12-15", "name": "OURENSE", "gust": null, "tmax": "15,6", "longitude": 75135, "avgspeed": null}, {"code": "1690A", "hourtmin": "04:00", "hourgust": null, "hourtmax": "15:00", "sun": "2,0", "altitude": "143", "prec": "0,0", "latitude": 421931, "hourpresmax": null, "province": "OURENSE", "tmed": "14,5", "tmin": "11,0", "presmax": null, "presmin": null, "hourpresmin": null, "date": "1972-12-16", "name": "OURENSE", "gust": null, "tmax": "18,0", "longitude": 75135, "avgspeed": null}, {"code": "1690A", "hourtmin": "02:00", "hourgust": null, "hourtmax": "16:00", "sun": "3,0", "altitude": "143", "prec": "0,0", "latitude": 421931, "hourpresmax": null, "province": "OURENSE", "tmed": "13,2", "tmin": "6,0", "presmax": null, "presmin": null, "hourpresmin": null, "date": "1972-12-17", "name": "OURENSE", "gust": null, "tmax": "20,4", "longitude": 75135, "avgspeed": null}, {"code": "1690A", "hourtmin": "05:00", "hourgust": null, "hourtmax": "17:00", "sun": "4,0", "altitude": "143", "prec": "0,0", "latitude": 421931, "hourpresmax": null, "province": "OURENSE", "tmed": "16,1", "tmin": "11,0", "presmax": null, "presmin": null, "hourpresmin": null, "date": "1972-12-18", "name": "OURENSE", "gust": null, "tmax": "21,2", "longitude": 75135, "avgspeed": null}, {"code": "1690A", "hourtmin": "05:00", "hourgust": null, "hourtmax": "16:00", "sun": "2,0", "altitude": "143", "prec": "0,0", "latitude": 421931, "hourpresmax": null, "province": "OURENSE", "tmed": "8,3", "tmin": "1,6", "presmax": null, "presmin": null, "hourpresmin": null, "date": "1972-12-19", "name": "OURENSE", "gust": null, "tmax": "15,0", "longitude": 75135, "avgspeed": null}, {"code": "1690A", "hourtmin": "04:00", "hourgust": null, "hourtmax": "15:00", "sun": "0,0", "altitude": "143", "prec": "0,0", "latitude": 421931, "hourpresmax": null, "province": "OURENSE", "tmed": "5,5", "tmin": "1,0", "presmax": null, "presmin": null, "hourpresmin": null, "date": "1972-12-20", "name": "OURENSE", "gust": null, "tmax": "10,0", "longitude": 75135, "avgspeed": null}, {"code": "1690A", "hourtmin": "07:00", "hourgust": null, "hourtmax": "15:00", "sun": "0,0", "altitude": "143", "prec": "0,0", "latitude": 421931, "hourpresmax": null, "province": "OURENSE", "tmed": "3,3", "tmin": "-1,0", "presmax": null, "presmin": null, "hourpresmin": null, "date": "1972-12-21", "name": "OURENSE", "gust": null, "tmax": "7,6", "longitude": 75135, "avgspeed": null}, {"code": "1690A", "hourtmin": "04:00", "hourgust": null, "hourtmax": "16:00", "sun": "0,0", "altitude": "143", "prec": "0,0", "latitude": 421931, "hourpresmax": null, "province": "OURENSE", "tmed": "5,5", "tmin": "1,0", "presmax": null, "presmin": null, "hourpresmin": null, "date": "1972-12-22", "name": "OURENSE", "gust": null, "tmax": "10,0", "longitude": 75135, "avgspeed": null}, {"code": "1690A", "hourtmin": "06:00", "hourgust": null, "hourtmax": "17:00", "sun": "0,0", "altitude": "143", "prec": "0,0", "latitude": 421931, "hourpresmax": null, "province": "OURENSE", "tmed": "6,6", "tmin": "3,6", "presmax": null, "presmin": null, "hourpresmin": null, "date": "1972-12-23", "name": "OURENSE", "gust": null, "tmax": "9,6", "longitude": 75135, "avgspeed": null}, {"code": "1690A", "hourtmin": "05:00", "hourgust": null, "hourtmax": "16:00", "sun": "0,0", "altitude": "143", "prec": "0,0", "latitude": 421931, "hourpresmax": null, "province": "OURENSE", "tmed": "6,6", "tmin": "1,6", "presmax": null, "presmin": null, "hourpresmin": null, "date": "1972-12-24", "name": "OURENSE", "gust": null, "tmax": "11,6", "longitude": 75135, "avgspeed": null}, {"code": "1690A", "hourtmin": "03:00", "hourgust": null, "hourtmax": "16:00", "sun": "0,0", "altitude": "143", "prec": "Ip", "latitude": 421931, "hourpresmax": null, "province": "OURENSE", "tmed": "8,2", "tmin": "4,4", "presmax": null, "presmin": null, "hourpresmin": null, "date": "1972-12-25", "name": "OURENSE", "gust": null, "tmax": "12,0", "longitude": 75135, "avgspeed": null}, {"code": "1690A", "hourtmin": "06:00", "hourgust": null, "hourtmax": "15:00", "sun": "2,0", "altitude": "143", "prec": "19,1", "latitude": 421931, "hourpresmax": null, "province": "OURENSE", "tmed": "9,2", "tmin": "4,4", "presmax": null, "presmin": null, "hourpresmin": null, "date": "1972-12-26", "name": "OURENSE", "gust": null, "tmax": "14,0", "longitude": 75135, "avgspeed": null}, {"code": "1690A", "hourtmin": "23:59", "hourgust": null, "hourtmax": "15:00", "sun": "0,0", "altitude": "143", "prec": "24,8", "latitude": 421931, "hourpresmax": null, "province": "OURENSE", "tmed": "8,9", "tmin": "4,4", "presmax": null, "presmin": null, "hourpresmin": null, "date": "1972-12-27", "name": "OURENSE", "gust": null, "tmax": "13,4", "longitude": 75135, "avgspeed": null}, {"code": "1690A", "hourtmin": "05:00", "hourgust": null, "hourtmax": "16:00", "sun": "2,0", "altitude": "143", "prec": "0,7", "latitude": 421931, "hourpresmax": null, "province": "OURENSE", "tmed": "8,0", "tmin": "4,0", "presmax": null, "presmin": null, "hourpresmin": null, "date": "1972-12-28", "name": "OURENSE", "gust": null, "tmax": "12,0", "longitude": 75135, "avgspeed": null}, {"code": "1690A", "hourtmin": "05:00", "hourgust": null, "hourtmax": "16:00", "sun": "1,0", "altitude": "143", "prec": "1,3", "latitude": 421931, "hourpresmax": null, "province": "OURENSE", "tmed": "6,7", "tmin": "2,4", "presmax": null, "presmin": null, "hourpresmin": null, "date": "1972-12-29", "name": "OURENSE", "gust": null, "tmax": "11,0", "longitude": 75135, "avgspeed": null}, {"code": "1690A", "hourtmin": "06:00", "hourgust": null, "hourtmax": "17:00", "sun": "2,0", "altitude": "143", "prec": "0,0", "latitude": 421931, "hourpresmax": null, "province": "OURENSE", "tmed": "8,3", "tmin": "5,0", "presmax": null, "presmin": null, "hourpresmin": null, "date": "1972-12-30", "name": "OURENSE", "gust": null, "tmax": "11,6", "longitude": 75135, "avgspeed": null}, {"code": "1690A", "hourtmin": "03:00", "hourgust": null, "hourtmax": "16:00", "sun": "4,0", "altitude": "143", "prec": "0,0", "latitude": 421931, "hourpresmax": null, "province": "OURENSE", "tmed": "6,0", "tmin": "1,6", "presmax": null, "presmin": null, "hourpresmin": null, "date": "1972-12-31", "name": "OURENSE", "gust": null, "tmax": "10,4", "longitude": 75135, "avgspeed": null}]