[{"code": "1690A", "hourtmin": "05:00", "hourgust": null, "hourtmax": "16:00", "sun": "2,5", "altitude": "143", "prec": "0,0", "latitude": 421931, "hourpresmax": "24", "province": "OURENSE", "tmed": "10,9", "tmin": "7,8", "avgspeed": null, "presmax": "1003,2", "presmin": "994,7", "hourpresmin": "03", "date": "1982-01-01", "name": "OURENSE", "gust": null, "tmax": "14,0", "longitude": 75135}, {"code": "1690A", "hourtmin": "05:30", "hourgust": null, "hourtmax": "16:00", "sun": "4,2", "altitude": "143", "prec": "0,0", "latitude": 421931, "hourpresmax": "13", "province": "OURENSE", "tmed": "13,0", "tmin": "11,0", "avgspeed": null, "presmax": "1004,8", "presmin": "998,7", "hourpresmin": "24", "date": "1982-01-02", "name": "OURENSE", "gust": null, "tmax": "15,0", "longitude": 75135}, {"code": "1690A", "hourtmin": "05:30", "hourgust": null, "hourtmax": "14:30", "sun": "0,0", "altitude": "143", "prec": "21,5", "latitude": 421931, "hourpresmax": "24", "province": "OURENSE", "tmed": "13,4", "tmin": "12,2", "avgspeed": null, "presmax": "1001,5", "presmin": "996,0", "hourpresmin": "18", "date": "1982-01-03", "name": "OURENSE", "gust": null, "tmax": "14,6", "longitude": 75135}, {"code": "1690A", "hourtmin": "06:00", "hourgust": null, "hourtmax": "14:30", "sun": "1,3", "altitude": "143", "prec": "1,5", "latitude": 421931, "hourpresmax": "24", "province": "OURENSE", "tmed": "12,9", "tmin": "9,8", "avgspeed": null, "presmax": "1005,7", "presmin": "1000,0", "hourpresmin": "04", "date": "1982-01-04", "name": "OURENSE", "gust": null, "tmax": "16,0", "longitude": 75135}, {"code": "1690A", "hourtmin": "06:15", "hourgust": null, "hourtmax": "15:00", "sun": "2,6", "altitude": "143", "prec": "0,0", "latitude": 421931, "hourpresmax": "13", "province": "OURENSE", "tmed": "14,0", "tmin": "9,6", "avgspeed": null, "presmax": "1008,0", "presmin": "1004,3", "hourpresmin": "24", "date": "1982-01-05", "name": "OURENSE", "gust": null, "tmax": "18,4", "longitude": 75135}, {"code": "1690A", "hourtmin": "06:00", "hourgust": null, "hourtmax": "15:30", "sun": "0,0", "altitude": "143", "prec": "0,2", "latitude": 421931, "hourpresmax": "15", "province": "OURENSE", "tmed": "14,3", "tmin": "12,2", "avgspeed": null, "presmax": "1007,3", "presmin": "1003,2", "hourpresmin": "03", "date": "1982-01-06", "name": "OURENSE", "gust": null, "tmax": "16,4", "longitude": 75135}, {"code": "1690A", "hourtmin": "06:00", "hourgust": null, "hourtmax": "15:15", "sun": "4,3", "altitude": "143", "prec": "0,0", "latitude": 421931, "hourpresmax": "10", "province": "OURENSE", "tmed": "13,1", "tmin": "9,8", "avgspeed": null, "presmax": "1006,9", "presmin": "1001,6", "hourpresmin": "22", "date": "1982-01-07", "name": "OURENSE", "gust": null, "tmax": "16,4", "longitude": 75135}, {"code": "1690A", "hourtmin": "07:00", "hourgust": null, "hourtmax": "16:00", "sun": "2,4", "altitude": "143", "prec": "0,2", "latitude": 421931, "hourpresmax": "10", "province": "OURENSE", "tmed": "11,1", "tmin": "7,0", "avgspeed": null, "presmax": "1003,1", "presmin": "997,7", "hourpresmin": "21", "date": "1982-01-08", "name": "OURENSE", "gust": null, "tmax": "15,2", "longitude": 75135}, {"code": "1690A", "hourtmin": "05:30", "hourgust": null, "hourtmax": "16:00", "sun": "3,3", "altitude": "143", "prec": "10,4", "latitude": 421931, "hourpresmax": "11", "province": "OURENSE", "tmed": "15,6", "tmin": "12,0", "avgspeed": null, "presmax": "1001,9", "presmin": "985,3", "hourpresmin": "24", "date": "1982-01-09", "name": "OURENSE", "gust": null, "tmax": "19,2", "longitude": 75135}, {"code": "1690A", "hourtmin": "07:00", "hourgust": null, "hourtmax": "16:15", "sun": "2,1", "altitude": "143", "prec": "12,2", "latitude": 421931, "hourpresmax": "11", "province": "OURENSE", "tmed": "15,4", "tmin": "13,0", "avgspeed": null, "presmax": "992,0", "presmin": "984,0", "hourpresmin": "24", "date": "1982-01-10", "name": "OURENSE", "gust": null, "tmax": "17,8", "longitude": 75135}, {"code": "1690A", "hourtmin": "07:00", "hourgust": null, "hourtmax": "15:30", "sun": "2,4", "altitude": "143", "prec": "1,7", "latitude": 421931, "hourpresmax": "24", "province": "OURENSE", "tmed": "14,0", "tmin": "12,0", "avgspeed": null, "presmax": "990,7", "presmin": "981,7", "hourpresmin": "07", "date": "1982-01-11", "name": "OURENSE", "gust": null, "tmax": "16,0", "longitude": 75135}, {"code": "1690A", "hourtmin": "07:00", "hourgust": null, "hourtmax": "16:00", "sun": "6,7", "altitude": "143", "prec": "0,0", "latitude": 421931, "hourpresmax": "24", "province": "OURENSE", "tmed": "9,6", "tmin": "4,0", "avgspeed": null, "presmax": "994,9", "presmin": "989,2", "hourpresmin": "07", "date": "1982-01-12", "name": "OURENSE", "gust": null, "tmax": "15,2", "longitude": 75135}, {"code": "1690A", "hourtmin": "07:00", "hourgust": null, "hourtmax": "16:00", "sun": "6,6", "altitude": "143", "prec": "0,0", "latitude": 421931, "hourpresmax": "13", "province": "OURENSE", "tmed": "8,0", "tmin": "2,0", "avgspeed": null, "presmax": "1001,3", "presmin": "994,9", "hourpresmin": "00", "date": "1982-01-13", "name": "OURENSE", "gust": null, "tmax": "14,0", "longitude": 75135}, {"code": "1690A", "hourtmin": "07:00", "hourgust": null, "hourtmax": "15:30", "sun": "4,3", "altitude": "143", "prec": "0,0", "latitude": 421931, "hourpresmax": "07", "province": "OURENSE", "tmed": "7,7", "tmin": "4,2", "avgspeed": null, "presmax": "998,7", "presmin": "995,5", "hourpresmin": "Varias", "date": "1982-01-14", "name": "OURENSE", "gust": null, "tmax": "11,2", "longitude": 75135}, {"code": "1690A", "hourtmin": "07:00", "hourgust": null, "hourtmax": "16:00", "sun": "1,5", "altitude": "143", "prec": "5,2", "latitude": 421931, "hourpresmax": "09", "province": "OURENSE", "tmed": "9,5", "tmin": "4,2", "avgspeed": null, "presmax": "996,1", "presmin": "992,1", "hourpresmin": "18", "date": "1982-01-15", "name": "OURENSE", "gust": null, "tmax": "14,8", "longitude": 75135}, {"code": "1690A", "hourtmin": "07:00", "hourgust": null, "hourtmax": "15:00", "sun": "0,8", "altitude": "143", "prec": "1,6", "latitude": 421931, "hourpresmax": "24", "province": "OURENSE", "tmed": "13,1", "tmin": "10,2", "avgspeed": null, "presmax": "996,5", "presmin": "990,7", "hourpresmin": "04", "date": "1982-01-16", "name": "OURENSE", "gust": null, "tmax": "16,0", "longitude": 75135}, {"code": "1690A", "hourtmin": "06:00", "hourgust": null, "hourtmax": "15:00", "sun": "0,8", "altitude": "143", "prec": "0,0", "latitude": 421931, "hourpresmax": "13", "province": "OURENSE", "tmed": "9,4", "tmin": "6,0", "avgspeed": null, "presmax": "1004,3", "presmin": "996,5", "hourpresmin": "00", "date": "1982-01-17", "name": "OURENSE", "gust": null, "tmax": "12,8", "longitude": 75135}, {"code": "1690A", "hourtmin": "07:00", "hourgust": null, "hourtmax": "15:15", "sun": "0,0", "altitude": "143", "prec": "5,7", "latitude": 421931, "hourpresmax": "13", "province": "OURENSE", "tmed": "11,0", "tmin": "8,0", "avgspeed": null, "presmax": "1002,9", "presmin": "1000,4", "hourpresmin": "Varias", "date": "1982-01-18", "name": "OURENSE", "gust": null, "tmax": "14,0", "longitude": 75135}, {"code": "1690A", "hourtmin": "05:30", "hourgust": null, "hourtmax": "15:30", "sun": "5,0", "altitude": "143", "prec": "1,7", "latitude": 421931, "hourpresmax": "20", "province": "OURENSE", "tmed": "12,5", "tmin": "9,6", "avgspeed": null, "presmax": "1005,3", "presmin": "1000,0", "hourpresmin": "09", "date": "1982-01-19", "name": "OURENSE", "gust": null, "tmax": "15,4", "longitude": 75135}, {"code": "1690A", "hourtmin": "05:00", "hourgust": null, "hourtmax": "15:00", "sun": "0,0", "altitude": "143", "prec": "3,4", "latitude": 421931, "hourpresmax": "13", "province": "OURENSE", "tmed": "11,2", "tmin": "8,4", "avgspeed": null, "presmax": "1009,9", "presmin": "1004,0", "hourpresmin": "04", "date": "1982-01-20", "name": "OURENSE", "gust": null, "tmax": "14,0", "longitude": 75135}, {"code": "1690A", "hourtmin": "05:45", "hourgust": null, "hourtmax": "15:00", "sun": "0,0", "altitude": "143", "prec": "0,0", "latitude": 421931, "hourpresmax": "18", "province": "OURENSE", "tmed": "11,3", "tmin": "8,6", "avgspeed": null, "presmax": "1017,2", "presmin": "1006,7", "hourpresmin": "03", "date": "1982-01-21", "name": "OURENSE", "gust": null, "tmax": "14,0", "longitude": 75135}, {"code": "1690A", "hourtmin": "07:00", "hourgust": null, "hourtmax": "15:15", "sun": "2,6", "altitude": "143", "prec": "0,0", "latitude": 421931, "hourpresmax": "13", "province": "OURENSE", "tmed": "11,8", "tmin": "9,4", "avgspeed": null, "presmax": "1019,3", "presmin": "1015,1", "hourpresmin": "03", "date": "1982-01-22", "name": "OURENSE", "gust": null, "tmax": "14,2", "longitude": 75135}, {"code": "1690A", "hourtmin": "05:00", "hourgust": null, "hourtmax": "15:30", "sun": "4,7", "altitude": "143", "prec": "0,0", "latitude": 421931, "hourpresmax": "15", "province": "OURENSE", "tmed": "10,8", "tmin": "8,2", "avgspeed": null, "presmax": "1016,3", "presmin": "1013,3", "hourpresmin": "11", "date": "1982-01-23", "name": "OURENSE", "gust": null, "tmax": "13,4", "longitude": 75135}, {"code": "1690A", "hourtmin": "04:30", "hourgust": null, "hourtmax": "15:30", "sun": "4,3", "altitude": "143", "prec": "0,0", "latitude": 421931, "hourpresmax": "11", "province": "OURENSE", "tmed": "9,2", "tmin": "5,4", "avgspeed": null, "presmax": "1016,0", "presmin": "1010,7", "hourpresmin": "21", "date": "1982-01-24", "name": "OURENSE", "gust": null, "tmax": "13,0", "longitude": 75135}, {"code": "1690A", "hourtmin": "06:00", "hourgust": null, "hourtmax": "15:30", "sun": "3,3", "altitude": "143", "prec": "0,0", "latitude": 421931, "hourpresmax": "10", "province": "OURENSE", "tmed": "9,0", "tmin": "5,0", "avgspeed": null, "presmax": "1013,7", "presmin": "1009,5", "hourpresmin": "22", "date": "1982-01-25", "name": "OURENSE", "gust": null, "tmax": "13,0", "longitude": 75135}, {"code": "1690A", "hourtmin": "05:30", "hourgust": null, "hourtmax": "15:00", "sun": "0,1", "altitude": "143", "prec": "Ip", "latitude": 421931, "hourpresmax": "10", "province": "OURENSE", "tmed": "9,3", "tmin": "5,2", "avgspeed": null, "presmax": "1011,7", "presmin": "1007,7", "hourpresmin": "18", "date": "1982-01-26", "name": "OURENSE", "gust": null, "tmax": "13,4", "longitude": 75135}, {"code": "1690A", "hourtmin": "05:30", "hourgust": null, "hourtmax": "15:30", "sun": "4,9", "altitude": "143", "prec": "Ip", "latitude": 421931, "hourpresmax": "24", "province": "OURENSE", "tmed": "10,9", "tmin": "7,0", "avgspeed": null, "presmax": "1013,3", "presmin": "1008,3", "hourpresmin": "07", "date": "1982-01-27", "name": "OURENSE", "gust": null, "tmax": "14,8", "longitude": 75135}, {"code": "1690A", "hourtmin": "06:00", "hourgust": null, "hourtmax": "16:00", "sun": "6,3", "altitude": "143", "prec": "0,0", "latitude": 421931, "hourpresmax": "13", "province": "OURENSE", "tmed": "8,3", "tmin": "2,4", "avgspeed": null, "presmax": "1016,0", "presmin": "1013,3", "hourpresmin": "Varias", "date": "1982-01-28", "name": "OURENSE", "gust": null, "tmax": "14,2", "longitude": 75135}, {"code": "1690A", "hourtmin": "05:00", "hourgust": null, "hourtmax": "16:00", "sun": "7,1", "altitude": "143", "prec": "0,0", "latitude": 421931, "hourpresmax": "13", "province": "OURENSE", "tmed": "6,9", "tmin": "-0,2", "avgspeed": null, "presmax": "1018,8", "presmin": "1013,3", "hourpresmin": "00", "date": "1982-01-29", "name": "OURENSE", "gust": null, "tmax": "14,0", "longitude": 75135}, {"code": "1690A", "hourtmin": "05:30", "hourgust": null, "hourtmax": "15:00", "sun": "6,3", "altitude": "143", "prec": "0,0", "latitude": 421931, "hourpresmax": "09", "province": "OURENSE", "tmed": "7,6", "tmin": "-0,2", "avgspeed": null, "presmax": "1017,7", "presmin": "1012,5", "hourpresmin": "20", "date": "1982-01-30", "name": "OURENSE", "gust": null, "tmax": "15,4", "longitude": 75135}, {"code": "1690A", "hourtmin": "07:00", "hourgust": null, "hourtmax": "16:00", "sun": "3,6", "altitude": "143", "prec": "0,0", "latitude": 421931, "hourpresmax": "15", "province": "OURENSE", "tmed": "7,4", "tmin": "2,8", "avgspeed": null, "presmax": "1016,3", "presmin": "1010,1", "hourpresmin": "21", "date": "1982-01-31", "name": "OURENSE", "gust": null, "tmax": "12,0", "longitude": 75135}, {"code": "1690A", "hourtmin": "07:00", "hourgust": null, "hourtmax": "16:00", "sun": "0,0", "altitude": "143", "prec": "0,0", "latitude": 421931, "hourpresmax": "00", "province": "OURENSE", "tmed": "6,5", "tmin": "1,8", "avgspeed": null, "presmax": "1010,7", "presmin": "1004,3", "hourpresmin": "24", "date": "1982-02-01", "name": "OURENSE", "gust": null, "tmax": "11,2", "longitude": 75135}, {"code": "1690A", "hourtmin": "06:00", "hourgust": null, "hourtmax": "15:30", "sun": "4,7", "altitude": "143", "prec": "7,2", "latitude": 421931, "hourpresmax": "00", "province": "OURENSE", "tmed": "10,0", "tmin": "6,0", "avgspeed": null, "presmax": "1004,3", "presmin": "996,0", "hourpresmin": "24", "date": "1982-02-02", "name": "OURENSE", "gust": null, "tmax": "14,0", "longitude": 75135}, {"code": "1690A", "hourtmin": "07:00", "hourgust": null, "hourtmax": "16:00", "sun": "2,0", "altitude": "143", "prec": "Ip", "latitude": 421931, "hourpresmax": "15", "province": "OURENSE", "tmed": "10,6", "tmin": "5,8", "avgspeed": null, "presmax": "997,3", "presmin": "993,9", "hourpresmin": "10", "date": "1982-02-03", "name": "OURENSE", "gust": null, "tmax": "15,4", "longitude": 75135}, {"code": "1690A", "hourtmin": "05:30", "hourgust": null, "hourtmax": "16:00", "sun": "0,0", "altitude": "143", "prec": "0,0", "latitude": 421931, "hourpresmax": "24", "province": "OURENSE", "tmed": "14,8", "tmin": "12,0", "avgspeed": null, "presmax": "1004,0", "presmin": "994,8", "hourpresmin": "09", "date": "1982-02-04", "name": "OURENSE", "gust": null, "tmax": "17,6", "longitude": 75135}, {"code": "1690A", "hourtmin": "05:30", "hourgust": null, "hourtmax": "16:00", "sun": "5,6", "altitude": "143", "prec": "0,0", "latitude": 421931, "hourpresmax": "16", "province": "OURENSE", "tmed": "16,3", "tmin": "12,6", "avgspeed": null, "presmax": "1010,1", "presmin": "1004,0", "hourpresmin": "00", "date": "1982-02-05", "name": "OURENSE", "gust": null, "tmax": "20,0", "longitude": 75135}, {"code": "1690A", "hourtmin": "06:00", "hourgust": null, "hourtmax": "16:00", "sun": "7,0", "altitude": "143", "prec": "0,0", "latitude": 421931, "hourpresmax": "13", "province": "OURENSE", "tmed": "11,3", "tmin": "4,2", "avgspeed": null, "presmax": "1011,3", "presmin": "1005,3", "hourpresmin": "21", "date": "1982-02-06", "name": "OURENSE", "gust": null, "tmax": "18,4", "longitude": 75135}, {"code": "1690A", "hourtmin": "07:00", "hourgust": null, "hourtmax": "16:00", "sun": "0,0", "altitude": "143", "prec": "0,0", "latitude": 421931, "hourpresmax": "04", "province": "OURENSE", "tmed": "8,8", "tmin": "3,4", "avgspeed": null, "presmax": "1008,8", "presmin": "1003,6", "hourpresmin": "13", "date": "1982-02-07", "name": "OURENSE", "gust": null, "tmax": "14,2", "longitude": 75135}, {"code": "1690A", "hourtmin": "06:00", "hourgust": null, "hourtmax": "15:30", "sun": "5,9", "altitude": "143", "prec": "0,0", "latitude": 421931, "hourpresmax": "15", "province": "OURENSE", "tmed": "10,6", "tmin": "6,0", "avgspeed": null, "presmax": "1010,7", "presmin": "1006,0", "hourpresmin": "24", "date": "1982-02-08", "name": "OURENSE", "gust": null, "tmax": "15,2", "longitude": 75135}, {"code": "1690A", "hourtmin": "06:00", "hourgust": null, "hourtmax": "18:00", "sun": "4,9", "altitude": "143", "prec": "0,0", "latitude": 421931, "hourpresmax": "07", "province": "OURENSE", "tmed": "9,7", "tmin": "2,0", "avgspeed": null, "presmax": "1007,5", "presmin": "1002,5", "hourpresmin": "18", "date": "1982-02-09", "name": "OURENSE", "gust": null, "tmax": "17,4", "longitude": 75135}, {"code": "1690A", "hourtmin": "07:00", "hourgust": null, "hourtmax": "16:00", "sun": "0,0", "altitude": "143", "prec": "0,0", "latitude": 421931, "hourpresmax": "10", "province": "OURENSE", "tmed": "9,9", "tmin": "3,0", "avgspeed": null, "presmax": "1007,5", "presmin": "1000,0", "hourpresmin": "04", "date": "1982-02-10", "name": "OURENSE", "gust": null, "tmax": "16,8", "longitude": 75135}, {"code": "1690A", "hourtmin": "06:00", "hourgust": null, "hourtmax": "15:30", "sun": "0,2", "altitude": "143", "prec": "0,9", "latitude": 421931, "hourpresmax": "11", "province": "OURENSE", "tmed": "10,9", "tmin": "7,2", "avgspeed": null, "presmax": "1010,3", "presmin": "1003,5", "hourpresmin": "05", "date": "1982-02-11", "name": "OURENSE", "gust": null, "tmax": "14,6", "longitude": 75135}, {"code": "1690A", "hourtmin": "06:00", "hourgust": null, "hourtmax": "16:00", "sun": "0,3", "altitude": "143", "prec": "10,6", "latitude": 421931, "hourpresmax": "04", "province": "OURENSE", "tmed": "10,8", "tmin": "5,0", "avgspeed": null, "presmax": "1009,3", "presmin": "1000,0", "hourpresmin": "24", "date": "1982-02-12", "name": "OURENSE", "gust": null, "tmax": "16,6", "longitude": 75135}, {"code": "1690A", "hourtmin": "06:00", "hourgust": null, "hourtmax": "15:30", "sun": "4,6", "altitude": "143", "prec": "0,4", "latitude": 421931, "hourpresmax": "21", "province": "OURENSE", "tmed": "13,0", "tmin": "9,8", "avgspeed": null, "presmax": "1006,7", "presmin": "999,2", "hourpresmin": "03", "date": "1982-02-13", "name": "OURENSE", "gust": null, "tmax": "16,2", "longitude": 75135}, {"code": "1690A", "hourtmin": "07:00", "hourgust": null, "hourtmax": "16:00", "sun": "3,9", "altitude": "143", "prec": "7,7", "latitude": 421931, "hourpresmax": "05", "province": "OURENSE", "tmed": "9,2", "tmin": "2,4", "avgspeed": null, "presmax": "1005,9", "presmin": "986,9", "hourpresmin": "24", "date": "1982-02-14", "name": "OURENSE", "gust": null, "tmax": "16,0", "longitude": 75135}, {"code": "1690A", "hourtmin": "08:00", "hourgust": null, "hourtmax": "15:30", "sun": "0,0", "altitude": "143", "prec": "5,0", "latitude": 421931, "hourpresmax": "24", "province": "OURENSE", "tmed": "12,0", "tmin": "8,0", "avgspeed": null, "presmax": "990,1", "presmin": "983,1", "hourpresmin": "07", "date": "1982-02-15", "name": "OURENSE", "gust": null, "tmax": "16,0", "longitude": 75135}, {"code": "1690A", "hourtmin": "05:00", "hourgust": null, "hourtmax": "15:00", "sun": "9,1", "altitude": "143", "prec": "0,0", "latitude": 421931, "hourpresmax": "13", "province": "OURENSE", "tmed": "10,9", "tmin": "6,0", "avgspeed": null, "presmax": "995,3", "presmin": "988,0", "hourpresmin": "03", "date": "1982-02-16", "name": "OURENSE", "gust": null, "tmax": "15,8", "longitude": 75135}, {"code": "1690A", "hourtmin": "05:30", "hourgust": null, "hourtmax": "16:00", "sun": "4,0", "altitude": "143", "prec": "2,6", "latitude": 421931, "hourpresmax": "10", "province": "OURENSE", "tmed": "7,8", "tmin": "0,0", "avgspeed": null, "presmax": "997,6", "presmin": "993,3", "hourpresmin": "15", "date": "1982-02-17", "name": "OURENSE", "gust": null, "tmax": "15,6", "longitude": 75135}, {"code": "1690A", "hourtmin": "05:30", "hourgust": null, "hourtmax": "16:00", "sun": "4,8", "altitude": "143", "prec": "0,0", "latitude": 421931, "hourpresmax": "13", "province": "OURENSE", "tmed": "12,4", "tmin": "8,0", "avgspeed": null, "presmax": "1004,4", "presmin": "995,3", "hourpresmin": "04", "date": "1982-02-18", "name": "OURENSE", "gust": null, "tmax": "16,8", "longitude": 75135}, {"code": "1690A", "hourtmin": "04:00", "hourgust": null, "hourtmax": "16:00", "sun": "4,8", "altitude": "143", "prec": "0,0", "latitude": 421931, "hourpresmax": "13", "province": "OURENSE", "tmed": "8,1", "tmin": "0,2", "avgspeed": null, "presmax": "1006,4", "presmin": "1001,5", "hourpresmin": "03", "date": "1982-02-19", "name": "OURENSE", "gust": null, "tmax": "16,0", "longitude": 75135}, {"code": "1690A", "hourtmin": "05:30", "hourgust": null, "hourtmax": "15:30", "sun": "1,4", "altitude": "143", "prec": "Ip", "latitude": 421931, "hourpresmax": "15", "province": "OURENSE", "tmed": "9,6", "tmin": "3,4", "avgspeed": null, "presmax": "1008,0", "presmin": "1003,2", "hourpresmin": "24", "date": "1982-02-20", "name": "OURENSE", "gust": null, "tmax": "15,8", "longitude": 75135}, {"code": "1690A", "hourtmin": "05:00", "hourgust": null, "hourtmax": "15:30", "sun": "2,0", "altitude": "143", "prec": "19,4", "latitude": 421931, "hourpresmax": "00", "province": "OURENSE", "tmed": "14,3", "tmin": "10,0", "avgspeed": null, "presmax": "1003,2", "presmin": "1000,0", "hourpresmin": "16", "date": "1982-02-21", "name": "OURENSE", "gust": null, "tmax": "18,6", "longitude": 75135}, {"code": "1690A", "hourtmin": "05:15", "hourgust": null, "hourtmax": "15:00", "sun": "4,4", "altitude": "143", "prec": "2,3", "latitude": 421931, "hourpresmax": "11", "province": "OURENSE", "tmed": "12,6", "tmin": "8,4", "avgspeed": null, "presmax": "1005,9", "presmin": "1001,3", "hourpresmin": "24", "date": "1982-02-22", "name": "OURENSE", "gust": null, "tmax": "16,8", "longitude": 75135}, {"code": "1690A", "hourtmin": "05:30", "hourgust": null, "hourtmax": "15:30", "sun": "3,5", "altitude": "143", "prec": "0,8", "latitude": 421931, "hourpresmax": "10", "province": "OURENSE", "tmed": "10,6", "tmin": "6,2", "avgspeed": null, "presmax": "1002,9", "presmin": "1000,1", "hourpresmin": "07", "date": "1982-02-23", "name": "OURENSE", "gust": null, "tmax": "15,0", "longitude": 75135}, {"code": "1690A", "hourtmin": "06:00", "hourgust": null, "hourtmax": "15:00", "sun": "3,0", "altitude": "143", "prec": "8,6", "latitude": 421931, "hourpresmax": "10", "province": "OURENSE", "tmed": "9,8", "tmin": "4,6", "avgspeed": null, "presmax": "1004,3", "presmin": "996,0", "hourpresmin": "24", "date": "1982-02-24", "name": "OURENSE", "gust": null, "tmax": "15,0", "longitude": 75135}, {"code": "1690A", "hourtmin": "06:00", "hourgust": null, "hourtmax": "15:30", "sun": "2,3", "altitude": "143", "prec": "Ip", "latitude": 421931, "hourpresmax": "24", "province": "OURENSE", "tmed": "11,4", "tmin": "7,0", "avgspeed": null, "presmax": "1001,9", "presmin": "994,8", "hourpresmin": "10", "date": "1982-02-25", "name": "OURENSE", "gust": null, "tmax": "15,8", "longitude": 75135}, {"code": "1690A", "hourtmin": "06:00", "hourgust": null, "hourtmax": "16:00", "sun": "0,0", "altitude": "143", "prec": "1,2", "latitude": 421931, "hourpresmax": "18", "province": "OURENSE", "tmed": "14,5", "tmin": "10,0", "avgspeed": null, "presmax": "1004,0", "presmin": "1001,9", "hourpresmin": "00", "date": "1982-02-26", "name": "OURENSE", "gust": null, "tmax": "19,0", "longitude": 75135}, {"code": "1690A", "hourtmin": "05:30", "hourgust": null, "hourtmax": "15:30", "sun": "3,5", "altitude": "143", "prec": "0,8", "latitude": 421931, "hourpresmax": "13", "province": "OURENSE", "tmed": "16,2", "tmin": "12,4", "avgspeed": null, "presmax": "1006,4", "presmin": "1002,3", "hourpresmin": "04", "date": "1982-02-27", "name": "OURENSE", "gust": null, "tmax": "20,0", "longitude": 75135}, {"code": "1690A", "hourtmin": "05:30", "hourgust": null, "hourtmax": "15:30", "sun": "0,0", "altitude": "143", "prec": "0,0", "latitude": 421931, "hourpresmax": "15", "province": "OURENSE", "tmed": "15,5", "tmin": "12,0", "avgspeed": null, "presmax": "1009,3", "presmin": "1005,3", "hourpresmin": "00", "date": "1982-02-28", "name": "OURENSE", "gust": null, "tmax": "19,0", "longitude": 75135}, {"code": "1690A", "hourtmin": "04:00", "hourgust": null, "hourtmax": "16:00", "sun": "2,6", "altitude": "143", "prec": "0,0", "latitude": 421931, "hourpresmax": "24", "province": "OURENSE", "tmed": "15,6", "tmin": "11,0", "avgspeed": null, "presmax": "1014,8", "presmin": "1006,7", "hourpresmin": "00", "date": "1982-03-01", "name": "OURENSE", "gust": null, "tmax": "20,2", "longitude": 75135}, {"code": "1690A", "hourtmin": "05:30", "hourgust": null, "hourtmax": "15:30", "sun": "7,8", "altitude": "143", "prec": "0,0", "latitude": 421931, "hourpresmax": "13", "province": "OURENSE", "tmed": "14,1", "tmin": "8,4", "avgspeed": null, "presmax": "1017,3", "presmin": "1012,5", "hourpresmin": "24", "date": "1982-03-02", "name": "OURENSE", "gust": null, "tmax": "19,8", "longitude": 75135}, {"code": "1690A", "hourtmin": "05:30", "hourgust": null, "hourtmax": "16:15", "sun": "6,3", "altitude": "143", "prec": "4,2", "latitude": 421931, "hourpresmax": "00", "province": "OURENSE", "tmed": "11,3", "tmin": "3,8", "avgspeed": null, "presmax": "1012,5", "presmin": "1007,2", "hourpresmin": "18", "date": "1982-03-03", "name": "OURENSE", "gust": null, "tmax": "18,8", "longitude": 75135}, {"code": "1690A", "hourtmin": "05:00", "hourgust": null, "hourtmax": "15:00", "sun": "4,5", "altitude": "143", "prec": "1,5", "latitude": 421931, "hourpresmax": "24", "province": "OURENSE", "tmed": "10,7", "tmin": "4,4", "avgspeed": null, "presmax": "1020,0", "presmin": "1008,3", "hourpresmin": "04", "date": "1982-03-04", "name": "OURENSE", "gust": null, "tmax": "17,0", "longitude": 75135}, {"code": "1690A", "hourtmin": "06:00", "hourgust": null, "hourtmax": "16:30", "sun": "6,1", "altitude": "143", "prec": "0,0", "latitude": 421931, "hourpresmax": "13", "province": "OURENSE", "tmed": "9,5", "tmin": "3,0", "avgspeed": null, "presmax": "1021,7", "presmin": "1016,0", "hourpresmin": "24", "date": "1982-03-05", "name": "OURENSE", "gust": null, "tmax": "16,0", "longitude": 75135}, {"code": "1690A", "hourtmin": "05:00", "hourgust": null, "hourtmax": "16:00", "sun": "7,4", "altitude": "143", "prec": "0,0", "latitude": 421931, "hourpresmax": "10", "province": "OURENSE", "tmed": "8,9", "tmin": "0,0", "avgspeed": null, "presmax": "1017,7", "presmin": "1013,2", "hourpresmin": "18", "date": "1982-03-06", "name": "OURENSE", "gust": null, "tmax": "17,8", "longitude": 75135}, {"code": "1690A", "hourtmin": "05:30", "hourgust": null, "hourtmax": "15:00", "sun": "6,6", "altitude": "143", "prec": "0,0", "latitude": 421931, "hourpresmax": "11", "province": "OURENSE", "tmed": "10,3", "tmin": "3,6", "avgspeed": null, "presmax": "1015,2", "presmin": "1008,5", "hourpresmin": "24", "date": "1982-03-07", "name": "OURENSE", "gust": null, "tmax": "17,0", "longitude": 75135}, {"code": "1690A", "hourtmin": "05:45", "hourgust": null, "hourtmax": "16:15", "sun": "7,8", "altitude": "143", "prec": "0,0", "latitude": 421931, "hourpresmax": "07", "province": "OURENSE", "tmed": "8,2", "tmin": "0,2", "avgspeed": null, "presmax": "1009,3", "presmin": "1004,7", "hourpresmin": "24", "date": "1982-03-08", "name": "OURENSE", "gust": null, "tmax": "16,2", "longitude": 75135}, {"code": "1690A", "hourtmin": "05:45", "hourgust": null, "hourtmax": "16:15", "sun": "6,1", "altitude": "143", "prec": "0,0", "latitude": 421931, "hourpresmax": "07", "province": "OURENSE", "tmed": "10,5", "tmin": "3,0", "avgspeed": null, "presmax": "1005,1", "presmin": "1001,2", "hourpresmin": "18", "date": "1982-03-09", "name": "OURENSE", "gust": null, "tmax": "18,0", "longitude": 75135}, {"code": "1690A", "hourtmin": "05:30", "hourgust": null, "hourtmax": "16:00", "sun": "0,0", "altitude": "143", "prec": "Ip", "latitude": 421931, "hourpresmax": "24", "province": "OURENSE", "tmed": "12,8", "tmin": "8,0", "avgspeed": null, "presmax": "1006,8", "presmin": "1001,3", "hourpresmin": "00", "date": "1982-03-10", "name": "OURENSE", "gust": null, "tmax": "17,6", "longitude": 75135}, {"code": "1690A", "hourtmin": "05:00", "hourgust": null, "hourtmax": "18:00", "sun": "8,0", "altitude": "143", "prec": "0,0", "latitude": 421931, "hourpresmax": "14", "province": "OURENSE", "tmed": "14,4", "tmin": "9,0", "avgspeed": null, "presmax": "1009,9", "presmin": "1004,1", "hourpresmin": "22", "date": "1982-03-11", "name": "OURENSE", "gust": null, "tmax": "19,8", "longitude": 75135}, {"code": "1690A", "hourtmin": "06:00", "hourgust": null, "hourtmax": "15:15", "sun": "3,2", "altitude": "143", "prec": "0,0", "latitude": 421931, "hourpresmax": "24", "province": "OURENSE", "tmed": "11,5", "tmin": "4,0", "avgspeed": null, "presmax": "1008,4", "presmin": "1005,1", "hourpresmin": "07", "date": "1982-03-12", "name": "OURENSE", "gust": null, "tmax": "19,0", "longitude": 75135}, {"code": "1690A", "hourtmin": "05:30", "hourgust": null, "hourtmax": "15:30", "sun": "9,2", "altitude": "143", "prec": "0,0", "latitude": 421931, "hourpresmax": "10", "province": "OURENSE", "tmed": "9,9", "tmin": "0,4", "avgspeed": null, "presmax": "1013,5", "presmin": "1006,7", "hourpresmin": "24", "date": "1982-03-13", "name": "OURENSE", "gust": null, "tmax": "19,4", "longitude": 75135}, {"code": "1690A", "hourtmin": "05:45", "hourgust": null, "hourtmax": "16:00", "sun": "8,6", "altitude": "143", "prec": "0,0", "latitude": 421931, "hourpresmax": "07", "province": "OURENSE", "tmed": "10,1", "tmin": "0,2", "avgspeed": null, "presmax": "1009,5", "presmin": "1001,5", "hourpresmin": "24", "date": "1982-03-14", "name": "OURENSE", "gust": null, "tmax": "20,0", "longitude": 75135}, {"code": "1690A", "hourtmin": "05:30", "hourgust": null, "hourtmax": "15:00", "sun": "9,2", "altitude": "143", "prec": "0,0", "latitude": 421931, "hourpresmax": "07", "province": "OURENSE", "tmed": "10,6", "tmin": "2,2", "avgspeed": null, "presmax": "1002,3", "presmin": "1000,0", "hourpresmin": "18", "date": "1982-03-15", "name": "OURENSE", "gust": null, "tmax": "19,0", "longitude": 75135}, {"code": "1690A", "hourtmin": "05:00", "hourgust": null, "hourtmax": "15:00", "sun": "0,2", "altitude": "143", "prec": "1,7", "latitude": 421931, "hourpresmax": "10", "province": "OURENSE", "tmed": "13,6", "tmin": "8,2", "avgspeed": null, "presmax": "1002,9", "presmin": "998,9", "hourpresmin": "22", "date": "1982-03-16", "name": "OURENSE", "gust": null, "tmax": "19,0", "longitude": 75135}, {"code": "1690A", "hourtmin": "23:59", "hourgust": null, "hourtmax": "16:00", "sun": "5,9", "altitude": "143", "prec": "0,0", "latitude": 421931, "hourpresmax": "24", "province": "OURENSE", "tmed": "14,1", "tmin": "8,2", "avgspeed": null, "presmax": "1004,5", "presmin": "1000,0", "hourpresmin": "00", "date": "1982-03-17", "name": "OURENSE", "gust": null, "tmax": "20,0", "longitude": 75135}, {"code": "1690A", "hourtmin": "05:15", "hourgust": null, "hourtmax": "16:00", "sun": "0,0", "altitude": "143", "prec": "Ip", "latitude": 421931, "hourpresmax": "24", "province": "OURENSE", "tmed": "9,3", "tmin": "0,4", "avgspeed": null, "presmax": "1006,9", "presmin": "1004,0", "hourpresmin": "03", "date": "1982-03-18", "name": "OURENSE", "gust": null, "tmax": "18,2", "longitude": 75135}, {"code": "1690A", "hourtmin": "05:45", "hourgust": null, "hourtmax": "16:15", "sun": "0,8", "altitude": "143", "prec": "0,0", "latitude": 421931, "hourpresmax": "13", "province": "OURENSE", "tmed": "15,1", "tmin": "10,2", "avgspeed": null, "presmax": "1009,1", "presmin": "1005,5", "hourpresmin": "04", "date": "1982-03-19", "name": "OURENSE", "gust": null, "tmax": "20,0", "longitude": 75135}, {"code": "1690A", "hourtmin": "05:30", "hourgust": null, "hourtmax": "16:30", "sun": "5,2", "altitude": "143", "prec": "Ip", "latitude": 421931, "hourpresmax": "24", "province": "OURENSE", "tmed": "16,2", "tmin": "12,2", "avgspeed": null, "presmax": "1010,3", "presmin": "1006,9", "hourpresmin": "21", "date": "1982-03-20", "name": "OURENSE", "gust": null, "tmax": "20,2", "longitude": 75135}, {"code": "1690A", "hourtmin": "05:00", "hourgust": null, "hourtmax": "15:00", "sun": "5,3", "altitude": "143", "prec": "0,0", "latitude": 421931, "hourpresmax": "13", "province": "OURENSE", "tmed": "15,0", "tmin": "8,0", "avgspeed": null, "presmax": "1012,5", "presmin": "1008,8", "hourpresmin": "21", "date": "1982-03-21", "name": "OURENSE", "gust": null, "tmax": "22,0", "longitude": 75135}, {"code": "1690A", "hourtmin": "05:30", "hourgust": null, "hourtmax": "15:30", "sun": "8,5", "altitude": "143", "prec": "0,0", "latitude": 421931, "hourpresmax": "07", "province": "OURENSE", "tmed": "14,9", "tmin": "6,8", "avgspeed": null, "presmax": "1012,3", "presmin": "1008,0", "hourpresmin": "22", "date": "1982-03-22", "name": "OURENSE", "gust": null, "tmax": "23,0", "longitude": 75135}, {"code": "1690A", "hourtmin": "06:00", "hourgust": null, "hourtmax": "16:15", "sun": "9,4", "altitude": "143", "prec": "0,0", "latitude": 421931, "hourpresmax": "07", "province": "OURENSE", "tmed": "13,6", "tmin": "4,4", "avgspeed": null, "presmax": "1009,9", "presmin": "1005,6", "hourpresmin": "18", "date": "1982-03-23", "name": "OURENSE", "gust": null, "tmax": "22,8", "longitude": 75135}, {"code": "1690A", "hourtmin": "06:00", "hourgust": null, "hourtmax": "16:00", "sun": "10,0", "altitude": "143", "prec": "0,0", "latitude": 421931, "hourpresmax": "09", "province": "OURENSE", "tmed": "13,0", "tmin": "3,8", "avgspeed": null, "presmax": "1010,7", "presmin": "998,0", "hourpresmin": "18", "date": "1982-03-24", "name": "OURENSE", "gust": null, "tmax": "22,2", "longitude": 75135}, {"code": "1690A", "hourtmin": "06:00", "hourgust": null, "hourtmax": "16:30", "sun": "9,5", "altitude": "143", "prec": "0,0", "latitude": 421931, "hourpresmax": "09", "province": "OURENSE", "tmed": "10,7", "tmin": "1,6", "avgspeed": null, "presmax": "1012,0", "presmin": "1005,3", "hourpresmin": "24", "date": "1982-03-25", "name": "OURENSE", "gust": null, "tmax": "19,8", "longitude": 75135}, {"code": "1690A", "hourtmin": "06:00", "hourgust": null, "hourtmax": "16:30", "sun": "8,2", "altitude": "143", "prec": "0,0", "latitude": 421931, "hourpresmax": "07", "province": "OURENSE", "tmed": "11,0", "tmin": "2,0", "avgspeed": null, "presmax": "1006,5", "presmin": "1000,7", "hourpresmin": "24", "date": "1982-03-26", "name": "OURENSE", "gust": null, "tmax": "20,0", "longitude": 75135}, {"code": "1690A", "hourtmin": "06:00", "hourgust": null, "hourtmax": "16:30", "sun": "9,7", "altitude": "143", "prec": "0,0", "latitude": 421931, "hourpresmax": "00", "province": "OURENSE", "tmed": "11,7", "tmin": "3,0", "avgspeed": null, "presmax": "1000,7", "presmin": "992,4", "hourpresmin": "18", "date": "1982-03-27", "name": "OURENSE", "gust": null, "tmax": "20,4", "longitude": 75135}, {"code": "1690A", "hourtmin": "06:00", "hourgust": null, "hourtmax": "16:30", "sun": "7,9", "altitude": "143", "prec": "0,0", "latitude": 421931, "hourpresmax": "07", "province": "OURENSE", "tmed": "11,0", "tmin": "2,0", "avgspeed": null, "presmax": "1007,3", "presmin": "991,1", "hourpresmin": "18", "date": "1982-03-28", "name": "OURENSE", "gust": null, "tmax": "20,0", "longitude": 75135}, {"code": "1690A", "hourtmin": "05:45", "hourgust": null, "hourtmax": "15:00", "sun": "5,3", "altitude": "143", "prec": "0,5", "latitude": 421931, "hourpresmax": "11", "province": "OURENSE", "tmed": "12,8", "tmin": "3,6", "avgspeed": null, "presmax": "994,9", "presmin": "989,3", "hourpresmin": "21", "date": "1982-03-29", "name": "OURENSE", "gust": null, "tmax": "22,0", "longitude": 75135}, {"code": "1690A", "hourtmin": "06:00", "hourgust": null, "hourtmax": "15:00", "sun": "9,0", "altitude": "143", "prec": "0,0", "latitude": 421931, "hourpresmax": "07", "province": "OURENSE", "tmed": "14,1", "tmin": "6,0", "avgspeed": null, "presmax": "993,5", "presmin": "988,0", "hourpresmin": "21", "date": "1982-03-30", "name": "OURENSE", "gust": null, "tmax": "22,2", "longitude": 75135}, {"code": "1690A", "hourtmin": "05:30", "hourgust": null, "hourtmax": "15:30", "sun": "4,3", "altitude": "143", "prec": "2,0", "latitude": 421931, "hourpresmax": "10", "province": "OURENSE", "tmed": "12,0", "tmin": "4,2", "avgspeed": null, "presmax": "989,9", "presmin": "983,7", "hourpresmin": "18", "date": "1982-03-31", "name": "OURENSE", "gust": null, "tmax": "19,8", "longitude": 75135}, {"code": "1690A", "hourtmin": "07:00", "hourgust": null, "hourtmax": "16:30", "sun": "1,7", "altitude": "143", "prec": "0,5", "latitude": 421931, "hourpresmax": "24", "province": "OURENSE", "tmed": "13,5", "tmin": "8,0", "avgspeed": null, "presmax": "1000,2", "presmin": "986,6", "hourpresmin": "00", "date": "1982-04-01", "name": "OURENSE", "gust": null, "tmax": "19,0", "longitude": 75135}, {"code": "1690A", "hourtmin": "05:30", "hourgust": null, "hourtmax": "16:45", "sun": "4,6", "altitude": "143", "prec": "0,0", "latitude": 421931, "hourpresmax": "13", "province": "OURENSE", "tmed": "11,1", "tmin": "3,0", "avgspeed": null, "presmax": "1004,6", "presmin": "999,9", "hourpresmin": "24", "date": "1982-04-02", "name": "OURENSE", "gust": null, "tmax": "19,2", "longitude": 75135}, {"code": "1690A", "hourtmin": "04:30", "hourgust": null, "hourtmax": "16:30", "sun": "2,2", "altitude": "143", "prec": "5,7", "latitude": 421931, "hourpresmax": "00", "province": "OURENSE", "tmed": "14,6", "tmin": "10,2", "avgspeed": null, "presmax": "999,9", "presmin": "993,9", "hourpresmin": "24", "date": "1982-04-03", "name": "OURENSE", "gust": null, "tmax": "19,0", "longitude": 75135}, {"code": "1690A", "hourtmin": "05:30", "hourgust": null, "hourtmax": "15:30", "sun": "7,9", "altitude": "143", "prec": "Ip", "latitude": 421931, "hourpresmax": "02", "province": "OURENSE", "tmed": "13,6", "tmin": "9,0", "avgspeed": null, "presmax": "994,6", "presmin": "988,4", "hourpresmin": "20", "date": "1982-04-04", "name": "OURENSE", "gust": null, "tmax": "18,2", "longitude": 75135}, {"code": "1690A", "hourtmin": "05:30", "hourgust": null, "hourtmax": "16:00", "sun": "4,2", "altitude": "143", "prec": "0,1", "latitude": 421931, "hourpresmax": "24", "province": "OURENSE", "tmed": "13,4", "tmin": "6,8", "avgspeed": null, "presmax": "999,4", "presmin": "990,7", "hourpresmin": "00", "date": "1982-04-05", "name": "OURENSE", "gust": null, "tmax": "20,0", "longitude": 75135}, {"code": "1690A", "hourtmin": "06:00", "hourgust": null, "hourtmax": "16:15", "sun": "5,4", "altitude": "143", "prec": "0,0", "latitude": 421931, "hourpresmax": "20", "province": "OURENSE", "tmed": "14,8", "tmin": "8,0", "avgspeed": null, "presmax": "1007,2", "presmin": "999,4", "hourpresmin": "00", "date": "1982-04-06", "name": "OURENSE", "gust": null, "tmax": "21,6", "longitude": 75135}, {"code": "1690A", "hourtmin": "06:00", "hourgust": null, "hourtmax": "16:00", "sun": "8,4", "altitude": "143", "prec": "0,0", "latitude": 421931, "hourpresmax": "10", "province": "OURENSE", "tmed": "14,6", "tmin": "4,2", "avgspeed": null, "presmax": "1008,4", "presmin": "1002,7", "hourpresmin": "24", "date": "1982-04-07", "name": "OURENSE", "gust": null, "tmax": "25,0", "longitude": 75135}, {"code": "1690A", "hourtmin": "06:00", "hourgust": null, "hourtmax": "16:30", "sun": "8,7", "altitude": "143", "prec": "0,0", "latitude": 421931, "hourpresmax": "10", "province": "OURENSE", "tmed": "16,2", "tmin": "6,4", "avgspeed": null, "presmax": "1005,5", "presmin": "999,0", "hourpresmin": "24", "date": "1982-04-08", "name": "OURENSE", "gust": null, "tmax": "26,0", "longitude": 75135}, {"code": "1690A", "hourtmin": "06:00", "hourgust": null, "hourtmax": "16:30", "sun": "8,6", "altitude": "143", "prec": "0,0", "latitude": 421931, "hourpresmax": "11", "province": "OURENSE", "tmed": "17,1", "tmin": "8,6", "avgspeed": null, "presmax": "999,9", "presmin": "995,1", "hourpresmin": "21", "date": "1982-04-09", "name": "OURENSE", "gust": null, "tmax": "25,6", "longitude": 75135}, {"code": "1690A", "hourtmin": "06:00", "hourgust": null, "hourtmax": "16:30", "sun": "6,2", "altitude": "143", "prec": "Ip", "latitude": 421931, "hourpresmax": "07", "province": "OURENSE", "tmed": "18,6", "tmin": "10,4", "avgspeed": null, "presmax": "997,0", "presmin": "993,0", "hourpresmin": "18", "date": "1982-04-10", "name": "OURENSE", "gust": null, "tmax": "26,8", "longitude": 75135}, {"code": "1690A", "hourtmin": "05:30", "hourgust": null, "hourtmax": "16:30", "sun": "0,0", "altitude": "143", "prec": "1,1", "latitude": 421931, "hourpresmax": "13", "province": "OURENSE", "tmed": "18,5", "tmin": "13,0", "avgspeed": null, "presmax": "994,7", "presmin": "991,4", "hourpresmin": "24", "date": "1982-04-11", "name": "OURENSE", "gust": null, "tmax": "24,0", "longitude": 75135}, {"code": "1690A", "hourtmin": "04:00", "hourgust": null, "hourtmax": "16:00", "sun": "3,8", "altitude": "143", "prec": "0,0", "latitude": 421931, "hourpresmax": "07", "province": "OURENSE", "tmed": "16,1", "tmin": "10,2", "avgspeed": null, "presmax": "993,2", "presmin": "986,6", "hourpresmin": "20", "date": "1982-04-12", "name": "OURENSE", "gust": null, "tmax": "22,0", "longitude": 75135}, {"code": "1690A", "hourtmin": "05:30", "hourgust": null, "hourtmax": "16:45", "sun": "11,2", "altitude": "143", "prec": "0,0", "latitude": 421931, "hourpresmax": "24", "province": "OURENSE", "tmed": "17,2", "tmin": "10,0", "avgspeed": null, "presmax": "990,7", "presmin": "987,9", "hourpresmin": "00", "date": "1982-04-13", "name": "OURENSE", "gust": null, "tmax": "24,4", "longitude": 75135}, {"code": "1690A", "hourtmin": "05:30", "hourgust": null, "hourtmax": "16:30", "sun": "11,3", "altitude": "143", "prec": "0,0", "latitude": 421931, "hourpresmax": "11", "province": "OURENSE", "tmed": "13,6", "tmin": "4,2", "avgspeed": null, "presmax": "997,9", "presmin": "990,7", "hourpresmin": "00", "date": "1982-04-14", "name": "OURENSE", "gust": null, "tmax": "23,0", "longitude": 75135}, {"code": "1690A", "hourtmin": "06:00", "hourgust": null, "hourtmax": "16:15", "sun": "11,7", "altitude": "143", "prec": "0,0", "latitude": 421931, "hourpresmax": "10", "province": "OURENSE", "tmed": "13,9", "tmin": "5,8", "avgspeed": null, "presmax": "998,3", "presmin": "990,6", "hourpresmin": "21", "date": "1982-04-15", "name": "OURENSE", "gust": null, "tmax": "22,0", "longitude": 75135}, {"code": "1690A", "hourtmin": "06:00", "hourgust": null, "hourtmax": "16:15", "sun": "11,7", "altitude": "143", "prec": "0,0", "latitude": 421931, "hourpresmax": "10", "province": "OURENSE", "tmed": "12,8", "tmin": "2,6", "avgspeed": null, "presmax": "996,8", "presmin": "990,7", "hourpresmin": "18", "date": "1982-04-16", "name": "OURENSE", "gust": null, "tmax": "23,0", "longitude": 75135}, {"code": "1690A", "hourtmin": "07:00", "hourgust": null, "hourtmax": "16:00", "sun": "7,8", "altitude": "143", "prec": "4,6", "latitude": 421931, "hourpresmax": "09", "province": "OURENSE", "tmed": "10,9", "tmin": "3,8", "avgspeed": null, "presmax": "994,6", "presmin": "990,6", "hourpresmin": "20", "date": "1982-04-17", "name": "OURENSE", "gust": null, "tmax": "18,0", "longitude": 75135}, {"code": "1690A", "hourtmin": "05:30", "hourgust": null, "hourtmax": "16:00", "sun": "8,7", "altitude": "143", "prec": "Ip", "latitude": 421931, "hourpresmax": "11", "province": "OURENSE", "tmed": "13,0", "tmin": "4,0", "avgspeed": null, "presmax": "996,2", "presmin": "991,5", "hourpresmin": "21", "date": "1982-04-18", "name": "OURENSE", "gust": null, "tmax": "22,0", "longitude": 75135}, {"code": "1690A", "hourtmin": "06:00", "hourgust": null, "hourtmax": "16:00", "sun": "9,7", "altitude": "143", "prec": "0,0", "latitude": 421931, "hourpresmax": "11", "province": "OURENSE", "tmed": "15,1", "tmin": "5,6", "avgspeed": null, "presmax": "996,7", "presmin": "993,2", "hourpresmin": "00", "date": "1982-04-19", "name": "OURENSE", "gust": null, "tmax": "24,6", "longitude": 75135}, {"code": "1690A", "hourtmin": "05:30", "hourgust": null, "hourtmax": "16:30", "sun": "11,8", "altitude": "143", "prec": "0,0", "latitude": 421931, "hourpresmax": "13", "province": "OURENSE", "tmed": "15,0", "tmin": "4,0", "avgspeed": null, "presmax": "1001,1", "presmin": "996,2", "hourpresmin": "00", "date": "1982-04-20", "name": "OURENSE", "gust": null, "tmax": "26,0", "longitude": 75135}, {"code": "1690A", "hourtmin": "06:00", "hourgust": null, "hourtmax": "17:00", "sun": "12,3", "altitude": "143", "prec": "0,0", "latitude": 421931, "hourpresmax": "07", "province": "OURENSE", "tmed": "16,0", "tmin": "6,0", "avgspeed": null, "presmax": "1001,9", "presmin": "995,9", "hourpresmin": "20", "date": "1982-04-21", "name": "OURENSE", "gust": null, "tmax": "26,0", "longitude": 75135}, {"code": "1690A", "hourtmin": "05:00", "hourgust": null, "hourtmax": "17:00", "sun": "11,6", "altitude": "143", "prec": "0,0", "latitude": 421931, "hourpresmax": "09", "province": "OURENSE", "tmed": "15,7", "tmin": "4,2", "avgspeed": null, "presmax": "998,6", "presmin": "992,7", "hourpresmin": "18", "date": "1982-04-22", "name": "OURENSE", "gust": null, "tmax": "27,2", "longitude": 75135}, {"code": "1690A", "hourtmin": "06:00", "hourgust": null, "hourtmax": "16:45", "sun": "11,8", "altitude": "143", "prec": "0,0", "latitude": 421931, "hourpresmax": "15", "province": "OURENSE", "tmed": "17,5", "tmin": "7,0", "avgspeed": null, "presmax": "1001,4", "presmin": "994,7", "hourpresmin": "00", "date": "1982-04-23", "name": "OURENSE", "gust": null, "tmax": "28,0", "longitude": 75135}, {"code": "1690A", "hourtmin": "07:00", "hourgust": null, "hourtmax": "16:00", "sun": "11,9", "altitude": "143", "prec": "0,0", "latitude": 421931, "hourpresmax": "13", "province": "OURENSE", "tmed": "16,1", "tmin": "7,2", "avgspeed": null, "presmax": "1005,5", "presmin": "1000,2", "hourpresmin": "00", "date": "1982-04-24", "name": "OURENSE", "gust": null, "tmax": "25,0", "longitude": 75135}, {"code": "1690A", "hourtmin": "06:15", "hourgust": null, "hourtmax": "17:00", "sun": "11,9", "altitude": "143", "prec": "0,0", "latitude": 421931, "hourpresmax": "07", "province": "OURENSE", "tmed": "13,3", "tmin": "5,4", "avgspeed": null, "presmax": "1007,4", "presmin": "1002,0", "hourpresmin": "21", "date": "1982-04-25", "name": "OURENSE", "gust": null, "tmax": "21,2", "longitude": 75135}, {"code": "1690A", "hourtmin": "07:00", "hourgust": null, "hourtmax": "17:15", "sun": "11,9", "altitude": "143", "prec": "0,0", "latitude": 421931, "hourpresmax": "10", "province": "OURENSE", "tmed": "11,4", "tmin": "2,8", "avgspeed": null, "presmax": "1007,2", "presmin": "1001,4", "hourpresmin": "18", "date": "1982-04-26", "name": "OURENSE", "gust": null, "tmax": "20,0", "longitude": 75135}, {"code": "1690A", "hourtmin": "06:15", "hourgust": null, "hourtmax": "16:30", "sun": "11,9", "altitude": "143", "prec": "0,0", "latitude": 421931, "hourpresmax": "11", "province": "OURENSE", "tmed": "13,6", "tmin": "4,2", "avgspeed": null, "presmax": "1006,6", "presmin": "1001,2", "hourpresmin": "20", "date": "1982-04-27", "name": "OURENSE", "gust": null, "tmax": "23,0", "longitude": 75135}, {"code": "1690A", "hourtmin": "07:00", "hourgust": null, "hourtmax": "17:00", "sun": "11,9", "altitude": "143", "prec": "0,0", "latitude": 421931, "hourpresmax": "11", "province": "OURENSE", "tmed": "15,2", "tmin": "4,4", "avgspeed": null, "presmax": "1006,7", "presmin": "1001,5", "hourpresmin": "20", "date": "1982-04-28", "name": "OURENSE", "gust": null, "tmax": "26,0", "longitude": 75135}, {"code": "1690A", "hourtmin": "07:00", "hourgust": null, "hourtmax": "16:30", "sun": "12,0", "altitude": "143", "prec": "0,0", "latitude": 421931, "hourpresmax": "10", "province": "OURENSE", "tmed": "14,8", "tmin": "5,0", "avgspeed": null, "presmax": "1008,4", "presmin": "1002,8", "hourpresmin": "03", "date": "1982-04-29", "name": "OURENSE", "gust": null, "tmax": "24,6", "longitude": 75135}, {"code": "1690A", "hourtmin": "07:00", "hourgust": null, "hourtmax": "16:00", "sun": "10,7", "altitude": "143", "prec": "0,0", "latitude": 421931, "hourpresmax": "07", "province": "OURENSE", "tmed": "15,2", "tmin": "5,4", "avgspeed": null, "presmax": "1008,3", "presmin": "1005,0", "hourpresmin": "18", "date": "1982-04-30", "name": "OURENSE", "gust": null, "tmax": "25,0", "longitude": 75135}, {"code": "1690A", "hourtmin": "05:30", "hourgust": null, "hourtmax": "16:00", "sun": "11,8", "altitude": "143", "prec": "0,0", "latitude": 421931, "hourpresmax": "07", "province": "OURENSE", "tmed": "14,6", "tmin": "5,2", "avgspeed": null, "presmax": "1008,9", "presmin": "1005,3", "hourpresmin": "18", "date": "1982-05-01", "name": "OURENSE", "gust": null, "tmax": "24,0", "longitude": 75135}, {"code": "1690A", "hourtmin": "05:30", "hourgust": null, "hourtmax": "16:00", "sun": "11,5", "altitude": "143", "prec": "0,0", "latitude": 421931, "hourpresmax": "05", "province": "OURENSE", "tmed": "14,5", "tmin": "3,8", "avgspeed": null, "presmax": "1008,5", "presmin": "1001,3", "hourpresmin": "24", "date": "1982-05-02", "name": "OURENSE", "gust": null, "tmax": "25,2", "longitude": 75135}, {"code": "1690A", "hourtmin": "05:00", "hourgust": null, "hourtmax": "15:30", "sun": "10,2", "altitude": "143", "prec": "0,0", "latitude": 421931, "hourpresmax": "10", "province": "OURENSE", "tmed": "13,0", "tmin": "3,0", "avgspeed": null, "presmax": "1002,7", "presmin": "996,0", "hourpresmin": "21", "date": "1982-05-03", "name": "OURENSE", "gust": null, "tmax": "23,0", "longitude": 75135}, {"code": "1690A", "hourtmin": "23:59", "hourgust": null, "hourtmax": "Varias", "sun": "2,6", "altitude": "143", "prec": "Ip", "latitude": 421931, "hourpresmax": "24", "province": "OURENSE", "tmed": "11,0", "tmin": "6,8", "avgspeed": null, "presmax": "1001,5", "presmin": "996,8", "hourpresmin": "15", "date": "1982-05-04", "name": "OURENSE", "gust": null, "tmax": "15,2", "longitude": 75135}, {"code": "1690A", "hourtmin": "05:00", "hourgust": null, "hourtmax": "16:00", "sun": "6,1", "altitude": "143", "prec": "Ip", "latitude": 421931, "hourpresmax": "24", "province": "OURENSE", "tmed": "8,3", "tmin": "0,4", "avgspeed": null, "presmax": "1004,3", "presmin": "1001,5", "hourpresmin": "00", "date": "1982-05-05", "name": "OURENSE", "gust": null, "tmax": "16,2", "longitude": 75135}, {"code": "1690A", "hourtmin": "05:30", "hourgust": null, "hourtmax": "16:30", "sun": "8,9", "altitude": "143", "prec": "Ip", "latitude": 421931, "hourpresmax": "13", "province": "OURENSE", "tmed": "8,5", "tmin": "-0,4", "avgspeed": null, "presmax": "1009,9", "presmin": "1004,3", "hourpresmin": "00", "date": "1982-05-06", "name": "OURENSE", "gust": null, "tmax": "17,4", "longitude": 75135}, {"code": "1690A", "hourtmin": "06:00", "hourgust": null, "hourtmax": "16:30", "sun": "12,0", "altitude": "143", "prec": "0,0", "latitude": 421931, "hourpresmax": "07", "province": "OURENSE", "tmed": "10,6", "tmin": "0,0", "avgspeed": null, "presmax": "1010,1", "presmin": "1005,3", "hourpresmin": "20", "date": "1982-05-07", "name": "OURENSE", "gust": null, "tmax": "21,2", "longitude": 75135}, {"code": "1690A", "hourtmin": "07:00", "hourgust": null, "hourtmax": "16:30", "sun": "6,4", "altitude": "143", "prec": "0,0", "latitude": 421931, "hourpresmax": "11", "province": "OURENSE", "tmed": "10,5", "tmin": "2,0", "avgspeed": null, "presmax": "1009,5", "presmin": "1003,2", "hourpresmin": "20", "date": "1982-05-08", "name": "OURENSE", "gust": null, "tmax": "19,0", "longitude": 75135}, {"code": "1690A", "hourtmin": "07:00", "hourgust": null, "hourtmax": "16:00", "sun": "11,5", "altitude": "143", "prec": "0,0", "latitude": 421931, "hourpresmax": "07", "province": "OURENSE", "tmed": "12,9", "tmin": "3,2", "avgspeed": null, "presmax": "1005,3", "presmin": "998,9", "hourpresmin": "21", "date": "1982-05-09", "name": "OURENSE", "gust": null, "tmax": "22,6", "longitude": 75135}, {"code": "1690A", "hourtmin": "06:00", "hourgust": null, "hourtmax": "16:00", "sun": "11,2", "altitude": "143", "prec": "Ip", "latitude": 421931, "hourpresmax": "24", "province": "OURENSE", "tmed": "12,5", "tmin": "2,6", "avgspeed": null, "presmax": "1004,4", "presmin": "997,7", "hourpresmin": "18", "date": "1982-05-10", "name": "OURENSE", "gust": null, "tmax": "22,4", "longitude": 75135}, {"code": "1690A", "hourtmin": "04:30", "hourgust": null, "hourtmax": "00:00", "sun": "0,0", "altitude": "143", "prec": "5,5", "latitude": 421931, "hourpresmax": "07", "province": "OURENSE", "tmed": "13,4", "tmin": "10,2", "avgspeed": null, "presmax": "1009,5", "presmin": "996,1", "hourpresmin": "18", "date": "1982-05-11", "name": "OURENSE", "gust": null, "tmax": "16,6", "longitude": 75135}, {"code": "1690A", "hourtmin": "06:00", "hourgust": null, "hourtmax": "17:30", "sun": "0,0", "altitude": "143", "prec": "7,1", "latitude": 421931, "hourpresmax": "20", "province": "OURENSE", "tmed": "13,8", "tmin": "11,4", "avgspeed": null, "presmax": "1004,5", "presmin": "996,0", "hourpresmin": "03", "date": "1982-05-12", "name": "OURENSE", "gust": null, "tmax": "16,2", "longitude": 75135}, {"code": "1690A", "hourtmin": "05:30", "hourgust": null, "hourtmax": "15:00", "sun": "2,2", "altitude": "143", "prec": "0,3", "latitude": 421931, "hourpresmax": "10", "province": "OURENSE", "tmed": "17,0", "tmin": "12,0", "avgspeed": null, "presmax": "1004,4", "presmin": "1002,5", "hourpresmin": "24", "date": "1982-05-13", "name": "OURENSE", "gust": null, "tmax": "22,0", "longitude": 75135}, {"code": "1690A", "hourtmin": "06:00", "hourgust": null, "hourtmax": "17:30", "sun": "5,9", "altitude": "143", "prec": "1,8", "latitude": 421931, "hourpresmax": "07", "province": "OURENSE", "tmed": "18,5", "tmin": "12,0", "avgspeed": null, "presmax": "1004,3", "presmin": "998,9", "hourpresmin": "21", "date": "1982-05-14", "name": "OURENSE", "gust": null, "tmax": "25,0", "longitude": 75135}, {"code": "1690A", "hourtmin": "06:00", "hourgust": null, "hourtmax": "17:00", "sun": "7,5", "altitude": "143", "prec": "0,0", "latitude": 421931, "hourpresmax": "09", "province": "OURENSE", "tmed": "17,0", "tmin": "10,0", "avgspeed": null, "presmax": "1001,5", "presmin": "996,1", "hourpresmin": "22", "date": "1982-05-15", "name": "OURENSE", "gust": null, "tmax": "24,0", "longitude": 75135}, {"code": "1690A", "hourtmin": "06:30", "hourgust": null, "hourtmax": "16:00", "sun": "6,1", "altitude": "143", "prec": "0,0", "latitude": 421931, "hourpresmax": "09", "province": "OURENSE", "tmed": "18,4", "tmin": "12,4", "avgspeed": null, "presmax": "1000,7", "presmin": "997,6", "hourpresmin": "00", "date": "1982-05-16", "name": "OURENSE", "gust": null, "tmax": "24,4", "longitude": 75135}, {"code": "1690A", "hourtmin": "07:00", "hourgust": null, "hourtmax": "14:30", "sun": "0,0", "altitude": "143", "prec": "Ip", "latitude": 421931, "hourpresmax": "10", "province": "OURENSE", "tmed": "15,5", "tmin": "11,4", "avgspeed": null, "presmax": "1001,3", "presmin": "998,4", "hourpresmin": "20", "date": "1982-05-17", "name": "OURENSE", "gust": null, "tmax": "19,6", "longitude": 75135}, {"code": "1690A", "hourtmin": "06:30", "hourgust": null, "hourtmax": "17:00", "sun": "9,2", "altitude": "143", "prec": "0,0", "latitude": 421931, "hourpresmax": "15", "province": "OURENSE", "tmed": "20,0", "tmin": "14,6", "avgspeed": null, "presmax": "1003,2", "presmin": "999,7", "hourpresmin": "00", "date": "1982-05-18", "name": "OURENSE", "gust": null, "tmax": "25,4", "longitude": 75135}, {"code": "1690A", "hourtmin": "07:00", "hourgust": null, "hourtmax": "17:00", "sun": "10,8", "altitude": "143", "prec": "0,0", "latitude": 421931, "hourpresmax": "13", "province": "OURENSE", "tmed": "18,6", "tmin": "9,8", "avgspeed": null, "presmax": "1006,1", "presmin": "1002,7", "hourpresmin": "00", "date": "1982-05-19", "name": "OURENSE", "gust": null, "tmax": "27,4", "longitude": 75135}, {"code": "1690A", "hourtmin": "06:00", "hourgust": null, "hourtmax": "16:30", "sun": "10,1", "altitude": "143", "prec": "0,0", "latitude": 421931, "hourpresmax": "07", "province": "OURENSE", "tmed": "19,5", "tmin": "11,0", "avgspeed": null, "presmax": "1008,5", "presmin": "1005,3", "hourpresmin": "00", "date": "1982-05-20", "name": "OURENSE", "gust": null, "tmax": "28,0", "longitude": 75135}, {"code": "1690A", "hourtmin": "06:00", "hourgust": null, "hourtmax": "16:30", "sun": "9,2", "altitude": "143", "prec": "0,0", "latitude": 421931, "hourpresmax": "07", "province": "OURENSE", "tmed": "21,5", "tmin": "13,8", "avgspeed": null, "presmax": "1009,7", "presmin": "1005,7", "hourpresmin": "24", "date": "1982-05-21", "name": "OURENSE", "gust": null, "tmax": "29,2", "longitude": 75135}, {"code": "1690A", "hourtmin": "06:00", "hourgust": null, "hourtmax": "16:30", "sun": "6,2", "altitude": "143", "prec": "0,0", "latitude": 421931, "hourpresmax": "11", "province": "OURENSE", "tmed": "19,7", "tmin": "14,6", "avgspeed": null, "presmax": "1008,3", "presmin": "1002,9", "hourpresmin": "21", "date": "1982-05-22", "name": "OURENSE", "gust": null, "tmax": "24,8", "longitude": 75135}, {"code": "1690A", "hourtmin": "07:00", "hourgust": null, "hourtmax": "17:30", "sun": "1,1", "altitude": "143", "prec": "0,0", "latitude": 421931, "hourpresmax": "10", "province": "OURENSE", "tmed": "14,7", "tmin": "9,4", "avgspeed": null, "presmax": "1006,4", "presmin": "1002,1", "hourpresmin": "20", "date": "1982-05-23", "name": "OURENSE", "gust": null, "tmax": "20,0", "longitude": 75135}, {"code": "1690A", "hourtmin": "06:00", "hourgust": null, "hourtmax": "17:00", "sun": "11,5", "altitude": "143", "prec": "0,0", "latitude": 421931, "hourpresmax": "09", "province": "OURENSE", "tmed": "19,3", "tmin": "10,6", "avgspeed": null, "presmax": "1004,3", "presmin": "997,3", "hourpresmin": "24", "date": "1982-05-24", "name": "OURENSE", "gust": null, "tmax": "28,0", "longitude": 75135}, {"code": "1690A", "hourtmin": "05:30", "hourgust": null, "hourtmax": "17:00", "sun": "9,1", "altitude": "143", "prec": "26,8", "latitude": 421931, "hourpresmax": "07", "province": "OURENSE", "tmed": "21,2", "tmin": "10,0", "avgspeed": null, "presmax": "998,7", "presmin": "992,0", "hourpresmin": "18", "date": "1982-05-25", "name": "OURENSE", "gust": null, "tmax": "32,4", "longitude": 75135}, {"code": "1690A", "hourtmin": "Varias", "hourgust": null, "hourtmax": "00:00", "sun": "0,9", "altitude": "143", "prec": "0,0", "latitude": 421931, "hourpresmax": "24", "province": "OURENSE", "tmed": "19,5", "tmin": "15,0", "avgspeed": null, "presmax": "1003,9", "presmin": "995,5", "hourpresmin": "00", "date": "1982-05-26", "name": "OURENSE", "gust": null, "tmax": "24,0", "longitude": 75135}, {"code": "1690A", "hourtmin": "06:00", "hourgust": null, "hourtmax": "17:00", "sun": "5,6", "altitude": "143", "prec": "0,0", "latitude": 421931, "hourpresmax": "07", "province": "OURENSE", "tmed": "14,3", "tmin": "9,0", "avgspeed": null, "presmax": "1006,5", "presmin": "1002,7", "hourpresmin": "03", "date": "1982-05-27", "name": "OURENSE", "gust": null, "tmax": "19,6", "longitude": 75135}, {"code": "1690A", "hourtmin": "05:00", "hourgust": null, "hourtmax": "16:30", "sun": "7,3", "altitude": "143", "prec": "3,2", "latitude": 421931, "hourpresmax": "09", "province": "OURENSE", "tmed": "16,1", "tmin": "10,2", "avgspeed": null, "presmax": "1005,3", "presmin": "997,5", "hourpresmin": "20", "date": "1982-05-28", "name": "OURENSE", "gust": null, "tmax": "22,0", "longitude": 75135}, {"code": "1690A", "hourtmin": "06:00", "hourgust": null, "hourtmax": "16:00", "sun": "5,0", "altitude": "143", "prec": "5,3", "latitude": 421931, "hourpresmax": "15", "province": "OURENSE", "tmed": "17,1", "tmin": "12,2", "avgspeed": null, "presmax": "1000,9", "presmin": "997,9", "hourpresmin": "18", "date": "1982-05-29", "name": "OURENSE", "gust": null, "tmax": "22,0", "longitude": 75135}, {"code": "1690A", "hourtmin": "06:00", "hourgust": null, "hourtmax": "17:00", "sun": "9,2", "altitude": "143", "prec": "0,0", "latitude": 421931, "hourpresmax": "15", "province": "OURENSE", "tmed": "18,7", "tmin": "14,4", "avgspeed": null, "presmax": "1001,6", "presmin": "997,5", "hourpresmin": "04", "date": "1982-05-30", "name": "OURENSE", "gust": null, "tmax": "23,0", "longitude": 75135}, {"code": "1690A", "hourtmin": "06:00", "hourgust": null, "hourtmax": "17:00", "sun": "6,4", "altitude": "143", "prec": "4,0", "latitude": 421931, "hourpresmax": "13", "province": "OURENSE", "tmed": "20,2", "tmin": "13,2", "avgspeed": null, "presmax": "1005,1", "presmin": "1000,9", "hourpresmin": "00", "date": "1982-05-31", "name": "OURENSE", "gust": null, "tmax": "27,2", "longitude": 75135}, {"code": "1690A", "hourtmin": null, "hourgust": null, "hourtmax": null, "sun": null, "altitude": "143", "prec": "0,0", "latitude": 421931, "hourpresmax": null, "province": "OURENSE", "presmax": null, "presmin": null, "hourpresmin": null, "date": "1982-06-01", "name": "OURENSE", "gust": null, "longitude": 75135, "avgspeed": null}, {"code": "1690A", "hourtmin": null, "hourgust": null, "hourtmax": null, "sun": null, "altitude": "143", "prec": "0,0", "latitude": 421931, "hourpresmax": null, "province": "OURENSE", "presmax": null, "presmin": null, "hourpresmin": null, "date": "1982-06-02", "name": "OURENSE", "gust": null, "longitude": 75135, "avgspeed": null}, {"code": "1690A", "hourtmin": null, "hourgust": null, "hourtmax": null, "sun": null, "altitude": "143", "prec": "0,0", "latitude": 421931, "hourpresmax": null, "province": "OURENSE", "presmax": null, "presmin": null, "hourpresmin": null, "date": "1982-06-03", "name": "OURENSE", "gust": null, "longitude": 75135, "avgspeed": null}, {"code": "1690A", "hourtmin": null, "hourgust": null, "hourtmax": null, "sun": null, "altitude": "143", "prec": "0,0", "latitude": 421931, "hourpresmax": null, "province": "OURENSE", "presmax": null, "presmin": null, "hourpresmin": null, "date": "1982-06-04", "name": "OURENSE", "gust": null, "longitude": 75135, "avgspeed": null}, {"code": "1690A", "hourtmin": null, "hourgust": null, "hourtmax": null, "sun": null, "altitude": "143", "prec": "0,0", "latitude": 421931, "hourpresmax": null, "province": "OURENSE", "presmax": null, "presmin": null, "hourpresmin": null, "date": "1982-06-05", "name": "OURENSE", "gust": null, "longitude": 75135, "avgspeed": null}, {"code": "1690A", "hourtmin": null, "hourgust": null, "hourtmax": null, "sun": null, "altitude": "143", "prec": "0,0", "latitude": 421931, "hourpresmax": null, "province": "OURENSE", "presmax": null, "presmin": null, "hourpresmin": null, "date": "1982-06-06", "name": "OURENSE", "gust": null, "longitude": 75135, "avgspeed": null}, {"code": "1690A", "hourtmin": null, "hourgust": null, "hourtmax": null, "sun": null, "altitude": "143", "prec": "0,0", "latitude": 421931, "hourpresmax": null, "province": "OURENSE", "presmax": null, "presmin": null, "hourpresmin": null, "date": "1982-06-07", "name": "OURENSE", "gust": null, "longitude": 75135, "avgspeed": null}, {"code": "1690A", "hourtmin": null, "hourgust": null, "hourtmax": null, "sun": null, "altitude": "143", "prec": "0,0", "latitude": 421931, "hourpresmax": null, "province": "OURENSE", "presmax": null, "presmin": null, "hourpresmin": null, "date": "1982-06-08", "name": "OURENSE", "gust": null, "longitude": 75135, "avgspeed": null}, {"code": "1690A", "hourtmin": null, "hourgust": null, "hourtmax": null, "sun": null, "altitude": "143", "prec": "0,0", "latitude": 421931, "hourpresmax": null, "province": "OURENSE", "presmax": null, "presmin": null, "hourpresmin": null, "date": "1982-06-09", "name": "OURENSE", "gust": null, "longitude": 75135, "avgspeed": null}, {"code": "1690A", "hourtmin": "05:30", "hourgust": null, "hourtmax": "16:00", "sun": "9,9", "altitude": "143", "prec": "0,0", "latitude": 421931, "hourpresmax": "00", "province": "OURENSE", "tmed": "24,3", "tmin": "15,2", "avgspeed": null, "presmax": "1004,3", "presmin": "996,8", "hourpresmin": "24", "date": "1982-07-01", "name": "OURENSE", "gust": null, "tmax": "33,4", "longitude": 75135}, {"code": "1690A", "hourtmin": "06:00", "hourgust": null, "hourtmax": "15:00", "sun": "8,4", "altitude": "143", "prec": "0,0", "latitude": 421931, "hourpresmax": "00", "province": "OURENSE", "tmed": "19,5", "tmin": "13,0", "avgspeed": null, "presmax": "996,8", "presmin": "993,7", "hourpresmin": "18", "date": "1982-07-02", "name": "OURENSE", "gust": null, "tmax": "26,0", "longitude": 75135}, {"code": "1690A", "hourtmin": "05:30", "hourgust": null, "hourtmax": "16:00", "sun": "5,5", "altitude": "143", "prec": "0,0", "latitude": 421931, "hourpresmax": "24", "province": "OURENSE", "tmed": "20,7", "tmin": "14,4", "avgspeed": null, "presmax": "998,8", "presmin": "994,7", "hourpresmin": "00", "date": "1982-07-03", "name": "OURENSE", "gust": null, "tmax": "27,0", "longitude": 75135}, {"code": "1690A", "hourtmin": "06:00", "hourgust": null, "hourtmax": "15:30", "sun": "12,0", "altitude": "143", "prec": "0,0", "latitude": 421931, "hourpresmax": "10", "province": "OURENSE", "tmed": "21,9", "tmin": "11,6", "avgspeed": null, "presmax": "1002,4", "presmin": "994,7", "hourpresmin": "20", "date": "1982-07-04", "name": "OURENSE", "gust": null, "tmax": "32,2", "longitude": 75135}, {"code": "1690A", "hourtmin": "07:00", "hourgust": null, "hourtmax": "16:15", "sun": "8,5", "altitude": "143", "prec": "0,0", "latitude": 421931, "hourpresmax": "24", "province": "OURENSE", "tmed": "24,3", "tmin": "17,4", "avgspeed": null, "presmax": "1001,3", "presmin": "997,3", "hourpresmin": "04", "date": "1982-07-05", "name": "OURENSE", "gust": null, "tmax": "31,2", "longitude": 75135}, {"code": "1690A", "hourtmin": "06:00", "hourgust": null, "hourtmax": "16:15", "sun": "10,7", "altitude": "143", "prec": "0,0", "latitude": 421931, "hourpresmax": "10", "province": "OURENSE", "tmed": "25,5", "tmin": "16,0", "avgspeed": null, "presmax": "1003,2", "presmin": "999,2", "hourpresmin": "21", "date": "1982-07-06", "name": "OURENSE", "gust": null, "tmax": "35,0", "longitude": 75135}, {"code": "1690A", "hourtmin": "07:00", "hourgust": null, "hourtmax": "16:30", "sun": "11,2", "altitude": "143", "prec": "0,0", "latitude": 421931, "hourpresmax": "11", "province": "OURENSE", "tmed": "27,3", "tmin": "17,8", "avgspeed": null, "presmax": "1002,9", "presmin": "998,7", "hourpresmin": "20", "date": "1982-07-07", "name": "OURENSE", "gust": null, "tmax": "36,8", "longitude": 75135}, {"code": "1690A", "hourtmin": "06:00", "hourgust": null, "hourtmax": "16:00", "sun": "6,7", "altitude": "143", "prec": "0,0", "latitude": 421931, "hourpresmax": "24", "province": "OURENSE", "tmed": "23,1", "tmin": "20,2", "avgspeed": null, "presmax": "1002,0", "presmin": "998,7", "hourpresmin": "07", "date": "1982-07-08", "name": "OURENSE", "gust": null, "tmax": "26,0", "longitude": 75135}, {"code": "1690A", "hourtmin": "07:00", "hourgust": null, "hourtmax": "17:00", "sun": "10,9", "altitude": "143", "prec": "0,0", "latitude": 421931, "hourpresmax": "11", "province": "OURENSE", "tmed": "22,7", "tmin": "16,8", "avgspeed": null, "presmax": "1005,7", "presmin": "1002,0", "hourpresmin": "00", "date": "1982-07-09", "name": "OURENSE", "gust": null, "tmax": "28,6", "longitude": 75135}, {"code": "1690A", "hourtmin": "06:00", "hourgust": null, "hourtmax": "16:30", "sun": "11,8", "altitude": "143", "prec": "0,0", "latitude": 421931, "hourpresmax": "07", "province": "OURENSE", "tmed": "23,7", "tmin": "13,4", "avgspeed": null, "presmax": "1002,8", "presmin": "998,7", "hourpresmin": "21", "date": "1982-07-10", "name": "OURENSE", "gust": null, "tmax": "34,0", "longitude": 75135}, {"code": "1690A", "hourtmin": "05:00", "hourgust": null, "hourtmax": "16:00", "sun": "5,1", "altitude": "143", "prec": "0,0", "latitude": 421931, "hourpresmax": "13", "province": "OURENSE", "tmed": "21,6", "tmin": "16,0", "avgspeed": null, "presmax": "1002,0", "presmin": "1000,4", "hourpresmin": "00", "date": "1982-07-11", "name": "OURENSE", "gust": null, "tmax": "27,2", "longitude": 75135}, {"code": "1690A", "hourtmin": "05:15", "hourgust": null, "hourtmax": "16:15", "sun": "2,8", "altitude": "143", "prec": "Ip", "latitude": 421931, "hourpresmax": "07", "province": "OURENSE", "tmed": "16,8", "tmin": "12,2", "avgspeed": null, "presmax": "1001,7", "presmin": "998,9", "hourpresmin": "22", "date": "1982-07-12", "name": "OURENSE", "gust": null, "tmax": "21,4", "longitude": 75135}, {"code": "1690A", "hourtmin": "05:30", "hourgust": null, "hourtmax": "15:30", "sun": "1,9", "altitude": "143", "prec": "4,1", "latitude": 421931, "hourpresmax": "00", "province": "OURENSE", "tmed": "16,5", "tmin": "15,0", "avgspeed": null, "presmax": "999,6", "presmin": "997,3", "hourpresmin": "21", "date": "1982-07-13", "name": "OURENSE", "gust": null, "tmax": "18,0", "longitude": 75135}, {"code": "1690A", "hourtmin": "05:30", "hourgust": null, "hourtmax": "16:30", "sun": "3,3", "altitude": "143", "prec": "0,7", "latitude": 421931, "hourpresmax": "15", "province": "OURENSE", "tmed": "18,3", "tmin": "14,4", "avgspeed": null, "presmax": "1000,0", "presmin": "997,6", "hourpresmin": "00", "date": "1982-07-14", "name": "OURENSE", "gust": null, "tmax": "22,2", "longitude": 75135}, {"code": "1690A", "hourtmin": "06:00", "hourgust": null, "hourtmax": "16:30", "sun": "10,6", "altitude": "143", "prec": "0,0", "latitude": 421931, "hourpresmax": "10", "province": "OURENSE", "tmed": "18,9", "tmin": "10,6", "avgspeed": null, "presmax": "1001,1", "presmin": "997,7", "hourpresmin": "18", "date": "1982-07-15", "name": "OURENSE", "gust": null, "tmax": "27,2", "longitude": 75135}, {"code": "1690A", "hourtmin": "05:00", "hourgust": null, "hourtmax": "16:00", "sun": "6,9", "altitude": "143", "prec": "0,0", "latitude": 421931, "hourpresmax": "24", "province": "OURENSE", "tmed": "21,5", "tmin": "15,4", "avgspeed": null, "presmax": "1001,9", "presmin": "998,8", "hourpresmin": "00", "date": "1982-07-16", "name": "OURENSE", "gust": null, "tmax": "27,6", "longitude": 75135}, {"code": "1690A", "hourtmin": "05:15", "hourgust": null, "hourtmax": "15:00", "sun": "8,2", "altitude": "143", "prec": "0,0", "latitude": 421931, "hourpresmax": "07", "province": "OURENSE", "tmed": "25,1", "tmin": "16,8", "avgspeed": null, "presmax": "1003,1", "presmin": "1000,3", "hourpresmin": "22", "date": "1982-07-17", "name": "OURENSE", "gust": null, "tmax": "33,4", "longitude": 75135}, {"code": "1690A", "hourtmin": "06:00", "hourgust": null, "hourtmax": "15:30", "sun": "7,0", "altitude": "143", "prec": "3,4", "latitude": 421931, "hourpresmax": "07", "province": "OURENSE", "tmed": "23,7", "tmin": "17,4", "avgspeed": null, "presmax": "1003,1", "presmin": "998,7", "hourpresmin": "21", "date": "1982-07-18", "name": "OURENSE", "gust": null, "tmax": "30,0", "longitude": 75135}, {"code": "1690A", "hourtmin": "04:30", "hourgust": null, "hourtmax": "15:00", "sun": "1,5", "altitude": "143", "prec": "0,0", "latitude": 421931, "hourpresmax": "09", "province": "OURENSE", "tmed": "19,8", "tmin": "16,2", "avgspeed": null, "presmax": "1000,5", "presmin": "999,5", "hourpresmin": "13", "date": "1982-07-19", "name": "OURENSE", "gust": null, "tmax": "23,4", "longitude": 75135}, {"code": "1690A", "hourtmin": "05:00", "hourgust": null, "hourtmax": "16:00", "sun": "2,5", "altitude": "143", "prec": "Ip", "latitude": 421931, "hourpresmax": "18", "province": "OURENSE", "tmed": "18,7", "tmin": "14,8", "avgspeed": null, "presmax": "1002,1", "presmin": "999,6", "hourpresmin": "00", "date": "1982-07-20", "name": "OURENSE", "gust": null, "tmax": "22,6", "longitude": 75135}, {"code": "1690A", "hourtmin": "05:30", "hourgust": null, "hourtmax": "16:00", "sun": "5,2", "altitude": "143", "prec": "0,0", "latitude": 421931, "hourpresmax": "24", "province": "OURENSE", "tmed": "20,3", "tmin": "15,6", "avgspeed": null, "presmax": "1005,9", "presmin": "1002,0", "hourpresmin": "00", "date": "1982-07-21", "name": "OURENSE", "gust": null, "tmax": "25,0", "longitude": 75135}, {"code": "1690A", "hourtmin": "05:00", "hourgust": null, "hourtmax": "16:00", "sun": "7,8", "altitude": "143", "prec": "0,0", "latitude": 421931, "hourpresmax": "07", "province": "OURENSE", "tmed": "21,1", "tmin": "14,0", "avgspeed": null, "presmax": "1007,1", "presmin": "1003,6", "hourpresmin": "21", "date": "1982-07-22", "name": "OURENSE", "gust": null, "tmax": "28,2", "longitude": 75135}, {"code": "1690A", "hourtmin": "06:00", "hourgust": null, "hourtmax": "16:00", "sun": "7,8", "altitude": "143", "prec": "0,0", "latitude": 421931, "hourpresmax": "10", "province": "OURENSE", "tmed": "22,1", "tmin": "16,4", "avgspeed": null, "presmax": "1005,6", "presmin": "1003,5", "hourpresmin": "21", "date": "1982-07-23", "name": "OURENSE", "gust": null, "tmax": "27,8", "longitude": 75135}, {"code": "1690A", "hourtmin": "06:00", "hourgust": null, "hourtmax": "15:30", "sun": "9,9", "altitude": "143", "prec": "0,0", "latitude": 421931, "hourpresmax": "07", "province": "OURENSE", "tmed": "22,2", "tmin": "12,4", "avgspeed": null, "presmax": "1005,9", "presmin": "1003,3", "hourpresmin": "18", "date": "1982-07-24", "name": "OURENSE", "gust": null, "tmax": "32,0", "longitude": 75135}, {"code": "1690A", "hourtmin": "06:00", "hourgust": null, "hourtmax": "16:15", "sun": "11,4", "altitude": "143", "prec": "0,0", "latitude": 421931, "hourpresmax": "09", "province": "OURENSE", "tmed": "23,9", "tmin": "12,6", "avgspeed": null, "presmax": "1007,1", "presmin": "1002,7", "hourpresmin": "18", "date": "1982-07-25", "name": "OURENSE", "gust": null, "tmax": "35,2", "longitude": 75135}, {"code": "1690A", "hourtmin": "06:00", "hourgust": null, "hourtmax": "16:15", "sun": "9,1", "altitude": "143", "prec": "0,0", "latitude": 421931, "hourpresmax": "07", "province": "OURENSE", "tmed": "24,5", "tmin": "14,4", "avgspeed": null, "presmax": "1005,3", "presmin": "998,9", "hourpresmin": "20", "date": "1982-07-26", "name": "OURENSE", "gust": null, "tmax": "34,6", "longitude": 75135}, {"code": "1690A", "hourtmin": "07:00", "hourgust": null, "hourtmax": "16:00", "sun": "5,9", "altitude": "143", "prec": "0,0", "latitude": 421931, "hourpresmax": "07", "province": "OURENSE", "tmed": "22,8", "tmin": "17,2", "avgspeed": null, "presmax": "1005,3", "presmin": "996,3", "hourpresmin": "24", "date": "1982-07-27", "name": "OURENSE", "gust": null, "tmax": "28,4", "longitude": 75135}, {"code": "1690A", "hourtmin": "07:00", "hourgust": null, "hourtmax": "16:00", "sun": "5,4", "altitude": "143", "prec": "0,0", "latitude": 421931, "hourpresmax": "00", "province": "OURENSE", "tmed": "21,5", "tmin": "16,0", "avgspeed": null, "presmax": "996,3", "presmin": "994,4", "hourpresmin": "18", "date": "1982-07-28", "name": "OURENSE", "gust": null, "tmax": "27,0", "longitude": 75135}, {"code": "1690A", "hourtmin": "06:00", "hourgust": null, "hourtmax": "17:00", "sun": "0,7", "altitude": "143", "prec": "0,0", "latitude": 421931, "hourpresmax": "24", "province": "OURENSE", "tmed": "20,8", "tmin": "17,4", "avgspeed": null, "presmax": "997,9", "presmin": "994,7", "hourpresmin": "03", "date": "1982-07-29", "name": "OURENSE", "gust": null, "tmax": "24,2", "longitude": 75135}, {"code": "1690A", "hourtmin": "06:00", "hourgust": null, "hourtmax": "16:30", "sun": "10,5", "altitude": "143", "prec": "0,0", "latitude": 421931, "hourpresmax": "11", "province": "OURENSE", "tmed": "19,0", "tmin": "12,2", "avgspeed": null, "presmax": "1000,0", "presmin": "996,0", "hourpresmin": "22", "date": "1982-07-30", "name": "OURENSE", "gust": null, "tmax": "25,8", "longitude": 75135}, {"code": "1690A", "hourtmin": "07:00", "hourgust": null, "hourtmax": "16:00", "sun": "3,4", "altitude": "143", "prec": "0,0", "latitude": 421931, "hourpresmax": "07", "province": "OURENSE", "tmed": "20,1", "tmin": "12,0", "avgspeed": null, "presmax": "997,7", "presmin": "992,0", "hourpresmin": "24", "date": "1982-07-31", "name": "OURENSE", "gust": null, "tmax": "28,2", "longitude": 75135}, {"code": "1690A", "hourtmin": "05:30", "hourgust": null, "hourtmax": "13:00", "sun": "3,2", "altitude": "143", "prec": "4,9", "latitude": 421931, "hourpresmax": "24", "province": "OURENSE", "tmed": "19,5", "tmin": "15,4", "avgspeed": null, "presmax": "996,5", "presmin": "992,0", "hourpresmin": "00", "date": "1982-08-01", "name": "OURENSE", "gust": null, "tmax": "23,6", "longitude": 75135}, {"code": "1690A", "hourtmin": "05:00", "hourgust": null, "hourtmax": "16:30", "sun": "6,6", "altitude": "143", "prec": "0,0", "latitude": 421931, "hourpresmax": "24", "province": "OURENSE", "tmed": "21,0", "tmin": "13,6", "avgspeed": null, "presmax": "1001,3", "presmin": "996,5", "hourpresmin": "00", "date": "1982-08-02", "name": "OURENSE", "gust": null, "tmax": "28,4", "longitude": 75135}, {"code": "1690A", "hourtmin": "05:30", "hourgust": null, "hourtmax": "16:30", "sun": "9,7", "altitude": "143", "prec": "0,0", "latitude": 421931, "hourpresmax": "13", "province": "OURENSE", "tmed": "21,4", "tmin": "13,0", "avgspeed": null, "presmax": "1003,6", "presmin": "1001,3", "hourpresmin": "00", "date": "1982-08-03", "name": "OURENSE", "gust": null, "tmax": "29,8", "longitude": 75135}, {"code": "1690A", "hourtmin": "07:00", "hourgust": null, "hourtmax": "16:00", "sun": "6,4", "altitude": "143", "prec": "0,0", "latitude": 421931, "hourpresmax": "12", "province": "OURENSE", "tmed": "21,7", "tmin": "15,4", "avgspeed": null, "presmax": "1004,8", "presmin": "1002,7", "hourpresmin": "00", "date": "1982-08-04", "name": "OURENSE", "gust": null, "tmax": "28,0", "longitude": 75135}, {"code": "1690A", "hourtmin": "06:00", "hourgust": null, "hourtmax": "16:30", "sun": "11,1", "altitude": "143", "prec": "0,0", "latitude": 421931, "hourpresmax": "13", "province": "OURENSE", "tmed": "19,7", "tmin": "13,8", "avgspeed": null, "presmax": "1004,7", "presmin": "1001,3", "hourpresmin": "21", "date": "1982-08-05", "name": "OURENSE", "gust": null, "tmax": "25,6", "longitude": 75135}, {"code": "1690A", "hourtmin": "05:30", "hourgust": null, "hourtmax": "15:00", "sun": "7,8", "altitude": "143", "prec": "0,0", "latitude": 421931, "hourpresmax": "14", "province": "OURENSE", "tmed": "21,4", "tmin": "18,0", "avgspeed": null, "presmax": "1004,4", "presmin": "1002,8", "hourpresmin": "21", "date": "1982-08-06", "name": "OURENSE", "gust": null, "tmax": "24,8", "longitude": 75135}, {"code": "1690A", "hourtmin": "06:00", "hourgust": null, "hourtmax": "16:15", "sun": "10,6", "altitude": "143", "prec": "0,0", "latitude": 421931, "hourpresmax": "24", "province": "OURENSE", "tmed": "21,0", "tmin": "14,8", "avgspeed": null, "presmax": "1005,9", "presmin": "1003,7", "hourpresmin": "15", "date": "1982-08-07", "name": "OURENSE", "gust": null, "tmax": "27,2", "longitude": 75135}, {"code": "1690A", "hourtmin": "06:00", "hourgust": null, "hourtmax": "16:00", "sun": "11,2", "altitude": "143", "prec": "0,0", "latitude": 421931, "hourpresmax": "07", "province": "OURENSE", "tmed": "22,7", "tmin": "12,2", "avgspeed": null, "presmax": "1008,1", "presmin": "1003,5", "hourpresmin": "15", "date": "1982-08-08", "name": "OURENSE", "gust": null, "tmax": "33,2", "longitude": 75135}, {"code": "1690A", "hourtmin": "05:30", "hourgust": null, "hourtmax": "16:15", "sun": "12,2", "altitude": "143", "prec": "0,0", "latitude": 421931, "hourpresmax": "07", "province": "OURENSE", "tmed": "23,8", "tmin": "13,6", "avgspeed": null, "presmax": "1007,5", "presmin": "1003,2", "hourpresmin": "18", "date": "1982-08-09", "name": "OURENSE", "gust": null, "tmax": "34,0", "longitude": 75135}, {"code": "1690A", "hourtmin": "07:00", "hourgust": null, "hourtmax": "16:30", "sun": "12,3", "altitude": "143", "prec": "0,0", "latitude": 421931, "hourpresmax": "13", "province": "OURENSE", "tmed": "25,9", "tmin": "15,0", "avgspeed": null, "presmax": "1006,0", "presmin": "999,1", "hourpresmin": "18", "date": "1982-08-10", "name": "OURENSE", "gust": null, "tmax": "36,8", "longitude": 75135}, {"code": "1690A", "hourtmin": "05:30", "hourgust": null, "hourtmax": "16:00", "sun": "11,2", "altitude": "143", "prec": "0,0", "latitude": 421931, "hourpresmax": "11", "province": "OURENSE", "tmed": "24,7", "tmin": "14,0", "avgspeed": null, "presmax": "1001,6", "presmin": "998,8", "hourpresmin": "03", "date": "1982-08-11", "name": "OURENSE", "gust": null, "tmax": "35,4", "longitude": 75135}, {"code": "1690A", "hourtmin": "04:30", "hourgust": null, "hourtmax": "16:15", "sun": "11,3", "altitude": "143", "prec": "0,0", "latitude": 421931, "hourpresmax": "10", "province": "OURENSE", "tmed": "25,2", "tmin": "16,4", "avgspeed": null, "presmax": "1002,9", "presmin": "999,1", "hourpresmin": "04", "date": "1982-08-12", "name": "OURENSE", "gust": null, "tmax": "34,0", "longitude": 75135}, {"code": "1690A", "hourtmin": "06:00", "hourgust": null, "hourtmax": "16:30", "sun": "6,4", "altitude": "143", "prec": "0,0", "latitude": 421931, "hourpresmax": "10", "province": "OURENSE", "tmed": "28,8", "tmin": "19,2", "avgspeed": null, "presmax": "1002,7", "presmin": "1000,0", "hourpresmin": "20", "date": "1982-08-13", "name": "OURENSE", "gust": null, "tmax": "38,4", "longitude": 75135}, {"code": "1690A", "hourtmin": "07:00", "hourgust": null, "hourtmax": "16:30", "sun": "10,5", "altitude": "143", "prec": "0,0", "latitude": 421931, "hourpresmax": "11", "province": "OURENSE", "tmed": "24,3", "tmin": "17,4", "avgspeed": null, "presmax": "1002,8", "presmin": "997,6", "hourpresmin": "20", "date": "1982-08-14", "name": "OURENSE", "gust": null, "tmax": "31,2", "longitude": 75135}, {"code": "1690A", "hourtmin": "06:00", "hourgust": null, "hourtmax": "16:00", "sun": "11,0", "altitude": "143", "prec": "0,0", "latitude": 421931, "hourpresmax": "13", "province": "OURENSE", "tmed": "24,1", "tmin": "15,2", "avgspeed": null, "presmax": "1002,3", "presmin": "997,9", "hourpresmin": "21", "date": "1982-08-15", "name": "OURENSE", "gust": null, "tmax": "33,0", "longitude": 75135}, {"code": "1690A", "hourtmin": "06:00", "hourgust": null, "hourtmax": "16:15", "sun": "8,7", "altitude": "143", "prec": "0,0", "latitude": 421931, "hourpresmax": "15", "province": "OURENSE", "tmed": "22,8", "tmin": "17,2", "avgspeed": null, "presmax": "1005,3", "presmin": "1001,6", "hourpresmin": "00", "date": "1982-08-16", "name": "OURENSE", "gust": null, "tmax": "28,4", "longitude": 75135}, {"code": "1690A", "hourtmin": "07:00", "hourgust": null, "hourtmax": "16:00", "sun": "12,0", "altitude": "143", "prec": "0,0", "latitude": 421931, "hourpresmax": "07", "province": "OURENSE", "tmed": "22,6", "tmin": "13,0", "avgspeed": null, "presmax": "1006,4", "presmin": "1002,7", "hourpresmin": "18", "date": "1982-08-17", "name": "OURENSE", "gust": null, "tmax": "32,2", "longitude": 75135}, {"code": "1690A", "hourtmin": "05:00", "hourgust": null, "hourtmax": "16:00", "sun": "9,1", "altitude": "143", "prec": "0,0", "latitude": 421931, "hourpresmax": "07", "province": "OURENSE", "tmed": "23,4", "tmin": "15,0", "avgspeed": null, "presmax": "1004,1", "presmin": "1001,3", "hourpresmin": "20", "date": "1982-08-18", "name": "OURENSE", "gust": null, "tmax": "31,8", "longitude": 75135}, {"code": "1690A", "hourtmin": "05:30", "hourgust": null, "hourtmax": "16:30", "sun": "8,6", "altitude": "143", "prec": "0,0", "latitude": 421931, "hourpresmax": "09", "province": "OURENSE", "tmed": "23,7", "tmin": "15,4", "avgspeed": null, "presmax": "1004,5", "presmin": "1000,0", "hourpresmin": "24", "date": "1982-08-19", "name": "OURENSE", "gust": null, "tmax": "32,0", "longitude": 75135}, {"code": "1690A", "hourtmin": "23:59", "hourgust": null, "hourtmax": "15:00", "sun": "9,8", "altitude": "143", "prec": "0,0", "latitude": 421931, "hourpresmax": "24", "province": "OURENSE", "tmed": "20,6", "tmin": "15,0", "avgspeed": null, "presmax": "1001,3", "presmin": "998,9", "hourpresmin": "11", "date": "1982-08-20", "name": "OURENSE", "gust": null, "tmax": "26,2", "longitude": 75135}, {"code": "1690A", "hourtmin": "07:00", "hourgust": null, "hourtmax": "16:15", "sun": "12,1", "altitude": "143", "prec": "0,0", "latitude": 421931, "hourpresmax": "11", "province": "OURENSE", "tmed": "21,2", "tmin": "10,8", "avgspeed": null, "presmax": "1002,7", "presmin": "998,7", "hourpresmin": "20", "date": "1982-08-21", "name": "OURENSE", "gust": null, "tmax": "31,6", "longitude": 75135}, {"code": "1690A", "hourtmin": "06:00", "hourgust": null, "hourtmax": "16:00", "sun": "11,6", "altitude": "143", "prec": "0,0", "latitude": 421931, "hourpresmax": "07", "province": "OURENSE", "tmed": "22,3", "tmin": "11,6", "avgspeed": null, "presmax": "1001,6", "presmin": "997,6", "hourpresmin": "21", "date": "1982-08-22", "name": "OURENSE", "gust": null, "tmax": "33,0", "longitude": 75135}, {"code": "1690A", "hourtmin": "05:30", "hourgust": null, "hourtmax": "15:30", "sun": "8,8", "altitude": "143", "prec": "0,0", "latitude": 421931, "hourpresmax": "11", "province": "OURENSE", "tmed": "21,0", "tmin": "16,6", "avgspeed": null, "presmax": "1003,3", "presmin": "999,2", "hourpresmin": "03", "date": "1982-08-23", "name": "OURENSE", "gust": null, "tmax": "25,4", "longitude": 75135}, {"code": "1690A", "hourtmin": "05:00", "hourgust": null, "hourtmax": "15:30", "sun": "11,9", "altitude": "143", "prec": "0,0", "latitude": 421931, "hourpresmax": "07", "province": "OURENSE", "tmed": "22,5", "tmin": "12,8", "avgspeed": null, "presmax": "1004,1", "presmin": "1000,0", "hourpresmin": "18", "date": "1982-08-24", "name": "OURENSE", "gust": null, "tmax": "32,2", "longitude": 75135}, {"code": "1690A", "hourtmin": "06:00", "hourgust": null, "hourtmax": "16:00", "sun": "11,6", "altitude": "143", "prec": "0,0", "latitude": 421931, "hourpresmax": "10", "province": "OURENSE", "tmed": "23,6", "tmin": "12,6", "avgspeed": null, "presmax": "1001,6", "presmin": "994,7", "hourpresmin": "18", "date": "1982-08-25", "name": "OURENSE", "gust": null, "tmax": "34,6", "longitude": 75135}, {"code": "1690A", "hourtmin": "07:00", "hourgust": null, "hourtmax": "16:00", "sun": "9,9", "altitude": "143", "prec": "0,0", "latitude": 421931, "hourpresmax": "21", "province": "OURENSE", "tmed": "19,6", "tmin": "13,4", "avgspeed": null, "presmax": "1005,3", "presmin": "998,7", "hourpresmin": "00", "date": "1982-08-26", "name": "OURENSE", "gust": null, "tmax": "25,8", "longitude": 75135}, {"code": "1690A", "hourtmin": "06:00", "hourgust": null, "hourtmax": "16:00", "sun": "10,7", "altitude": "143", "prec": "7,7", "latitude": 421931, "hourpresmax": "03", "province": "OURENSE", "tmed": "18,5", "tmin": "10,0", "avgspeed": null, "presmax": "1003,2", "presmin": "1000,0", "hourpresmin": "24", "date": "1982-08-27", "name": "OURENSE", "gust": null, "tmax": "27,0", "longitude": 75135}, {"code": "1690A", "hourtmin": "05:15", "hourgust": null, "hourtmax": "16:30", "sun": "4,8", "altitude": "143", "prec": "14,4", "latitude": 421931, "hourpresmax": "24", "province": "OURENSE", "tmed": "19,4", "tmin": "14,2", "avgspeed": null, "presmax": "1002,9", "presmin": "998,3", "hourpresmin": "10", "date": "1982-08-28", "name": "OURENSE", "gust": null, "tmax": "24,6", "longitude": 75135}, {"code": "1690A", "hourtmin": "05:30", "hourgust": null, "hourtmax": "17:00", "sun": "9,1", "altitude": "143", "prec": "0,0", "latitude": 421931, "hourpresmax": "13", "province": "OURENSE", "tmed": "21,3", "tmin": "12,4", "avgspeed": null, "presmax": "1005,7", "presmin": "1002,7", "hourpresmin": "20", "date": "1982-08-29", "name": "OURENSE", "gust": null, "tmax": "30,2", "longitude": 75135}, {"code": "1690A", "hourtmin": "05:30", "hourgust": null, "hourtmax": "15:30", "sun": "9,4", "altitude": "143", "prec": "0,0", "latitude": 421931, "hourpresmax": "24", "province": "OURENSE", "tmed": "22,1", "tmin": "17,8", "avgspeed": null, "presmax": "1006,1", "presmin": "1002,8", "hourpresmin": "21", "date": "1982-08-30", "name": "OURENSE", "gust": null, "tmax": "26,4", "longitude": 75135}, {"code": "1690A", "hourtmin": "07:00", "hourgust": null, "hourtmax": "16:30", "sun": "11,4", "altitude": "143", "prec": "0,0", "latitude": 421931, "hourpresmax": "13", "province": "OURENSE", "tmed": "20,9", "tmin": "16,0", "avgspeed": null, "presmax": "1007,6", "presmin": "1004,4", "hourpresmin": "18", "date": "1982-08-31", "name": "OURENSE", "gust": null, "tmax": "25,8", "longitude": 75135}]