[{"code": "0367", "hourtmin": "08:05", "hourgust": "16:30", "hourtmax": "12:53", "sun": "3,2", "altitude": "143", "prec": "0,0", "latitude": 415442, "hourpresmax": "Varias", "province": "GIRONA", "tmed": "10,0", "tmin": "6,4", "avgspeed": "1,9", "presmax": "1005,6", "presmin": "1003,8", "hourpresmin": "14", "date": "2009-01-01", "name": "GIRONA AEROPUERTO", "tmax": "13,7", "longitude": 24548, "gust": "7,8", "dir": "02"}, {"code": "0367", "hourtmin": "23:50", "hourgust": "12:19", "hourtmax": "14:33", "sun": "0,0", "altitude": "143", "prec": "0,0", "latitude": 415442, "hourpresmax": "00", "province": "GIRONA", "tmed": "7,3", "tmin": "4,1", "avgspeed": "0,8", "presmax": "1004,3", "presmin": "1000,8", "hourpresmin": "24", "date": "2009-01-02", "name": "GIRONA AEROPUERTO", "tmax": "10,5", "longitude": 24548, "gust": "6,1", "dir": "06"}, {"code": "0367", "hourtmin": "04:21", "hourgust": "Varias", "hourtmax": "14:09", "sun": "0,5", "altitude": "143", "prec": "0,0", "latitude": 415442, "hourpresmax": "Varias", "province": "GIRONA", "tmed": "5,1", "tmin": "1,2", "avgspeed": "1,7", "presmax": "1002,3", "presmin": "1000,1", "hourpresmin": "14", "date": "2009-01-03", "name": "GIRONA AEROPUERTO", "tmax": "9,0", "longitude": 24548, "gust": "6,7", "dir": "99"}, {"code": "0367", "hourtmin": "23:51", "hourgust": "00:11", "hourtmax": "13:58", "sun": "8,3", "altitude": "143", "prec": "0,0", "latitude": 415442, "hourpresmax": "Varias", "province": "GIRONA", "tmed": "4,6", "tmin": "-1,1", "avgspeed": "0,8", "presmax": "1003,5", "presmin": "1000,9", "hourpresmin": "15", "date": "2009-01-04", "name": "GIRONA AEROPUERTO", "tmax": "10,3", "longitude": 24548, "gust": "6,7", "dir": "33"}, {"code": "0367", "hourtmin": "Varias", "hourgust": "15:34", "hourtmax": "12:46", "sun": "6,7", "altitude": "143", "prec": "0,0", "latitude": 415442, "hourpresmax": "00", "province": "GIRONA", "tmed": "3,6", "tmin": "-3,1", "avgspeed": "0,8", "presmax": "1001,5", "presmin": "996,8", "hourpresmin": "24", "date": "2009-01-05", "name": "GIRONA AEROPUERTO", "tmax": "10,3", "longitude": 24548, "gust": "5,0", "dir": "15"}, {"code": "0367", "hourtmin": "22:15", "hourgust": "14:19", "hourtmax": "00:03", "sun": "0,0", "altitude": "143", "prec": "3,6", "latitude": 415442, "hourpresmax": "00", "province": "GIRONA", "tmed": "2,5", "tmin": "-0,5", "avgspeed": "3,1", "presmax": "996,8", "presmin": "994,9", "hourpresmin": "14", "date": "2009-01-06", "name": "GIRONA AEROPUERTO", "tmax": "5,5", "longitude": 24548, "gust": "9,2", "dir": "05"}, {"code": "0367", "hourtmin": "07:35", "hourgust": "21:03", "hourtmax": "13:56", "sun": "4,6", "altitude": "143", "prec": "0,0", "latitude": 415442, "hourpresmax": "Varias", "province": "GIRONA", "tmed": "0,7", "tmin": "-2,5", "avgspeed": "0,8", "presmax": "1000,8", "presmin": "994,6", "hourpresmin": "05", "date": "2009-01-07", "name": "GIRONA AEROPUERTO", "tmax": "3,9", "longitude": 24548, "gust": "8,9", "dir": "05"}, {"code": "0367", "hourtmin": "02:44", "hourgust": "Varias", "hourtmax": "13:57", "sun": "5,8", "altitude": "143", "prec": "0,0", "latitude": 415442, "hourpresmax": "Varias", "province": "GIRONA", "tmed": "0,4", "tmin": "-3,5", "avgspeed": "0,6", "presmax": "1006,2", "presmin": "1000,7", "hourpresmin": "00", "date": "2009-01-08", "name": "GIRONA AEROPUERTO", "tmax": "4,4", "longitude": 24548, "gust": "5,8", "dir": "99"}, {"code": "0367", "hourtmin": "00:33", "hourgust": "Varias", "hourtmax": "11:37", "sun": "0,9", "altitude": "143", "prec": "12,7", "latitude": 415442, "hourpresmax": "00", "province": "GIRONA", "tmed": "4,7", "tmin": "2,1", "avgspeed": "1,9", "presmax": "1005,7", "presmin": "1002,7", "hourpresmin": "13", "date": "2009-01-09", "name": "GIRONA AEROPUERTO", "tmax": "7,3", "longitude": 24548, "gust": "9,7", "dir": "99"}, {"code": "0367", "hourtmin": "23:44", "hourgust": "03:07", "hourtmax": "13:19", "sun": "0,1", "altitude": "143", "prec": "3,9", "latitude": 415442, "hourpresmax": "Varias", "province": "GIRONA", "tmed": "6,4", "tmin": "4,0", "avgspeed": "1,9", "presmax": "1011,8", "presmin": "1004,3", "hourpresmin": "03", "date": "2009-01-10", "name": "GIRONA AEROPUERTO", "tmax": "8,9", "longitude": 24548, "gust": "7,2", "dir": "03"}, {"code": "0367", "hourtmin": "07:15", "hourgust": "15:06", "hourtmax": "14:22", "sun": "8,4", "altitude": "143", "prec": "0,0", "latitude": 415442, "hourpresmax": "Varias", "province": "GIRONA", "tmed": "6,8", "tmin": "1,0", "avgspeed": "1,1", "presmax": "1014,4", "presmin": "1011,7", "hourpresmin": "00", "date": "2009-01-11", "name": "GIRONA AEROPUERTO", "tmax": "12,5", "longitude": 24548, "gust": "7,2", "dir": "06"}, {"code": "0367", "hourtmin": "07:34", "hourgust": "16:31", "hourtmax": "13:30", "sun": "8,7", "altitude": "143", "prec": "0,0", "latitude": 415442, "hourpresmax": "00", "province": "GIRONA", "tmed": "6,8", "tmin": "-1,0", "avgspeed": "0,6", "presmax": "1012,7", "presmin": "1007,0", "hourpresmin": "24", "date": "2009-01-12", "name": "GIRONA AEROPUERTO", "tmax": "14,6", "longitude": 24548, "gust": "5,8", "dir": "08"}, {"code": "0367", "hourtmin": "07:11", "hourgust": "Varias", "hourtmax": "14:30", "sun": "8,2", "altitude": "143", "prec": "Ip", "latitude": 415442, "hourpresmax": "00", "province": "GIRONA", "tmed": "5,6", "tmin": "-2,1", "avgspeed": "0,3", "presmax": "1007,0", "presmin": "998,8", "hourpresmin": "16", "date": "2009-01-13", "name": "GIRONA AEROPUERTO", "tmax": "13,2", "longitude": 24548, "gust": "4,2", "dir": "99"}, {"code": "0367", "hourtmin": "23:39", "hourgust": "12:13", "hourtmax": "15:04", "sun": "3,9", "altitude": "143", "prec": "0,0", "latitude": 415442, "hourpresmax": "Varias", "province": "GIRONA", "tmed": "6,1", "tmin": "0,1", "avgspeed": "0,6", "presmax": "1001,7", "presmin": "998,9", "hourpresmin": "01", "date": "2009-01-14", "name": "GIRONA AEROPUERTO", "tmax": "12,1", "longitude": 24548, "gust": "7,8", "dir": "07"}, {"code": "0367", "hourtmin": "06:38", "hourgust": "13:06", "hourtmax": "15:00", "sun": "6,7", "altitude": "143", "prec": "Ip", "latitude": 415442, "hourpresmax": "Varias", "province": "GIRONA", "tmed": "4,6", "tmin": "-2,0", "avgspeed": "0,6", "presmax": "1004,4", "presmin": "999,1", "hourpresmin": "06", "date": "2009-01-15", "name": "GIRONA AEROPUERTO", "tmax": "11,1", "longitude": 24548, "gust": "6,1", "dir": "10"}, {"code": "0367", "hourtmin": "01:58", "hourgust": "15:58", "hourtmax": "12:11", "sun": "4,9", "altitude": "143", "prec": "0,0", "latitude": 415442, "hourpresmax": "Varias", "province": "GIRONA", "tmed": "6,2", "tmin": "-0,9", "avgspeed": "0,8", "presmax": "1008,3", "presmin": "1004,2", "hourpresmin": "00", "date": "2009-01-16", "name": "GIRONA AEROPUERTO", "tmax": "13,3", "longitude": 24548, "gust": "6,7", "dir": "12"}, {"code": "0367", "hourtmin": "23:30", "hourgust": "15:32", "hourtmax": "14:20", "sun": "6,5", "altitude": "143", "prec": "0,0", "latitude": 415442, "hourpresmax": "Varias", "province": "GIRONA", "tmed": "7,3", "tmin": "0,8", "avgspeed": "0,6", "presmax": "1009,2", "presmin": "1005,4", "hourpresmin": "24", "date": "2009-01-17", "name": "GIRONA AEROPUERTO", "tmax": "13,8", "longitude": 24548, "gust": "5,8", "dir": "12"}, {"code": "0367", "hourtmin": "07:02", "hourgust": "16:29", "hourtmax": "14:54", "sun": "6,5", "altitude": "143", "prec": "0,0", "latitude": 415442, "hourpresmax": "00", "province": "GIRONA", "tmed": "6,9", "tmin": "-0,9", "avgspeed": "0,8", "presmax": "1005,4", "presmin": "1000,6", "hourpresmin": "13", "date": "2009-01-18", "name": "GIRONA AEROPUERTO", "tmax": "14,7", "longitude": 24548, "gust": "7,8", "dir": "14"}, {"code": "0367", "hourtmin": "00:30", "hourgust": "11:39", "hourtmax": "11:19", "sun": "6,3", "altitude": "143", "prec": "0,4", "latitude": 415442, "hourpresmax": "00", "province": "GIRONA", "tmed": "10,8", "tmin": "3,8", "avgspeed": "3,3", "presmax": "1001,1", "presmin": "984,4", "hourpresmin": "22", "date": "2009-01-19", "name": "GIRONA AEROPUERTO", "tmax": "17,9", "longitude": 24548, "gust": "15,0", "dir": "23"}, {"code": "0367", "hourtmin": "23:36", "hourgust": "12:01", "hourtmax": "14:28", "sun": "2,6", "altitude": "143", "prec": "0,0", "latitude": 415442, "hourpresmax": "Varias", "province": "GIRONA", "tmed": "6,5", "tmin": "2,4", "avgspeed": "1,4", "presmax": "990,0", "presmin": "983,9", "hourpresmin": "05", "date": "2009-01-20", "name": "GIRONA AEROPUERTO", "tmax": "10,6", "longitude": 24548, "gust": "8,3", "dir": "05"}, {"code": "0367", "hourtmin": "07:25", "hourgust": "Varias", "hourtmax": "14:56", "sun": "7,9", "altitude": "143", "prec": "0,0", "latitude": 415442, "hourpresmax": "Varias", "province": "GIRONA", "tmed": "5,1", "tmin": "-1,6", "avgspeed": "0,3", "presmax": "999,0", "presmin": "989,7", "hourpresmin": "00", "date": "2009-01-21", "name": "GIRONA AEROPUERTO", "tmax": "11,8", "longitude": 24548, "gust": "5,8", "dir": "99"}, {"code": "0367", "hourtmin": "04:21", "hourgust": "Varias", "hourtmax": "14:15", "sun": "3,2", "altitude": "143", "prec": "0,8", "latitude": 415442, "hourpresmax": "00", "province": "GIRONA", "tmed": "4,9", "tmin": "-2,6", "avgspeed": "0,6", "presmax": "998,4", "presmin": "987,4", "hourpresmin": "24", "date": "2009-01-22", "name": "GIRONA AEROPUERTO", "tmax": "12,4", "longitude": 24548, "gust": "7,2", "dir": "99"}, {"code": "0367", "hourtmin": "05:24", "hourgust": "23:59", "hourtmax": "14:16", "sun": "3,0", "altitude": "143", "prec": "0,1", "latitude": 415442, "hourpresmax": "00", "province": "GIRONA", "tmed": "10,8", "tmin": "3,9", "avgspeed": "1,7", "presmax": "987,4", "presmin": "976,9", "hourpresmin": "24", "date": "2009-01-23", "name": "GIRONA AEROPUERTO", "tmax": "17,8", "longitude": 24548, "gust": "7,8", "dir": "19"}, {"code": "0367", "hourtmin": "23:55", "hourgust": "04:43", "hourtmax": "02:41", "sun": "2,0", "altitude": "143", "prec": "0,0", "latitude": 415442, "hourpresmax": "Varias", "province": "GIRONA", "tmed": "9,4", "tmin": "3,0", "avgspeed": "7,2", "presmax": "987,8", "presmin": "967,7", "hourpresmin": "05", "date": "2009-01-24", "name": "GIRONA AEROPUERTO", "tmax": "15,9", "longitude": 24548, "gust": "30,0", "dir": "24"}, {"code": "0367", "hourtmin": "Varias", "hourgust": "Varias", "hourtmax": "14:46", "sun": "8,1", "altitude": "143", "prec": "4,5", "latitude": 415442, "hourpresmax": "Varias", "province": "GIRONA", "tmed": "8,0", "tmin": "0,1", "avgspeed": "2,8", "presmax": "988,6", "presmin": "977,5", "hourpresmin": "15", "date": "2009-01-25", "name": "GIRONA AEROPUERTO", "tmax": "15,8", "longitude": 24548, "gust": "10,3", "dir": "99"}, {"code": "0367", "hourtmin": "08:04", "hourgust": "12:14", "hourtmax": "15:05", "sun": "4,3", "altitude": "143", "prec": "0,0", "latitude": 415442, "hourpresmax": "Varias", "province": "GIRONA", "tmed": "7,1", "tmin": "3,0", "avgspeed": "0,8", "presmax": "990,0", "presmin": "980,7", "hourpresmin": "00", "date": "2009-01-26", "name": "GIRONA AEROPUERTO", "tmax": "11,2", "longitude": 24548, "gust": "7,2", "dir": "10"}, {"code": "0367", "hourtmin": "06:22", "hourgust": null, "hourtmax": "14:01", "sun": "7,9", "altitude": "143", "prec": "0,0", "latitude": 415442, "hourpresmax": "Varias", "province": "GIRONA", "tmed": "6,2", "tmin": "-0,7", "avgspeed": "1,1", "presmax": "996,5", "presmin": "989,8", "hourpresmin": "00", "date": "2009-01-27", "name": "GIRONA AEROPUERTO", "gust": null, "tmax": "13,2", "longitude": 24548}, {"code": "0367", "hourtmin": "07:00", "hourgust": "02:01", "hourtmax": "14:21", "sun": "7,5", "altitude": "143", "prec": "Ip", "latitude": 415442, "hourpresmax": "Varias", "province": "GIRONA", "tmed": "6,6", "tmin": "-1,8", "avgspeed": "0,3", "presmax": "997,3", "presmin": "994,7", "hourpresmin": "14", "date": "2009-01-28", "name": "GIRONA AEROPUERTO", "tmax": "14,9", "longitude": 24548, "gust": "5,0", "dir": "06"}, {"code": "0367", "hourtmin": "07:00", "hourgust": "Varias", "hourtmax": "13:14", "sun": "7,3", "altitude": "143", "prec": "0,0", "latitude": 415442, "hourpresmax": "Varias", "province": "GIRONA", "tmed": "6,7", "tmin": "0,4", "avgspeed": "1,4", "presmax": "1000,7", "presmin": "996,4", "hourpresmin": "01", "date": "2009-01-29", "name": "GIRONA AEROPUERTO", "tmax": "13,0", "longitude": 24548, "gust": "7,8", "dir": "99"}, {"code": "0367", "hourtmin": "06:00", "hourgust": "13:10", "hourtmax": "12:29", "sun": "3,6", "altitude": "143", "prec": "0,9", "latitude": 415442, "hourpresmax": "00", "province": "GIRONA", "tmed": "6,2", "tmin": "-0,6", "avgspeed": "0,6", "presmax": "1000,5", "presmin": "995,3", "hourpresmin": "24", "date": "2009-01-30", "name": "GIRONA AEROPUERTO", "tmax": "12,9", "longitude": 24548, "gust": "8,3", "dir": "09"}, {"code": "0367", "hourtmin": "23:36", "hourgust": "22:57", "hourtmax": "09:59", "sun": "0,0", "altitude": "143", "prec": "36,0", "latitude": 415442, "hourpresmax": "00", "province": "GIRONA", "tmed": "9,6", "tmin": "7,7", "avgspeed": "2,5", "presmax": "995,3", "presmin": "985,7", "hourpresmin": "24", "date": "2009-01-31", "name": "GIRONA AEROPUERTO", "tmax": "11,4", "longitude": 24548, "gust": "10,3", "dir": "34"}, {"code": "0367", "hourtmin": "23:54", "hourgust": "00:21", "hourtmax": "11:44", "sun": "0,8", "altitude": "143", "prec": "6,6", "latitude": 415442, "hourpresmax": "00", "province": "GIRONA", "tmed": "9,6", "tmin": "6,5", "avgspeed": "3,6", "presmax": "985,7", "presmin": "979,3", "hourpresmin": "24", "date": "2009-02-01", "name": "GIRONA AEROPUERTO", "tmax": "12,6", "longitude": 24548, "gust": "8,9", "dir": "01"}, {"code": "0367", "hourtmin": "03:30", "hourgust": "Varias", "hourtmax": "15:10", "sun": "1,3", "altitude": "143", "prec": "7,7", "latitude": 415442, "hourpresmax": "Varias", "province": "GIRONA", "tmed": "8,8", "tmin": "5,8", "avgspeed": "0,6", "presmax": "979,8", "presmin": "976,2", "hourpresmin": "14", "date": "2009-02-02", "name": "GIRONA AEROPUERTO", "tmax": "11,9", "longitude": 24548, "gust": "4,7", "dir": "99"}, {"code": "0367", "hourtmin": "23:36", "hourgust": "Varias", "hourtmax": "14:33", "sun": "0,0", "altitude": "143", "prec": "8,0", "latitude": 415442, "hourpresmax": "Varias", "province": "GIRONA", "tmed": "6,4", "tmin": "3,7", "avgspeed": "2,5", "presmax": "985,8", "presmin": "979,0", "hourpresmin": "04", "date": "2009-02-03", "name": "GIRONA AEROPUERTO", "tmax": "9,1", "longitude": 24548, "gust": "11,7", "dir": "03"}, {"code": "0367", "hourtmin": "06:27", "hourgust": "21:20", "hourtmax": "14:03", "sun": "7,9", "altitude": "143", "prec": "0,0", "latitude": 415442, "hourpresmax": "00", "province": "GIRONA", "tmed": "9,4", "tmin": "2,9", "avgspeed": "3,6", "presmax": "984,7", "presmin": "981,5", "hourpresmin": "14", "date": "2009-02-04", "name": "GIRONA AEROPUERTO", "tmax": "15,8", "longitude": 24548, "gust": "12,8", "dir": "20"}, {"code": "0367", "hourtmin": "23:35", "hourgust": "13:00", "hourtmax": "12:50", "sun": "2,9", "altitude": "143", "prec": "0,0", "latitude": 415442, "hourpresmax": "Varias", "province": "GIRONA", "tmed": "9,3", "tmin": "5,1", "avgspeed": "5,3", "presmax": "983,8", "presmin": "981,1", "hourpresmin": "18", "date": "2009-02-05", "name": "GIRONA AEROPUERTO", "tmax": "13,5", "longitude": 24548, "gust": "13,3", "dir": "21"}, {"code": "0367", "hourtmin": "04:21", "hourgust": "Varias", "hourtmax": "13:00", "sun": "1,0", "altitude": "143", "prec": "Ip", "latitude": 415442, "hourpresmax": "00", "province": "GIRONA", "tmed": "7,5", "tmin": "1,9", "avgspeed": "2,2", "presmax": "981,3", "presmin": "974,0", "hourpresmin": "16", "date": "2009-02-06", "name": "GIRONA AEROPUERTO", "tmax": "13,1", "longitude": 24548, "gust": "11,4", "dir": "99"}, {"code": "0367", "hourtmin": "Varias", "hourgust": "16:04", "hourtmax": "13:15", "sun": "5,3", "altitude": "143", "prec": "3,0", "latitude": 415442, "hourpresmax": "Varias", "province": "GIRONA", "tmed": "7,0", "tmin": "1,9", "avgspeed": "1,1", "presmax": "985,0", "presmin": "975,5", "hourpresmin": "01", "date": "2009-02-07", "name": "GIRONA AEROPUERTO", "tmax": "12,2", "longitude": 24548, "gust": "11,4", "dir": "03"}, {"code": "0367", "hourtmin": "06:09", "hourgust": "16:04", "hourtmax": "Varias", "sun": "7,5", "altitude": "143", "prec": "0,0", "latitude": 415442, "hourpresmax": "Varias", "province": "GIRONA", "tmed": "3,8", "tmin": "-2,8", "avgspeed": "1,7", "presmax": "997,2", "presmin": "984,3", "hourpresmin": "01", "date": "2009-02-08", "name": "GIRONA AEROPUERTO", "tmax": "10,3", "longitude": 24548, "gust": "8,3", "dir": "08"}, {"code": "0367", "hourtmin": "05:19", "hourgust": "20:06", "hourtmax": "13:59", "sun": "7,4", "altitude": "143", "prec": "0,0", "latitude": 415442, "hourpresmax": "Varias", "province": "GIRONA", "tmed": "6,5", "tmin": "-2,0", "avgspeed": "1,9", "presmax": "1000,3", "presmin": "992,1", "hourpresmin": "23", "date": "2009-02-09", "name": "GIRONA AEROPUERTO", "tmax": "15,0", "longitude": 24548, "gust": "12,5", "dir": "21"}, {"code": "0367", "hourtmin": "21:12", "hourgust": "04:01", "hourtmax": "Varias", "sun": "1,1", "altitude": "143", "prec": "4,5", "latitude": 415442, "hourpresmax": "Varias", "province": "GIRONA", "tmed": "9,4", "tmin": "4,6", "avgspeed": "1,9", "presmax": "1003,3", "presmin": "991,8", "hourpresmin": "01", "date": "2009-02-10", "name": "GIRONA AEROPUERTO", "tmax": "14,2", "longitude": 24548, "gust": "10,3", "dir": "03"}, {"code": "0367", "hourtmin": "23:49", "hourgust": "14:23", "hourtmax": "12:29", "sun": "0,1", "altitude": "143", "prec": "0,0", "latitude": 415442, "hourpresmax": "02", "province": "GIRONA", "tmed": "3,4", "tmin": "-1,7", "avgspeed": "2,5", "presmax": "1003,7", "presmin": "1001,0", "hourpresmin": "14", "date": "2009-02-11", "name": "GIRONA AEROPUERTO", "tmax": "8,5", "longitude": 24548, "gust": "8,9", "dir": "02"}, {"code": "0367", "hourtmin": "04:49", "hourgust": "23:34", "hourtmax": "12:14", "sun": "9,2", "altitude": "143", "prec": "0,0", "latitude": 415442, "hourpresmax": "Varias", "province": "GIRONA", "tmed": "4,6", "tmin": "-3,1", "avgspeed": "2,5", "presmax": "1003,5", "presmin": "1001,0", "hourpresmin": "16", "date": "2009-02-12", "name": "GIRONA AEROPUERTO", "tmax": "12,3", "longitude": 24548, "gust": "13,3", "dir": "02"}, {"code": "0367", "hourtmin": "05:57", "hourgust": "00:34", "hourtmax": "12:48", "sun": "6,3", "altitude": "143", "prec": "0,0", "latitude": 415442, "hourpresmax": "Varias", "province": "GIRONA", "tmed": "5,3", "tmin": "-0,3", "avgspeed": "1,7", "presmax": "1005,4", "presmin": "1002,7", "hourpresmin": "17", "date": "2009-02-13", "name": "GIRONA AEROPUERTO", "tmax": "10,9", "longitude": 24548, "gust": "11,7", "dir": "03"}, {"code": "0367", "hourtmin": "05:42", "hourgust": "Varias", "hourtmax": "13:58", "sun": "4,5", "altitude": "143", "prec": "0,0", "latitude": 415442, "hourpresmax": "Varias", "province": "GIRONA", "tmed": "6,0", "tmin": "-1,1", "avgspeed": "2,5", "presmax": "1007,2", "presmin": "1001,9", "hourpresmin": "05", "date": "2009-02-14", "name": "GIRONA AEROPUERTO", "tmax": "13,1", "longitude": 24548, "gust": "12,5", "dir": "99"}, {"code": "0367", "hourtmin": "04:44", "hourgust": "00:16", "hourtmax": "12:48", "sun": "0,0", "altitude": "143", "prec": "0,0", "latitude": 415442, "hourpresmax": "Varias", "province": "GIRONA", "tmed": "4,2", "tmin": "0,9", "avgspeed": "0,8", "presmax": "1009,7", "presmin": "1007,0", "hourpresmin": "00", "date": "2009-02-15", "name": "GIRONA AEROPUERTO", "tmax": "7,6", "longitude": 24548, "gust": "10,3", "dir": "99"}, {"code": "0367", "hourtmin": "06:46", "hourgust": "Varias", "hourtmax": "14:42", "sun": "7,8", "altitude": "143", "prec": "0,0", "latitude": 415442, "hourpresmax": "00", "province": "GIRONA", "tmed": "4,4", "tmin": "-2,7", "avgspeed": "0,8", "presmax": "1009,7", "presmin": "1006,2", "hourpresmin": "15", "date": "2009-02-16", "name": "GIRONA AEROPUERTO", "tmax": "11,6", "longitude": 24548, "gust": "6,7", "dir": "19"}, {"code": "0367", "hourtmin": "06:48", "hourgust": "Varias", "hourtmax": "14:19", "sun": "8,9", "altitude": "143", "prec": "0,0", "latitude": 415442, "hourpresmax": "Varias", "province": "GIRONA", "tmed": "6,4", "tmin": "-2,8", "avgspeed": "0,8", "presmax": "1008,6", "presmin": "1002,8", "hourpresmin": "24", "date": "2009-02-17", "name": "GIRONA AEROPUERTO", "tmax": "15,6", "longitude": 24548, "gust": "5,8", "dir": "99"}, {"code": "0367", "hourtmin": "07:00", "hourgust": "16:29", "hourtmax": "13:11", "sun": "9,8", "altitude": "143", "prec": "0,0", "latitude": 415442, "hourpresmax": "Varias", "province": "GIRONA", "tmed": "8,8", "tmin": "0,2", "avgspeed": "1,9", "presmax": "1004,8", "presmin": "1000,9", "hourpresmin": "04", "date": "2009-02-18", "name": "GIRONA AEROPUERTO", "tmax": "17,3", "longitude": 24548, "gust": "8,3", "dir": "19"}, {"code": "0367", "hourtmin": "05:42", "hourgust": "14:17", "hourtmax": "13:13", "sun": "7,4", "altitude": "143", "prec": "0,0", "latitude": 415442, "hourpresmax": "Varias", "province": "GIRONA", "tmed": "9,0", "tmin": "2,6", "avgspeed": "0,8", "presmax": "1009,6", "presmin": "1004,4", "hourpresmin": "13", "date": "2009-02-19", "name": "GIRONA AEROPUERTO", "tmax": "15,4", "longitude": 24548, "gust": "9,7", "dir": "11"}, {"code": "0367", "hourtmin": "23:52", "hourgust": "15:25", "hourtmax": "14:57", "sun": "9,2", "altitude": "143", "prec": "0,0", "latitude": 415442, "hourpresmax": "Varias", "province": "GIRONA", "tmed": "7,0", "tmin": "0,6", "avgspeed": "0,8", "presmax": "1012,6", "presmin": "1009,6", "hourpresmin": "00", "date": "2009-02-20", "name": "GIRONA AEROPUERTO", "tmax": "13,5", "longitude": 24548, "gust": "9,2", "dir": "12"}, {"code": "0367", "hourtmin": "03:55", "hourgust": "17:12", "hourtmax": "15:01", "sun": "7,7", "altitude": "143", "prec": "0,0", "latitude": 415442, "hourpresmax": "Varias", "province": "GIRONA", "tmed": "6,8", "tmin": "-1,0", "avgspeed": "3,3", "presmax": "1012,0", "presmin": "1008,8", "hourpresmin": "14", "date": "2009-02-21", "name": "GIRONA AEROPUERTO", "tmax": "14,5", "longitude": 24548, "gust": "12,5", "dir": "03"}, {"code": "0367", "hourtmin": "06:51", "hourgust": "Varias", "hourtmax": "13:27", "sun": "6,3", "altitude": "143", "prec": "0,0", "latitude": 415442, "hourpresmax": "00", "province": "GIRONA", "tmed": "8,1", "tmin": "-0,6", "avgspeed": "0,6", "presmax": "1012,0", "presmin": "1005,2", "hourpresmin": "24", "date": "2009-02-22", "name": "GIRONA AEROPUERTO", "tmax": "16,8", "longitude": 24548, "gust": "5,8", "dir": "99"}, {"code": "0367", "hourtmin": "06:44", "hourgust": "15:21", "hourtmax": "14:24", "sun": "7,9", "altitude": "143", "prec": "0,0", "latitude": 415442, "hourpresmax": "00", "province": "GIRONA", "tmed": "8,7", "tmin": "1,3", "avgspeed": "1,1", "presmax": "1005,2", "presmin": "999,9", "hourpresmin": "15", "date": "2009-02-23", "name": "GIRONA AEROPUERTO", "tmax": "16,1", "longitude": 24548, "gust": "10,3", "dir": "12"}, {"code": "0367", "hourtmin": "05:56", "hourgust": "14:56", "hourtmax": "14:45", "sun": "8,7", "altitude": "143", "prec": "0,0", "latitude": 415442, "hourpresmax": "Varias", "province": "GIRONA", "tmed": "8,8", "tmin": "1,1", "avgspeed": "1,4", "presmax": "1006,5", "presmin": "1001,4", "hourpresmin": "04", "date": "2009-02-24", "name": "GIRONA AEROPUERTO", "tmax": "16,6", "longitude": 24548, "gust": "7,2", "dir": "14"}, {"code": "0367", "hourtmin": "23:58", "hourgust": "Varias", "hourtmax": "13:39", "sun": "9,9", "altitude": "143", "prec": "0,0", "latitude": 415442, "hourpresmax": "Varias", "province": "GIRONA", "tmed": "8,4", "tmin": "2,0", "avgspeed": "1,7", "presmax": "1013,7", "presmin": "1006,4", "hourpresmin": "00", "date": "2009-02-25", "name": "GIRONA AEROPUERTO", "tmax": "14,8", "longitude": 24548, "gust": "9,7", "dir": "99"}, {"code": "0367", "hourtmin": "05:38", "hourgust": "Varias", "hourtmax": "13:38", "sun": "9,6", "altitude": "143", "prec": "Ip", "latitude": 415442, "hourpresmax": "00", "province": "GIRONA", "tmed": "10,3", "tmin": "0,2", "avgspeed": "0,8", "presmax": "1013,3", "presmin": "1006,8", "hourpresmin": "24", "date": "2009-02-26", "name": "GIRONA AEROPUERTO", "tmax": "20,4", "longitude": 24548, "gust": "6,1", "dir": "99"}, {"code": "0367", "hourtmin": null, "hourgust": null, "hourtmax": null, "sun": "2,9", "altitude": "143", "prec": "0,0", "latitude": 415442, "hourpresmax": null, "province": "GIRONA", "presmax": null, "presmin": null, "hourpresmin": null, "date": "2009-02-27", "name": "GIRONA AEROPUERTO", "gust": null, "longitude": 24548, "avgspeed": "1,4"}, {"code": "0367", "hourtmin": "06:30", "hourgust": "13:51", "hourtmax": "11:49", "sun": "2,0", "altitude": "143", "prec": "0,0", "latitude": 415442, "hourpresmax": "01", "province": "GIRONA", "tmed": "8,4", "tmin": "1,9", "avgspeed": "2,2", "presmax": "1001,9", "presmin": "997,1", "hourpresmin": "17", "date": "2009-02-28", "name": "GIRONA AEROPUERTO", "tmax": "14,9", "longitude": 24548, "gust": "8,3", "dir": "19"}, {"code": "0367", "hourtmin": "Varias", "hourgust": "Varias", "hourtmax": "15:36", "sun": "0,0", "altitude": "143", "prec": "0,5", "latitude": 415442, "hourpresmax": "Varias", "province": "GIRONA", "tmed": "9,8", "tmin": "8,3", "avgspeed": "0,6", "presmax": "999,5", "presmin": "995,5", "hourpresmin": "06", "date": "2009-03-01", "name": "GIRONA AEROPUERTO", "tmax": "11,4", "longitude": 24548, "gust": "6,1", "dir": "99"}, {"code": "0367", "hourtmin": "05:41", "hourgust": "16:28", "hourtmax": "13:01", "sun": "0,4", "altitude": "143", "prec": "2,0", "latitude": 415442, "hourpresmax": "Varias", "province": "GIRONA", "tmed": "10,4", "tmin": "6,3", "avgspeed": "2,2", "presmax": "1004,0", "presmin": "999,3", "hourpresmin": "04", "date": "2009-03-02", "name": "GIRONA AEROPUERTO", "tmax": "14,6", "longitude": 24548, "gust": "8,3", "dir": "02"}, {"code": "0367", "hourtmin": "06:30", "hourgust": "23:04", "hourtmax": "11:37", "sun": "0,1", "altitude": "143", "prec": "0,0", "latitude": 415442, "hourpresmax": "00", "province": "GIRONA", "tmed": "9,6", "tmin": "7,6", "avgspeed": "1,4", "presmax": "1003,6", "presmin": "993,2", "hourpresmin": "24", "date": "2009-03-03", "name": "GIRONA AEROPUERTO", "tmax": "11,6", "longitude": 24548, "gust": "6,7", "dir": "22"}, {"code": "0367", "hourtmin": "23:56", "hourgust": "Varias", "hourtmax": "13:12", "sun": "0,3", "altitude": "143", "prec": "4,0", "latitude": 415442, "hourpresmax": "00", "province": "GIRONA", "tmed": "8,6", "tmin": "4,4", "avgspeed": "6,1", "presmax": "993,2", "presmin": "973,5", "hourpresmin": "20", "date": "2009-03-04", "name": "GIRONA AEROPUERTO", "tmax": "12,9", "longitude": 24548, "gust": "12,5", "dir": "99"}, {"code": "0367", "hourtmin": "04:43", "hourgust": "Varias", "hourtmax": "12:34", "sun": "5,8", "altitude": "143", "prec": "0,2", "latitude": 415442, "hourpresmax": "Varias", "province": "GIRONA", "tmed": "5,4", "tmin": "0,0", "avgspeed": "1,4", "presmax": "976,8", "presmin": "971,0", "hourpresmin": "14", "date": "2009-03-05", "name": "GIRONA AEROPUERTO", "tmax": "10,9", "longitude": 24548, "gust": "7,8", "dir": "99"}, {"code": "0367", "hourtmin": "23:39", "hourgust": "Varias", "hourtmax": "15:05", "sun": "10,2", "altitude": "143", "prec": "0,0", "latitude": 415442, "hourpresmax": "24", "province": "GIRONA", "tmed": "7,1", "tmin": "-0,9", "avgspeed": "3,3", "presmax": "991,6", "presmin": "976,6", "hourpresmin": "00", "date": "2009-03-06", "name": "GIRONA AEROPUERTO", "tmax": "15,1", "longitude": 24548, "gust": "9,2", "dir": "99"}, {"code": "0367", "hourtmin": "04:20", "hourgust": "11:55", "hourtmax": "13:16", "sun": "10,5", "altitude": "143", "prec": "0,0", "latitude": 415442, "hourpresmax": "Varias", "province": "GIRONA", "tmed": "6,0", "tmin": "-3,4", "avgspeed": "2,5", "presmax": "1000,6", "presmin": "991,0", "hourpresmin": "01", "date": "2009-03-07", "name": "GIRONA AEROPUERTO", "tmax": "15,3", "longitude": 24548, "gust": "9,2", "dir": "19"}, {"code": "0367", "hourtmin": "05:10", "hourgust": "14:37", "hourtmax": "12:45", "sun": "10,4", "altitude": "143", "prec": "0,0", "latitude": 415442, "hourpresmax": "Varias", "province": "GIRONA", "tmed": "8,6", "tmin": "0,2", "avgspeed": "2,2", "presmax": "1003,2", "presmin": "999,7", "hourpresmin": "03", "date": "2009-03-08", "name": "GIRONA AEROPUERTO", "tmax": "17,0", "longitude": 24548, "gust": "9,2", "dir": "16"}, {"code": "0367", "hourtmin": "02:59", "hourgust": "Varias", "hourtmax": "12:45", "sun": "0,6", "altitude": "143", "prec": "0,0", "latitude": 415442, "hourpresmax": "Varias", "province": "GIRONA", "tmed": "11,5", "tmin": "8,1", "avgspeed": "2,5", "presmax": "1009,1", "presmin": "1002,2", "hourpresmin": "03", "date": "2009-03-09", "name": "GIRONA AEROPUERTO", "tmax": "14,9", "longitude": 24548, "gust": "8,3", "dir": "99"}, {"code": "0367", "hourtmin": "23:21", "hourgust": "Varias", "hourtmax": "13:41", "sun": "8,9", "altitude": "143", "prec": "0,0", "latitude": 415442, "hourpresmax": "00", "province": "GIRONA", "tmed": "13,4", "tmin": "8,4", "avgspeed": "2,2", "presmax": "1008,9", "presmin": "1003,0", "hourpresmin": "16", "date": "2009-03-10", "name": "GIRONA AEROPUERTO", "tmax": "18,3", "longitude": 24548, "gust": "9,7", "dir": "18"}, {"code": "0367", "hourtmin": "04:51", "hourgust": "13:31", "hourtmax": "13:03", "sun": "1,8", "altitude": "143", "prec": "0,0", "latitude": 415442, "hourpresmax": "Varias", "province": "GIRONA", "tmed": "10,6", "tmin": "5,6", "avgspeed": "1,1", "presmax": "1008,4", "presmin": "1005,2", "hourpresmin": "15", "date": "2009-03-11", "name": "GIRONA AEROPUERTO", "tmax": "15,6", "longitude": 24548, "gust": "5,8", "dir": "10"}, {"code": "0367", "hourtmin": "06:14", "hourgust": "13:43", "hourtmax": "13:01", "sun": "10,2", "altitude": "143", "prec": "0,0", "latitude": 415442, "hourpresmax": "Varias", "province": "GIRONA", "tmed": "10,0", "tmin": "1,6", "avgspeed": "0,8", "presmax": "1010,6", "presmin": "1008,2", "hourpresmin": "00", "date": "2009-03-12", "name": "GIRONA AEROPUERTO", "tmax": "18,4", "longitude": 24548, "gust": "8,9", "dir": "17"}, {"code": "0367", "hourtmin": "06:12", "hourgust": "Varias", "hourtmax": "13:38", "sun": "10,2", "altitude": "143", "prec": "0,0", "latitude": 415442, "hourpresmax": "00", "province": "GIRONA", "tmed": "13,6", "tmin": "3,5", "avgspeed": "0,8", "presmax": "1008,7", "presmin": "1002,8", "hourpresmin": "16", "date": "2009-03-13", "name": "GIRONA AEROPUERTO", "tmax": "23,8", "longitude": 24548, "gust": "5,8", "dir": "99"}, {"code": "0367", "hourtmin": "05:55", "hourgust": "Varias", "hourtmax": "12:25", "sun": "9,9", "altitude": "143", "prec": "0,0", "latitude": 415442, "hourpresmax": "Varias", "province": "GIRONA", "tmed": "13,6", "tmin": "5,2", "avgspeed": "1,7", "presmax": "1007,0", "presmin": "1003,4", "hourpresmin": "03", "date": "2009-03-14", "name": "GIRONA AEROPUERTO", "tmax": "22,1", "longitude": 24548, "gust": "7,8", "dir": "99"}, {"code": "0367", "hourtmin": "23:52", "hourgust": "15:23", "hourtmax": "12:17", "sun": "9,8", "altitude": "143", "prec": "0,0", "latitude": 415442, "hourpresmax": "Varias", "province": "GIRONA", "tmed": "13,7", "tmin": "6,6", "avgspeed": "2,2", "presmax": "1009,0", "presmin": "1006,7", "hourpresmin": "15", "date": "2009-03-15", "name": "GIRONA AEROPUERTO", "tmax": "20,8", "longitude": 24548, "gust": "8,9", "dir": "16"}, {"code": "0367", "hourtmin": "04:32", "hourgust": "08:07", "hourtmax": "13:33", "sun": "10,4", "altitude": "143", "prec": "0,0", "latitude": 415442, "hourpresmax": "22", "province": "GIRONA", "tmed": "10,9", "tmin": "3,3", "avgspeed": "3,9", "presmax": "1012,5", "presmin": "1006,3", "hourpresmin": "03", "date": "2009-03-16", "name": "GIRONA AEROPUERTO", "tmax": "18,5", "longitude": 24548, "gust": "14,4", "dir": "02"}, {"code": "0367", "hourtmin": "04:47", "hourgust": "11:59", "hourtmax": "12:48", "sun": "10,8", "altitude": "143", "prec": "0,0", "latitude": 415442, "hourpresmax": "Varias", "province": "GIRONA", "tmed": "11,6", "tmin": "3,2", "avgspeed": "2,5", "presmax": "1013,0", "presmin": "1010,7", "hourpresmin": "16", "date": "2009-03-17", "name": "GIRONA AEROPUERTO", "tmax": "19,9", "longitude": 24548, "gust": "10,3", "dir": "10"}, {"code": "0367", "hourtmin": "05:18", "hourgust": "Varias", "hourtmax": "13:14", "sun": "10,2", "altitude": "143", "prec": "0,0", "latitude": 415442, "hourpresmax": "00", "province": "GIRONA", "tmed": "11,2", "tmin": "2,2", "avgspeed": "1,1", "presmax": "1011,0", "presmin": "1004,9", "hourpresmin": "24", "date": "2009-03-18", "name": "GIRONA AEROPUERTO", "tmax": "20,3", "longitude": 24548, "gust": "7,8", "dir": "99"}, {"code": "0367", "hourtmin": "06:04", "hourgust": "14:32", "hourtmax": "13:24", "sun": "9,6", "altitude": "143", "prec": "0,0", "latitude": 415442, "hourpresmax": "00", "province": "GIRONA", "tmed": "13,0", "tmin": "3,3", "avgspeed": "1,1", "presmax": "1005,1", "presmin": "998,9", "hourpresmin": "16", "date": "2009-03-19", "name": "GIRONA AEROPUERTO", "tmax": "22,7", "longitude": 24548, "gust": "8,9", "dir": "17"}, {"code": "0367", "hourtmin": "05:25", "hourgust": "16:36", "hourtmax": "15:42", "sun": "11,0", "altitude": "143", "prec": "0,0", "latitude": 415442, "hourpresmax": "Varias", "province": "GIRONA", "tmed": "10,6", "tmin": "2,4", "avgspeed": "3,1", "presmax": "1007,3", "presmin": "999,7", "hourpresmin": "03", "date": "2009-03-20", "name": "GIRONA AEROPUERTO", "tmax": "18,9", "longitude": 24548, "gust": "11,4", "dir": "11"}, {"code": "0367", "hourtmin": "05:05", "hourgust": "12:50", "hourtmax": "12:25", "sun": "10,7", "altitude": "143", "prec": "0,0", "latitude": 415442, "hourpresmax": "Varias", "province": "GIRONA", "tmed": "8,6", "tmin": "2,1", "avgspeed": "1,9", "presmax": "1008,6", "presmin": "1002,9", "hourpresmin": "16", "date": "2009-03-21", "name": "GIRONA AEROPUERTO", "tmax": "15,1", "longitude": 24548, "gust": "8,9", "dir": "18"}, {"code": "0367", "hourtmin": "05:40", "hourgust": "14:16", "hourtmax": "14:37", "sun": "10,9", "altitude": "143", "prec": "0,0", "latitude": 415442, "hourpresmax": "Varias", "province": "GIRONA", "tmed": "9,8", "tmin": "0,4", "avgspeed": "1,1", "presmax": "1009,6", "presmin": "1006,0", "hourpresmin": "16", "date": "2009-03-22", "name": "GIRONA AEROPUERTO", "tmax": "19,1", "longitude": 24548, "gust": "11,4", "dir": "06"}, {"code": "0367", "hourtmin": "04:24", "hourgust": null, "hourtmax": "14:19", "sun": "9,1", "altitude": "143", "prec": "0,0", "latitude": 415442, "hourpresmax": "00", "province": "GIRONA", "tmed": "12,2", "tmin": "1,9", "avgspeed": "1,4", "presmax": "1007,9", "presmin": "1001,3", "hourpresmin": "24", "date": "2009-03-23", "name": "GIRONA AEROPUERTO", "gust": null, "tmax": "22,4", "longitude": 24548}, {"code": "0367", "hourtmin": "05:28", "hourgust": "Varias", "hourtmax": "13:06", "sun": "8,9", "altitude": "143", "prec": "0,0", "latitude": 415442, "hourpresmax": "Varias", "province": "GIRONA", "tmed": "10,2", "tmin": "2,4", "avgspeed": "2,2", "presmax": "1001,6", "presmin": "995,5", "hourpresmin": "14", "date": "2009-03-24", "name": "GIRONA AEROPUERTO", "tmax": "18,1", "longitude": 24548, "gust": "12,5", "dir": "99"}, {"code": "0367", "hourtmin": "06:01", "hourgust": "Varias", "hourtmax": "13:51", "sun": "10,3", "altitude": "143", "prec": "Ip", "latitude": 415442, "hourpresmax": "07", "province": "GIRONA", "tmed": "10,1", "tmin": "1,5", "avgspeed": "1,7", "presmax": "1001,9", "presmin": "996,6", "hourpresmin": "16", "date": "2009-03-25", "name": "GIRONA AEROPUERTO", "tmax": "18,7", "longitude": 24548, "gust": "9,2", "dir": "99"}, {"code": "0367", "hourtmin": "05:08", "hourgust": "Varias", "hourtmax": "12:47", "sun": "9,7", "altitude": "143", "prec": "0,0", "latitude": 415442, "hourpresmax": "Varias", "province": "GIRONA", "tmed": "10,6", "tmin": "4,1", "avgspeed": "3,6", "presmax": "1002,4", "presmin": "998,2", "hourpresmin": "18", "date": "2009-03-26", "name": "GIRONA AEROPUERTO", "tmax": "17,2", "longitude": 24548, "gust": "10,8", "dir": "99"}, {"code": "0367", "hourtmin": "05:26", "hourgust": "15:02", "hourtmax": "11:30", "sun": "10,0", "altitude": "143", "prec": "0,0", "latitude": 415442, "hourpresmax": "00", "province": "GIRONA", "tmed": "11,4", "tmin": "3,5", "avgspeed": "2,8", "presmax": "999,4", "presmin": "991,2", "hourpresmin": "24", "date": "2009-03-27", "name": "GIRONA AEROPUERTO", "tmax": "19,3", "longitude": 24548, "gust": "8,9", "dir": "16"}, {"code": "0367", "hourtmin": "01:15", "hourgust": "Varias", "hourtmax": "Varias", "sun": "0,0", "altitude": "143", "prec": "13,8", "latitude": 415442, "hourpresmax": "00", "province": "GIRONA", "tmed": "8,4", "tmin": "5,7", "avgspeed": "3,9", "presmax": "991,3", "presmin": "984,6", "hourpresmin": "06", "date": "2009-03-28", "name": "GIRONA AEROPUERTO", "tmax": "11,1", "longitude": 24548, "gust": "10,3", "dir": "03"}, {"code": "0367", "hourtmin": "04:01", "hourgust": "02:21", "hourtmax": "13:19", "sun": "0,5", "altitude": "143", "prec": "2,8", "latitude": 415442, "hourpresmax": "Varias", "province": "GIRONA", "tmed": "10,0", "tmin": "5,8", "avgspeed": "3,1", "presmax": "994,8", "presmin": "985,2", "hourpresmin": "04", "date": "2009-03-29", "name": "GIRONA AEROPUERTO", "tmax": "14,3", "longitude": 24548, "gust": "9,2", "dir": "02"}, {"code": "0367", "hourtmin": "06:31", "hourgust": "16:03", "hourtmax": "13:30", "sun": "0,3", "altitude": "143", "prec": "0,0", "latitude": 415442, "hourpresmax": "Varias", "province": "GIRONA", "tmed": "10,6", "tmin": "7,5", "avgspeed": "1,7", "presmax": "999,1", "presmin": "994,7", "hourpresmin": "01", "date": "2009-03-30", "name": "GIRONA AEROPUERTO", "tmax": "13,7", "longitude": 24548, "gust": "9,7", "dir": "05"}, {"code": "0367", "hourtmin": "Varias", "hourgust": "02:09", "hourtmax": "09:03", "sun": "0,0", "altitude": "143", "prec": "27,0", "latitude": 415442, "hourpresmax": "00", "province": "GIRONA", "tmed": "9,4", "tmin": "8,3", "avgspeed": "1,7", "presmax": "998,3", "presmin": "993,4", "hourpresmin": "24", "date": "2009-03-31", "name": "GIRONA AEROPUERTO", "tmax": "10,6", "longitude": 24548, "gust": "10,3", "dir": "99"}, {"code": "0367", "hourtmin": "01:59", "hourgust": "14:02", "hourtmax": "15:03", "sun": "1,3", "altitude": "143", "prec": "2,7", "latitude": 415442, "hourpresmax": "Varias", "province": "GIRONA", "tmed": "11,4", "tmin": "8,1", "avgspeed": "5,3", "presmax": "996,4", "presmin": "991,0", "hourpresmin": "04", "date": "2009-04-01", "name": "GIRONA AEROPUERTO", "tmax": "14,7", "longitude": 24548, "gust": "17,5", "dir": "02"}, {"code": "0367", "hourtmin": "23:51", "hourgust": "13:45", "hourtmax": "16:11", "sun": "0,0", "altitude": "143", "prec": "2,6", "latitude": 415442, "hourpresmax": "Varias", "province": "GIRONA", "tmed": "9,0", "tmin": "6,8", "avgspeed": "0,8", "presmax": "1001,7", "presmin": "995,2", "hourpresmin": "04", "date": "2009-04-02", "name": "GIRONA AEROPUERTO", "tmax": "11,3", "longitude": 24548, "gust": "6,7", "dir": "02"}, {"code": "0367", "hourtmin": "01:16", "hourgust": "Varias", "hourtmax": "11:58", "sun": "6,0", "altitude": "143", "prec": "0,2", "latitude": 415442, "hourpresmax": "Varias", "province": "GIRONA", "tmed": "10,7", "tmin": "6,2", "avgspeed": "3,9", "presmax": "1005,7", "presmin": "1001,4", "hourpresmin": "04", "date": "2009-04-03", "name": "GIRONA AEROPUERTO", "tmax": "15,2", "longitude": 24548, "gust": "12,5", "dir": "99"}, {"code": "0367", "hourtmin": "05:43", "hourgust": "Varias", "hourtmax": "12:57", "sun": "11,3", "altitude": "143", "prec": "0,0", "latitude": 415442, "hourpresmax": "Varias", "province": "GIRONA", "tmed": "11,6", "tmin": "3,7", "avgspeed": "1,1", "presmax": "1007,2", "presmin": "1004,7", "hourpresmin": "14", "date": "2009-04-04", "name": "GIRONA AEROPUERTO", "tmax": "19,4", "longitude": 24548, "gust": "8,9", "dir": "99"}, {"code": "0367", "hourtmin": "04:03", "hourgust": "Varias", "hourtmax": "12:27", "sun": "6,4", "altitude": "143", "prec": "0,0", "latitude": 415442, "hourpresmax": "Varias", "province": "GIRONA", "tmed": "12,5", "tmin": "5,7", "avgspeed": "3,3", "presmax": "1006,7", "presmin": "1002,5", "hourpresmin": "24", "date": "2009-04-05", "name": "GIRONA AEROPUERTO", "tmax": "19,3", "longitude": 24548, "gust": "9,2", "dir": "99"}, {"code": "0367", "hourtmin": "04:08", "hourgust": "Varias", "hourtmax": "11:46", "sun": "10,9", "altitude": "143", "prec": "0,5", "latitude": 415442, "hourpresmax": "00", "province": "GIRONA", "tmed": "12,2", "tmin": "5,8", "avgspeed": "6,4", "presmax": "1002,5", "presmin": "996,8", "hourpresmin": "17", "date": "2009-04-06", "name": "GIRONA AEROPUERTO", "tmax": "18,6", "longitude": 24548, "gust": "13,3", "dir": "99"}, {"code": "0367", "hourtmin": "23:34", "hourgust": "12:16", "hourtmax": "12:07", "sun": "0,0", "altitude": "143", "prec": "17,7", "latitude": 415442, "hourpresmax": "Varias", "province": "GIRONA", "tmed": "10,8", "tmin": "7,4", "avgspeed": "4,4", "presmax": "998,6", "presmin": "994,1", "hourpresmin": "05", "date": "2009-04-07", "name": "GIRONA AEROPUERTO", "tmax": "14,3", "longitude": 24548, "gust": "11,7", "dir": "07"}, {"code": "0367", "hourtmin": "00:11", "hourgust": "13:22", "hourtmax": "14:52", "sun": "1,7", "altitude": "143", "prec": "0,0", "latitude": 415442, "hourpresmax": "Varias", "province": "GIRONA", "tmed": "11,0", "tmin": "7,3", "avgspeed": "6,4", "presmax": "1003,1", "presmin": "997,1", "hourpresmin": "03", "date": "2009-04-08", "name": "GIRONA AEROPUERTO", "tmax": "14,8", "longitude": 24548, "gust": "15,0", "dir": "05"}, {"code": "0367", "hourtmin": "05:51", "hourgust": "11:05", "hourtmax": "12:51", "sun": "5,7", "altitude": "143", "prec": "Ip", "latitude": 415442, "hourpresmax": "00", "province": "GIRONA", "tmed": "12,2", "tmin": "5,1", "avgspeed": "1,9", "presmax": "1002,2", "presmin": "998,1", "hourpresmin": "16", "date": "2009-04-09", "name": "GIRONA AEROPUERTO", "tmax": "19,4", "longitude": 24548, "gust": "8,9", "dir": "08"}, {"code": "0367", "hourtmin": "01:57", "hourgust": "10:47", "hourtmax": "10:46", "sun": "0,3", "altitude": "143", "prec": "4,3", "latitude": 415442, "hourpresmax": "00", "province": "GIRONA", "tmed": "11,6", "tmin": "8,5", "avgspeed": "2,5", "presmax": "998,2", "presmin": "990,1", "hourpresmin": "24", "date": "2009-04-10", "name": "GIRONA AEROPUERTO", "tmax": "14,7", "longitude": 24548, "gust": "8,9", "dir": "12"}, {"code": "0367", "hourtmin": "23:38", "hourgust": "Varias", "hourtmax": "14:01", "sun": "3,7", "altitude": "143", "prec": "0,1", "latitude": 415442, "hourpresmax": "Varias", "province": "GIRONA", "tmed": "11,0", "tmin": "6,8", "avgspeed": "5,3", "presmax": "994,0", "presmin": "985,8", "hourpresmin": "06", "date": "2009-04-11", "name": "GIRONA AEROPUERTO", "tmax": "15,1", "longitude": 24548, "gust": "11,4", "dir": "99"}, {"code": "0367", "hourtmin": "04:24", "hourgust": "Varias", "hourtmax": "14:05", "sun": "0,0", "altitude": "143", "prec": "5,3", "latitude": 415442, "hourpresmax": "Varias", "province": "GIRONA", "tmed": "7,9", "tmin": "5,1", "avgspeed": "1,7", "presmax": "994,8", "presmin": "991,3", "hourpresmin": "05", "date": "2009-04-12", "name": "GIRONA AEROPUERTO", "tmax": "10,7", "longitude": 24548, "gust": "8,3", "dir": "99"}, {"code": "0367", "hourtmin": "04:40", "hourgust": "Varias", "hourtmax": "14:01", "sun": "2,2", "altitude": "143", "prec": "0,0", "latitude": 415442, "hourpresmax": "Varias", "province": "GIRONA", "tmed": "13,0", "tmin": "5,9", "avgspeed": "0,8", "presmax": "994,8", "presmin": "992,5", "hourpresmin": "16", "date": "2009-04-13", "name": "GIRONA AEROPUERTO", "tmax": "20,1", "longitude": 24548, "gust": "6,1", "dir": "99"}, {"code": "0367", "hourtmin": "05:00", "hourgust": "Varias", "hourtmax": "11:27", "sun": "11,0", "altitude": "143", "latitude": 415442, "hourpresmax": "00", "province": "GIRONA", "tmed": "13,1", "tmin": "6,8", "avgspeed": "4,4", "presmax": "994,3", "presmin": "991,4", "hourpresmin": "16", "date": "2009-04-14", "name": "GIRONA AEROPUERTO", "gust": "12,8", "tmax": "19,4", "longitude": 24548, "dir": "99"}, {"code": "0367", "hourtmin": "06:00", "hourgust": "04:59", "hourtmax": "14:41", "sun": "8,5", "altitude": "143", "prec": "0,0", "latitude": 415442, "hourpresmax": "Varias", "province": "GIRONA", "tmed": "22,2", "tmin": "16,3", "avgspeed": "2,8", "presmax": "1007,0", "presmin": "1004,4", "hourpresmin": "02", "date": "2009-09-05", "name": "GIRONA AEROPUERTO", "tmax": "28,1", "longitude": 24548, "gust": "9,7", "dir": "01"}, {"code": "0367", "hourtmin": "05:10", "hourgust": "Varias", "hourtmax": "13:05", "sun": "11,9", "altitude": "143", "prec": "0,0", "latitude": 415442, "hourpresmax": "00", "province": "GIRONA", "tmed": "21,4", "tmin": "13,6", "avgspeed": "2,5", "presmax": "1007,0", "presmin": "1004,5", "hourpresmin": "15", "date": "2009-09-06", "name": "GIRONA AEROPUERTO", "tmax": "29,1", "longitude": 24548, "gust": "8,3", "dir": "99"}, {"code": "0367", "hourtmin": "05:16", "hourgust": "11:39", "hourtmax": "12:38", "sun": "11,9", "altitude": "143", "prec": "0,0", "latitude": 415442, "hourpresmax": "Varias", "province": "GIRONA", "tmed": "20,8", "tmin": "12,0", "avgspeed": "2,8", "presmax": "1007,4", "presmin": "1005,2", "hourpresmin": "15", "date": "2009-09-07", "name": "GIRONA AEROPUERTO", "tmax": "29,7", "longitude": 24548, "gust": "10,8", "dir": "17"}, {"code": "0367", "hourtmin": "03:06", "hourgust": "14:00", "hourtmax": "12:20", "sun": "11,7", "altitude": "143", "prec": "0,0", "latitude": 415442, "hourpresmax": "Varias", "province": "GIRONA", "tmed": "21,8", "tmin": "14,0", "avgspeed": "1,9", "presmax": "1007,0", "presmin": "1004,2", "hourpresmin": "16", "date": "2009-09-08", "name": "GIRONA AEROPUERTO", "tmax": "29,5", "longitude": 24548, "gust": "8,9", "dir": "18"}, {"code": "0367", "hourtmin": "04:28", "hourgust": "Varias", "hourtmax": "12:27", "sun": "11,6", "altitude": "143", "prec": "0,0", "latitude": 415442, "hourpresmax": "Varias", "province": "GIRONA", "tmed": "21,8", "tmin": "12,6", "avgspeed": "2,5", "presmax": "1006,1", "presmin": "1004,5", "hourpresmin": "15", "date": "2009-09-09", "name": "GIRONA AEROPUERTO", "tmax": "31,0", "longitude": 24548, "gust": "9,7", "dir": "99"}, {"code": "0367", "hourtmin": "05:22", "hourgust": "11:22", "hourtmax": "13:44", "sun": "10,8", "altitude": "143", "prec": "0,0", "latitude": 415442, "hourpresmax": "Varias", "province": "GIRONA", "tmed": "22,2", "tmin": "14,2", "avgspeed": "2,5", "presmax": "1007,2", "presmin": "1005,2", "hourpresmin": "14", "date": "2009-09-10", "name": "GIRONA AEROPUERTO", "tmax": "30,1", "longitude": 24548, "gust": "10,3", "dir": "07"}, {"code": "0367", "hourtmin": "05:14", "hourgust": "Varias", "hourtmax": "12:30", "sun": "11,0", "altitude": "143", "prec": "0,0", "latitude": 415442, "hourpresmax": "00", "province": "GIRONA", "tmed": "22,8", "tmin": "15,8", "avgspeed": "1,7", "presmax": "1006,5", "presmin": "1002,5", "hourpresmin": "16", "date": "2009-09-11", "name": "GIRONA AEROPUERTO", "tmax": "29,8", "longitude": 24548, "gust": "8,9", "dir": "99"}, {"code": "0367", "hourtmin": "05:08", "hourgust": "12:46", "hourtmax": "12:34", "sun": "7,4", "altitude": "143", "prec": "6,3", "latitude": 415442, "hourpresmax": "00", "province": "GIRONA", "tmed": "23,2", "tmin": "16,3", "avgspeed": "2,5", "presmax": "1003,2", "presmin": "999,4", "hourpresmin": "13", "date": "2009-09-12", "name": "GIRONA AEROPUERTO", "tmax": "30,1", "longitude": 24548, "gust": "9,2", "dir": "16"}, {"code": "0367", "hourtmin": "02:06", "hourgust": "Varias", "hourtmax": "13:12", "sun": "5,8", "altitude": "143", "prec": "0,4", "latitude": 415442, "hourpresmax": "Varias", "province": "GIRONA", "tmed": "22,8", "tmin": "17,5", "avgspeed": "1,1", "presmax": "1002,1", "presmin": "997,8", "hourpresmin": "24", "date": "2009-09-13", "name": "GIRONA AEROPUERTO", "tmax": "28,2", "longitude": 24548, "gust": "10,3", "dir": "99"}, {"code": "0367", "hourtmin": "22:30", "hourgust": "11:07", "hourtmax": "10:17", "sun": "5,7", "altitude": "143", "prec": "12,6", "latitude": 415442, "hourpresmax": "00", "province": "GIRONA", "tmed": "20,6", "tmin": "16,1", "avgspeed": "3,6", "presmax": "997,8", "presmin": "994,3", "hourpresmin": "16", "date": "2009-09-14", "name": "GIRONA AEROPUERTO", "tmax": "25,0", "longitude": 24548, "gust": "11,7", "dir": "19"}, {"code": "0367", "hourtmin": "23:30", "hourgust": "08:37", "hourtmax": "12:00", "sun": "0,0", "altitude": "143", "prec": "0,2", "latitude": 415442, "hourpresmax": "00", "province": "GIRONA", "tmed": "15,9", "tmin": "13,2", "avgspeed": "1,1", "presmax": "997,1", "presmin": "993,5", "hourpresmin": "24", "date": "2009-09-15", "name": "GIRONA AEROPUERTO", "tmax": "18,6", "longitude": 24548, "gust": "5,0", "dir": "99"}, {"code": "0367", "hourtmin": "05:22", "hourgust": "Varias", "hourtmax": "13:44", "sun": "9,9", "altitude": "143", "prec": "0,0", "latitude": 415442, "hourpresmax": "Varias", "province": "GIRONA", "tmed": "17,4", "tmin": "10,5", "avgspeed": "3,3", "presmax": "996,8", "presmin": "992,2", "hourpresmin": "05", "date": "2009-09-16", "name": "GIRONA AEROPUERTO", "tmax": "24,3", "longitude": 24548, "gust": "11,7", "dir": "99"}, {"code": "0367", "hourtmin": "05:10", "hourgust": "16:36", "hourtmax": "14:16", "sun": "6,2", "altitude": "143", "prec": "5,2", "latitude": 415442, "hourpresmax": "Varias", "province": "GIRONA", "tmed": "18,4", "tmin": "12,2", "avgspeed": "2,2", "presmax": "998,2", "presmin": "995,7", "hourpresmin": "23", "date": "2009-09-17", "name": "GIRONA AEROPUERTO", "tmax": "24,5", "longitude": 24548, "gust": "8,9", "dir": "08"}, {"code": "0367", "hourtmin": "05:45", "hourgust": "17:32", "hourtmax": "13:01", "sun": "8,1", "altitude": "143", "prec": "0,6", "latitude": 415442, "hourpresmax": "Varias", "province": "GIRONA", "tmed": "19,5", "tmin": "14,7", "avgspeed": "3,3", "presmax": "999,0", "presmin": "995,0", "hourpresmin": "05", "date": "2009-09-18", "name": "GIRONA AEROPUERTO", "tmax": "24,3", "longitude": 24548, "gust": "16,1", "dir": "26"}, {"code": "0367", "hourtmin": "06:02", "hourgust": "Varias", "hourtmax": "14:09", "sun": "6,6", "altitude": "143", "prec": "0,0", "latitude": 415442, "hourpresmax": "Varias", "province": "GIRONA", "tmed": "19,4", "tmin": "14,2", "avgspeed": "2,2", "presmax": "1005,1", "presmin": "998,5", "hourpresmin": "01", "date": "2009-09-19", "name": "GIRONA AEROPUERTO", "tmax": "24,5", "longitude": 24548, "gust": "7,8", "dir": "99"}, {"code": "0367", "hourtmin": "05:40", "hourgust": "14:17", "hourtmax": "13:17", "sun": "5,4", "altitude": "143", "prec": "23,0", "latitude": 415442, "hourpresmax": "Varias", "province": "GIRONA", "tmed": "19,5", "tmin": "13,4", "avgspeed": "1,1", "presmax": "1005,5", "presmin": "1003,0", "hourpresmin": "13", "date": "2009-09-20", "name": "GIRONA AEROPUERTO", "tmax": "25,6", "longitude": 24548, "gust": "13,9", "dir": "17"}, {"code": "0367", "hourtmin": "05:35", "hourgust": "12:52", "hourtmax": "12:48", "sun": "6,9", "altitude": "143", "prec": "0,0", "latitude": 415442, "hourpresmax": "Varias", "province": "GIRONA", "tmed": "19,5", "tmin": "13,4", "avgspeed": "3,1", "presmax": "1005,9", "presmin": "1004,0", "hourpresmin": "05", "date": "2009-09-21", "name": "GIRONA AEROPUERTO", "tmax": "25,6", "longitude": 24548, "gust": "12,8", "dir": "02"}, {"code": "0367", "hourtmin": "00:25", "hourgust": "14:08", "hourtmax": "13:50", "sun": "8,2", "altitude": "143", "prec": "0,0", "latitude": 415442, "hourpresmax": "Varias", "province": "GIRONA", "tmed": "22,2", "tmin": "17,7", "avgspeed": "6,7", "presmax": "1008,6", "presmin": "1004,7", "hourpresmin": "05", "date": "2009-09-22", "name": "GIRONA AEROPUERTO", "tmax": "26,8", "longitude": 24548, "gust": "15,3", "dir": "03"}, {"code": "0367", "hourtmin": "23:50", "hourgust": "11:12", "hourtmax": "11:45", "sun": "11,0", "altitude": "143", "prec": "0,0", "latitude": 415442, "hourpresmax": "09", "province": "GIRONA", "tmed": "21,8", "tmin": "16,1", "avgspeed": "4,2", "presmax": "1009,0", "presmin": "1006,2", "hourpresmin": "24", "date": "2009-09-23", "name": "GIRONA AEROPUERTO", "tmax": "27,6", "longitude": 24548, "gust": "12,8", "dir": "07"}, {"code": "0367", "hourtmin": "05:52", "hourgust": "13:14", "hourtmax": "12:46", "sun": "10,9", "altitude": "143", "prec": "0,0", "latitude": 415442, "hourpresmax": "00", "province": "GIRONA", "tmed": "21,9", "tmin": "13,6", "avgspeed": "2,8", "presmax": "1006,2", "presmin": "1002,2", "hourpresmin": "15", "date": "2009-09-24", "name": "GIRONA AEROPUERTO", "tmax": "30,2", "longitude": 24548, "gust": "10,8", "dir": "09"}, {"code": "0367", "hourtmin": "04:05", "hourgust": "Varias", "hourtmax": "12:11", "sun": "10,9", "altitude": "143", "prec": "0,0", "latitude": 415442, "hourpresmax": "Varias", "province": "GIRONA", "tmed": "21,6", "tmin": "14,0", "avgspeed": "2,5", "presmax": "1005,8", "presmin": "1002,7", "hourpresmin": "15", "date": "2009-09-25", "name": "GIRONA AEROPUERTO", "tmax": "29,2", "longitude": 24548, "gust": "8,3", "dir": "99"}, {"code": "0367", "hourtmin": "05:13", "hourgust": "16:51", "hourtmax": "12:58", "sun": "7,9", "altitude": "143", "prec": "0,0", "latitude": 415442, "hourpresmax": "Varias", "province": "GIRONA", "tmed": "21,7", "tmin": "15,1", "avgspeed": "0,8", "presmax": "1006,5", "presmin": "1004,0", "hourpresmin": "14", "date": "2009-09-26", "name": "GIRONA AEROPUERTO", "tmax": "28,3", "longitude": 24548, "gust": "7,2", "dir": "11"}, {"code": "0367", "hourtmin": "02:47", "hourgust": "14:01", "hourtmax": "13:45", "sun": "8,9", "altitude": "143", "prec": "0,0", "latitude": 415442, "hourpresmax": "Varias", "province": "GIRONA", "tmed": "21,1", "tmin": "15,8", "avgspeed": "3,1", "presmax": "1007,9", "presmin": "1005,8", "hourpresmin": "15", "date": "2009-09-27", "name": "GIRONA AEROPUERTO", "tmax": "26,4", "longitude": 24548, "gust": "10,3", "dir": "07"}, {"code": "0367", "hourtmin": "05:21", "hourgust": "Varias", "hourtmax": "11:41", "sun": "7,5", "altitude": "143", "prec": "0,0", "latitude": 415442, "hourpresmax": "Varias", "province": "GIRONA", "tmed": "20,4", "tmin": "14,6", "avgspeed": "1,7", "presmax": "1007,7", "presmin": "1004,5", "hourpresmin": "15", "date": "2009-09-28", "name": "GIRONA AEROPUERTO", "tmax": "26,2", "longitude": 24548, "gust": "9,7", "dir": "99"}, {"code": "0367", "hourtmin": "05:28", "hourgust": "16:10", "hourtmax": "13:18", "sun": "10,3", "altitude": "143", "prec": "0,0", "latitude": 415442, "hourpresmax": "Varias", "province": "GIRONA", "tmed": "21,1", "tmin": "13,0", "avgspeed": "1,7", "presmax": "1006,0", "presmin": "1002,0", "hourpresmin": "15", "date": "2009-09-29", "name": "GIRONA AEROPUERTO", "tmax": "29,2", "longitude": 24548, "gust": "7,8", "dir": "16"}, {"code": "0367", "hourtmin": "03:28", "hourgust": "12:48", "hourtmax": "12:51", "sun": "4,5", "altitude": "143", "prec": "0,0", "latitude": 415442, "hourpresmax": "Varias", "province": "GIRONA", "tmed": "20,3", "tmin": "14,0", "avgspeed": "3,6", "presmax": "1002,9", "presmin": "999,3", "hourpresmin": "16", "date": "2009-09-30", "name": "GIRONA AEROPUERTO", "tmax": "26,6", "longitude": 24548, "gust": "9,2", "dir": "17"}, {"code": "0367", "hourtmin": "04:07", "hourgust": "14:17", "hourtmax": "12:51", "sun": "6,9", "altitude": "143", "prec": "0,0", "latitude": 415442, "hourpresmax": "Varias", "province": "GIRONA", "tmed": "21,6", "tmin": "15,3", "avgspeed": "1,1", "presmax": "1001,1", "presmin": "998,4", "hourpresmin": "13", "date": "2009-10-01", "name": "GIRONA AEROPUERTO", "tmax": "27,9", "longitude": 24548, "gust": "8,9", "dir": "19"}, {"code": "0367", "hourtmin": "04:48", "hourgust": "Varias", "hourtmax": "12:39", "sun": "9,6", "altitude": "143", "prec": "0,0", "latitude": 415442, "hourpresmax": "23", "province": "GIRONA", "tmed": "20,0", "tmin": "13,3", "avgspeed": "2,5", "presmax": "1002,2", "presmin": "999,0", "hourpresmin": "15", "date": "2009-10-02", "name": "GIRONA AEROPUERTO", "tmax": "26,6", "longitude": 24548, "gust": "7,8", "dir": "99"}, {"code": "0367", "hourtmin": "23:55", "hourgust": "14:43", "hourtmax": "11:57", "sun": "9,3", "altitude": "143", "prec": "0,0", "latitude": 415442, "hourpresmax": "Varias", "province": "GIRONA", "tmed": "19,7", "tmin": "14,0", "avgspeed": "2,5", "presmax": "1003,2", "presmin": "1000,3", "hourpresmin": "15", "date": "2009-10-03", "name": "GIRONA AEROPUERTO", "tmax": "25,4", "longitude": 24548, "gust": "10,3", "dir": "17"}, {"code": "0367", "hourtmin": "04:17", "hourgust": "Varias", "hourtmax": "13:12", "sun": "10,5", "altitude": "143", "prec": "0,0", "latitude": 415442, "hourpresmax": "Varias", "province": "GIRONA", "tmed": "18,9", "tmin": "11,8", "avgspeed": "1,4", "presmax": "1003,2", "presmin": "1000,6", "hourpresmin": "15", "date": "2009-10-04", "name": "GIRONA AEROPUERTO", "tmax": "26,0", "longitude": 24548, "gust": "6,7", "dir": "99"}, {"code": "0367", "hourtmin": "Varias", "hourgust": "Varias", "hourtmax": "14:09", "sun": "10,0", "altitude": "143", "prec": "0,0", "latitude": 415442, "hourpresmax": "Varias", "province": "GIRONA", "tmed": "20,4", "tmin": "12,9", "avgspeed": "3,9", "presmax": "1003,5", "presmin": "1000,3", "hourpresmin": "15", "date": "2009-10-05", "name": "GIRONA AEROPUERTO", "tmax": "27,9", "longitude": 24548, "gust": "11,7", "dir": "99"}, {"code": "0367", "hourtmin": "05:45", "hourgust": "Varias", "hourtmax": "12:04", "sun": "10,5", "altitude": "143", "prec": "0,0", "latitude": 415442, "hourpresmax": "Varias", "province": "GIRONA", "tmed": "22,9", "tmin": "16,6", "avgspeed": "5,6", "presmax": "1004,5", "presmin": "1002,3", "hourpresmin": "15", "date": "2009-10-06", "name": "GIRONA AEROPUERTO", "tmax": "29,2", "longitude": 24548, "gust": "13,3", "dir": "19"}, {"code": "0367", "hourtmin": "05:43", "hourgust": "Varias", "hourtmax": "13:42", "sun": "9,4", "altitude": "143", "prec": "0,0", "latitude": 415442, "hourpresmax": "Varias", "province": "GIRONA", "tmed": "22,0", "tmin": "14,2", "avgspeed": "3,1", "presmax": "1004,3", "presmin": "1000,5", "hourpresmin": "24", "date": "2009-10-07", "name": "GIRONA AEROPUERTO", "tmax": "29,9", "longitude": 24548, "gust": "10,8", "dir": "99"}, {"code": "0367", "hourtmin": "23:55", "hourgust": "20:59", "hourtmax": "12:58", "sun": "6,6", "altitude": "143", "prec": "0,0", "latitude": 415442, "hourpresmax": "Varias", "province": "GIRONA", "tmed": "23,6", "tmin": "18,5", "avgspeed": "2,2", "presmax": "1001,1", "presmin": "997,8", "hourpresmin": "14", "date": "2009-10-08", "name": "GIRONA AEROPUERTO", "tmax": "28,8", "longitude": 24548, "gust": "8,3", "dir": "02"}, {"code": "0367", "hourtmin": "04:30", "hourgust": "14:00", "hourtmax": "13:37", "sun": "3,6", "altitude": "143", "prec": "0,0", "latitude": 415442, "hourpresmax": "Varias", "province": "GIRONA", "tmed": "20,6", "tmin": "15,7", "avgspeed": "1,4", "presmax": "1003,8", "presmin": "1000,9", "hourpresmin": "02", "date": "2009-10-09", "name": "GIRONA AEROPUERTO", "tmax": "25,4", "longitude": 24548, "gust": "7,2", "dir": "01"}, {"code": "0367", "hourtmin": "23:43", "hourgust": "12:50", "hourtmax": "12:26", "sun": "2,8", "altitude": "143", "prec": "0,0", "latitude": 415442, "hourpresmax": "22", "province": "GIRONA", "tmed": "20,2", "tmin": "15,1", "avgspeed": "1,7", "presmax": "1004,8", "presmin": "1002,0", "hourpresmin": "13", "date": "2009-10-10", "name": "GIRONA AEROPUERTO", "tmax": "25,3", "longitude": 24548, "gust": "7,2", "dir": "14"}, {"code": "0367", "hourtmin": "04:28", "hourgust": "Varias", "hourtmax": "13:47", "sun": "10,3", "altitude": "143", "prec": "0,0", "latitude": 415442, "hourpresmax": "Varias", "province": "GIRONA", "tmed": "19,6", "tmin": "12,4", "avgspeed": "0,8", "presmax": "1004,6", "presmin": "1001,4", "hourpresmin": "15", "date": "2009-10-11", "name": "GIRONA AEROPUERTO", "tmax": "26,7", "longitude": 24548, "gust": "7,2", "dir": "99"}, {"code": "0367", "hourtmin": "04:06", "hourgust": "22:47", "hourtmax": "13:08", "sun": "9,4", "altitude": "143", "prec": "0,0", "latitude": 415442, "hourpresmax": "Varias", "province": "GIRONA", "tmed": "18,9", "tmin": "12,7", "avgspeed": "1,7", "presmax": "1004,5", "presmin": "999,7", "hourpresmin": "13", "date": "2009-10-12", "name": "GIRONA AEROPUERTO", "tmax": "25,1", "longitude": 24548, "gust": "10,8", "dir": "01"}, {"code": "0367", "hourtmin": "06:12", "hourgust": "16:32", "hourtmax": "14:28", "sun": "10,3", "altitude": "143", "prec": "0,0", "latitude": 415442, "hourpresmax": "Varias", "province": "GIRONA", "tmed": "17,2", "tmin": "8,4", "avgspeed": "1,1", "presmax": "1005,5", "presmin": "1002,5", "hourpresmin": "15", "date": "2009-10-13", "name": "GIRONA AEROPUERTO", "tmax": "26,1", "longitude": 24548, "gust": "11,4", "dir": "01"}, {"code": "0367", "hourtmin": "Varias", "hourgust": "15:44", "hourtmax": "13:25", "sun": "7,8", "altitude": "143", "prec": "0,0", "latitude": 415442, "hourpresmax": "00", "province": "GIRONA", "tmed": "17,7", "tmin": "10,0", "avgspeed": "1,4", "presmax": "1003,8", "presmin": "1000,0", "hourpresmin": "15", "date": "2009-10-14", "name": "GIRONA AEROPUERTO", "tmax": "25,4", "longitude": 24548, "gust": "13,9", "dir": "02"}, {"code": "0367", "hourtmin": "05:46", "hourgust": "17:09", "hourtmax": "12:33", "sun": "9,3", "altitude": "143", "prec": "0,0", "latitude": 415442, "hourpresmax": "Varias", "province": "GIRONA", "tmed": "15,0", "tmin": "8,8", "avgspeed": "5,3", "presmax": "1005,1", "presmin": "999,8", "hourpresmin": "14", "date": "2009-10-15", "name": "GIRONA AEROPUERTO", "tmax": "21,2", "longitude": 24548, "gust": "16,4", "dir": "02"}, {"code": "0367", "hourtmin": "05:57", "hourgust": "15:00", "hourtmax": "14:17", "sun": "10,2", "altitude": "143", "prec": "0,0", "latitude": 415442, "hourpresmax": "Varias", "province": "GIRONA", "tmed": "12,0", "tmin": "3,0", "avgspeed": "0,8", "presmax": "1007,0", "presmin": "1004,3", "hourpresmin": "24", "date": "2009-10-16", "name": "GIRONA AEROPUERTO", "tmax": "21,0", "longitude": 24548, "gust": "7,2", "dir": "17"}, {"code": "0367", "hourtmin": "05:56", "hourgust": "09:02", "hourtmax": "13:29", "sun": "10,2", "altitude": "143", "prec": "0,0", "latitude": 415442, "hourpresmax": "00", "province": "GIRONA", "tmed": "13,2", "tmin": "4,4", "avgspeed": "1,1", "presmax": "1004,5", "presmin": "1000,4", "hourpresmin": "15", "date": "2009-10-17", "name": "GIRONA AEROPUERTO", "tmax": "22,0", "longitude": 24548, "gust": "9,7", "dir": "02"}, {"code": "0367", "hourtmin": "23:59", "hourgust": "09:45", "hourtmax": "14:02", "sun": "10,2", "altitude": "143", "prec": "0,0", "latitude": 415442, "hourpresmax": "Varias", "province": "GIRONA", "tmed": "13,2", "tmin": "7,2", "avgspeed": "3,1", "presmax": "1003,4", "presmin": "999,7", "hourpresmin": "15", "date": "2009-10-18", "name": "GIRONA AEROPUERTO", "tmax": "19,3", "longitude": 24548, "gust": "13,3", "dir": "05"}, {"code": "0367", "hourtmin": "02:56", "hourgust": "13:31", "hourtmax": "13:46", "sun": "9,3", "altitude": "143", "prec": "0,2", "latitude": 415442, "hourpresmax": "00", "province": "GIRONA", "tmed": "11,6", "tmin": "4,8", "avgspeed": "4,7", "presmax": "1002,4", "presmin": "994,9", "hourpresmin": "24", "date": "2009-10-19", "name": "GIRONA AEROPUERTO", "tmax": "18,4", "longitude": 24548, "gust": "13,9", "dir": "17"}, {"code": "0367", "hourtmin": "00:12", "hourgust": "Varias", "hourtmax": "14:18", "sun": "0,0", "altitude": "143", "prec": "11,6", "latitude": 415442, "hourpresmax": "00", "province": "GIRONA", "tmed": "15,8", "tmin": "13,2", "avgspeed": "4,7", "presmax": "994,9", "presmin": "988,5", "hourpresmin": "24", "date": "2009-10-20", "name": "GIRONA AEROPUERTO", "tmax": "18,3", "longitude": 24548, "gust": "11,7", "dir": "99"}, {"code": "0367", "hourtmin": "23:49", "hourgust": "Varias", "hourtmax": "16:10", "sun": "1,0", "altitude": "143", "prec": "22,4", "latitude": 415442, "hourpresmax": "00", "province": "GIRONA", "tmed": "14,9", "tmin": "11,3", "avgspeed": "3,6", "presmax": "989,0", "presmin": "983,5", "hourpresmin": "14", "date": "2009-10-21", "name": "GIRONA AEROPUERTO", "tmax": "18,5", "longitude": 24548, "gust": "12,5", "dir": "99"}, {"code": "0367", "hourtmin": "23:29", "hourgust": "14:17", "hourtmax": "00:41", "sun": "0,0", "altitude": "143", "prec": "18,1", "latitude": 415442, "hourpresmax": "24", "province": "GIRONA", "tmed": "12,4", "tmin": "9,1", "avgspeed": "3,1", "presmax": "992,6", "presmin": "979,5", "hourpresmin": "14", "date": "2009-10-22", "name": "GIRONA AEROPUERTO", "tmax": "15,7", "longitude": 24548, "gust": "12,8", "dir": "01"}, {"code": "0367", "hourtmin": "05:13", "hourgust": "Varias", "hourtmax": "13:03", "sun": "9,7", "altitude": "143", "prec": "0,0", "latitude": 415442, "hourpresmax": "Varias", "province": "GIRONA", "tmed": "14,2", "tmin": "7,4", "avgspeed": "0,8", "presmax": "1001,9", "presmin": "992,6", "hourpresmin": "00", "date": "2009-10-23", "name": "GIRONA AEROPUERTO", "tmax": "21,1", "longitude": 24548, "gust": "5,0", "dir": "99"}, {"code": "0367", "hourtmin": "05:53", "hourgust": "12:06", "hourtmax": "14:31", "sun": "9,1", "altitude": "143", "prec": "0,0", "latitude": 415442, "hourpresmax": "Varias", "province": "GIRONA", "tmed": "17,2", "tmin": "9,4", "avgspeed": "1,1", "presmax": "1002,4", "presmin": "1000,8", "hourpresmin": "13", "date": "2009-10-24", "name": "GIRONA AEROPUERTO", "tmax": "25,0", "longitude": 24548, "gust": "5,0", "dir": "21"}, {"code": "0367", "hourtmin": "06:17", "hourgust": "18:17", "hourtmax": "12:32", "sun": "4,3", "altitude": "143", "prec": "0,0", "latitude": 415442, "hourpresmax": "Varias", "province": "GIRONA", "tmed": "19,2", "tmin": "13,5", "avgspeed": "1,1", "presmax": "1003,2", "presmin": "1000,6", "hourpresmin": "16", "date": "2009-10-25", "name": "GIRONA AEROPUERTO", "tmax": "24,9", "longitude": 24548, "gust": "6,7", "dir": "12"}, {"code": "0367", "hourtmin": "23:34", "hourgust": "Varias", "hourtmax": "11:57", "sun": "5,6", "altitude": "143", "prec": "0,0", "latitude": 415442, "hourpresmax": "Varias", "province": "GIRONA", "tmed": "17,7", "tmin": "12,9", "avgspeed": "2,2", "presmax": "1004,1", "presmin": "1002,2", "hourpresmin": "14", "date": "2009-10-26", "name": "GIRONA AEROPUERTO", "tmax": "22,5", "longitude": 24548, "gust": "6,7", "dir": "17"}, {"code": "0367", "hourtmin": "23:58", "hourgust": "15:14", "hourtmax": "14:18", "sun": "6,7", "altitude": "143", "prec": "0,0", "latitude": 415442, "hourpresmax": "Varias", "province": "GIRONA", "tmed": "17,1", "tmin": "10,8", "avgspeed": "0,3", "presmax": "1005,8", "presmin": "1002,8", "hourpresmin": "14", "date": "2009-10-27", "name": "GIRONA AEROPUERTO", "tmax": "23,4", "longitude": 24548, "gust": "5,0", "dir": "99"}, {"code": "0367", "hourtmin": "06:25", "hourgust": "Varias", "hourtmax": "13:22", "sun": "6,4", "altitude": "143", "prec": "0,0", "latitude": 415442, "hourpresmax": "Varias", "province": "GIRONA", "tmed": "15,2", "tmin": "8,4", "avgspeed": "0,8", "presmax": "1006,7", "presmin": "1003,6", "hourpresmin": "24", "date": "2009-10-28", "name": "GIRONA AEROPUERTO", "tmax": "22,0", "longitude": 24548, "gust": "5,8", "dir": "99"}, {"code": "0367", "hourtmin": "06:43", "hourgust": null, "hourtmax": "13:44", "sun": "5,9", "altitude": "143", "prec": "0,0", "latitude": 415442, "hourpresmax": "Varias", "province": "GIRONA", "tmed": "17,2", "tmin": "10,3", "avgspeed": "0,6", "presmax": "1004,1", "presmin": "1001,7", "hourpresmin": "14", "date": "2009-10-29", "name": "GIRONA AEROPUERTO", "gust": null, "tmax": "24,2", "longitude": 24548}, {"code": "0367", "hourtmin": "05:21", "hourgust": "14:14", "hourtmax": "12:52", "sun": "9,1", "altitude": "143", "prec": "0,0", "latitude": 415442, "hourpresmax": "Varias", "province": "GIRONA", "tmed": "17,5", "tmin": "10,3", "avgspeed": "1,1", "presmax": "1008,3", "presmin": "1003,6", "hourpresmin": "01", "date": "2009-10-30", "name": "GIRONA AEROPUERTO", "tmax": "24,7", "longitude": 24548, "gust": "7,2", "dir": "11"}, {"code": "0367", "hourtmin": "05:59", "hourgust": "Varias", "hourtmax": "14:08", "sun": "5,4", "altitude": "143", "prec": "0,0", "latitude": 415442, "hourpresmax": "Varias", "province": "GIRONA", "tmed": "16,7", "tmin": "11,1", "avgspeed": "0,6", "presmax": "1010,2", "presmin": "1008,0", "hourpresmin": "03", "date": "2009-10-31", "name": "GIRONA AEROPUERTO", "tmax": "22,3", "longitude": 24548, "gust": "4,2", "dir": "20"}, {"code": "0367", "hourtmin": "06:20", "hourgust": "Varias", "hourtmax": "13:40", "sun": "5,6", "altitude": "143", "prec": "0,6", "latitude": 415442, "hourpresmax": "00", "province": "GIRONA", "tmed": "16,4", "tmin": "10,2", "avgspeed": "2,5", "presmax": "1009,0", "presmin": "996,3", "hourpresmin": "24", "date": "2009-11-01", "name": "GIRONA AEROPUERTO", "tmax": "22,7", "longitude": 24548, "gust": "10,8", "dir": "99"}, {"code": "0367", "hourtmin": "22:40", "hourgust": "07:25", "hourtmax": "00:00", "sun": "0,1", "altitude": "143", "prec": "0,0", "latitude": 415442, "hourpresmax": "Varias", "province": "GIRONA", "tmed": "13,4", "tmin": "8,8", "avgspeed": "2,2", "presmax": "997,7", "presmin": "994,4", "hourpresmin": "05", "date": "2009-11-02", "name": "GIRONA AEROPUERTO", "tmax": "18,1", "longitude": 24548, "gust": "7,8", "dir": "99"}, {"code": "0367", "hourtmin": "04:42", "hourgust": "06:07", "hourtmax": "13:49", "sun": "7,9", "altitude": "143", "prec": "0,0", "latitude": 415442, "hourpresmax": "00", "province": "GIRONA", "tmed": "15,2", "tmin": "8,6", "avgspeed": "1,1", "presmax": "994,9", "presmin": "990,4", "hourpresmin": "04", "date": "2009-11-03", "name": "GIRONA AEROPUERTO", "tmax": "21,9", "longitude": 24548, "gust": "7,2", "dir": "29"}, {"code": "0367", "hourtmin": "06:00", "hourgust": "14:59", "hourtmax": "11:22", "sun": "2,2", "altitude": "143", "prec": "3,1", "latitude": 415442, "hourpresmax": "23", "province": "GIRONA", "tmed": "12,6", "tmin": "7,6", "avgspeed": "1,4", "presmax": "991,1", "presmin": "986,7", "hourpresmin": "14", "date": "2009-11-04", "name": "GIRONA AEROPUERTO", "tmax": "17,6", "longitude": 24548, "gust": "8,9", "dir": "02"}, {"code": "0367", "hourtmin": "06:50", "hourgust": "17:07", "hourtmax": "13:52", "sun": "7,2", "altitude": "143", "prec": "8,5", "latitude": 415442, "hourpresmax": "Varias", "province": "GIRONA", "tmed": "12,3", "tmin": "6,6", "avgspeed": "1,9", "presmax": "993,8", "presmin": "988,4", "hourpresmin": "14", "date": "2009-11-05", "name": "GIRONA AEROPUERTO", "tmax": "18,0", "longitude": 24548, "gust": "9,7", "dir": "01"}, {"code": "0367", "hourtmin": "05:26", "hourgust": "15:32", "hourtmax": "14:09", "sun": "7,8", "altitude": "143", "prec": "0,0", "latitude": 415442, "hourpresmax": "Varias", "province": "GIRONA", "tmed": "10,4", "tmin": "4,1", "avgspeed": "0,6", "presmax": "997,9", "presmin": "993,4", "hourpresmin": "04", "date": "2009-11-06", "name": "GIRONA AEROPUERTO", "tmax": "16,8", "longitude": 24548, "gust": "5,8", "dir": "99"}, {"code": "0367", "hourtmin": "23:59", "hourgust": "14:00", "hourtmax": "12:56", "sun": "6,1", "altitude": "143", "prec": "1,7", "latitude": 415442, "hourpresmax": "00", "province": "GIRONA", "tmed": "11,2", "tmin": "5,3", "avgspeed": "1,7", "presmax": "996,6", "presmin": "989,4", "hourpresmin": "15", "date": "2009-11-07", "name": "GIRONA AEROPUERTO", "tmax": "17,1", "longitude": 24548, "gust": "12,8", "dir": "03"}, {"code": "0367", "hourtmin": "04:02", "hourgust": "09:35", "hourtmax": "13:31", "sun": "6,0", "altitude": "143", "prec": "0,0", "latitude": 415442, "hourpresmax": "00", "province": "GIRONA", "tmed": "9,8", "tmin": "3,4", "avgspeed": "1,1", "presmax": "993,2", "presmin": "985,0", "hourpresmin": "15", "date": "2009-11-08", "name": "GIRONA AEROPUERTO", "tmax": "16,2", "longitude": 24548, "gust": "8,9", "dir": "28"}, {"code": "0367", "hourtmin": "06:29", "hourgust": "15:05", "hourtmax": "13:11", "sun": "7,5", "altitude": "143", "prec": "0,0", "latitude": 415442, "hourpresmax": "Varias", "province": "GIRONA", "tmed": "9,4", "tmin": "2,3", "avgspeed": "1,7", "presmax": "997,3", "presmin": "986,4", "hourpresmin": "00", "date": "2009-11-09", "name": "GIRONA AEROPUERTO", "tmax": "16,6", "longitude": 24548, "gust": "12,8", "dir": "04"}, {"code": "0367", "hourtmin": "05:34", "hourgust": "Varias", "hourtmax": "12:58", "sun": "5,6", "altitude": "143", "prec": "0,0", "latitude": 415442, "hourpresmax": "Varias", "province": "GIRONA", "tmed": "8,2", "tmin": "0,9", "avgspeed": "0,0", "presmax": "999,4", "presmin": "995,1", "hourpresmin": "24", "date": "2009-11-10", "name": "GIRONA AEROPUERTO", "tmax": "15,5", "longitude": 24548, "gust": "4,7", "dir": "99"}, {"code": "0367", "hourtmin": "06:15", "hourgust": "14:58", "hourtmax": "14:42", "sun": "5,3", "altitude": "143", "prec": "0,0", "latitude": 415442, "hourpresmax": "24", "province": "GIRONA", "tmed": "10,7", "tmin": "4,4", "avgspeed": "0,8", "presmax": "997,9", "presmin": "994,5", "hourpresmin": "13", "date": "2009-11-11", "name": "GIRONA AEROPUERTO", "tmax": "17,0", "longitude": 24548, "gust": "4,2", "dir": "14"}, {"code": "0367", "hourtmin": "05:55", "hourgust": "Varias", "hourtmax": "12:31", "sun": "5,1", "altitude": "143", "prec": "0,0", "latitude": 415442, "hourpresmax": "Varias", "province": "GIRONA", "tmed": "12,4", "tmin": "6,3", "avgspeed": "1,7", "presmax": "1000,4", "presmin": "997,2", "hourpresmin": "15", "date": "2009-11-12", "name": "GIRONA AEROPUERTO", "tmax": "18,4", "longitude": 24548, "gust": "5,0", "dir": "99"}, {"code": "0367", "hourtmin": "06:22", "hourgust": "Varias", "hourtmax": "14:32", "sun": "0,8", "altitude": "143", "prec": "0,0", "latitude": 415442, "hourpresmax": "Varias", "province": "GIRONA", "tmed": "11,8", "tmin": "6,0", "avgspeed": "0,6", "presmax": "1003,1", "presmin": "1000,2", "hourpresmin": "01", "date": "2009-11-13", "name": "GIRONA AEROPUERTO", "tmax": "17,6", "longitude": 24548, "gust": "10,8", "dir": "99"}, {"code": "0367", "hourtmin": "07:45", "hourgust": "Varias", "hourtmax": "12:31", "sun": "7,5", "altitude": "143", "prec": "0,0", "latitude": 415442, "hourpresmax": "Varias", "province": "GIRONA", "tmed": "17,8", "tmin": "12,6", "avgspeed": "3,3", "presmax": "1002,0", "presmin": "999,2", "hourpresmin": "14", "date": "2009-11-14", "name": "GIRONA AEROPUERTO", "tmax": "23,0", "longitude": 24548, "gust": "11,4", "dir": "99"}, {"code": "0367", "hourtmin": "23:21", "hourgust": "Varias", "hourtmax": "13:22", "sun": "8,0", "altitude": "143", "prec": "0,0", "latitude": 415442, "hourpresmax": "Varias", "province": "GIRONA", "tmed": "18,3", "tmin": "13,0", "avgspeed": "3,6", "presmax": "1002,5", "presmin": "996,9", "hourpresmin": "24", "date": "2009-11-15", "name": "GIRONA AEROPUERTO", "tmax": "23,6", "longitude": 24548, "gust": "10,3", "dir": "99"}, {"code": "0367", "hourtmin": "06:35", "hourgust": "16:05", "hourtmax": "12:48", "sun": "7,4", "altitude": "143", "prec": "0,0", "latitude": 415442, "hourpresmax": "Varias", "province": "GIRONA", "tmed": "17,1", "tmin": "11,8", "avgspeed": "1,7", "presmax": "1001,4", "presmin": "995,9", "hourpresmin": "05", "date": "2009-11-16", "name": "GIRONA AEROPUERTO", "tmax": "22,4", "longitude": 24548, "gust": "5,8", "dir": "05"}, {"code": "0367", "hourtmin": "05:13", "hourgust": "19:24", "hourtmax": "13:08", "sun": "5,4", "altitude": "143", "prec": "0,0", "latitude": 415442, "hourpresmax": "24", "province": "GIRONA", "tmed": "15,1", "tmin": "8,8", "avgspeed": "1,1", "presmax": "1006,4", "presmin": "1001,1", "hourpresmin": "01", "date": "2009-11-17", "name": "GIRONA AEROPUERTO", "tmax": "21,4", "longitude": 24548, "gust": "6,7", "dir": "01"}, {"code": "0367", "hourtmin": "07:15", "hourgust": "Varias", "hourtmax": "13:33", "sun": "6,9", "altitude": "143", "prec": "0,0", "latitude": 415442, "hourpresmax": "Varias", "province": "GIRONA", "tmed": "16,2", "tmin": "10,4", "avgspeed": "0,3", "presmax": "1009,1", "presmin": "1006,3", "hourpresmin": "00", "date": "2009-11-18", "name": "GIRONA AEROPUERTO", "tmax": "21,9", "longitude": 24548, "gust": "4,2", "dir": "99"}, {"code": "0367", "hourtmin": "01:06", "hourgust": "Varias", "hourtmax": "13:39", "sun": "0,7", "altitude": "143", "prec": "0,0", "latitude": 415442, "hourpresmax": "08", "province": "GIRONA", "tmed": "13,8", "tmin": "9,9", "avgspeed": "2,5", "presmax": "1009,7", "presmin": "1007,5", "hourpresmin": "14", "date": "2009-11-19", "name": "GIRONA AEROPUERTO", "tmax": "17,8", "longitude": 24548, "gust": "7,2", "dir": "99"}, {"code": "0367", "hourtmin": "06:48", "hourgust": "10:39", "hourtmax": "13:27", "sun": "7,6", "altitude": "143", "prec": "0,0", "latitude": 415442, "hourpresmax": "Varias", "province": "GIRONA", "tmed": "14,2", "tmin": "9,1", "avgspeed": "0,8", "presmax": "1013,3", "presmin": "1008,6", "hourpresmin": "00", "date": "2009-11-20", "name": "GIRONA AEROPUERTO", "tmax": "19,4", "longitude": 24548, "gust": "5,8", "dir": "03"}, {"code": "0367", "hourtmin": "06:49", "hourgust": "22:46", "hourtmax": "13:53", "sun": "5,8", "altitude": "143", "prec": "0,0", "latitude": 415442, "hourpresmax": "Varias", "province": "GIRONA", "tmed": "13,0", "tmin": "6,5", "avgspeed": "5,0", "presmax": "1013,6", "presmin": "1007,7", "hourpresmin": "23", "date": "2009-11-21", "name": "GIRONA AEROPUERTO", "tmax": "19,4", "longitude": 24548, "gust": "12,8", "dir": "16"}, {"code": "0367", "hourtmin": "23:27", "hourgust": "00:04", "hourtmax": "13:53", "sun": "4,4", "altitude": "143", "prec": "0,0", "latitude": 415442, "hourpresmax": "Varias", "province": "GIRONA", "tmed": "15,8", "tmin": "10,4", "avgspeed": "0,8", "presmax": "1011,4", "presmin": "1006,1", "hourpresmin": "03", "date": "2009-11-22", "name": "GIRONA AEROPUERTO", "tmax": "21,3", "longitude": 24548, "gust": "9,7", "dir": "19"}, {"code": "0367", "hourtmin": "23:33", "hourgust": "Varias", "hourtmax": "14:05", "sun": "8,1", "altitude": "143", "prec": "0,0", "latitude": 415442, "hourpresmax": "Varias", "province": "GIRONA", "tmed": "13,4", "tmin": "7,3", "avgspeed": "1,4", "presmax": "1013,2", "presmin": "1010,6", "hourpresmin": "14", "date": "2009-11-23", "name": "GIRONA AEROPUERTO", "tmax": "19,6", "longitude": 24548, "gust": "6,1", "dir": "99"}, {"code": "0367", "hourtmin": "04:21", "hourgust": "15:36", "hourtmax": "13:24", "sun": "6,9", "altitude": "143", "prec": "0,0", "latitude": 415442, "hourpresmax": "Varias", "province": "GIRONA", "tmed": "12,4", "tmin": "5,5", "avgspeed": "0,8", "presmax": "1012,8", "presmin": "1005,8", "hourpresmin": "24", "date": "2009-11-24", "name": "GIRONA AEROPUERTO", "tmax": "19,3", "longitude": 24548, "gust": "6,7", "dir": "17"}, {"code": "0367", "hourtmin": "Varias", "hourgust": "14:32", "hourtmax": "13:54", "sun": "8,0", "altitude": "143", "prec": "0,0", "latitude": 415442, "hourpresmax": "00", "province": "GIRONA", "tmed": "12,4", "tmin": "4,2", "avgspeed": "3,9", "presmax": "1005,9", "presmin": "1000,2", "hourpresmin": "16", "date": "2009-11-25", "name": "GIRONA AEROPUERTO", "tmax": "20,7", "longitude": 24548, "gust": "11,4", "dir": "20"}, {"code": "0367", "hourtmin": "07:07", "hourgust": "13:03", "hourtmax": "12:32", "sun": "8,2", "altitude": "143", "prec": "0,0", "latitude": 415442, "hourpresmax": "Varias", "province": "GIRONA", "tmed": "12,6", "tmin": "6,5", "avgspeed": "1,9", "presmax": "1006,2", "presmin": "1001,4", "hourpresmin": "24", "date": "2009-11-26", "name": "GIRONA AEROPUERTO", "tmax": "18,7", "longitude": 24548, "gust": "7,8", "dir": "19"}, {"code": "0367", "hourtmin": "23:59", "hourgust": "Varias", "hourtmax": "12:04", "sun": "4,0", "altitude": "143", "prec": "0,0", "latitude": 415442, "hourpresmax": "Varias", "province": "GIRONA", "tmed": "12,8", "tmin": "8,5", "avgspeed": "0,6", "presmax": "1003,4", "presmin": "999,7", "hourpresmin": "04", "date": "2009-11-27", "name": "GIRONA AEROPUERTO", "tmax": "17,2", "longitude": 24548, "gust": "6,1", "dir": "36"}, {"code": "0367", "hourtmin": "06:51", "hourgust": "Varias", "hourtmax": "14:14", "sun": "7,9", "altitude": "143", "prec": "0,0", "latitude": 415442, "hourpresmax": "Varias", "province": "GIRONA", "tmed": "10,6", "tmin": "3,6", "avgspeed": "3,1", "presmax": "1004,6", "presmin": "996,1", "hourpresmin": "24", "date": "2009-11-28", "name": "GIRONA AEROPUERTO", "tmax": "17,7", "longitude": 24548, "gust": "13,9", "dir": "99"}, {"code": "0367", "hourtmin": "23:30", "hourgust": "12:08", "hourtmax": "12:01", "sun": "1,8", "altitude": "143", "prec": "5,2", "latitude": 415442, "hourpresmax": "00", "province": "GIRONA", "tmed": "12,8", "tmin": "9,5", "avgspeed": "3,9", "presmax": "996,1", "presmin": "982,4", "hourpresmin": "20", "date": "2009-11-29", "name": "GIRONA AEROPUERTO", "tmax": "16,2", "longitude": 24548, "gust": "17,5", "dir": "21"}, {"code": "0367", "hourtmin": "22:29", "hourgust": "Varias", "hourtmax": "12:00", "sun": "6,3", "altitude": "143", "prec": "0,0", "latitude": 415442, "hourpresmax": "Varias", "province": "GIRONA", "tmed": "9,0", "tmin": "5,5", "avgspeed": "1,1", "presmax": "991,1", "presmin": "982,6", "hourpresmin": "01", "date": "2009-11-30", "name": "GIRONA AEROPUERTO", "tmax": "12,6", "longitude": 24548, "gust": "7,2", "dir": "99"}, {"code": "0367", "hourtmin": "23:30", "hourgust": "14:43", "hourtmax": "13:29", "sun": "8,1", "altitude": "143", "prec": "0,0", "latitude": 415442, "hourpresmax": "Varias", "province": "GIRONA", "tmed": "8,2", "tmin": "1,6", "avgspeed": "0,6", "presmax": "1000,7", "presmin": "990,9", "hourpresmin": "00", "date": "2009-12-01", "name": "GIRONA AEROPUERTO", "tmax": "14,8", "longitude": 24548, "gust": "7,2", "dir": "11"}, {"code": "0367", "hourtmin": "06:51", "hourgust": "23:09", "hourtmax": "13:25", "sun": "7,3", "altitude": "143", "prec": "0,0", "latitude": 415442, "hourpresmax": "10", "province": "GIRONA", "tmed": "8,2", "tmin": "1,4", "avgspeed": "0,8", "presmax": "1001,9", "presmin": "994,9", "hourpresmin": "24", "date": "2009-12-02", "name": "GIRONA AEROPUERTO", "tmax": "15,0", "longitude": 24548, "gust": "8,3", "dir": "18"}, {"code": "0367", "hourtmin": "23:41", "hourgust": "10:17", "hourtmax": "14:07", "sun": "2,5", "altitude": "143", "prec": "0,0", "latitude": 415442, "hourpresmax": "Varias", "province": "GIRONA", "tmed": "11,1", "tmin": "7,1", "avgspeed": "0,6", "presmax": "996,8", "presmin": "991,5", "hourpresmin": "07", "date": "2009-12-03", "name": "GIRONA AEROPUERTO", "tmax": "15,1", "longitude": 24548, "gust": "12,5", "dir": "36"}, {"code": "0367", "hourtmin": "06:19", "hourgust": "10:20", "hourtmax": "10:19", "sun": "1,4", "altitude": "143", "prec": "0,0", "latitude": 415442, "hourpresmax": "Varias", "province": "GIRONA", "tmed": "8,8", "tmin": "4,5", "avgspeed": "0,6", "presmax": "1001,2", "presmin": "994,9", "hourpresmin": "07", "date": "2009-12-04", "name": "GIRONA AEROPUERTO", "tmax": "13,1", "longitude": 24548, "gust": "10,8", "dir": "02"}, {"code": "0367", "hourtmin": "06:09", "hourgust": "Varias", "hourtmax": "13:38", "sun": "5,6", "altitude": "143", "prec": "0,0", "latitude": 415442, "hourpresmax": "Varias", "province": "GIRONA", "tmed": "9,9", "tmin": "2,7", "avgspeed": "0,8", "presmax": "1003,5", "presmin": "1000,8", "hourpresmin": "01", "date": "2009-12-05", "name": "GIRONA AEROPUERTO", "tmax": "17,1", "longitude": 24548, "gust": "4,2", "dir": "99"}, {"code": "0367", "hourtmin": "02:09", "hourgust": "12:21", "hourtmax": "12:03", "sun": "1,3", "altitude": "143", "prec": "0,0", "latitude": 415442, "hourpresmax": "00", "province": "GIRONA", "tmed": "11,0", "tmin": "4,0", "avgspeed": "2,5", "presmax": "1002,1", "presmin": "997,7", "hourpresmin": "14", "date": "2009-12-06", "name": "GIRONA AEROPUERTO", "tmax": "17,9", "longitude": 24548, "gust": "10,8", "dir": "18"}, {"code": "0367", "hourtmin": "05:39", "hourgust": "21:17", "hourtmax": "13:11", "sun": "3,1", "altitude": "143", "prec": "0,0", "latitude": 415442, "hourpresmax": "Varias", "province": "GIRONA", "tmed": "13,1", "tmin": "8,2", "avgspeed": "1,1", "presmax": "1001,4", "presmin": "997,1", "hourpresmin": "14", "date": "2009-12-07", "name": "GIRONA AEROPUERTO", "tmax": "18,0", "longitude": 24548, "gust": "7,8", "dir": "03"}, {"code": "0367", "hourtmin": "23:51", "hourgust": "14:40", "hourtmax": "13:56", "sun": "4,4", "altitude": "143", "prec": "0,0", "latitude": 415442, "hourpresmax": "Varias", "province": "GIRONA", "tmed": "13,4", "tmin": "8,1", "avgspeed": "0,3", "presmax": "1008,1", "presmin": "1001,1", "hourpresmin": "01", "date": "2009-12-08", "name": "GIRONA AEROPUERTO", "tmax": "18,6", "longitude": 24548, "gust": "5,8", "dir": "14"}, {"code": "0367", "hourtmin": "06:31", "hourgust": "Varias", "hourtmax": "14:30", "sun": "7,8", "altitude": "143", "prec": "0,0", "latitude": 415442, "hourpresmax": "Varias", "province": "GIRONA", "tmed": "12,0", "tmin": "5,0", "avgspeed": "0,6", "presmax": "1010,9", "presmin": "1007,4", "hourpresmin": "02", "date": "2009-12-09", "name": "GIRONA AEROPUERTO", "tmax": "18,9", "longitude": 24548, "gust": "4,7", "dir": "99"}, {"code": "0367", "hourtmin": "05:38", "hourgust": "Varias", "hourtmax": "13:59", "sun": "7,3", "altitude": "143", "prec": "0,0", "latitude": 415442, "hourpresmax": "Varias", "province": "GIRONA", "tmed": "12,0", "tmin": "4,2", "avgspeed": "0,8", "presmax": "1011,7", "presmin": "1007,6", "hourpresmin": "24", "date": "2009-12-10", "name": "GIRONA AEROPUERTO", "tmax": "19,8", "longitude": 24548, "gust": "3,1", "dir": "99"}, {"code": "0367", "hourtmin": "05:18", "hourgust": "Varias", "hourtmax": "13:16", "sun": "7,9", "altitude": "143", "prec": "0,0", "latitude": 415442, "hourpresmax": "00", "province": "GIRONA", "tmed": "10,2", "tmin": "2,4", "avgspeed": "1,7", "presmax": "1007,6", "presmin": "1000,9", "hourpresmin": "16", "date": "2009-12-11", "name": "GIRONA AEROPUERTO", "tmax": "18,0", "longitude": 24548, "gust": "4,7", "dir": "99"}, {"code": "0367", "hourtmin": "06:43", "hourgust": "20:45", "hourtmax": "12:07", "sun": "7,3", "altitude": "143", "prec": "0,0", "latitude": 415442, "hourpresmax": "00", "province": "GIRONA", "tmed": "7,9", "tmin": "1,1", "avgspeed": "1,9", "presmax": "1001,1", "presmin": "996,2", "hourpresmin": "24", "date": "2009-12-12", "name": "GIRONA AEROPUERTO", "tmax": "14,7", "longitude": 24548, "gust": "8,9", "dir": "02"}, {"code": "0367", "hourtmin": "07:50", "hourgust": "15:07", "hourtmax": "13:08", "sun": "6,3", "altitude": "143", "prec": "0,0", "latitude": 415442, "hourpresmax": "00", "province": "GIRONA", "tmed": "6,6", "tmin": "3,1", "avgspeed": "4,4", "presmax": "996,3", "presmin": "992,1", "hourpresmin": "24", "date": "2009-12-13", "name": "GIRONA AEROPUERTO", "tmax": "10,0", "longitude": 24548, "gust": "12,5", "dir": "02"}, {"code": "0367", "hourtmin": "00:17", "hourgust": "13:57", "hourtmax": "19:30", "sun": "0,0", "altitude": "143", "prec": "0,0", "latitude": 415442, "hourpresmax": "00", "province": "GIRONA", "tmed": "6,6", "tmin": "4,5", "avgspeed": "8,6", "presmax": "992,1", "presmin": "986,8", "hourpresmin": "18", "date": "2009-12-14", "name": "GIRONA AEROPUERTO", "tmax": "8,6", "longitude": 24548, "gust": "18,9", "dir": "01"}, {"code": "0367", "hourtmin": "23:44", "hourgust": "00:29", "hourtmax": "10:42", "sun": "0,9", "altitude": "143", "prec": "0,0", "latitude": 415442, "hourpresmax": "Varias", "province": "GIRONA", "tmed": "5,9", "tmin": "1,0", "avgspeed": "0,8", "presmax": "993,6", "presmin": "987,5", "hourpresmin": "00", "date": "2009-12-15", "name": "GIRONA AEROPUERTO", "tmax": "10,8", "longitude": 24548, "gust": "13,9", "dir": "01"}, {"code": "0367", "hourtmin": "06:33", "hourgust": "15:45", "hourtmax": "14:21", "sun": "1,3", "altitude": "143", "prec": "0,0", "latitude": 415442, "hourpresmax": "Varias", "province": "GIRONA", "tmed": "3,4", "tmin": "-2,6", "avgspeed": "1,4", "presmax": "994,6", "presmin": "990,5", "hourpresmin": "Varias", "date": "2009-12-16", "name": "GIRONA AEROPUERTO", "tmax": "9,3", "longitude": 24548, "gust": "6,1", "dir": "36"}, {"code": "0367", "hourtmin": "23:43", "hourgust": "13:20", "hourtmax": "14:07", "sun": "0,5", "altitude": "143", "prec": "0,0", "latitude": 415442, "hourpresmax": "Varias", "province": "GIRONA", "tmed": "2,2", "tmin": "-2,4", "avgspeed": "1,4", "presmax": "994,3", "presmin": "990,3", "hourpresmin": "03", "date": "2009-12-17", "name": "GIRONA AEROPUERTO", "tmax": "6,9", "longitude": 24548, "gust": "4,7", "dir": "99"}, {"code": "0367", "hourtmin": null, "hourgust": null, "hourtmax": null, "sun": "4,6", "altitude": "143", "prec": "0,0", "latitude": 415442, "hourpresmax": "00", "province": "GIRONA", "avgspeed": "2,5", "presmax": "993,9", "presmin": "986,8", "hourpresmin": "14", "date": "2009-12-18", "name": "GIRONA AEROPUERTO", "gust": null, "longitude": 24548}, {"code": "0367", "hourtmin": "23:39", "hourgust": "14:12", "hourtmax": "13:21", "sun": "7,7", "altitude": "143", "prec": "0,0", "latitude": 415442, "hourpresmax": "24", "province": "GIRONA", "tmed": "1,9", "tmin": "-6,0", "avgspeed": "1,4", "presmax": "994,8", "presmin": "987,7", "hourpresmin": "03", "date": "2009-12-19", "name": "GIRONA AEROPUERTO", "tmax": "9,8", "longitude": 24548, "gust": "10,3", "dir": "03"}, {"code": "0367", "hourtmin": "07:05", "hourgust": "12:36", "hourtmax": "13:43", "sun": "7,7", "altitude": "143", "prec": "0,0", "latitude": 415442, "hourpresmax": "Varias", "province": "GIRONA", "tmed": "0,0", "tmin": "-9,4", "avgspeed": "1,9", "presmax": "999,7", "presmin": "994,7", "hourpresmin": "00", "date": "2009-12-20", "name": "GIRONA AEROPUERTO", "tmax": "9,5", "longitude": 24548, "gust": "7,8", "dir": "19"}, {"code": "0367", "hourtmin": "00:19", "hourgust": "13:55", "hourtmax": "16:22", "sun": "0,0", "altitude": "143", "prec": "0,0", "latitude": 415442, "hourpresmax": "00", "province": "GIRONA", "tmed": "2,4", "tmin": "-5,7", "avgspeed": "5,3", "presmax": "996,8", "presmin": "982,0", "hourpresmin": "24", "date": "2009-12-21", "name": "GIRONA AEROPUERTO", "tmax": "10,5", "longitude": 24548, "gust": "15,0", "dir": "19"}, {"code": "0367", "hourtmin": "00:31", "hourgust": "22:24", "hourtmax": "09:55", "sun": "2,3", "altitude": "143", "prec": "11,1", "latitude": 415442, "hourpresmax": "Varias", "province": "GIRONA", "tmed": "12,8", "tmin": "8,9", "avgspeed": "4,2", "presmax": "982,9", "presmin": "975,0", "hourpresmin": "18", "date": "2009-12-22", "name": "GIRONA AEROPUERTO", "tmax": "16,6", "longitude": 24548, "gust": "12,8", "dir": "25"}, {"code": "0367", "hourtmin": "07:27", "hourgust": "19:49", "hourtmax": "00:12", "sun": "0,3", "altitude": "143", "prec": "2,5", "latitude": 415442, "hourpresmax": "Varias", "province": "GIRONA", "tmed": "11,8", "tmin": "8,2", "avgspeed": "3,1", "presmax": "985,3", "presmin": "974,7", "hourpresmin": "17", "date": "2009-12-23", "name": "GIRONA AEROPUERTO", "tmax": "15,5", "longitude": 24548, "gust": "16,1", "dir": "19"}, {"code": "0367", "hourtmin": "02:06", "hourgust": "16:16", "hourtmax": "21:56", "sun": "0,0", "altitude": "143", "prec": "2,1", "latitude": 415442, "hourpresmax": "03", "province": "GIRONA", "tmed": "13,4", "tmin": "9,8", "avgspeed": "6,4", "presmax": "980,7", "presmin": "972,2", "hourpresmin": "16", "date": "2009-12-24", "name": "GIRONA AEROPUERTO", "tmax": "17,0", "longitude": 24548, "gust": "16,1", "dir": "20"}, {"code": "0367", "hourtmin": "07:31", "hourgust": "Varias", "hourtmax": "12:47", "sun": "4,2", "altitude": "143", "prec": "0,0", "latitude": 415442, "hourpresmax": "Varias", "province": "GIRONA", "tmed": "12,0", "tmin": "8,1", "avgspeed": "1,4", "presmax": "997,5", "presmin": "979,2", "hourpresmin": "00", "date": "2009-12-25", "name": "GIRONA AEROPUERTO", "tmax": "15,9", "longitude": 24548, "gust": "7,2", "dir": "99"}, {"code": "0367", "hourtmin": "02:12", "hourgust": "Varias", "hourtmax": "13:00", "sun": "0,0", "altitude": "143", "prec": "1,2", "latitude": 415442, "hourpresmax": "00", "province": "GIRONA", "tmed": "9,2", "tmin": "7,1", "avgspeed": "0,6", "presmax": "995,4", "presmin": "989,7", "hourpresmin": "14", "date": "2009-12-26", "name": "GIRONA AEROPUERTO", "tmax": "11,3", "longitude": 24548, "gust": "6,1", "dir": "99"}, {"code": "0367", "hourtmin": "04:41", "hourgust": "11:15", "hourtmax": "13:28", "sun": "5,6", "altitude": "143", "prec": "0,0", "latitude": 415442, "hourpresmax": "20", "province": "GIRONA", "tmed": "8,4", "tmin": "3,4", "avgspeed": "1,1", "presmax": "1001,9", "presmin": "994,6", "hourpresmin": "00", "date": "2009-12-27", "name": "GIRONA AEROPUERTO", "tmax": "13,4", "longitude": 24548, "gust": "5,8", "dir": "99"}, {"code": "0367", "hourtmin": "00:00", "hourgust": "06:04", "hourtmax": "12:37", "sun": "4,8", "altitude": "143", "prec": "0,0", "latitude": 415442, "hourpresmax": "00", "province": "GIRONA", "tmed": "12,2", "tmin": "5,5", "avgspeed": "5,3", "presmax": "999,4", "presmin": "988,5", "hourpresmin": "13", "date": "2009-12-28", "name": "GIRONA AEROPUERTO", "tmax": "18,8", "longitude": 24548, "gust": "18,1", "dir": "99"}, {"code": "0367", "hourtmin": "07:41", "hourgust": "16:24", "hourtmax": "13:22", "sun": "3,1", "altitude": "143", "prec": "0,0", "latitude": 415442, "hourpresmax": "Varias", "province": "GIRONA", "tmed": "13,4", "tmin": "8,1", "avgspeed": "0,8", "presmax": "992,1", "presmin": "986,9", "hourpresmin": "20", "date": "2009-12-29", "name": "GIRONA AEROPUERTO", "tmax": "18,8", "longitude": 24548, "gust": "8,9", "dir": "01"}, {"code": "0367", "hourtmin": "23:06", "hourgust": "Varias", "hourtmax": "10:32", "sun": "6,3", "altitude": "143", "prec": "0,0", "latitude": 415442, "hourpresmax": "Varias", "province": "GIRONA", "tmed": "16,1", "tmin": "11,2", "avgspeed": "5,8", "presmax": "987,8", "presmin": "985,3", "hourpresmin": "24", "date": "2009-12-30", "name": "GIRONA AEROPUERTO", "tmax": "21,0", "longitude": 24548, "gust": "16,4", "dir": "99"}, {"code": "0367", "hourtmin": "04:32", "hourgust": "22:36", "hourtmax": "13:55", "sun": "7,2", "altitude": "143", "prec": "0,0", "latitude": 415442, "hourpresmax": "00", "province": "GIRONA", "tmed": "14,6", "tmin": "11,0", "avgspeed": "2,8", "presmax": "985,4", "presmin": "975,7", "hourpresmin": "24", "date": "2009-12-31", "name": "GIRONA AEROPUERTO", "tmax": "18,3", "longitude": 24548, "gust": "14,4", "dir": "23"}]