[{"code": "1109", "hourtmin": null, "hourgust": null, "hourtmax": null, "sun": null, "altitude": "3", "prec": "0,0", "latitude": 432526, "hourpresmax": null, "province": "CANTABRIA", "presmax": null, "presmin": null, "hourpresmin": null, "date": "1953-09-12", "name": "SANTANDER AEROPUERTO", "gust": null, "longitude": 34932, "avgspeed": null}, {"code": "1109", "hourtmin": null, "hourgust": null, "hourtmax": null, "sun": null, "altitude": "3", "prec": "0,0", "latitude": 432526, "hourpresmax": null, "province": "CANTABRIA", "presmax": null, "presmin": null, "hourpresmin": null, "date": "1953-09-13", "name": "SANTANDER AEROPUERTO", "gust": null, "longitude": 34932, "avgspeed": null}, {"code": "1109", "hourtmin": null, "hourgust": null, "hourtmax": null, "sun": null, "altitude": "3", "prec": "2,0", "latitude": 432526, "hourpresmax": null, "province": "CANTABRIA", "presmax": null, "presmin": null, "hourpresmin": null, "date": "1953-09-14", "name": "SANTANDER AEROPUERTO", "gust": null, "longitude": 34932, "avgspeed": null}, {"code": "1109", "hourtmin": null, "hourgust": null, "hourtmax": null, "sun": null, "altitude": "3", "prec": "36,0", "latitude": 432526, "hourpresmax": null, "province": "CANTABRIA", "presmax": null, "presmin": null, "hourpresmin": null, "date": "1953-09-15", "name": "SANTANDER AEROPUERTO", "gust": null, "longitude": 34932, "avgspeed": null}, {"code": "1109", "hourtmin": null, "hourgust": null, "hourtmax": null, "sun": null, "altitude": "3", "prec": "9,2", "latitude": 432526, "hourpresmax": null, "province": "CANTABRIA", "presmax": null, "presmin": null, "hourpresmin": null, "date": "1953-09-16", "name": "SANTANDER AEROPUERTO", "gust": null, "longitude": 34932, "avgspeed": null}, {"code": "1109", "hourtmin": null, "hourgust": null, "hourtmax": null, "sun": null, "altitude": "3", "prec": "0,7", "latitude": 432526, "hourpresmax": null, "province": "CANTABRIA", "presmax": null, "presmin": null, "hourpresmin": null, "date": "1953-09-17", "name": "SANTANDER AEROPUERTO", "gust": null, "longitude": 34932, "avgspeed": null}, {"code": "1109", "hourtmin": null, "hourgust": null, "hourtmax": null, "sun": null, "altitude": "3", "prec": "30,1", "latitude": 432526, "hourpresmax": null, "province": "CANTABRIA", "presmax": null, "presmin": null, "hourpresmin": null, "date": "1953-09-18", "name": "SANTANDER AEROPUERTO", "gust": null, "longitude": 34932, "avgspeed": null}, {"code": "1109", "hourtmin": null, "hourgust": null, "hourtmax": null, "sun": null, "altitude": "3", "prec": "6,0", "latitude": 432526, "hourpresmax": null, "province": "CANTABRIA", "presmax": null, "presmin": null, "hourpresmin": null, "date": "1953-09-19", "name": "SANTANDER AEROPUERTO", "gust": null, "longitude": 34932, "avgspeed": null}, {"code": "1109", "hourtmin": null, "hourgust": null, "hourtmax": null, "sun": null, "altitude": "3", "prec": "0,0", "latitude": 432526, "hourpresmax": null, "province": "CANTABRIA", "presmax": null, "presmin": null, "hourpresmin": null, "date": "1953-10-01", "name": "SANTANDER AEROPUERTO", "gust": null, "longitude": 34932, "avgspeed": null}, {"code": "1109", "hourtmin": null, "hourgust": null, "hourtmax": null, "sun": null, "altitude": "3", "prec": "0,0", "latitude": 432526, "hourpresmax": null, "province": "CANTABRIA", "presmax": null, "presmin": null, "hourpresmin": null, "date": "1953-10-02", "name": "SANTANDER AEROPUERTO", "gust": null, "longitude": 34932, "avgspeed": null}, {"code": "1109", "hourtmin": null, "hourgust": null, "hourtmax": null, "sun": null, "altitude": "3", "prec": "0,0", "latitude": 432526, "hourpresmax": null, "province": "CANTABRIA", "presmax": null, "presmin": null, "hourpresmin": null, "date": "1953-10-03", "name": "SANTANDER AEROPUERTO", "gust": null, "longitude": 34932, "avgspeed": null}, {"code": "1109", "hourtmin": null, "hourgust": null, "hourtmax": null, "sun": null, "altitude": "3", "prec": "0,0", "latitude": 432526, "hourpresmax": null, "province": "CANTABRIA", "presmax": null, "presmin": null, "hourpresmin": null, "date": "1953-10-04", "name": "SANTANDER AEROPUERTO", "gust": null, "longitude": 34932, "avgspeed": null}, {"code": "1109", "hourtmin": null, "hourgust": null, "hourtmax": null, "sun": null, "altitude": "3", "prec": "0,0", "latitude": 432526, "hourpresmax": null, "province": "CANTABRIA", "presmax": null, "presmin": null, "hourpresmin": null, "date": "1953-10-05", "name": "SANTANDER AEROPUERTO", "gust": null, "longitude": 34932, "avgspeed": null}, {"code": "1109", "hourtmin": null, "hourgust": null, "hourtmax": null, "sun": null, "altitude": "3", "prec": "0,0", "latitude": 432526, "hourpresmax": null, "province": "CANTABRIA", "presmax": null, "presmin": null, "hourpresmin": null, "date": "1953-10-06", "name": "SANTANDER AEROPUERTO", "gust": null, "longitude": 34932, "avgspeed": null}, {"code": "1109", "hourtmin": null, "hourgust": null, "hourtmax": null, "sun": null, "altitude": "3", "prec": "0,0", "latitude": 432526, "hourpresmax": null, "province": "CANTABRIA", "presmax": null, "presmin": null, "hourpresmin": null, "date": "1953-10-07", "name": "SANTANDER AEROPUERTO", "gust": null, "longitude": 34932, "avgspeed": null}, {"code": "1109", "hourtmin": null, "hourgust": null, "hourtmax": null, "sun": null, "altitude": "3", "prec": "0,0", "latitude": 432526, "hourpresmax": null, "province": "CANTABRIA", "presmax": null, "presmin": null, "hourpresmin": null, "date": "1953-10-08", "name": "SANTANDER AEROPUERTO", "gust": null, "longitude": 34932, "avgspeed": null}, {"code": "1109", "hourtmin": null, "hourgust": null, "hourtmax": null, "sun": null, "altitude": "3", "prec": "0,0", "latitude": 432526, "hourpresmax": null, "province": "CANTABRIA", "presmax": null, "presmin": null, "hourpresmin": null, "date": "1953-10-09", "name": "SANTANDER AEROPUERTO", "gust": null, "longitude": 34932, "avgspeed": null}, {"code": "1109", "hourtmin": null, "hourgust": null, "hourtmax": null, "sun": null, "altitude": "3", "prec": "12,8", "latitude": 432526, "hourpresmax": null, "province": "CANTABRIA", "presmax": null, "presmin": null, "hourpresmin": null, "date": "1953-10-12", "name": "SANTANDER AEROPUERTO", "gust": null, "longitude": 34932, "avgspeed": null}, {"code": "1109", "hourtmin": null, "hourgust": null, "hourtmax": null, "sun": null, "altitude": "3", "prec": "16,0", "latitude": 432526, "hourpresmax": null, "province": "CANTABRIA", "presmax": null, "presmin": null, "hourpresmin": null, "date": "1953-10-13", "name": "SANTANDER AEROPUERTO", "gust": null, "longitude": 34932, "avgspeed": null}, {"code": "1109", "hourtmin": null, "hourgust": null, "hourtmax": null, "sun": null, "altitude": "3", "prec": "37,0", "latitude": 432526, "hourpresmax": null, "province": "CANTABRIA", "presmax": null, "presmin": null, "hourpresmin": null, "date": "1953-10-14", "name": "SANTANDER AEROPUERTO", "gust": null, "longitude": 34932, "avgspeed": null}, {"code": "1109", "hourtmin": null, "hourgust": null, "hourtmax": null, "sun": null, "altitude": "3", "prec": "50,0", "latitude": 432526, "hourpresmax": null, "province": "CANTABRIA", "presmax": null, "presmin": null, "hourpresmin": null, "date": "1953-10-15", "name": "SANTANDER AEROPUERTO", "gust": null, "longitude": 34932, "avgspeed": null}, {"code": "1109", "hourtmin": null, "hourgust": null, "hourtmax": null, "sun": null, "altitude": "3", "prec": "5,0", "latitude": 432526, "hourpresmax": null, "province": "CANTABRIA", "presmax": null, "presmin": null, "hourpresmin": null, "date": "1953-10-16", "name": "SANTANDER AEROPUERTO", "gust": null, "longitude": 34932, "avgspeed": null}, {"code": "1109", "hourtmin": null, "hourgust": null, "hourtmax": null, "sun": null, "altitude": "3", "prec": "6,0", "latitude": 432526, "hourpresmax": null, "province": "CANTABRIA", "presmax": null, "presmin": null, "hourpresmin": null, "date": "1953-10-17", "name": "SANTANDER AEROPUERTO", "gust": null, "longitude": 34932, "avgspeed": null}, {"code": "1109", "hourtmin": null, "hourgust": null, "hourtmax": null, "sun": null, "altitude": "3", "prec": "9,6", "latitude": 432526, "hourpresmax": null, "province": "CANTABRIA", "presmax": null, "presmin": null, "hourpresmin": null, "date": "1953-10-18", "name": "SANTANDER AEROPUERTO", "gust": null, "longitude": 34932, "avgspeed": null}, {"code": "1109", "hourtmin": null, "hourgust": null, "hourtmax": null, "sun": null, "altitude": "3", "prec": "1,0", "latitude": 432526, "hourpresmax": null, "province": "CANTABRIA", "presmax": null, "presmin": null, "hourpresmin": null, "date": "1953-10-19", "name": "SANTANDER AEROPUERTO", "gust": null, "longitude": 34932, "avgspeed": null}, {"code": "1109", "hourtmin": null, "hourgust": null, "hourtmax": null, "sun": null, "altitude": "3", "prec": "0,0", "latitude": 432526, "hourpresmax": null, "province": "CANTABRIA", "presmax": null, "presmin": null, "hourpresmin": null, "date": "1953-10-20", "name": "SANTANDER AEROPUERTO", "gust": null, "longitude": 34932, "avgspeed": null}, {"code": "1109", "hourtmin": null, "hourgust": null, "hourtmax": null, "sun": null, "altitude": "3", "prec": "0,0", "latitude": 432526, "hourpresmax": null, "province": "CANTABRIA", "presmax": null, "presmin": null, "hourpresmin": null, "date": "1953-10-21", "name": "SANTANDER AEROPUERTO", "gust": null, "longitude": 34932, "avgspeed": null}, {"code": "1109", "hourtmin": null, "hourgust": null, "hourtmax": null, "sun": null, "altitude": "3", "prec": "0,0", "latitude": 432526, "hourpresmax": null, "province": "CANTABRIA", "presmax": null, "presmin": null, "hourpresmin": null, "date": "1953-10-22", "name": "SANTANDER AEROPUERTO", "gust": null, "longitude": 34932, "avgspeed": null}, {"code": "1109", "hourtmin": null, "hourgust": null, "hourtmax": null, "sun": null, "altitude": "3", "prec": "0,0", "latitude": 432526, "hourpresmax": null, "province": "CANTABRIA", "presmax": null, "presmin": null, "hourpresmin": null, "date": "1953-10-23", "name": "SANTANDER AEROPUERTO", "gust": null, "longitude": 34932, "avgspeed": null}, {"code": "1109", "hourtmin": null, "hourgust": null, "hourtmax": null, "sun": null, "altitude": "3", "prec": "0,0", "latitude": 432526, "hourpresmax": null, "province": "CANTABRIA", "presmax": null, "presmin": null, "hourpresmin": null, "date": "1953-10-24", "name": "SANTANDER AEROPUERTO", "gust": null, "longitude": 34932, "avgspeed": null}, {"code": "1109", "hourtmin": null, "hourgust": null, "hourtmax": null, "sun": null, "altitude": "3", "prec": "25,8", "latitude": 432526, "hourpresmax": null, "province": "CANTABRIA", "presmax": null, "presmin": null, "hourpresmin": null, "date": "1953-10-25", "name": "SANTANDER AEROPUERTO", "gust": null, "longitude": 34932, "avgspeed": null}, {"code": "1109", "hourtmin": null, "hourgust": null, "hourtmax": null, "sun": null, "altitude": "3", "prec": "3,6", "latitude": 432526, "hourpresmax": null, "province": "CANTABRIA", "presmax": null, "presmin": null, "hourpresmin": null, "date": "1953-10-26", "name": "SANTANDER AEROPUERTO", "gust": null, "longitude": 34932, "avgspeed": null}, {"code": "1109", "hourtmin": null, "hourgust": null, "hourtmax": null, "sun": null, "altitude": "3", "prec": "7,2", "latitude": 432526, "hourpresmax": null, "province": "CANTABRIA", "presmax": null, "presmin": null, "hourpresmin": null, "date": "1953-10-27", "name": "SANTANDER AEROPUERTO", "gust": null, "longitude": 34932, "avgspeed": null}, {"code": "1109", "hourtmin": null, "hourgust": null, "hourtmax": null, "sun": null, "altitude": "3", "prec": "22,8", "latitude": 432526, "hourpresmax": null, "province": "CANTABRIA", "presmax": null, "presmin": null, "hourpresmin": null, "date": "1953-10-28", "name": "SANTANDER AEROPUERTO", "gust": null, "longitude": 34932, "avgspeed": null}, {"code": "1109", "hourtmin": null, "hourgust": null, "hourtmax": null, "sun": null, "altitude": "3", "prec": "8,4", "latitude": 432526, "hourpresmax": null, "province": "CANTABRIA", "presmax": null, "presmin": null, "hourpresmin": null, "date": "1953-10-29", "name": "SANTANDER AEROPUERTO", "gust": null, "longitude": 34932, "avgspeed": null}, {"code": "1109", "hourtmin": null, "hourgust": null, "hourtmax": null, "sun": null, "altitude": "3", "prec": "0,0", "latitude": 432526, "hourpresmax": null, "province": "CANTABRIA", "presmax": null, "presmin": null, "hourpresmin": null, "date": "1953-10-30", "name": "SANTANDER AEROPUERTO", "gust": null, "longitude": 34932, "avgspeed": null}, {"code": "1109", "hourtmin": null, "hourgust": null, "hourtmax": null, "sun": null, "altitude": "3", "prec": "1,6", "latitude": 432526, "hourpresmax": null, "province": "CANTABRIA", "presmax": null, "presmin": null, "hourpresmin": null, "date": "1953-10-31", "name": "SANTANDER AEROPUERTO", "gust": null, "longitude": 34932, "avgspeed": null}, {"code": "1109", "hourtmin": null, "hourgust": null, "hourtmax": null, "sun": null, "altitude": "3", "prec": "9,8", "latitude": 432526, "hourpresmax": null, "province": "CANTABRIA", "presmax": null, "presmin": null, "hourpresmin": null, "date": "1953-11-01", "name": "SANTANDER AEROPUERTO", "gust": null, "longitude": 34932, "avgspeed": null}, {"code": "1109", "hourtmin": null, "hourgust": null, "hourtmax": null, "sun": null, "altitude": "3", "prec": "2,8", "latitude": 432526, "hourpresmax": null, "province": "CANTABRIA", "presmax": null, "presmin": null, "hourpresmin": null, "date": "1953-11-02", "name": "SANTANDER AEROPUERTO", "gust": null, "longitude": 34932, "avgspeed": null}, {"code": "1109", "hourtmin": null, "hourgust": null, "hourtmax": null, "sun": null, "altitude": "3", "prec": "9,0", "latitude": 432526, "hourpresmax": null, "province": "CANTABRIA", "presmax": null, "presmin": null, "hourpresmin": null, "date": "1953-11-03", "name": "SANTANDER AEROPUERTO", "gust": null, "longitude": 34932, "avgspeed": null}, {"code": "1109", "hourtmin": null, "hourgust": null, "hourtmax": null, "sun": null, "altitude": "3", "prec": "9,0", "latitude": 432526, "hourpresmax": null, "province": "CANTABRIA", "presmax": null, "presmin": null, "hourpresmin": null, "date": "1953-11-04", "name": "SANTANDER AEROPUERTO", "gust": null, "longitude": 34932, "avgspeed": null}, {"code": "1109", "hourtmin": null, "hourgust": null, "hourtmax": null, "sun": null, "altitude": "3", "prec": "5,5", "latitude": 432526, "hourpresmax": null, "province": "CANTABRIA", "presmax": null, "presmin": null, "hourpresmin": null, "date": "1953-11-05", "name": "SANTANDER AEROPUERTO", "gust": null, "longitude": 34932, "avgspeed": null}, {"code": "1109", "hourtmin": null, "hourgust": null, "hourtmax": null, "sun": null, "altitude": "3", "prec": "0,0", "latitude": 432526, "hourpresmax": null, "province": "CANTABRIA", "presmax": null, "presmin": null, "hourpresmin": null, "date": "1953-11-06", "name": "SANTANDER AEROPUERTO", "gust": null, "longitude": 34932, "avgspeed": null}, {"code": "1109", "hourtmin": null, "hourgust": null, "hourtmax": null, "sun": null, "altitude": "3", "prec": "0,0", "latitude": 432526, "hourpresmax": null, "province": "CANTABRIA", "presmax": null, "presmin": null, "hourpresmin": null, "date": "1953-11-07", "name": "SANTANDER AEROPUERTO", "gust": null, "longitude": 34932, "avgspeed": null}, {"code": "1109", "hourtmin": null, "hourgust": null, "hourtmax": null, "sun": null, "altitude": "3", "prec": "0,0", "latitude": 432526, "hourpresmax": null, "province": "CANTABRIA", "presmax": null, "presmin": null, "hourpresmin": null, "date": "1953-11-08", "name": "SANTANDER AEROPUERTO", "gust": null, "longitude": 34932, "avgspeed": null}, {"code": "1109", "hourtmin": null, "hourgust": null, "hourtmax": null, "sun": null, "altitude": "3", "prec": "0,0", "latitude": 432526, "hourpresmax": null, "province": "CANTABRIA", "presmax": null, "presmin": null, "hourpresmin": null, "date": "1953-11-09", "name": "SANTANDER AEROPUERTO", "gust": null, "longitude": 34932, "avgspeed": null}, {"code": "1109", "hourtmin": null, "hourgust": null, "hourtmax": null, "sun": null, "altitude": "3", "prec": "0,0", "latitude": 432526, "hourpresmax": null, "province": "CANTABRIA", "presmax": null, "presmin": null, "hourpresmin": null, "date": "1953-11-10", "name": "SANTANDER AEROPUERTO", "gust": null, "longitude": 34932, "avgspeed": null}, {"code": "1109", "hourtmin": null, "hourgust": null, "hourtmax": null, "sun": null, "altitude": "3", "prec": "0,0", "latitude": 432526, "hourpresmax": null, "province": "CANTABRIA", "presmax": null, "presmin": null, "hourpresmin": null, "date": "1953-11-11", "name": "SANTANDER AEROPUERTO", "gust": null, "longitude": 34932, "avgspeed": null}, {"code": "1109", "hourtmin": null, "hourgust": null, "hourtmax": null, "sun": null, "altitude": "3", "prec": "0,0", "latitude": 432526, "hourpresmax": null, "province": "CANTABRIA", "presmax": null, "presmin": null, "hourpresmin": null, "date": "1953-11-12", "name": "SANTANDER AEROPUERTO", "gust": null, "longitude": 34932, "avgspeed": null}, {"code": "1109", "hourtmin": null, "hourgust": null, "hourtmax": null, "sun": null, "altitude": "3", "prec": "0,0", "latitude": 432526, "hourpresmax": null, "province": "CANTABRIA", "presmax": null, "presmin": null, "hourpresmin": null, "date": "1953-11-13", "name": "SANTANDER AEROPUERTO", "gust": null, "longitude": 34932, "avgspeed": null}, {"code": "1109", "hourtmin": null, "hourgust": null, "hourtmax": null, "sun": null, "altitude": "3", "prec": "0,0", "latitude": 432526, "hourpresmax": null, "province": "CANTABRIA", "presmax": null, "presmin": null, "hourpresmin": null, "date": "1953-11-14", "name": "SANTANDER AEROPUERTO", "gust": null, "longitude": 34932, "avgspeed": null}, {"code": "1109", "hourtmin": null, "hourgust": null, "hourtmax": null, "sun": null, "altitude": "3", "prec": "0,0", "latitude": 432526, "hourpresmax": null, "province": "CANTABRIA", "presmax": null, "presmin": null, "hourpresmin": null, "date": "1953-11-15", "name": "SANTANDER AEROPUERTO", "gust": null, "longitude": 34932, "avgspeed": null}, {"code": "1109", "hourtmin": null, "hourgust": null, "hourtmax": null, "sun": null, "altitude": "3", "prec": "0,0", "latitude": 432526, "hourpresmax": null, "province": "CANTABRIA", "presmax": null, "presmin": null, "hourpresmin": null, "date": "1953-11-16", "name": "SANTANDER AEROPUERTO", "gust": null, "longitude": 34932, "avgspeed": null}, {"code": "1109", "hourtmin": null, "hourgust": null, "hourtmax": null, "sun": null, "altitude": "3", "prec": "0,0", "latitude": 432526, "hourpresmax": null, "province": "CANTABRIA", "presmax": null, "presmin": null, "hourpresmin": null, "date": "1953-11-17", "name": "SANTANDER AEROPUERTO", "gust": null, "longitude": 34932, "avgspeed": null}, {"code": "1109", "hourtmin": null, "hourgust": null, "hourtmax": null, "sun": null, "altitude": "3", "prec": "0,0", "latitude": 432526, "hourpresmax": null, "province": "CANTABRIA", "presmax": null, "presmin": null, "hourpresmin": null, "date": "1953-11-18", "name": "SANTANDER AEROPUERTO", "gust": null, "longitude": 34932, "avgspeed": null}, {"code": "1109", "hourtmin": null, "hourgust": null, "hourtmax": null, "sun": null, "altitude": "3", "prec": "0,0", "latitude": 432526, "hourpresmax": null, "province": "CANTABRIA", "presmax": null, "presmin": null, "hourpresmin": null, "date": "1953-11-19", "name": "SANTANDER AEROPUERTO", "gust": null, "longitude": 34932, "avgspeed": null}, {"code": "1109", "hourtmin": null, "hourgust": null, "hourtmax": null, "sun": null, "altitude": "3", "prec": "0,0", "latitude": 432526, "hourpresmax": null, "province": "CANTABRIA", "presmax": null, "presmin": null, "hourpresmin": null, "date": "1953-11-20", "name": "SANTANDER AEROPUERTO", "gust": null, "longitude": 34932, "avgspeed": null}, {"code": "1109", "hourtmin": null, "hourgust": null, "hourtmax": null, "sun": null, "altitude": "3", "prec": "0,0", "latitude": 432526, "hourpresmax": null, "province": "CANTABRIA", "presmax": null, "presmin": null, "hourpresmin": null, "date": "1953-11-21", "name": "SANTANDER AEROPUERTO", "gust": null, "longitude": 34932, "avgspeed": null}, {"code": "1109", "hourtmin": null, "hourgust": null, "hourtmax": null, "sun": null, "altitude": "3", "prec": "0,0", "latitude": 432526, "hourpresmax": null, "province": "CANTABRIA", "presmax": null, "presmin": null, "hourpresmin": null, "date": "1953-11-22", "name": "SANTANDER AEROPUERTO", "gust": null, "longitude": 34932, "avgspeed": null}, {"code": "1109", "hourtmin": null, "hourgust": null, "hourtmax": null, "sun": null, "altitude": "3", "prec": "0,0", "latitude": 432526, "hourpresmax": null, "province": "CANTABRIA", "presmax": null, "presmin": null, "hourpresmin": null, "date": "1953-11-23", "name": "SANTANDER AEROPUERTO", "gust": null, "longitude": 34932, "avgspeed": null}, {"code": "1109", "hourtmin": null, "hourgust": null, "hourtmax": null, "sun": null, "altitude": "3", "prec": "0,0", "latitude": 432526, "hourpresmax": null, "province": "CANTABRIA", "presmax": null, "presmin": null, "hourpresmin": null, "date": "1953-11-24", "name": "SANTANDER AEROPUERTO", "gust": null, "longitude": 34932, "avgspeed": null}, {"code": "1109", "hourtmin": null, "hourgust": null, "hourtmax": null, "sun": null, "altitude": "3", "prec": "5,2", "latitude": 432526, "hourpresmax": null, "province": "CANTABRIA", "presmax": null, "presmin": null, "hourpresmin": null, "date": "1953-11-25", "name": "SANTANDER AEROPUERTO", "gust": null, "longitude": 34932, "avgspeed": null}, {"code": "1109", "hourtmin": null, "hourgust": null, "hourtmax": null, "sun": null, "altitude": "3", "prec": "1,0", "latitude": 432526, "hourpresmax": null, "province": "CANTABRIA", "presmax": null, "presmin": null, "hourpresmin": null, "date": "1953-11-26", "name": "SANTANDER AEROPUERTO", "gust": null, "longitude": 34932, "avgspeed": null}, {"code": "1109", "hourtmin": null, "hourgust": null, "hourtmax": null, "sun": null, "altitude": "3", "prec": "0,0", "latitude": 432526, "hourpresmax": null, "province": "CANTABRIA", "presmax": null, "presmin": null, "hourpresmin": null, "date": "1953-11-27", "name": "SANTANDER AEROPUERTO", "gust": null, "longitude": 34932, "avgspeed": null}, {"code": "1109", "hourtmin": null, "hourgust": null, "hourtmax": null, "sun": null, "altitude": "3", "prec": "0,0", "latitude": 432526, "hourpresmax": null, "province": "CANTABRIA", "presmax": null, "presmin": null, "hourpresmin": null, "date": "1953-11-28", "name": "SANTANDER AEROPUERTO", "gust": null, "longitude": 34932, "avgspeed": null}, {"code": "1109", "hourtmin": null, "hourgust": null, "hourtmax": null, "sun": null, "altitude": "3", "prec": "0,0", "latitude": 432526, "hourpresmax": null, "province": "CANTABRIA", "presmax": null, "presmin": null, "hourpresmin": null, "date": "1953-11-29", "name": "SANTANDER AEROPUERTO", "gust": null, "longitude": 34932, "avgspeed": null}, {"code": "1109", "hourtmin": null, "hourgust": null, "hourtmax": null, "sun": null, "altitude": "3", "prec": "0,0", "latitude": 432526, "hourpresmax": null, "province": "CANTABRIA", "presmax": null, "presmin": null, "hourpresmin": null, "date": "1953-11-30", "name": "SANTANDER AEROPUERTO", "gust": null, "longitude": 34932, "avgspeed": null}, {"code": "1109", "hourtmin": null, "hourgust": null, "hourtmax": null, "sun": null, "altitude": "3", "prec": "0,0", "latitude": 432526, "hourpresmax": null, "province": "CANTABRIA", "presmax": null, "presmin": null, "hourpresmin": null, "date": "1953-12-01", "name": "SANTANDER AEROPUERTO", "gust": null, "longitude": 34932, "avgspeed": null}, {"code": "1109", "hourtmin": null, "hourgust": null, "hourtmax": null, "sun": null, "altitude": "3", "prec": "0,0", "latitude": 432526, "hourpresmax": null, "province": "CANTABRIA", "presmax": null, "presmin": null, "hourpresmin": null, "date": "1953-12-02", "name": "SANTANDER AEROPUERTO", "gust": null, "longitude": 34932, "avgspeed": null}, {"code": "1109", "hourtmin": null, "hourgust": null, "hourtmax": null, "sun": null, "altitude": "3", "prec": "0,0", "latitude": 432526, "hourpresmax": null, "province": "CANTABRIA", "presmax": null, "presmin": null, "hourpresmin": null, "date": "1953-12-03", "name": "SANTANDER AEROPUERTO", "gust": null, "longitude": 34932, "avgspeed": null}, {"code": "1109", "hourtmin": null, "hourgust": null, "hourtmax": null, "sun": null, "altitude": "3", "prec": "0,0", "latitude": 432526, "hourpresmax": null, "province": "CANTABRIA", "presmax": null, "presmin": null, "hourpresmin": null, "date": "1953-12-04", "name": "SANTANDER AEROPUERTO", "gust": null, "longitude": 34932, "avgspeed": null}, {"code": "1109", "hourtmin": null, "hourgust": null, "hourtmax": null, "sun": null, "altitude": "3", "prec": "0,0", "latitude": 432526, "hourpresmax": null, "province": "CANTABRIA", "presmax": null, "presmin": null, "hourpresmin": null, "date": "1953-12-05", "name": "SANTANDER AEROPUERTO", "gust": null, "longitude": 34932, "avgspeed": null}, {"code": "1109", "hourtmin": null, "hourgust": null, "hourtmax": null, "sun": null, "altitude": "3", "prec": "0,0", "latitude": 432526, "hourpresmax": null, "province": "CANTABRIA", "presmax": null, "presmin": null, "hourpresmin": null, "date": "1953-12-06", "name": "SANTANDER AEROPUERTO", "gust": null, "longitude": 34932, "avgspeed": null}, {"code": "1109", "hourtmin": null, "hourgust": null, "hourtmax": null, "sun": null, "altitude": "3", "prec": "0,0", "latitude": 432526, "hourpresmax": null, "province": "CANTABRIA", "presmax": null, "presmin": null, "hourpresmin": null, "date": "1953-12-07", "name": "SANTANDER AEROPUERTO", "gust": null, "longitude": 34932, "avgspeed": null}, {"code": "1109", "hourtmin": null, "hourgust": null, "hourtmax": null, "sun": null, "altitude": "3", "prec": "0,0", "latitude": 432526, "hourpresmax": null, "province": "CANTABRIA", "presmax": null, "presmin": null, "hourpresmin": null, "date": "1953-12-08", "name": "SANTANDER AEROPUERTO", "gust": null, "longitude": 34932, "avgspeed": null}, {"code": "1109", "hourtmin": null, "hourgust": null, "hourtmax": null, "sun": null, "altitude": "3", "prec": "0,0", "latitude": 432526, "hourpresmax": null, "province": "CANTABRIA", "presmax": null, "presmin": null, "hourpresmin": null, "date": "1953-12-09", "name": "SANTANDER AEROPUERTO", "gust": null, "longitude": 34932, "avgspeed": null}, {"code": "1109", "hourtmin": null, "hourgust": null, "hourtmax": null, "sun": null, "altitude": "3", "prec": "0,0", "latitude": 432526, "hourpresmax": null, "province": "CANTABRIA", "presmax": null, "presmin": null, "hourpresmin": null, "date": "1953-12-10", "name": "SANTANDER AEROPUERTO", "gust": null, "longitude": 34932, "avgspeed": null}, {"code": "1109", "hourtmin": null, "hourgust": null, "hourtmax": null, "sun": null, "altitude": "3", "prec": "0,0", "latitude": 432526, "hourpresmax": null, "province": "CANTABRIA", "presmax": null, "presmin": null, "hourpresmin": null, "date": "1953-12-11", "name": "SANTANDER AEROPUERTO", "gust": null, "longitude": 34932, "avgspeed": null}, {"code": "1109", "hourtmin": null, "hourgust": null, "hourtmax": null, "sun": null, "altitude": "3", "prec": "0,0", "latitude": 432526, "hourpresmax": null, "province": "CANTABRIA", "presmax": null, "presmin": null, "hourpresmin": null, "date": "1953-12-12", "name": "SANTANDER AEROPUERTO", "gust": null, "longitude": 34932, "avgspeed": null}, {"code": "1109", "hourtmin": null, "hourgust": null, "hourtmax": null, "sun": null, "altitude": "3", "prec": "0,0", "latitude": 432526, "hourpresmax": null, "province": "CANTABRIA", "presmax": null, "presmin": null, "hourpresmin": null, "date": "1953-12-13", "name": "SANTANDER AEROPUERTO", "gust": null, "longitude": 34932, "avgspeed": null}, {"code": "1109", "hourtmin": null, "hourgust": null, "hourtmax": null, "sun": null, "altitude": "3", "prec": "1,4", "latitude": 432526, "hourpresmax": null, "province": "CANTABRIA", "presmax": null, "presmin": null, "hourpresmin": null, "date": "1953-12-14", "name": "SANTANDER AEROPUERTO", "gust": null, "longitude": 34932, "avgspeed": null}, {"code": "1109", "hourtmin": null, "hourgust": null, "hourtmax": null, "sun": null, "altitude": "3", "prec": "9,6", "latitude": 432526, "hourpresmax": null, "province": "CANTABRIA", "presmax": null, "presmin": null, "hourpresmin": null, "date": "1953-12-15", "name": "SANTANDER AEROPUERTO", "gust": null, "longitude": 34932, "avgspeed": null}, {"code": "1109", "hourtmin": null, "hourgust": null, "hourtmax": null, "sun": null, "altitude": "3", "prec": "0,0", "latitude": 432526, "hourpresmax": null, "province": "CANTABRIA", "presmax": null, "presmin": null, "hourpresmin": null, "date": "1953-12-16", "name": "SANTANDER AEROPUERTO", "gust": null, "longitude": 34932, "avgspeed": null}, {"code": "1109", "hourtmin": null, "hourgust": null, "hourtmax": null, "sun": null, "altitude": "3", "prec": "0,0", "latitude": 432526, "hourpresmax": null, "province": "CANTABRIA", "presmax": null, "presmin": null, "hourpresmin": null, "date": "1953-12-17", "name": "SANTANDER AEROPUERTO", "gust": null, "longitude": 34932, "avgspeed": null}, {"code": "1109", "hourtmin": null, "hourgust": null, "hourtmax": null, "sun": null, "altitude": "3", "prec": "0,0", "latitude": 432526, "hourpresmax": null, "province": "CANTABRIA", "presmax": null, "presmin": null, "hourpresmin": null, "date": "1953-12-18", "name": "SANTANDER AEROPUERTO", "gust": null, "longitude": 34932, "avgspeed": null}, {"code": "1109", "hourtmin": null, "hourgust": null, "hourtmax": null, "sun": null, "altitude": "3", "prec": "0,0", "latitude": 432526, "hourpresmax": null, "province": "CANTABRIA", "presmax": null, "presmin": null, "hourpresmin": null, "date": "1953-12-19", "name": "SANTANDER AEROPUERTO", "gust": null, "longitude": 34932, "avgspeed": null}, {"code": "1109", "hourtmin": null, "hourgust": null, "hourtmax": null, "sun": null, "altitude": "3", "prec": "0,0", "latitude": 432526, "hourpresmax": null, "province": "CANTABRIA", "presmax": null, "presmin": null, "hourpresmin": null, "date": "1953-12-20", "name": "SANTANDER AEROPUERTO", "gust": null, "longitude": 34932, "avgspeed": null}, {"code": "1109", "hourtmin": null, "hourgust": null, "hourtmax": null, "sun": null, "altitude": "3", "prec": "0,0", "latitude": 432526, "hourpresmax": null, "province": "CANTABRIA", "presmax": null, "presmin": null, "hourpresmin": null, "date": "1953-12-21", "name": "SANTANDER AEROPUERTO", "gust": null, "longitude": 34932, "avgspeed": null}, {"code": "1109", "hourtmin": null, "hourgust": null, "hourtmax": null, "sun": null, "altitude": "3", "prec": "0,0", "latitude": 432526, "hourpresmax": null, "province": "CANTABRIA", "presmax": null, "presmin": null, "hourpresmin": null, "date": "1953-12-22", "name": "SANTANDER AEROPUERTO", "gust": null, "longitude": 34932, "avgspeed": null}, {"code": "1109", "hourtmin": null, "hourgust": null, "hourtmax": null, "sun": null, "altitude": "3", "prec": "0,0", "latitude": 432526, "hourpresmax": null, "province": "CANTABRIA", "presmax": null, "presmin": null, "hourpresmin": null, "date": "1953-12-23", "name": "SANTANDER AEROPUERTO", "gust": null, "longitude": 34932, "avgspeed": null}, {"code": "1109", "hourtmin": null, "hourgust": null, "hourtmax": null, "sun": null, "altitude": "3", "prec": "0,0", "latitude": 432526, "hourpresmax": null, "province": "CANTABRIA", "presmax": null, "presmin": null, "hourpresmin": null, "date": "1953-12-24", "name": "SANTANDER AEROPUERTO", "gust": null, "longitude": 34932, "avgspeed": null}, {"code": "1109", "hourtmin": null, "hourgust": null, "hourtmax": null, "sun": null, "altitude": "3", "prec": "0,0", "latitude": 432526, "hourpresmax": null, "province": "CANTABRIA", "presmax": null, "presmin": null, "hourpresmin": null, "date": "1953-12-25", "name": "SANTANDER AEROPUERTO", "gust": null, "longitude": 34932, "avgspeed": null}, {"code": "1109", "hourtmin": null, "hourgust": null, "hourtmax": null, "sun": null, "altitude": "3", "prec": "2,0", "latitude": 432526, "hourpresmax": null, "province": "CANTABRIA", "presmax": null, "presmin": null, "hourpresmin": null, "date": "1953-12-26", "name": "SANTANDER AEROPUERTO", "gust": null, "longitude": 34932, "avgspeed": null}, {"code": "1109", "hourtmin": null, "hourgust": null, "hourtmax": null, "sun": null, "altitude": "3", "prec": "11,5", "latitude": 432526, "hourpresmax": null, "province": "CANTABRIA", "presmax": null, "presmin": null, "hourpresmin": null, "date": "1953-12-27", "name": "SANTANDER AEROPUERTO", "gust": null, "longitude": 34932, "avgspeed": null}, {"code": "1109", "hourtmin": null, "hourgust": null, "hourtmax": null, "sun": null, "altitude": "3", "prec": "14,9", "latitude": 432526, "hourpresmax": null, "province": "CANTABRIA", "presmax": null, "presmin": null, "hourpresmin": null, "date": "1953-12-28", "name": "SANTANDER AEROPUERTO", "gust": null, "longitude": 34932, "avgspeed": null}, {"code": "1109", "hourtmin": null, "hourgust": null, "hourtmax": null, "sun": null, "altitude": "3", "prec": "10,4", "latitude": 432526, "hourpresmax": null, "province": "CANTABRIA", "presmax": null, "presmin": null, "hourpresmin": null, "date": "1953-12-29", "name": "SANTANDER AEROPUERTO", "gust": null, "longitude": 34932, "avgspeed": null}, {"code": "1109", "hourtmin": null, "hourgust": null, "hourtmax": null, "sun": null, "altitude": "3", "prec": "8,2", "latitude": 432526, "hourpresmax": null, "province": "CANTABRIA", "presmax": null, "presmin": null, "hourpresmin": null, "date": "1953-12-30", "name": "SANTANDER AEROPUERTO", "gust": null, "longitude": 34932, "avgspeed": null}, {"code": "1109", "hourtmin": null, "hourgust": null, "hourtmax": null, "sun": null, "altitude": "3", "prec": "6,2", "latitude": 432526, "hourpresmax": null, "province": "CANTABRIA", "presmax": null, "presmin": null, "hourpresmin": null, "date": "1953-12-31", "name": "SANTANDER AEROPUERTO", "gust": null, "longitude": 34932, "avgspeed": null}]