[{"code": "1109", "hourtmin": null, "hourgust": null, "hourtmax": null, "sun": null, "altitude": "3", "prec": "0,0", "latitude": 432526, "hourpresmax": "00", "province": "CANTABRIA", "tmed": "6,8", "tmin": "0,6", "avgspeed": "2,8", "presmax": "1034,7", "presmin": "1032,0", "hourpresmin": "14", "date": "1975-01-01", "name": "SANTANDER AEROPUERTO", "gust": null, "tmax": "13,0", "longitude": 34932}, {"code": "1109", "hourtmin": null, "hourgust": null, "hourtmax": null, "sun": null, "altitude": "3", "prec": "0,0", "latitude": 432526, "hourpresmax": "08", "province": "CANTABRIA", "tmed": "6,8", "tmin": "0,0", "avgspeed": "0,0", "presmax": "1033,6", "presmin": "1031,2", "hourpresmin": "12", "date": "1975-01-02", "name": "SANTANDER AEROPUERTO", "gust": null, "tmax": "13,5", "longitude": 34932}, {"code": "1109", "hourtmin": null, "hourgust": null, "hourtmax": null, "sun": null, "altitude": "3", "prec": "1,1", "latitude": 432526, "hourpresmax": "21", "province": "CANTABRIA", "tmed": "6,0", "tmin": "-1,0", "avgspeed": "0,0", "presmax": "1035,2", "presmin": "1031,3", "hourpresmin": "04", "date": "1975-01-03", "name": "SANTANDER AEROPUERTO", "gust": null, "tmax": "13,0", "longitude": 34932}, {"code": "1109", "hourtmin": null, "hourgust": null, "hourtmax": null, "sun": null, "altitude": "3", "prec": "3,0", "latitude": 432526, "hourpresmax": "23", "province": "CANTABRIA", "tmed": "9,7", "tmin": "8,4", "avgspeed": "1,1", "presmax": "1037,1", "presmin": "1034,3", "hourpresmin": "04", "date": "1975-01-04", "name": "SANTANDER AEROPUERTO", "gust": null, "tmax": "11,0", "longitude": 34932}, {"code": "1109", "hourtmin": null, "hourgust": null, "hourtmax": null, "sun": null, "altitude": "3", "prec": "0,0", "latitude": 432526, "hourpresmax": "21", "province": "CANTABRIA", "tmed": "5,3", "tmin": "0,0", "avgspeed": "0,0", "presmax": "1037,2", "presmin": "1034,3", "hourpresmin": "24", "date": "1975-01-05", "name": "SANTANDER AEROPUERTO", "gust": null, "tmax": "10,6", "longitude": 34932}, {"code": "1109", "hourtmin": null, "hourgust": null, "hourtmax": null, "sun": null, "altitude": "3", "prec": "0,0", "latitude": 432526, "hourpresmax": "Varias", "province": "CANTABRIA", "tmed": "4,8", "tmin": "-0,8", "avgspeed": "0,6", "presmax": "1034,1", "presmin": "1031,3", "hourpresmin": "14", "date": "1975-01-06", "name": "SANTANDER AEROPUERTO", "gust": null, "tmax": "10,5", "longitude": 34932}, {"code": "1109", "hourtmin": null, "hourgust": null, "hourtmax": null, "sun": null, "altitude": "3", "prec": "0,0", "latitude": 432526, "hourpresmax": "10", "province": "CANTABRIA", "tmed": "8,4", "tmin": "4,5", "avgspeed": "1,1", "presmax": "1034,7", "presmin": "1032,3", "hourpresmin": "15", "date": "1975-01-07", "name": "SANTANDER AEROPUERTO", "gust": null, "tmax": "12,2", "longitude": 34932}, {"code": "1109", "hourtmin": null, "hourgust": null, "hourtmax": null, "sun": null, "altitude": "3", "prec": "0,0", "latitude": 432526, "hourpresmax": "00", "province": "CANTABRIA", "tmed": "9,0", "tmin": "6,0", "avgspeed": "0,6", "presmax": "1033,1", "presmin": "1028,4", "hourpresmin": "24", "date": "1975-01-08", "name": "SANTANDER AEROPUERTO", "gust": null, "tmax": "12,0", "longitude": 34932}, {"code": "1109", "hourtmin": null, "hourgust": null, "hourtmax": null, "sun": null, "altitude": "3", "prec": "0,0", "latitude": 432526, "hourpresmax": "00", "province": "CANTABRIA", "tmed": "10,0", "tmin": "4,0", "avgspeed": "0,0", "presmax": "1028,4", "presmin": "1023,5", "hourpresmin": "24", "date": "1975-01-09", "name": "SANTANDER AEROPUERTO", "gust": null, "tmax": "16,0", "longitude": 34932}, {"code": "1109", "hourtmin": null, "hourgust": null, "hourtmax": null, "sun": null, "altitude": "3", "prec": "0,0", "latitude": 432526, "hourpresmax": "00", "province": "CANTABRIA", "tmed": "6,6", "tmin": "-1,5", "avgspeed": "0,0", "presmax": "1023,5", "presmin": "1020,1", "hourpresmin": "14", "date": "1975-01-10", "name": "SANTANDER AEROPUERTO", "gust": null, "tmax": "14,6", "longitude": 34932}, {"code": "1109", "hourtmin": null, "hourgust": null, "hourtmax": null, "sun": null, "altitude": "3", "prec": "0,0", "latitude": 432526, "hourpresmax": "09", "province": "CANTABRIA", "tmed": "8,3", "tmin": "2,2", "avgspeed": "0,0", "presmax": "1021,6", "presmin": "1018,0", "hourpresmin": "24", "date": "1975-01-11", "name": "SANTANDER AEROPUERTO", "gust": null, "tmax": "14,4", "longitude": 34932}, {"code": "1109", "hourtmin": null, "hourgust": null, "hourtmax": null, "sun": null, "altitude": "3", "prec": "0,0", "latitude": 432526, "hourpresmax": "21", "province": "CANTABRIA", "tmed": "11,4", "tmin": "3,5", "avgspeed": "4,4", "presmax": "1023,5", "presmin": "1017,9", "hourpresmin": "01", "date": "1975-01-12", "name": "SANTANDER AEROPUERTO", "gust": null, "tmax": "19,3", "longitude": 34932}, {"code": "1109", "hourtmin": null, "hourgust": null, "hourtmax": null, "sun": null, "altitude": "3", "prec": "0,0", "latitude": 432526, "hourpresmax": "00", "province": "CANTABRIA", "tmed": "15,2", "tmin": "13,5", "avgspeed": "13,1", "presmax": "1022,9", "presmin": "1007,3", "hourpresmin": "23", "date": "1975-01-13", "name": "SANTANDER AEROPUERTO", "gust": null, "tmax": "17,0", "longitude": 34932}, {"code": "1109", "hourtmin": null, "hourgust": null, "hourtmax": null, "sun": null, "altitude": "3", "prec": "0,0", "latitude": 432526, "hourpresmax": "00", "province": "CANTABRIA", "tmed": "18,0", "tmin": "15,0", "avgspeed": "16,7", "presmax": "1007,5", "presmin": "1002,0", "hourpresmin": "22", "date": "1975-01-14", "name": "SANTANDER AEROPUERTO", "gust": null, "tmax": "21,0", "longitude": 34932}, {"code": "1109", "hourtmin": null, "hourgust": null, "hourtmax": null, "sun": null, "altitude": "3", "prec": "17,0", "latitude": 432526, "hourpresmax": "22", "province": "CANTABRIA", "tmed": "15,7", "tmin": "13,0", "avgspeed": "13,1", "presmax": "1004,9", "presmin": "997,3", "hourpresmin": "08", "date": "1975-01-15", "name": "SANTANDER AEROPUERTO", "gust": null, "tmax": "18,4", "longitude": 34932}, {"code": "1109", "hourtmin": null, "hourgust": null, "hourtmax": null, "sun": null, "altitude": "3", "prec": "3,5", "latitude": 432526, "hourpresmax": "20", "province": "CANTABRIA", "tmed": "10,8", "tmin": "7,6", "avgspeed": "0,0", "presmax": "1013,7", "presmin": "1004,8", "hourpresmin": "00", "date": "1975-01-16", "name": "SANTANDER AEROPUERTO", "gust": null, "tmax": "14,0", "longitude": 34932}, {"code": "1109", "hourtmin": null, "hourgust": null, "hourtmax": null, "sun": null, "altitude": "3", "prec": "6,9", "latitude": 432526, "hourpresmax": "06", "province": "CANTABRIA", "tmed": "12,1", "tmin": "8,0", "avgspeed": "2,8", "presmax": "1014,0", "presmin": "1009,1", "hourpresmin": "24", "date": "1975-01-17", "name": "SANTANDER AEROPUERTO", "gust": null, "tmax": "16,2", "longitude": 34932}, {"code": "1109", "hourtmin": null, "hourgust": null, "hourtmax": null, "sun": null, "altitude": "3", "prec": "32,5", "latitude": 432526, "hourpresmax": "24", "province": "CANTABRIA", "tmed": "10,1", "tmin": "8,0", "avgspeed": "13,1", "presmax": "1025,1", "presmin": "1008,7", "hourpresmin": "01", "date": "1975-01-18", "name": "SANTANDER AEROPUERTO", "gust": null, "tmax": "12,2", "longitude": 34932}, {"code": "1109", "hourtmin": null, "hourgust": null, "hourtmax": null, "sun": null, "altitude": "3", "prec": "4,0", "latitude": 432526, "hourpresmax": "12", "province": "CANTABRIA", "tmed": "9,4", "tmin": "7,5", "avgspeed": "3,3", "presmax": "1032,7", "presmin": "1025,1", "hourpresmin": "00", "date": "1975-01-19", "name": "SANTANDER AEROPUERTO", "gust": null, "tmax": "11,4", "longitude": 34932}, {"code": "1109", "hourtmin": null, "hourgust": null, "hourtmax": null, "sun": null, "altitude": "3", "prec": "15,4", "latitude": 432526, "hourpresmax": "24", "province": "CANTABRIA", "tmed": "10,1", "tmin": "7,0", "avgspeed": "4,4", "presmax": "1031,7", "presmin": "1020,8", "hourpresmin": "08", "date": "1975-01-20", "name": "SANTANDER AEROPUERTO", "gust": null, "tmax": "13,2", "longitude": 34932}, {"code": "1109", "hourtmin": null, "hourgust": null, "hourtmax": null, "sun": null, "altitude": "3", "prec": "8,3", "latitude": 432526, "hourpresmax": "12", "province": "CANTABRIA", "tmed": "8,0", "tmin": "5,5", "avgspeed": "5,6", "presmax": "1036,0", "presmin": "1031,7", "hourpresmin": "00", "date": "1975-01-21", "name": "SANTANDER AEROPUERTO", "gust": null, "tmax": "10,6", "longitude": 34932}, {"code": "1109", "hourtmin": null, "hourgust": null, "hourtmax": null, "sun": null, "altitude": "3", "prec": "0,0", "latitude": 432526, "hourpresmax": "00", "province": "CANTABRIA", "tmed": "9,6", "tmin": "6,0", "avgspeed": "2,8", "presmax": "1034,9", "presmin": "1024,7", "hourpresmin": "24", "date": "1975-01-22", "name": "SANTANDER AEROPUERTO", "gust": null, "tmax": "13,2", "longitude": 34932}, {"code": "1109", "hourtmin": null, "hourgust": null, "hourtmax": null, "sun": null, "altitude": "3", "prec": "19,4", "latitude": 432526, "hourpresmax": "00", "province": "CANTABRIA", "tmed": "10,5", "tmin": "6,8", "avgspeed": "3,6", "presmax": "1024,8", "presmin": "1017,3", "hourpresmin": "21", "date": "1975-01-23", "name": "SANTANDER AEROPUERTO", "gust": null, "tmax": "14,2", "longitude": 34932}, {"code": "1109", "hourtmin": null, "hourgust": null, "hourtmax": null, "sun": null, "altitude": "3", "prec": "2,4", "latitude": 432526, "hourpresmax": "19", "province": "CANTABRIA", "tmed": "13,2", "tmin": "10,5", "avgspeed": "0,6", "presmax": "1022,0", "presmin": "1018,0", "hourpresmin": "00", "date": "1975-01-24", "name": "SANTANDER AEROPUERTO", "gust": null, "tmax": "16,0", "longitude": 34932}, {"code": "1109", "hourtmin": null, "hourgust": null, "hourtmax": null, "sun": null, "altitude": "3", "prec": "0,0", "latitude": 432526, "hourpresmax": "21", "province": "CANTABRIA", "tmed": "15,7", "tmin": "13,0", "avgspeed": "1,9", "presmax": "1026,8", "presmin": "1020,7", "hourpresmin": "05", "date": "1975-01-25", "name": "SANTANDER AEROPUERTO", "gust": null, "tmax": "18,4", "longitude": 34932}, {"code": "1109", "hourtmin": null, "hourgust": null, "hourtmax": null, "sun": null, "altitude": "3", "prec": "6,0", "latitude": 432526, "hourpresmax": "09", "province": "CANTABRIA", "tmed": "15,0", "tmin": "10,0", "avgspeed": "2,2", "presmax": "1026,4", "presmin": "1019,9", "hourpresmin": "24", "date": "1975-01-26", "name": "SANTANDER AEROPUERTO", "gust": null, "tmax": "20,0", "longitude": 34932}, {"code": "1109", "hourtmin": null, "hourgust": null, "hourtmax": null, "sun": null, "altitude": "3", "prec": "0,3", "latitude": 432526, "hourpresmax": "Varias", "province": "CANTABRIA", "tmed": "12,0", "tmin": "10,0", "avgspeed": "6,4", "presmax": "1023,1", "presmin": "1014,5", "hourpresmin": "07", "date": "1975-01-27", "name": "SANTANDER AEROPUERTO", "gust": null, "tmax": "14,0", "longitude": 34932}, {"code": "1109", "hourtmin": null, "hourgust": null, "hourtmax": null, "sun": null, "altitude": "3", "prec": "1,4", "latitude": 432526, "hourpresmax": "24", "province": "CANTABRIA", "tmed": "13,5", "tmin": "9,0", "avgspeed": "3,3", "presmax": "1022,9", "presmin": "1018,8", "hourpresmin": "15", "date": "1975-01-28", "name": "SANTANDER AEROPUERTO", "gust": null, "tmax": "18,0", "longitude": 34932}, {"code": "1109", "hourtmin": null, "hourgust": null, "hourtmax": null, "sun": null, "altitude": "3", "prec": "0,0", "latitude": 432526, "hourpresmax": "20", "province": "CANTABRIA", "tmed": "14,2", "tmin": "11,6", "avgspeed": "0,0", "presmax": "1025,1", "presmin": "1022,8", "hourpresmin": "00", "date": "1975-01-29", "name": "SANTANDER AEROPUERTO", "gust": null, "tmax": "16,8", "longitude": 34932}, {"code": "1109", "hourtmin": null, "hourgust": null, "hourtmax": null, "sun": null, "altitude": "3", "prec": "0,0", "latitude": 432526, "hourpresmax": "09", "province": "CANTABRIA", "tmed": "10,7", "tmin": "6,0", "avgspeed": "0,0", "presmax": "1025,2", "presmin": "1020,5", "hourpresmin": "14", "date": "1975-01-30", "name": "SANTANDER AEROPUERTO", "gust": null, "tmax": "15,4", "longitude": 34932}, {"code": "1109", "hourtmin": null, "hourgust": null, "hourtmax": null, "sun": null, "altitude": "3", "prec": "0,0", "latitude": 432526, "hourpresmax": "24", "province": "CANTABRIA", "tmed": "10,8", "tmin": "7,6", "avgspeed": "1,7", "presmax": "1035,1", "presmin": "1020,8", "hourpresmin": "04", "date": "1975-01-31", "name": "SANTANDER AEROPUERTO", "gust": null, "tmax": "14,0", "longitude": 34932}, {"code": "1109", "hourtmin": null, "hourgust": null, "hourtmax": null, "sun": null, "altitude": "3", "prec": "0,0", "latitude": 432526, "hourpresmax": "01", "province": "CANTABRIA", "tmed": "8,2", "tmin": "3,0", "avgspeed": "4,4", "presmax": "1035,2", "presmin": "1032,1", "hourpresmin": "16", "date": "1975-02-01", "name": "SANTANDER AEROPUERTO", "gust": null, "tmax": "13,4", "longitude": 34932}, {"code": "1109", "hourtmin": null, "hourgust": null, "hourtmax": null, "sun": null, "altitude": "3", "prec": "0,0", "latitude": 432526, "hourpresmax": "00", "province": "CANTABRIA", "tmed": "7,3", "tmin": "3,0", "avgspeed": "3,3", "presmax": "1033,1", "presmin": "1027,6", "hourpresmin": "24", "date": "1975-02-02", "name": "SANTANDER AEROPUERTO", "gust": null, "tmax": "11,6", "longitude": 34932}, {"code": "1109", "hourtmin": null, "hourgust": null, "hourtmax": null, "sun": null, "altitude": "3", "prec": "0,0", "latitude": 432526, "hourpresmax": "00", "province": "CANTABRIA", "tmed": "8,0", "tmin": "4,8", "avgspeed": "1,7", "presmax": "1027,6", "presmin": "1023,9", "hourpresmin": "24", "date": "1975-02-03", "name": "SANTANDER AEROPUERTO", "gust": null, "tmax": "11,2", "longitude": 34932}, {"code": "1109", "hourtmin": null, "hourgust": null, "hourtmax": null, "sun": null, "altitude": "3", "prec": "0,0", "latitude": 432526, "hourpresmax": "00", "province": "CANTABRIA", "tmed": "9,6", "tmin": "7,6", "avgspeed": "0,6", "presmax": "1023,9", "presmin": "1017,1", "hourpresmin": "24", "date": "1975-02-04", "name": "SANTANDER AEROPUERTO", "gust": null, "tmax": "11,6", "longitude": 34932}, {"code": "1109", "hourtmin": null, "hourgust": null, "hourtmax": null, "sun": null, "altitude": "3", "prec": "6,4", "latitude": 432526, "hourpresmax": "00", "province": "CANTABRIA", "tmed": "8,2", "tmin": "5,4", "avgspeed": "0,6", "presmax": "1017,1", "presmin": "1012,8", "hourpresmin": "24", "date": "1975-02-05", "name": "SANTANDER AEROPUERTO", "gust": null, "tmax": "11,0", "longitude": 34932}, {"code": "1109", "hourtmin": null, "hourgust": null, "hourtmax": null, "sun": null, "altitude": "3", "prec": "0,3", "latitude": 432526, "hourpresmax": "24", "province": "CANTABRIA", "tmed": "9,4", "tmin": "5,5", "avgspeed": "5,0", "presmax": "1017,7", "presmin": "1011,2", "hourpresmin": "04", "date": "1975-02-06", "name": "SANTANDER AEROPUERTO", "gust": null, "tmax": "13,4", "longitude": 34932}, {"code": "1109", "hourtmin": null, "hourgust": null, "hourtmax": null, "sun": null, "altitude": "3", "prec": "0,0", "latitude": 432526, "hourpresmax": "00", "province": "CANTABRIA", "tmed": "12,0", "tmin": "8,0", "avgspeed": "5,8", "presmax": "1017,7", "presmin": "1013,6", "hourpresmin": "Varias", "date": "1975-02-07", "name": "SANTANDER AEROPUERTO", "gust": null, "tmax": "16,0", "longitude": 34932}, {"code": "1109", "hourtmin": null, "hourgust": null, "hourtmax": null, "sun": null, "altitude": "3", "prec": "0,0", "latitude": 432526, "hourpresmax": "01", "province": "CANTABRIA", "tmed": "15,0", "tmin": "10,0", "avgspeed": "3,6", "presmax": "1013,9", "presmin": "1009,5", "hourpresmin": "21", "date": "1975-02-08", "name": "SANTANDER AEROPUERTO", "gust": null, "tmax": "20,0", "longitude": 34932}, {"code": "1109", "hourtmin": null, "hourgust": null, "hourtmax": null, "sun": null, "altitude": "3", "prec": "0,0", "latitude": 432526, "hourpresmax": "22", "province": "CANTABRIA", "tmed": "14,4", "tmin": "11,5", "avgspeed": "4,7", "presmax": "1013,9", "presmin": "1009,7", "hourpresmin": "00", "date": "1975-02-09", "name": "SANTANDER AEROPUERTO", "gust": null, "tmax": "17,2", "longitude": 34932}, {"code": "1109", "hourtmin": null, "hourgust": null, "hourtmax": null, "sun": null, "altitude": "3", "prec": "0,0", "latitude": 432526, "hourpresmax": "00", "province": "CANTABRIA", "tmed": "13,7", "tmin": "10,0", "avgspeed": "4,7", "presmax": "1013,7", "presmin": "1008,7", "hourpresmin": "24", "date": "1975-02-10", "name": "SANTANDER AEROPUERTO", "gust": null, "tmax": "17,4", "longitude": 34932}, {"code": "1109", "hourtmin": null, "hourgust": null, "hourtmax": null, "sun": null, "altitude": "3", "prec": "17,2", "latitude": 432526, "hourpresmax": "24", "province": "CANTABRIA", "tmed": "11,1", "tmin": "8,0", "avgspeed": "6,7", "presmax": "1011,5", "presmin": "1005,1", "hourpresmin": "07", "date": "1975-02-11", "name": "SANTANDER AEROPUERTO", "gust": null, "tmax": "14,2", "longitude": 34932}, {"code": "1109", "hourtmin": null, "hourgust": null, "hourtmax": null, "sun": null, "altitude": "3", "prec": "3,1", "latitude": 432526, "hourpresmax": "22", "province": "CANTABRIA", "tmed": "10,2", "tmin": "6,8", "avgspeed": "4,7", "presmax": "1016,1", "presmin": "1011,3", "hourpresmin": "Varias", "date": "1975-02-12", "name": "SANTANDER AEROPUERTO", "gust": null, "tmax": "13,6", "longitude": 34932}, {"code": "1109", "hourtmin": null, "hourgust": null, "hourtmax": null, "sun": null, "altitude": "3", "prec": "4,1", "latitude": 432526, "hourpresmax": "11", "province": "CANTABRIA", "tmed": "11,0", "tmin": "8,0", "avgspeed": "1,1", "presmax": "1019,1", "presmin": "1014,5", "hourpresmin": "03", "date": "1975-02-13", "name": "SANTANDER AEROPUERTO", "gust": null, "tmax": "14,0", "longitude": 34932}, {"code": "1109", "hourtmin": null, "hourgust": null, "hourtmax": null, "sun": null, "altitude": "3", "prec": "14,2", "latitude": 432526, "hourpresmax": "00", "province": "CANTABRIA", "tmed": "10,8", "tmin": "7,0", "avgspeed": "1,4", "presmax": "1016,1", "presmin": "1008,4", "hourpresmin": "18", "date": "1975-02-14", "name": "SANTANDER AEROPUERTO", "gust": null, "tmax": "14,6", "longitude": 34932}, {"code": "1109", "hourtmin": null, "hourgust": null, "hourtmax": null, "sun": null, "altitude": "3", "prec": "1,8", "latitude": 432526, "hourpresmax": "24", "province": "CANTABRIA", "tmed": "10,7", "tmin": "8,2", "avgspeed": null, "presmax": "1023,5", "presmin": "1009,6", "hourpresmin": "00", "date": "1975-02-15", "name": "SANTANDER AEROPUERTO", "gust": null, "tmax": "13,2", "longitude": 34932}, {"code": "1109", "hourtmin": null, "hourgust": null, "hourtmax": null, "sun": null, "altitude": "3", "prec": "0,0", "latitude": 432526, "hourpresmax": "24", "province": "CANTABRIA", "tmed": "9,7", "tmin": "4,0", "avgspeed": "0,0", "presmax": "1028,5", "presmin": "1023,5", "hourpresmin": "00", "date": "1975-02-16", "name": "SANTANDER AEROPUERTO", "gust": null, "tmax": "15,4", "longitude": 34932}, {"code": "1109", "hourtmin": null, "hourgust": null, "hourtmax": null, "sun": null, "altitude": "3", "prec": "0,0", "latitude": 432526, "hourpresmax": "18", "province": "CANTABRIA", "tmed": "9,3", "tmin": "3,0", "avgspeed": "0,6", "presmax": "1029,5", "presmin": "1028,1", "hourpresmin": "04", "date": "1975-02-17", "name": "SANTANDER AEROPUERTO", "gust": null, "tmax": "15,6", "longitude": 34932}, {"code": "1109", "hourtmin": null, "hourgust": null, "hourtmax": null, "sun": null, "altitude": "3", "prec": "0,0", "latitude": 432526, "hourpresmax": "00", "province": "CANTABRIA", "tmed": "9,8", "tmin": "4,5", "avgspeed": "0,0", "presmax": "1028,9", "presmin": "1026,3", "hourpresmin": "15", "date": "1975-02-18", "name": "SANTANDER AEROPUERTO", "gust": null, "tmax": "15,0", "longitude": 34932}, {"code": "1109", "hourtmin": null, "hourgust": null, "hourtmax": null, "sun": null, "altitude": "3", "prec": "0,0", "latitude": 432526, "hourpresmax": "00", "province": "CANTABRIA", "tmed": "12,2", "tmin": "10,0", "avgspeed": "1,9", "presmax": "1026,7", "presmin": "1022,5", "hourpresmin": "24", "date": "1975-02-19", "name": "SANTANDER AEROPUERTO", "gust": null, "tmax": "14,4", "longitude": 34932}, {"code": "1109", "hourtmin": null, "hourgust": null, "hourtmax": null, "sun": null, "altitude": "3", "prec": "0,0", "latitude": 432526, "hourpresmax": "24", "province": "CANTABRIA", "tmed": "9,8", "tmin": "5,5", "avgspeed": "0,6", "presmax": "1022,5", "presmin": "1018,7", "hourpresmin": "16", "date": "1975-02-20", "name": "SANTANDER AEROPUERTO", "gust": null, "tmax": "14,0", "longitude": 34932}, {"code": "1109", "hourtmin": null, "hourgust": null, "hourtmax": null, "sun": null, "altitude": "3", "prec": "0,0", "latitude": 432526, "hourpresmax": "22", "province": "CANTABRIA", "tmed": "10,6", "tmin": "7,0", "avgspeed": "0,0", "presmax": "1021,5", "presmin": "1018,9", "hourpresmin": "04", "date": "1975-02-21", "name": "SANTANDER AEROPUERTO", "gust": null, "tmax": "14,2", "longitude": 34932}, {"code": "1109", "hourtmin": null, "hourgust": null, "hourtmax": null, "sun": null, "altitude": "3", "prec": "0,0", "latitude": 432526, "hourpresmax": "24", "province": "CANTABRIA", "tmed": "14,6", "tmin": "9,0", "avgspeed": "3,1", "presmax": "1024,8", "presmin": "1019,7", "hourpresmin": "15", "date": "1975-02-22", "name": "SANTANDER AEROPUERTO", "gust": null, "tmax": "20,2", "longitude": 34932}, {"code": "1109", "hourtmin": null, "hourgust": null, "hourtmax": null, "sun": null, "altitude": "3", "prec": "0,0", "latitude": 432526, "hourpresmax": "24", "province": "CANTABRIA", "tmed": "13,5", "tmin": "9,0", "avgspeed": "1,4", "presmax": "1029,2", "presmin": "1024,8", "hourpresmin": "Varias", "date": "1975-02-23", "name": "SANTANDER AEROPUERTO", "gust": null, "tmax": "18,0", "longitude": 34932}, {"code": "1109", "hourtmin": null, "hourgust": null, "hourtmax": null, "sun": null, "altitude": "3", "prec": "0,0", "latitude": 432526, "hourpresmax": "10", "province": "CANTABRIA", "tmed": "11,1", "tmin": "8,2", "avgspeed": "0,0", "presmax": "1030,4", "presmin": "1027,2", "hourpresmin": "24", "date": "1975-02-24", "name": "SANTANDER AEROPUERTO", "gust": null, "tmax": "14,0", "longitude": 34932}, {"code": "1109", "hourtmin": null, "hourgust": null, "hourtmax": null, "sun": null, "altitude": "3", "prec": "0,0", "latitude": 432526, "hourpresmax": "00", "province": "CANTABRIA", "tmed": "8,4", "tmin": "1,8", "avgspeed": "1,9", "presmax": "1027,2", "presmin": "1017,6", "hourpresmin": "18", "date": "1975-02-25", "name": "SANTANDER AEROPUERTO", "gust": null, "tmax": "15,0", "longitude": 34932}, {"code": "1109", "hourtmin": null, "hourgust": null, "hourtmax": null, "sun": null, "altitude": "3", "prec": "0,0", "latitude": 432526, "hourpresmax": "12", "province": "CANTABRIA", "tmed": "15,5", "tmin": "12,0", "avgspeed": "5,6", "presmax": "1023,1", "presmin": "1019,1", "hourpresmin": "00", "date": "1975-02-26", "name": "SANTANDER AEROPUERTO", "gust": null, "tmax": "19,0", "longitude": 34932}, {"code": "1109", "hourtmin": null, "hourgust": null, "hourtmax": null, "sun": null, "altitude": "3", "prec": "0,0", "latitude": 432526, "hourpresmax": "00", "province": "CANTABRIA", "tmed": "15,1", "tmin": "9,6", "avgspeed": "10,0", "presmax": "1022,5", "presmin": "1018,4", "hourpresmin": "24", "date": "1975-02-27", "name": "SANTANDER AEROPUERTO", "gust": null, "tmax": "20,6", "longitude": 34932}, {"code": "1109", "hourtmin": null, "hourgust": null, "hourtmax": null, "sun": null, "altitude": "3", "prec": "0,0", "latitude": 432526, "hourpresmax": "00", "province": "CANTABRIA", "tmed": "16,4", "tmin": "14,2", "avgspeed": "5,6", "presmax": "1018,4", "presmin": "1013,1", "hourpresmin": "18", "date": "1975-02-28", "name": "SANTANDER AEROPUERTO", "gust": null, "tmax": "18,6", "longitude": 34932}, {"code": "1109", "hourtmin": null, "hourgust": null, "hourtmax": null, "sun": null, "altitude": "3", "prec": "7,5", "latitude": 432526, "hourpresmax": "23", "province": "CANTABRIA", "tmed": "15,7", "tmin": "13,0", "avgspeed": "7,5", "presmax": "1014,1", "presmin": "1009,1", "hourpresmin": "15", "date": "1975-03-01", "name": "SANTANDER AEROPUERTO", "gust": null, "tmax": "18,4", "longitude": 34932}, {"code": "1109", "hourtmin": null, "hourgust": null, "hourtmax": null, "sun": null, "altitude": "3", "prec": "0,0", "latitude": 432526, "hourpresmax": "10", "province": "CANTABRIA", "tmed": "12,2", "tmin": "5,5", "avgspeed": "5,6", "presmax": "1015,3", "presmin": "1006,1", "hourpresmin": "24", "date": "1975-03-02", "name": "SANTANDER AEROPUERTO", "gust": null, "tmax": "19,0", "longitude": 34932}, {"code": "1109", "hourtmin": null, "hourgust": null, "hourtmax": null, "sun": null, "altitude": "3", "prec": "2,7", "latitude": 432526, "hourpresmax": "03", "province": "CANTABRIA", "tmed": "11,8", "tmin": "6,0", "avgspeed": "3,3", "presmax": "1006,3", "presmin": "1001,6", "hourpresmin": "18", "date": "1975-03-03", "name": "SANTANDER AEROPUERTO", "gust": null, "tmax": "17,5", "longitude": 34932}, {"code": "1109", "hourtmin": null, "hourgust": null, "hourtmax": null, "sun": null, "altitude": "3", "prec": "0,9", "latitude": 432526, "hourpresmax": "24", "province": "CANTABRIA", "tmed": "11,7", "tmin": "8,0", "avgspeed": "1,9", "presmax": "1009,3", "presmin": "1003,5", "hourpresmin": "00", "date": "1975-03-04", "name": "SANTANDER AEROPUERTO", "gust": null, "tmax": "15,4", "longitude": 34932}, {"code": "1109", "hourtmin": null, "hourgust": null, "hourtmax": null, "sun": null, "altitude": "3", "prec": "3,0", "latitude": 432526, "hourpresmax": "24", "province": "CANTABRIA", "tmed": "11,0", "tmin": "8,0", "avgspeed": "1,7", "presmax": "1021,6", "presmin": "1009,3", "hourpresmin": "00", "date": "1975-03-05", "name": "SANTANDER AEROPUERTO", "gust": null, "tmax": "14,0", "longitude": 34932}, {"code": "1109", "hourtmin": null, "hourgust": null, "hourtmax": null, "sun": null, "altitude": "3", "prec": "2,9", "latitude": 432526, "hourpresmax": "Varias", "province": "CANTABRIA", "tmed": "10,0", "tmin": "4,0", "avgspeed": "0,0", "presmax": "1035,5", "presmin": "1019,9", "hourpresmin": "15", "date": "1975-03-06", "name": "SANTANDER AEROPUERTO", "gust": null, "tmax": "16,0", "longitude": 34932}, {"code": "1109", "hourtmin": null, "hourgust": null, "hourtmax": null, "sun": null, "altitude": "3", "prec": "4,8", "latitude": 432526, "hourpresmax": "18", "province": "CANTABRIA", "tmed": "12,8", "tmin": "11,0", "avgspeed": "1,7", "presmax": "1021,3", "presmin": "1016,4", "hourpresmin": "24", "date": "1975-03-07", "name": "SANTANDER AEROPUERTO", "gust": null, "tmax": "14,6", "longitude": 34932}, {"code": "1109", "hourtmin": null, "hourgust": null, "hourtmax": null, "sun": null, "altitude": "3", "prec": "28,5", "latitude": 432526, "hourpresmax": "00", "province": "CANTABRIA", "tmed": "13,5", "tmin": "10,6", "avgspeed": "7,5", "presmax": "1016,4", "presmin": "1008,0", "hourpresmin": "Varias", "date": "1975-03-08", "name": "SANTANDER AEROPUERTO", "gust": null, "tmax": "16,4", "longitude": 34932}, {"code": "1109", "hourtmin": null, "hourgust": null, "hourtmax": null, "sun": null, "altitude": "3", "prec": "18,3", "latitude": 432526, "hourpresmax": "11", "province": "CANTABRIA", "tmed": "10,0", "tmin": "6,0", "avgspeed": "6,4", "presmax": "1017,9", "presmin": "1010,7", "hourpresmin": "Varias", "date": "1975-03-09", "name": "SANTANDER AEROPUERTO", "gust": null, "tmax": "14,0", "longitude": 34932}, {"code": "1109", "hourtmin": null, "hourgust": null, "hourtmax": null, "sun": null, "altitude": "3", "prec": "29,5", "latitude": 432526, "hourpresmax": "00", "province": "CANTABRIA", "tmed": "6,0", "tmin": "4,5", "avgspeed": "2,2", "presmax": "1014,9", "presmin": "1010,7", "hourpresmin": "17", "date": "1975-03-10", "name": "SANTANDER AEROPUERTO", "gust": null, "tmax": "7,6", "longitude": 34932}, {"code": "1109", "hourtmin": null, "hourgust": null, "hourtmax": null, "sun": null, "altitude": "3", "prec": "3,3", "latitude": 432526, "hourpresmax": "24", "province": "CANTABRIA", "tmed": "7,8", "tmin": "4,5", "avgspeed": "2,2", "presmax": "1014,1", "presmin": "1011,9", "hourpresmin": "05", "date": "1975-03-11", "name": "SANTANDER AEROPUERTO", "gust": null, "tmax": "11,0", "longitude": 34932}, {"code": "1109", "hourtmin": null, "hourgust": null, "hourtmax": null, "sun": null, "altitude": "3", "prec": "1,0", "latitude": 432526, "hourpresmax": "24", "province": "CANTABRIA", "tmed": "9,2", "tmin": "7,0", "avgspeed": "3,6", "presmax": "1017,9", "presmin": "1013,5", "hourpresmin": "Varias", "date": "1975-03-12", "name": "SANTANDER AEROPUERTO", "gust": null, "tmax": "11,4", "longitude": 34932}, {"code": "1109", "hourtmin": null, "hourgust": null, "hourtmax": null, "sun": null, "altitude": "3", "prec": "31,7", "latitude": 432526, "hourpresmax": "23", "province": "CANTABRIA", "tmed": "8,4", "tmin": "7,0", "avgspeed": "5,3", "presmax": "1020,0", "presmin": "1017,5", "hourpresmin": "05", "date": "1975-03-13", "name": "SANTANDER AEROPUERTO", "gust": null, "tmax": "9,8", "longitude": 34932}, {"code": "1109", "hourtmin": null, "hourgust": null, "hourtmax": null, "sun": null, "altitude": "3", "prec": "33,6", "latitude": 432526, "hourpresmax": "13", "province": "CANTABRIA", "tmed": "8,0", "tmin": "7,0", "avgspeed": "3,1", "presmax": "1020,5", "presmin": "1019,5", "hourpresmin": "05", "date": "1975-03-14", "name": "SANTANDER AEROPUERTO", "gust": null, "tmax": "9,0", "longitude": 34932}, {"code": "1109", "hourtmin": null, "hourgust": null, "hourtmax": null, "sun": null, "altitude": "3", "prec": "21,3", "latitude": 432526, "hourpresmax": "22", "province": "CANTABRIA", "tmed": "8,6", "tmin": "6,4", "avgspeed": "3,9", "presmax": "1021,7", "presmin": "1020,1", "hourpresmin": "03", "date": "1975-03-15", "name": "SANTANDER AEROPUERTO", "gust": null, "tmax": "10,8", "longitude": 34932}, {"code": "1109", "hourtmin": null, "hourgust": null, "hourtmax": null, "sun": null, "altitude": "3", "prec": "Ip", "latitude": 432526, "hourpresmax": "Varias", "province": "CANTABRIA", "tmed": "7,8", "tmin": "3,5", "avgspeed": "4,7", "presmax": "1021,5", "presmin": "1011,3", "hourpresmin": "24", "date": "1975-03-16", "name": "SANTANDER AEROPUERTO", "gust": null, "tmax": "12,0", "longitude": 34932}, {"code": "1109", "hourtmin": null, "hourgust": null, "hourtmax": null, "sun": null, "altitude": "3", "prec": "1,1", "latitude": 432526, "hourpresmax": "00", "province": "CANTABRIA", "tmed": "12,1", "tmin": "8,2", "avgspeed": "3,3", "presmax": "1011,3", "presmin": "1006,0", "hourpresmin": "13", "date": "1975-03-17", "name": "SANTANDER AEROPUERTO", "gust": null, "tmax": "16,0", "longitude": 34932}, {"code": "1109", "hourtmin": null, "hourgust": null, "hourtmax": null, "sun": null, "altitude": "3", "prec": "0,0", "latitude": 432526, "hourpresmax": "22", "province": "CANTABRIA", "tmed": "7,7", "tmin": "6,8", "avgspeed": "5,6", "presmax": "1017,6", "presmin": "1007,1", "hourpresmin": "00", "date": "1975-03-18", "name": "SANTANDER AEROPUERTO", "gust": null, "tmax": "8,6", "longitude": 34932}, {"code": "1109", "hourtmin": null, "hourgust": null, "hourtmax": null, "sun": null, "altitude": "3", "prec": "3,0", "latitude": 432526, "hourpresmax": "24", "province": "CANTABRIA", "tmed": "5,6", "tmin": "3,0", "avgspeed": "5,0", "presmax": "1019,9", "presmin": "1016,8", "hourpresmin": "Varias", "date": "1975-03-19", "name": "SANTANDER AEROPUERTO", "gust": null, "tmax": "8,2", "longitude": 34932}, {"code": "1109", "hourtmin": null, "hourgust": null, "hourtmax": null, "sun": null, "altitude": "3", "prec": "58,2", "latitude": 432526, "hourpresmax": "Varias", "province": "CANTABRIA", "tmed": "5,2", "tmin": "2,5", "avgspeed": "10,0", "presmax": "1024,0", "presmin": "1019,5", "hourpresmin": "05", "date": "1975-03-20", "name": "SANTANDER AEROPUERTO", "gust": null, "tmax": "8,0", "longitude": 34932}, {"code": "1109", "hourtmin": null, "hourgust": null, "hourtmax": null, "sun": null, "altitude": "3", "prec": "0,0", "latitude": 432526, "hourpresmax": "22", "province": "CANTABRIA", "tmed": "9,5", "tmin": "7,0", "avgspeed": "4,2", "presmax": "1032,0", "presmin": "1023,7", "hourpresmin": "01", "date": "1975-03-21", "name": "SANTANDER AEROPUERTO", "gust": null, "tmax": "12,0", "longitude": 34932}, {"code": "1109", "hourtmin": null, "hourgust": null, "hourtmax": null, "sun": null, "altitude": "3", "prec": "8,3", "latitude": 432526, "hourpresmax": "00", "province": "CANTABRIA", "tmed": "8,9", "tmin": "3,4", "avgspeed": "3,9", "presmax": "1031,5", "presmin": "1021,2", "hourpresmin": "19", "date": "1975-03-22", "name": "SANTANDER AEROPUERTO", "gust": null, "tmax": "14,4", "longitude": 34932}, {"code": "1109", "hourtmin": null, "hourgust": null, "hourtmax": null, "sun": null, "altitude": "3", "prec": "7,4", "latitude": 432526, "hourpresmax": "00", "province": "CANTABRIA", "tmed": "8,4", "tmin": "5,5", "avgspeed": "3,9", "presmax": "1021,7", "presmin": "1019,7", "hourpresmin": "18", "date": "1975-03-23", "name": "SANTANDER AEROPUERTO", "gust": null, "tmax": "11,4", "longitude": 34932}, {"code": "1109", "hourtmin": null, "hourgust": null, "hourtmax": null, "sun": null, "altitude": "3", "prec": "2,3", "latitude": 432526, "hourpresmax": "24", "province": "CANTABRIA", "tmed": "8,8", "tmin": "5,5", "avgspeed": "1,1", "presmax": "1025,7", "presmin": "1020,8", "hourpresmin": "04", "date": "1975-03-24", "name": "SANTANDER AEROPUERTO", "gust": null, "tmax": "12,0", "longitude": 34932}, {"code": "1109", "hourtmin": null, "hourgust": null, "hourtmax": null, "sun": null, "altitude": "3", "prec": "0,0", "latitude": 432526, "hourpresmax": "00", "province": "CANTABRIA", "tmed": "10,8", "tmin": "8,5", "avgspeed": "1,1", "presmax": "1025,7", "presmin": "1019,1", "hourpresmin": "24", "date": "1975-03-25", "name": "SANTANDER AEROPUERTO", "gust": null, "tmax": "13,0", "longitude": 34932}, {"code": "1109", "hourtmin": null, "hourgust": null, "hourtmax": null, "sun": null, "altitude": "3", "prec": "0,0", "latitude": 432526, "hourpresmax": "00", "province": "CANTABRIA", "tmed": "8,0", "tmin": "3,0", "avgspeed": "1,1", "presmax": "1019,1", "presmin": "1010,9", "hourpresmin": "24", "date": "1975-03-26", "name": "SANTANDER AEROPUERTO", "gust": null, "tmax": "13,0", "longitude": 34932}, {"code": "1109", "hourtmin": null, "hourgust": null, "hourtmax": null, "sun": null, "altitude": "3", "prec": "10,6", "latitude": 432526, "hourpresmax": "00", "province": "CANTABRIA", "avgspeed": null, "presmax": "1010,9", "presmin": "1007,1", "hourpresmin": "15", "date": "1975-03-27", "name": "SANTANDER AEROPUERTO", "gust": null, "longitude": 34932}, {"code": "1109", "hourtmin": null, "hourgust": null, "hourtmax": null, "sun": null, "altitude": "3", "prec": "4,1", "latitude": 432526, "hourpresmax": "Varias", "province": "CANTABRIA", "tmed": "8,6", "tmin": "8,0", "avgspeed": "4,7", "presmax": "1010,0", "presmin": "1006,3", "hourpresmin": "05", "date": "1975-03-28", "name": "SANTANDER AEROPUERTO", "gust": null, "tmax": "9,2", "longitude": 34932}, {"code": "1109", "hourtmin": null, "hourgust": null, "hourtmax": null, "sun": null, "altitude": "3", "prec": "1,0", "latitude": 432526, "hourpresmax": "24", "province": "CANTABRIA", "tmed": "7,6", "tmin": "4,6", "avgspeed": "4,7", "presmax": "1014,4", "presmin": "1008,7", "hourpresmin": "04", "date": "1975-03-29", "name": "SANTANDER AEROPUERTO", "gust": null, "tmax": "10,6", "longitude": 34932}, {"code": "1109", "hourtmin": null, "hourgust": null, "hourtmax": null, "sun": null, "altitude": "3", "prec": "20,7", "latitude": 432526, "hourpresmax": "11", "province": "CANTABRIA", "tmed": "7,0", "tmin": "3,0", "avgspeed": "3,1", "presmax": "1016,7", "presmin": "1013,1", "hourpresmin": "24", "date": "1975-03-30", "name": "SANTANDER AEROPUERTO", "gust": null, "tmax": "11,0", "longitude": 34932}, {"code": "1109", "hourtmin": null, "hourgust": null, "hourtmax": null, "sun": null, "altitude": "3", "prec": "4,6", "latitude": 432526, "hourpresmax": "24", "province": "CANTABRIA", "tmed": "7,5", "tmin": "5,2", "avgspeed": "5,8", "presmax": "1022,5", "presmin": "1013,1", "hourpresmin": "00", "date": "1975-03-31", "name": "SANTANDER AEROPUERTO", "gust": null, "tmax": "9,8", "longitude": 34932}, {"code": "1109", "hourtmin": null, "hourgust": null, "hourtmax": null, "sun": null, "altitude": "3", "prec": "4,6", "latitude": 432526, "hourpresmax": "Varias", "province": "CANTABRIA", "tmed": "8,8", "tmin": "7,0", "avgspeed": "2,2", "presmax": "1023,3", "presmin": "1021,3", "hourpresmin": "05", "date": "1975-04-01", "name": "SANTANDER AEROPUERTO", "gust": null, "tmax": "10,6", "longitude": 34932}, {"code": "1109", "hourtmin": null, "hourgust": null, "hourtmax": null, "sun": null, "altitude": "3", "prec": "1,5", "latitude": 432526, "hourpresmax": "00", "province": "CANTABRIA", "tmed": "8,7", "tmin": "6,0", "avgspeed": "3,9", "presmax": "1023,5", "presmin": "1016,1", "hourpresmin": "24", "date": "1975-04-02", "name": "SANTANDER AEROPUERTO", "gust": null, "tmax": "11,4", "longitude": 34932}, {"code": "1109", "hourtmin": null, "hourgust": null, "hourtmax": null, "sun": null, "altitude": "3", "prec": "13,6", "latitude": 432526, "hourpresmax": "00", "province": "CANTABRIA", "tmed": "9,0", "tmin": "8,0", "avgspeed": "3,6", "presmax": "1016,1", "presmin": "1011,9", "hourpresmin": "10", "date": "1975-04-03", "name": "SANTANDER AEROPUERTO", "gust": null, "tmax": "10,0", "longitude": 34932}, {"code": "1109", "hourtmin": null, "hourgust": null, "hourtmax": null, "sun": null, "altitude": "3", "prec": "28,9", "latitude": 432526, "hourpresmax": "10", "province": "CANTABRIA", "tmed": "6,8", "tmin": "3,5", "avgspeed": "2,8", "presmax": "1013,6", "presmin": "1011,7", "hourpresmin": "16", "date": "1975-04-04", "name": "SANTANDER AEROPUERTO", "gust": null, "tmax": "10,0", "longitude": 34932}, {"code": "1109", "hourtmin": null, "hourgust": null, "hourtmax": null, "sun": null, "altitude": "3", "prec": "13,5", "latitude": 432526, "hourpresmax": "24", "province": "CANTABRIA", "tmed": "4,7", "tmin": "2,0", "avgspeed": "3,6", "presmax": "1016,0", "presmin": "1011,1", "hourpresmin": "04", "date": "1975-04-05", "name": "SANTANDER AEROPUERTO", "gust": null, "tmax": "7,4", "longitude": 34932}, {"code": "1109", "hourtmin": null, "hourgust": null, "hourtmax": null, "sun": null, "altitude": "3", "prec": "46,6", "latitude": 432526, "hourpresmax": "24", "province": "CANTABRIA", "tmed": "6,0", "tmin": "2,0", "avgspeed": "5,0", "presmax": "1016,8", "presmin": "1011,1", "hourpresmin": "11", "date": "1975-04-06", "name": "SANTANDER AEROPUERTO", "gust": null, "tmax": "10,0", "longitude": 34932}, {"code": "1109", "hourtmin": null, "hourgust": null, "hourtmax": null, "sun": null, "altitude": "3", "prec": "4,0", "latitude": 432526, "hourpresmax": "24", "province": "CANTABRIA", "tmed": "8,2", "tmin": "3,8", "avgspeed": "3,3", "presmax": "1023,6", "presmin": "1016,7", "hourpresmin": "00", "date": "1975-04-07", "name": "SANTANDER AEROPUERTO", "gust": null, "tmax": "12,5", "longitude": 34932}, {"code": "1109", "hourtmin": null, "hourgust": null, "hourtmax": null, "sun": null, "altitude": "3", "prec": "8,8", "latitude": 432526, "hourpresmax": "00", "province": "CANTABRIA", "tmed": "10,0", "tmin": "6,0", "avgspeed": "4,2", "presmax": "1023,6", "presmin": "1021,5", "hourpresmin": "24", "date": "1975-04-08", "name": "SANTANDER AEROPUERTO", "gust": null, "tmax": "14,0", "longitude": 34932}, {"code": "1109", "hourtmin": null, "hourgust": null, "hourtmax": null, "sun": null, "altitude": "3", "prec": "12,7", "latitude": 432526, "hourpresmax": "24", "province": "CANTABRIA", "tmed": "7,6", "tmin": "5,2", "avgspeed": "3,9", "presmax": "1026,1", "presmin": "1019,9", "hourpresmin": "05", "date": "1975-04-09", "name": "SANTANDER AEROPUERTO", "gust": null, "tmax": "10,0", "longitude": 34932}, {"code": "1109", "hourtmin": null, "hourgust": null, "hourtmax": null, "sun": null, "altitude": "3", "prec": "2,5", "latitude": 432526, "hourpresmax": "22", "province": "CANTABRIA", "tmed": "7,1", "tmin": "3,4", "avgspeed": "3,9", "presmax": "1030,5", "presmin": "1026,1", "hourpresmin": "Varias", "date": "1975-04-10", "name": "SANTANDER AEROPUERTO", "gust": null, "tmax": "10,8", "longitude": 34932}, {"code": "1109", "hourtmin": null, "hourgust": null, "hourtmax": null, "sun": null, "altitude": "3", "prec": "1,9", "latitude": 432526, "hourpresmax": "22", "province": "CANTABRIA", "tmed": "10,1", "tmin": "6,6", "avgspeed": "3,9", "presmax": "1032,1", "presmin": "1029,5", "hourpresmin": "05", "date": "1975-04-11", "name": "SANTANDER AEROPUERTO", "gust": null, "tmax": "13,6", "longitude": 34932}, {"code": "1109", "hourtmin": null, "hourgust": null, "hourtmax": null, "sun": null, "altitude": "3", "prec": "Ip", "latitude": 432526, "hourpresmax": "11", "province": "CANTABRIA", "tmed": "10,3", "tmin": "7,0", "avgspeed": "2,2", "presmax": "1032,0", "presmin": "1029,9", "hourpresmin": "07", "date": "1975-04-12", "name": "SANTANDER AEROPUERTO", "gust": null, "tmax": "13,6", "longitude": 34932}, {"code": "1109", "hourtmin": null, "hourgust": null, "hourtmax": null, "sun": null, "altitude": "3", "prec": "0,0", "latitude": 432526, "hourpresmax": "00", "province": "CANTABRIA", "tmed": "9,7", "tmin": "4,0", "avgspeed": "3,3", "presmax": "1030,3", "presmin": "1021,5", "hourpresmin": "24", "date": "1975-04-13", "name": "SANTANDER AEROPUERTO", "gust": null, "tmax": "15,4", "longitude": 34932}, {"code": "1109", "hourtmin": null, "hourgust": null, "hourtmax": null, "sun": null, "altitude": "3", "prec": "0,0", "latitude": 432526, "hourpresmax": "07", "province": "CANTABRIA", "tmed": "13,6", "tmin": "8,6", "avgspeed": "0,0", "presmax": "1021,6", "presmin": "1019,1", "hourpresmin": "24", "date": "1975-04-14", "name": "SANTANDER AEROPUERTO", "gust": null, "tmax": "18,6", "longitude": 34932}, {"code": "1109", "hourtmin": null, "hourgust": null, "hourtmax": null, "sun": null, "altitude": "3", "prec": "3,7", "latitude": 432526, "hourpresmax": "24", "province": "CANTABRIA", "tmed": "14,0", "tmin": "10,0", "avgspeed": null, "presmax": "1023,7", "presmin": "1018,8", "hourpresmin": "Varias", "date": "1975-04-15", "name": "SANTANDER AEROPUERTO", "gust": null, "tmax": "18,0", "longitude": 34932}, {"code": "1109", "hourtmin": null, "hourgust": null, "hourtmax": null, "sun": null, "altitude": "3", "prec": "10,6", "latitude": 432526, "hourpresmax": "23", "province": "CANTABRIA", "tmed": "13,0", "tmin": "10,5", "avgspeed": null, "presmax": "1027,1", "presmin": "1023,3", "hourpresmin": "04", "date": "1975-04-16", "name": "SANTANDER AEROPUERTO", "gust": null, "tmax": "15,5", "longitude": 34932}, {"code": "1109", "hourtmin": null, "hourgust": null, "hourtmax": null, "sun": null, "altitude": "3", "prec": "12,8", "latitude": 432526, "hourpresmax": "00", "province": "CANTABRIA", "tmed": "14,2", "tmin": "8,5", "avgspeed": null, "presmax": "1026,8", "presmin": "1017,6", "hourpresmin": "24", "date": "1975-04-17", "name": "SANTANDER AEROPUERTO", "gust": null, "tmax": "20,0", "longitude": 34932}, {"code": "1109", "hourtmin": null, "hourgust": null, "hourtmax": null, "sun": null, "altitude": "3", "prec": "13,3", "latitude": 432526, "hourpresmax": "00", "province": "CANTABRIA", "tmed": "13,2", "tmin": "12,5", "avgspeed": null, "presmax": "1017,6", "presmin": "1012,4", "hourpresmin": "07", "date": "1975-04-18", "name": "SANTANDER AEROPUERTO", "gust": null, "tmax": "14,0", "longitude": 34932}, {"code": "1109", "hourtmin": null, "hourgust": null, "hourtmax": null, "sun": null, "altitude": "3", "prec": "0,7", "latitude": 432526, "hourpresmax": "24", "province": "CANTABRIA", "tmed": "11,6", "tmin": "9,6", "avgspeed": null, "presmax": "1025,5", "presmin": "1017,5", "hourpresmin": "00", "date": "1975-04-19", "name": "SANTANDER AEROPUERTO", "gust": null, "tmax": "13,5", "longitude": 34932}, {"code": "1109", "hourtmin": null, "hourgust": null, "hourtmax": null, "sun": null, "altitude": "3", "prec": "0,0", "latitude": 432526, "hourpresmax": "10", "province": "CANTABRIA", "tmed": "11,4", "tmin": "9,4", "avgspeed": null, "presmax": "1026,9", "presmin": "1025,5", "hourpresmin": "Varias", "date": "1975-04-20", "name": "SANTANDER AEROPUERTO", "gust": null, "tmax": "13,4", "longitude": 34932}, {"code": "1109", "hourtmin": null, "hourgust": null, "hourtmax": null, "sun": null, "altitude": "3", "prec": "18,5", "latitude": 432526, "hourpresmax": "00", "province": "CANTABRIA", "tmed": "10,8", "tmin": "5,5", "avgspeed": null, "presmax": "1025,7", "presmin": "1019,2", "hourpresmin": "18", "date": "1975-04-21", "name": "SANTANDER AEROPUERTO", "gust": null, "tmax": "16,0", "longitude": 34932}, {"code": "1109", "hourtmin": null, "hourgust": null, "hourtmax": null, "sun": null, "altitude": "3", "prec": "8,5", "latitude": 432526, "hourpresmax": "24", "province": "CANTABRIA", "tmed": "11,5", "tmin": "10,0", "avgspeed": null, "presmax": "1021,5", "presmin": "1018,5", "hourpresmin": "06", "date": "1975-04-22", "name": "SANTANDER AEROPUERTO", "gust": null, "tmax": "13,0", "longitude": 34932}, {"code": "1109", "hourtmin": null, "hourgust": null, "hourtmax": null, "sun": null, "altitude": "3", "prec": "0,0", "latitude": 432526, "hourpresmax": "11", "province": "CANTABRIA", "tmed": "13,3", "tmin": "9,4", "avgspeed": null, "presmax": "1021,9", "presmin": "1020,7", "hourpresmin": "05", "date": "1975-04-23", "name": "SANTANDER AEROPUERTO", "gust": null, "tmax": "17,2", "longitude": 34932}, {"code": "1109", "hourtmin": null, "hourgust": null, "hourtmax": null, "sun": null, "altitude": "3", "prec": "0,0", "latitude": 432526, "hourpresmax": "23", "province": "CANTABRIA", "tmed": "13,8", "tmin": "10,5", "avgspeed": null, "presmax": "1021,7", "presmin": "1020,4", "hourpresmin": "04", "date": "1975-04-24", "name": "SANTANDER AEROPUERTO", "gust": null, "tmax": "17,0", "longitude": 34932}, {"code": "1109", "hourtmin": null, "hourgust": null, "hourtmax": null, "sun": null, "altitude": "3", "prec": "0,0", "latitude": 432526, "hourpresmax": "21", "province": "CANTABRIA", "tmed": "14,3", "tmin": "11,0", "avgspeed": null, "presmax": "1022,0", "presmin": "1021,1", "hourpresmin": "04", "date": "1975-04-25", "name": "SANTANDER AEROPUERTO", "gust": null, "tmax": "17,6", "longitude": 34932}, {"code": "1109", "hourtmin": null, "hourgust": null, "hourtmax": null, "sun": null, "altitude": "3", "prec": "0,0", "latitude": 432526, "hourpresmax": "00", "province": "CANTABRIA", "tmed": "13,8", "tmin": "11,0", "avgspeed": null, "presmax": "1021,9", "presmin": "1017,3", "hourpresmin": "12", "date": "1975-04-26", "name": "SANTANDER AEROPUERTO", "gust": null, "tmax": "16,5", "longitude": 34932}, {"code": "1109", "hourtmin": null, "hourgust": null, "hourtmax": null, "sun": null, "altitude": "3", "prec": "0,0", "latitude": 432526, "hourpresmax": "00", "province": "CANTABRIA", "tmed": "12,8", "tmin": "7,0", "avgspeed": null, "presmax": "1018,8", "presmin": "1016,4", "hourpresmin": "18", "date": "1975-04-27", "name": "SANTANDER AEROPUERTO", "gust": null, "tmax": "18,5", "longitude": 34932}, {"code": "1109", "hourtmin": null, "hourgust": null, "hourtmax": null, "sun": null, "altitude": "3", "prec": "0,0", "latitude": 432526, "hourpresmax": "00", "province": "CANTABRIA", "tmed": "14,1", "tmin": "9,2", "avgspeed": null, "presmax": "1016,8", "presmin": "1012,5", "hourpresmin": "19", "date": "1975-04-28", "name": "SANTANDER AEROPUERTO", "gust": null, "tmax": "19,0", "longitude": 34932}, {"code": "1109", "hourtmin": null, "hourgust": null, "hourtmax": null, "sun": null, "altitude": "3", "prec": "25,0", "latitude": 432526, "hourpresmax": "24", "province": "CANTABRIA", "tmed": "14,8", "tmin": "9,0", "avgspeed": null, "presmax": "1021,5", "presmin": "1011,3", "hourpresmin": "05", "date": "1975-04-29", "name": "SANTANDER AEROPUERTO", "gust": null, "tmax": "20,5", "longitude": 34932}, {"code": "1109", "hourtmin": null, "hourgust": null, "hourtmax": null, "sun": null, "altitude": "3", "prec": "0,0", "latitude": 432526, "hourpresmax": "24", "province": "CANTABRIA", "tmed": "13,7", "tmin": "9,0", "avgspeed": null, "presmax": "1028,1", "presmin": "1021,5", "hourpresmin": "00", "date": "1975-04-30", "name": "SANTANDER AEROPUERTO", "gust": null, "tmax": "18,4", "longitude": 34932}, {"code": "1109", "hourtmin": null, "hourgust": null, "hourtmax": null, "sun": null, "altitude": "3", "prec": "0,0", "latitude": 432526, "hourpresmax": "24", "province": "CANTABRIA", "tmed": "11,8", "tmin": "6,2", "avgspeed": null, "presmax": "1030,8", "presmin": "1027,5", "hourpresmin": "05", "date": "1975-05-01", "name": "SANTANDER AEROPUERTO", "gust": null, "tmax": "17,5", "longitude": 34932}, {"code": "1109", "hourtmin": null, "hourgust": null, "hourtmax": null, "sun": null, "altitude": "3", "prec": "0,0", "latitude": 432526, "hourpresmax": "09", "province": "CANTABRIA", "tmed": "11,5", "tmin": "6,0", "avgspeed": null, "presmax": "1030,8", "presmin": "1029,5", "hourpresmin": "16", "date": "1975-05-02", "name": "SANTANDER AEROPUERTO", "gust": null, "tmax": "17,0", "longitude": 34932}, {"code": "1109", "hourtmin": null, "hourgust": null, "hourtmax": null, "sun": null, "altitude": "3", "prec": "Ip", "latitude": 432526, "hourpresmax": "09", "province": "CANTABRIA", "tmed": "10,8", "tmin": "6,0", "avgspeed": null, "presmax": "1030,8", "presmin": "1028,4", "hourpresmin": "24", "date": "1975-05-03", "name": "SANTANDER AEROPUERTO", "gust": null, "tmax": "15,6", "longitude": 34932}, {"code": "1109", "hourtmin": null, "hourgust": null, "hourtmax": null, "sun": null, "altitude": "3", "prec": "0,0", "latitude": 432526, "hourpresmax": "00", "province": "CANTABRIA", "tmed": "12,1", "tmin": "10,0", "avgspeed": null, "presmax": "1028,7", "presmin": "1025,3", "hourpresmin": "24", "date": "1975-05-04", "name": "SANTANDER AEROPUERTO", "gust": null, "tmax": "14,2", "longitude": 34932}, {"code": "1109", "hourtmin": null, "hourgust": null, "hourtmax": null, "sun": null, "altitude": "3", "prec": "23,1", "latitude": 432526, "hourpresmax": "00", "province": "CANTABRIA", "tmed": "10,8", "tmin": "9,3", "avgspeed": null, "presmax": "1025,3", "presmin": "1018,5", "hourpresmin": "24", "date": "1975-05-05", "name": "SANTANDER AEROPUERTO", "gust": null, "tmax": "12,4", "longitude": 34932}, {"code": "1109", "hourtmin": null, "hourgust": null, "hourtmax": null, "sun": null, "altitude": "3", "prec": "4,2", "latitude": 432526, "hourpresmax": "12", "province": "CANTABRIA", "tmed": "11,5", "tmin": "8,0", "avgspeed": null, "presmax": "1018,5", "presmin": "1015,5", "hourpresmin": "16", "date": "1975-05-06", "name": "SANTANDER AEROPUERTO", "gust": null, "tmax": "15,0", "longitude": 34932}, {"code": "1109", "hourtmin": null, "hourgust": null, "hourtmax": null, "sun": null, "altitude": "3", "prec": "0,0", "latitude": 432526, "hourpresmax": "22", "province": "CANTABRIA", "tmed": "10,9", "tmin": "7,6", "avgspeed": null, "presmax": "1017,3", "presmin": "1015,6", "hourpresmin": "24", "date": "1975-05-07", "name": "SANTANDER AEROPUERTO", "gust": null, "tmax": "14,2", "longitude": 34932}, {"code": "1109", "hourtmin": null, "hourgust": null, "hourtmax": null, "sun": null, "altitude": "3", "prec": "0,0", "latitude": 432526, "hourpresmax": "00", "province": "CANTABRIA", "tmed": "12,8", "tmin": "9,5", "avgspeed": null, "presmax": "1017,2", "presmin": "1014,9", "hourpresmin": "04", "date": "1975-05-08", "name": "SANTANDER AEROPUERTO", "gust": null, "tmax": "16,2", "longitude": 34932}, {"code": "1109", "hourtmin": null, "hourgust": null, "hourtmax": null, "sun": null, "altitude": "3", "prec": "0,0", "latitude": 432526, "hourpresmax": "24", "province": "CANTABRIA", "tmed": "14,0", "tmin": "11,5", "avgspeed": null, "presmax": "1017,2", "presmin": "1015,3", "hourpresmin": "05", "date": "1975-05-09", "name": "SANTANDER AEROPUERTO", "gust": null, "tmax": "16,6", "longitude": 34932}, {"code": "1109", "hourtmin": null, "hourgust": null, "hourtmax": null, "sun": null, "altitude": "3", "prec": "7,6", "latitude": 432526, "hourpresmax": "24", "province": "CANTABRIA", "tmed": "13,3", "tmin": "11,0", "avgspeed": null, "presmax": "1016,7", "presmin": "1014,1", "hourpresmin": "16", "date": "1975-05-10", "name": "SANTANDER AEROPUERTO", "gust": null, "tmax": "15,6", "longitude": 34932}, {"code": "1109", "hourtmin": null, "hourgust": null, "hourtmax": null, "sun": null, "altitude": "3", "prec": "0,1", "latitude": 432526, "hourpresmax": "24", "province": "CANTABRIA", "tmed": "12,4", "tmin": "10,0", "avgspeed": null, "presmax": "1022,5", "presmin": "1016,7", "hourpresmin": "Varias", "date": "1975-05-11", "name": "SANTANDER AEROPUERTO", "gust": null, "tmax": "14,8", "longitude": 34932}, {"code": "1109", "hourtmin": null, "hourgust": null, "hourtmax": null, "sun": null, "altitude": "3", "prec": "0,0", "latitude": 432526, "hourpresmax": "13", "province": "CANTABRIA", "tmed": "13,3", "tmin": "9,6", "avgspeed": null, "presmax": "1022,9", "presmin": "1020,7", "hourpresmin": "24", "date": "1975-05-12", "name": "SANTANDER AEROPUERTO", "gust": null, "tmax": "17,0", "longitude": 34932}, {"code": "1109", "hourtmin": null, "hourgust": null, "hourtmax": null, "sun": null, "altitude": "3", "prec": "0,2", "latitude": 432526, "hourpresmax": "00", "province": "CANTABRIA", "tmed": "15,4", "tmin": "11,5", "avgspeed": null, "presmax": "1020,7", "presmin": "1017,3", "hourpresmin": "13", "date": "1975-05-13", "name": "SANTANDER AEROPUERTO", "gust": null, "tmax": "19,4", "longitude": 34932}, {"code": "1109", "hourtmin": null, "hourgust": null, "hourtmax": null, "sun": null, "altitude": "3", "prec": "0,0", "latitude": 432526, "hourpresmax": "Varias", "province": "CANTABRIA", "tmed": "13,7", "tmin": "9,8", "avgspeed": null, "presmax": "1018,7", "presmin": "1013,2", "hourpresmin": "24", "date": "1975-05-14", "name": "SANTANDER AEROPUERTO", "gust": null, "tmax": "17,6", "longitude": 34932}, {"code": "1109", "hourtmin": null, "hourgust": null, "hourtmax": null, "sun": null, "altitude": "3", "prec": "0,0", "latitude": 432526, "hourpresmax": "00", "province": "CANTABRIA", "tmed": "14,3", "tmin": "9,6", "avgspeed": null, "presmax": "1013,2", "presmin": "1007,3", "hourpresmin": "18", "date": "1975-05-15", "name": "SANTANDER AEROPUERTO", "gust": null, "tmax": "19,0", "longitude": 34932}, {"code": "1109", "hourtmin": null, "hourgust": null, "hourtmax": null, "sun": null, "altitude": "3", "prec": "1,7", "latitude": 432526, "hourpresmax": "22", "province": "CANTABRIA", "tmed": "16,4", "tmin": "10,6", "avgspeed": null, "presmax": "1015,2", "presmin": "1009,2", "hourpresmin": "00", "date": "1975-05-16", "name": "SANTANDER AEROPUERTO", "gust": null, "tmax": "22,2", "longitude": 34932}, {"code": "1109", "hourtmin": null, "hourgust": null, "hourtmax": null, "sun": null, "altitude": "3", "prec": "1,0", "latitude": 432526, "hourpresmax": "22", "province": "CANTABRIA", "tmed": "13,6", "tmin": "10,2", "avgspeed": null, "presmax": "1018,9", "presmin": "1014,7", "hourpresmin": "Varias", "date": "1975-05-17", "name": "SANTANDER AEROPUERTO", "gust": null, "tmax": "17,0", "longitude": 34932}, {"code": "1109", "hourtmin": null, "hourgust": null, "hourtmax": null, "sun": null, "altitude": "3", "prec": "1,6", "latitude": 432526, "hourpresmax": "09", "province": "CANTABRIA", "tmed": "14,5", "tmin": "13,0", "avgspeed": null, "presmax": "1019,1", "presmin": "1017,6", "hourpresmin": "24", "date": "1975-05-18", "name": "SANTANDER AEROPUERTO", "gust": null, "tmax": "16,0", "longitude": 34932}, {"code": "1109", "hourtmin": null, "hourgust": null, "hourtmax": null, "sun": null, "altitude": "3", "prec": "Ip", "latitude": 432526, "hourpresmax": "00", "province": "CANTABRIA", "tmed": "18,0", "tmin": "14,0", "avgspeed": null, "presmax": "1017,6", "presmin": "1012,1", "hourpresmin": "18", "date": "1975-05-19", "name": "SANTANDER AEROPUERTO", "gust": null, "tmax": "22,0", "longitude": 34932}, {"code": "1109", "hourtmin": null, "hourgust": null, "hourtmax": null, "sun": null, "altitude": "3", "prec": "0,9", "latitude": 432526, "hourpresmax": "24", "province": "CANTABRIA", "tmed": "19,8", "tmin": "12,6", "avgspeed": null, "presmax": "1016,9", "presmin": "1012,8", "hourpresmin": "02", "date": "1975-05-20", "name": "SANTANDER AEROPUERTO", "gust": null, "tmax": "27,0", "longitude": 34932}, {"code": "1109", "hourtmin": null, "hourgust": null, "hourtmax": null, "sun": null, "altitude": "3", "prec": "0,0", "latitude": 432526, "hourpresmax": "22", "province": "CANTABRIA", "tmed": "17,3", "tmin": "12,0", "avgspeed": null, "presmax": "1018,7", "presmin": "1016,8", "hourpresmin": "00", "date": "1975-05-21", "name": "SANTANDER AEROPUERTO", "gust": null, "tmax": "22,6", "longitude": 34932}, {"code": "1109", "hourtmin": null, "hourgust": null, "hourtmax": null, "sun": null, "altitude": "3", "prec": "0,0", "latitude": 432526, "hourpresmax": "24", "province": "CANTABRIA", "tmed": "17,8", "tmin": "13,6", "avgspeed": null, "presmax": "1020,9", "presmin": "1017,3", "hourpresmin": "06", "date": "1975-05-22", "name": "SANTANDER AEROPUERTO", "gust": null, "tmax": "22,0", "longitude": 34932}, {"code": "1109", "hourtmin": null, "hourgust": null, "hourtmax": null, "sun": null, "altitude": "3", "prec": "Ip", "latitude": 432526, "hourpresmax": "08", "province": "CANTABRIA", "tmed": "16,5", "tmin": "13,0", "avgspeed": null, "presmax": "1021,6", "presmin": "1019,5", "hourpresmin": "24", "date": "1975-05-23", "name": "SANTANDER AEROPUERTO", "gust": null, "tmax": "20,0", "longitude": 34932}, {"code": "1109", "hourtmin": null, "hourgust": null, "hourtmax": null, "sun": null, "altitude": "3", "prec": "2,6", "latitude": 432526, "hourpresmax": "22", "province": "CANTABRIA", "tmed": "13,0", "tmin": "11,0", "avgspeed": null, "presmax": "1021,1", "presmin": "1018,7", "hourpresmin": "05", "date": "1975-05-24", "name": "SANTANDER AEROPUERTO", "gust": null, "tmax": "15,0", "longitude": 34932}, {"code": "1109", "hourtmin": null, "hourgust": null, "hourtmax": null, "sun": null, "altitude": "3", "prec": "1,4", "latitude": 432526, "hourpresmax": "22", "province": "CANTABRIA", "tmed": "12,5", "tmin": "8,0", "avgspeed": null, "presmax": "1020,9", "presmin": "1019,7", "hourpresmin": "05", "date": "1975-05-25", "name": "SANTANDER AEROPUERTO", "gust": null, "tmax": "17,0", "longitude": 34932}, {"code": "1109", "hourtmin": null, "hourgust": null, "hourtmax": null, "sun": null, "altitude": "3", "prec": "0,0", "latitude": 432526, "hourpresmax": "00", "province": "CANTABRIA", "tmed": "12,4", "tmin": "8,0", "avgspeed": null, "presmax": "1020,7", "presmin": "1019,2", "hourpresmin": "18", "date": "1975-05-26", "name": "SANTANDER AEROPUERTO", "gust": null, "tmax": "16,8", "longitude": 34932}, {"code": "1109", "hourtmin": null, "hourgust": null, "hourtmax": null, "sun": null, "altitude": "3", "prec": "9,0", "latitude": 432526, "hourpresmax": "00", "province": "CANTABRIA", "tmed": "10,5", "tmin": "8,0", "avgspeed": null, "presmax": "1020,0", "presmin": "1017,5", "hourpresmin": "24", "date": "1975-05-27", "name": "SANTANDER AEROPUERTO", "gust": null, "tmax": "13,0", "longitude": 34932}, {"code": "1109", "hourtmin": null, "hourgust": null, "hourtmax": null, "sun": null, "altitude": "3", "prec": "5,0", "latitude": 432526, "hourpresmax": "00", "province": "CANTABRIA", "tmed": "11,5", "tmin": "10,0", "avgspeed": null, "presmax": "1017,5", "presmin": "1015,2", "hourpresmin": "24", "date": "1975-05-28", "name": "SANTANDER AEROPUERTO", "gust": null, "tmax": "13,0", "longitude": 34932}, {"code": "1109", "hourtmin": null, "hourgust": null, "hourtmax": null, "sun": null, "altitude": "3", "prec": "0,0", "latitude": 432526, "hourpresmax": "23", "province": "CANTABRIA", "tmed": "13,7", "tmin": "8,0", "avgspeed": null, "presmax": "1015,3", "presmin": "1013,6", "hourpresmin": "07", "date": "1975-05-29", "name": "SANTANDER AEROPUERTO", "gust": null, "tmax": "19,4", "longitude": 34932}, {"code": "1109", "hourtmin": null, "hourgust": null, "hourtmax": null, "sun": null, "altitude": "3", "prec": "Ip", "latitude": 432526, "hourpresmax": "00", "province": "CANTABRIA", "tmed": "14,1", "tmin": "10,0", "avgspeed": null, "presmax": "1015,2", "presmin": "1012,1", "hourpresmin": "17", "date": "1975-05-30", "name": "SANTANDER AEROPUERTO", "gust": null, "tmax": "18,2", "longitude": 34932}, {"code": "1109", "hourtmin": null, "hourgust": null, "hourtmax": null, "sun": null, "altitude": "3", "prec": "0,0", "latitude": 432526, "hourpresmax": "23", "province": "CANTABRIA", "tmed": "13,0", "tmin": "10,0", "avgspeed": null, "presmax": "1014,7", "presmin": "1012,1", "hourpresmin": "08", "date": "1975-05-31", "name": "SANTANDER AEROPUERTO", "gust": null, "tmax": "16,0", "longitude": 34932}, {"code": "1109", "hourtmin": null, "hourgust": null, "hourtmax": null, "sun": null, "altitude": "3", "prec": "3,2", "latitude": 432526, "hourpresmax": "23", "province": "CANTABRIA", "tmed": "12,5", "tmin": "10,8", "avgspeed": null, "presmax": "1021,7", "presmin": "1014,4", "hourpresmin": "Varias", "date": "1975-06-01", "name": "SANTANDER AEROPUERTO", "gust": null, "tmax": "14,2", "longitude": 34932}, {"code": "1109", "hourtmin": null, "hourgust": null, "hourtmax": null, "sun": null, "altitude": "3", "prec": "0,0", "latitude": 432526, "hourpresmax": "24", "province": "CANTABRIA", "tmed": "12,7", "tmin": "9,0", "avgspeed": null, "presmax": "1022,7", "presmin": "1020,9", "hourpresmin": "17", "date": "1975-06-02", "name": "SANTANDER AEROPUERTO", "gust": null, "tmax": "16,4", "longitude": 34932}, {"code": "1109", "hourtmin": null, "hourgust": null, "hourtmax": null, "sun": null, "altitude": "3", "prec": "0,0", "latitude": 432526, "hourpresmax": "22", "province": "CANTABRIA", "tmed": "12,7", "tmin": "8,4", "avgspeed": null, "presmax": "1024,5", "presmin": "1021,9", "hourpresmin": "04", "date": "1975-06-03", "name": "SANTANDER AEROPUERTO", "gust": null, "tmax": "17,0", "longitude": 34932}, {"code": "1109", "hourtmin": null, "hourgust": null, "hourtmax": null, "sun": null, "altitude": "3", "prec": "0,0", "latitude": 432526, "hourpresmax": "Varias", "province": "CANTABRIA", "tmed": "14,8", "tmin": "10,0", "avgspeed": null, "presmax": "1024,8", "presmin": "1024,1", "hourpresmin": "Varias", "date": "1975-06-04", "name": "SANTANDER AEROPUERTO", "gust": null, "tmax": "19,6", "longitude": 34932}, {"code": "1109", "hourtmin": null, "hourgust": null, "hourtmax": null, "sun": null, "altitude": "3", "prec": "0,0", "latitude": 432526, "hourpresmax": "00", "province": "CANTABRIA", "tmed": "17,8", "tmin": "10,0", "avgspeed": null, "presmax": "1024,1", "presmin": "1014,4", "hourpresmin": "24", "date": "1975-06-05", "name": "SANTANDER AEROPUERTO", "gust": null, "tmax": "25,6", "longitude": 34932}, {"code": "1109", "hourtmin": null, "hourgust": null, "hourtmax": null, "sun": null, "altitude": "3", "prec": "0,0", "latitude": 432526, "hourpresmax": "24", "province": "CANTABRIA", "tmed": "20,8", "tmin": "15,0", "avgspeed": null, "presmax": "1022,0", "presmin": "1012,5", "hourpresmin": "06", "date": "1975-06-06", "name": "SANTANDER AEROPUERTO", "gust": null, "tmax": "26,6", "longitude": 34932}, {"code": "1109", "hourtmin": null, "hourgust": null, "hourtmax": null, "sun": null, "altitude": "3", "prec": "0,0", "latitude": 432526, "hourpresmax": "09", "province": "CANTABRIA", "tmed": "18,1", "tmin": "14,6", "avgspeed": null, "presmax": "1024,1", "presmin": "1022,0", "hourpresmin": "00", "date": "1975-06-07", "name": "SANTANDER AEROPUERTO", "gust": null, "tmax": "21,6", "longitude": 34932}, {"code": "1109", "hourtmin": null, "hourgust": null, "hourtmax": null, "sun": null, "altitude": "3", "prec": "0,5", "latitude": 432526, "hourpresmax": "00", "province": "CANTABRIA", "tmed": "18,0", "tmin": "15,0", "avgspeed": null, "presmax": "1022,9", "presmin": "1017,1", "hourpresmin": "18", "date": "1975-06-08", "name": "SANTANDER AEROPUERTO", "gust": null, "tmax": "21,0", "longitude": 34932}, {"code": "1109", "hourtmin": null, "hourgust": null, "hourtmax": null, "sun": null, "altitude": "3", "prec": "26,7", "latitude": 432526, "hourpresmax": "00", "province": "CANTABRIA", "tmed": "15,3", "tmin": "15,0", "avgspeed": null, "presmax": "1018,8", "presmin": "1016,8", "hourpresmin": "Varias", "date": "1975-06-09", "name": "SANTANDER AEROPUERTO", "gust": null, "tmax": "15,6", "longitude": 34932}, {"code": "1109", "hourtmin": null, "hourgust": null, "hourtmax": null, "sun": null, "altitude": "3", "prec": "0,0", "latitude": 432526, "hourpresmax": "23", "province": "CANTABRIA", "tmed": "16,0", "tmin": "13,0", "avgspeed": null, "presmax": "1019,9", "presmin": "1016,9", "hourpresmin": "04", "date": "1975-06-10", "name": "SANTANDER AEROPUERTO", "gust": null, "tmax": "19,0", "longitude": 34932}, {"code": "1109", "hourtmin": null, "hourgust": null, "hourtmax": null, "sun": null, "altitude": "3", "prec": "0,0", "latitude": 432526, "hourpresmax": "22", "province": "CANTABRIA", "tmed": "16,0", "tmin": "13,0", "avgspeed": null, "presmax": "1021,6", "presmin": "1019,5", "hourpresmin": "04", "date": "1975-06-11", "name": "SANTANDER AEROPUERTO", "gust": null, "tmax": "19,0", "longitude": 34932}, {"code": "1109", "hourtmin": null, "hourgust": null, "hourtmax": null, "sun": null, "altitude": "3", "prec": "0,0", "latitude": 432526, "hourpresmax": "24", "province": "CANTABRIA", "tmed": "16,0", "tmin": "15,0", "avgspeed": null, "presmax": "1022,7", "presmin": "1020,1", "hourpresmin": "Varias", "date": "1975-06-12", "name": "SANTANDER AEROPUERTO", "gust": null, "tmax": "17,0", "longitude": 34932}, {"code": "1109", "hourtmin": null, "hourgust": null, "hourtmax": null, "sun": null, "altitude": "3", "prec": "0,0", "latitude": 432526, "hourpresmax": "22", "province": "CANTABRIA", "tmed": "18,4", "tmin": "15,6", "avgspeed": null, "presmax": "1023,9", "presmin": "1022,0", "hourpresmin": "04", "date": "1975-06-13", "name": "SANTANDER AEROPUERTO", "gust": null, "tmax": "21,2", "longitude": 34932}, {"code": "1109", "hourtmin": null, "hourgust": null, "hourtmax": null, "sun": null, "altitude": "3", "prec": "0,0", "latitude": 432526, "hourpresmax": "00", "province": "CANTABRIA", "tmed": "18,0", "tmin": "15,6", "avgspeed": null, "presmax": "1023,7", "presmin": "1019,3", "hourpresmin": "24", "date": "1975-06-14", "name": "SANTANDER AEROPUERTO", "gust": null, "tmax": "20,4", "longitude": 34932}, {"code": "1109", "hourtmin": null, "hourgust": null, "hourtmax": null, "sun": null, "altitude": "3", "prec": "3,2", "latitude": 432526, "hourpresmax": "00", "province": "CANTABRIA", "tmed": "16,0", "tmin": "15,0", "avgspeed": null, "presmax": "1019,3", "presmin": "1016,3", "hourpresmin": "18", "date": "1975-06-15", "name": "SANTANDER AEROPUERTO", "gust": null, "tmax": "17,0", "longitude": 34932}, {"code": "1109", "hourtmin": null, "hourgust": null, "hourtmax": null, "sun": null, "altitude": "3", "prec": "4,5", "latitude": 432526, "hourpresmax": "24", "province": "CANTABRIA", "tmed": "16,0", "tmin": "12,0", "avgspeed": null, "presmax": "1018,4", "presmin": "1016,1", "hourpresmin": "05", "date": "1975-06-16", "name": "SANTANDER AEROPUERTO", "gust": null, "tmax": "20,0", "longitude": 34932}, {"code": "1109", "hourtmin": null, "hourgust": null, "hourtmax": null, "sun": null, "altitude": "3", "prec": "2,0", "latitude": 432526, "hourpresmax": "24", "province": "CANTABRIA", "tmed": "14,0", "tmin": "12,0", "avgspeed": null, "presmax": "1026,7", "presmin": "1018,4", "hourpresmin": "00", "date": "1975-06-17", "name": "SANTANDER AEROPUERTO", "gust": null, "tmax": "16,0", "longitude": 34932}, {"code": "1109", "hourtmin": null, "hourgust": null, "hourtmax": null, "sun": null, "altitude": "3", "prec": "0,0", "latitude": 432526, "hourpresmax": "Varias", "province": "CANTABRIA", "tmed": "16,0", "tmin": "12,0", "avgspeed": null, "presmax": "1028,1", "presmin": "1026,7", "hourpresmin": "00", "date": "1975-06-18", "name": "SANTANDER AEROPUERTO", "gust": null, "tmax": "20,0", "longitude": 34932}, {"code": "1109", "hourtmin": null, "hourgust": null, "hourtmax": null, "sun": null, "altitude": "3", "prec": "0,0", "latitude": 432526, "hourpresmax": "00", "province": "CANTABRIA", "tmed": "15,2", "tmin": "10,0", "avgspeed": null, "presmax": "1028,0", "presmin": "1022,9", "hourpresmin": "24", "date": "1975-06-19", "name": "SANTANDER AEROPUERTO", "gust": null, "tmax": "20,4", "longitude": 34932}, {"code": "1109", "hourtmin": null, "hourgust": null, "hourtmax": null, "sun": null, "altitude": "3", "prec": "0,0", "latitude": 432526, "hourpresmax": "00", "province": "CANTABRIA", "tmed": "18,3", "tmin": "12,0", "avgspeed": null, "presmax": "1022,9", "presmin": "1017,2", "hourpresmin": "17", "date": "1975-06-20", "name": "SANTANDER AEROPUERTO", "gust": null, "tmax": "24,6", "longitude": 34932}, {"code": "1109", "hourtmin": null, "hourgust": null, "hourtmax": null, "sun": null, "altitude": "3", "prec": "0,0", "latitude": 432526, "hourpresmax": "23", "province": "CANTABRIA", "tmed": "17,3", "tmin": "12,0", "avgspeed": null, "presmax": "1024,3", "presmin": "1018,5", "hourpresmin": "03", "date": "1975-06-21", "name": "SANTANDER AEROPUERTO", "gust": null, "tmax": "22,6", "longitude": 34932}, {"code": "1109", "hourtmin": null, "hourgust": null, "hourtmax": null, "sun": null, "altitude": "3", "prec": "0,0", "latitude": 432526, "hourpresmax": "24", "province": "CANTABRIA", "tmed": "18,8", "tmin": "14,0", "avgspeed": null, "presmax": "1026,1", "presmin": "1023,6", "hourpresmin": "02", "date": "1975-06-22", "name": "SANTANDER AEROPUERTO", "gust": null, "tmax": "23,5", "longitude": 34932}, {"code": "1109", "hourtmin": null, "hourgust": null, "hourtmax": null, "sun": null, "altitude": "3", "prec": "0,0", "latitude": 432526, "hourpresmax": "11", "province": "CANTABRIA", "tmed": "17,7", "tmin": "15,0", "avgspeed": null, "presmax": "1026,7", "presmin": "1025,7", "hourpresmin": "Varias", "date": "1975-06-23", "name": "SANTANDER AEROPUERTO", "gust": null, "tmax": "20,4", "longitude": 34932}, {"code": "1109", "hourtmin": null, "hourgust": null, "hourtmax": null, "sun": null, "altitude": "3", "prec": "0,0", "latitude": 432526, "hourpresmax": "00", "province": "CANTABRIA", "tmed": "19,2", "tmin": "15,0", "avgspeed": null, "presmax": "1026,5", "presmin": "1021,5", "hourpresmin": "21", "date": "1975-06-24", "name": "SANTANDER AEROPUERTO", "gust": null, "tmax": "23,5", "longitude": 34932}, {"code": "1109", "hourtmin": null, "hourgust": null, "hourtmax": null, "sun": null, "altitude": "3", "prec": "0,0", "latitude": 432526, "hourpresmax": "00", "province": "CANTABRIA", "tmed": "18,4", "tmin": "14,5", "avgspeed": null, "presmax": "1021,7", "presmin": "1017,2", "hourpresmin": "20", "date": "1975-06-25", "name": "SANTANDER AEROPUERTO", "gust": null, "tmax": "22,2", "longitude": 34932}, {"code": "1109", "hourtmin": null, "hourgust": null, "hourtmax": null, "sun": null, "altitude": "3", "prec": "0,0", "latitude": 432526, "hourpresmax": "24", "province": "CANTABRIA", "tmed": "18,9", "tmin": "14,6", "avgspeed": null, "presmax": "1018,8", "presmin": "1016,5", "hourpresmin": "05", "date": "1975-06-26", "name": "SANTANDER AEROPUERTO", "gust": null, "tmax": "23,2", "longitude": 34932}, {"code": "1109", "hourtmin": null, "hourgust": null, "hourtmax": null, "sun": null, "altitude": "3", "prec": "0,0", "latitude": 432526, "hourpresmax": "24", "province": "CANTABRIA", "tmed": "21,0", "tmin": "18,0", "avgspeed": null, "presmax": "1020,1", "presmin": "1017,7", "hourpresmin": "16", "date": "1975-06-27", "name": "SANTANDER AEROPUERTO", "gust": null, "tmax": "24,0", "longitude": 34932}, {"code": "1109", "hourtmin": null, "hourgust": null, "hourtmax": null, "sun": null, "altitude": "3", "prec": "0,0", "latitude": 432526, "hourpresmax": "00", "province": "CANTABRIA", "tmed": "20,5", "tmin": "17,4", "avgspeed": null, "presmax": "1020,1", "presmin": "1017,7", "hourpresmin": "Varias", "date": "1975-06-28", "name": "SANTANDER AEROPUERTO", "gust": null, "tmax": "23,6", "longitude": 34932}, {"code": "1109", "hourtmin": null, "hourgust": null, "hourtmax": null, "sun": null, "altitude": "3", "prec": "0,0", "latitude": 432526, "hourpresmax": "24", "province": "CANTABRIA", "tmed": "22,1", "tmin": "19,6", "avgspeed": null, "presmax": "1024,1", "presmin": "1017,6", "hourpresmin": "04", "date": "1975-06-29", "name": "SANTANDER AEROPUERTO", "gust": null, "tmax": "24,6", "longitude": 34932}, {"code": "1109", "hourtmin": null, "hourgust": null, "hourtmax": null, "sun": null, "altitude": "3", "prec": "0,0", "latitude": 432526, "hourpresmax": "24", "province": "CANTABRIA", "tmed": "19,6", "tmin": "17,2", "avgspeed": null, "presmax": "1028,4", "presmin": "1024,3", "hourpresmin": "00", "date": "1975-06-30", "name": "SANTANDER AEROPUERTO", "gust": null, "tmax": "22,0", "longitude": 34932}, {"code": "1109", "hourtmin": null, "hourgust": null, "hourtmax": null, "sun": null, "altitude": "3", "prec": "0,0", "latitude": 432526, "hourpresmax": "00", "province": "CANTABRIA", "tmed": "17,0", "tmin": "11,0", "avgspeed": null, "presmax": "1028,3", "presmin": "1023,2", "hourpresmin": "24", "date": "1975-07-01", "name": "SANTANDER AEROPUERTO", "gust": null, "tmax": "23,0", "longitude": 34932}, {"code": "1109", "hourtmin": null, "hourgust": null, "hourtmax": null, "sun": null, "altitude": "3", "prec": "0,0", "latitude": 432526, "hourpresmax": "00", "province": "CANTABRIA", "tmed": "18,2", "tmin": "12,4", "avgspeed": null, "presmax": "1023,3", "presmin": "1014,1", "hourpresmin": "20", "date": "1975-07-02", "name": "SANTANDER AEROPUERTO", "gust": null, "tmax": "24,0", "longitude": 34932}, {"code": "1109", "hourtmin": null, "hourgust": null, "hourtmax": null, "sun": null, "altitude": "3", "prec": "0,0", "latitude": 432526, "hourpresmax": "24", "province": "CANTABRIA", "tmed": "18,8", "tmin": "16,4", "avgspeed": null, "presmax": "1021,3", "presmin": "1014,4", "hourpresmin": "04", "date": "1975-07-03", "name": "SANTANDER AEROPUERTO", "gust": null, "tmax": "21,2", "longitude": 34932}, {"code": "1109", "hourtmin": null, "hourgust": null, "hourtmax": null, "sun": null, "altitude": "3", "prec": "0,0", "latitude": 432526, "hourpresmax": "23", "province": "CANTABRIA", "tmed": "18,5", "tmin": "16,2", "avgspeed": null, "presmax": "1025,9", "presmin": "1021,2", "hourpresmin": "03", "date": "1975-07-04", "name": "SANTANDER AEROPUERTO", "gust": null, "tmax": "20,8", "longitude": 34932}, {"code": "1109", "hourtmin": null, "hourgust": null, "hourtmax": null, "sun": null, "altitude": "3", "prec": "0,0", "latitude": 432526, "hourpresmax": "00", "province": "CANTABRIA", "tmed": "17,0", "tmin": "13,3", "avgspeed": null, "presmax": "1025,5", "presmin": "1017,5", "hourpresmin": "24", "date": "1975-07-05", "name": "SANTANDER AEROPUERTO", "gust": null, "tmax": "20,6", "longitude": 34932}, {"code": "1109", "hourtmin": null, "hourgust": null, "hourtmax": null, "sun": null, "altitude": "3", "prec": "0,0", "latitude": 432526, "hourpresmax": "00", "province": "CANTABRIA", "tmed": "18,7", "tmin": "14,4", "avgspeed": null, "presmax": "1017,5", "presmin": "1008,0", "hourpresmin": "17", "date": "1975-07-06", "name": "SANTANDER AEROPUERTO", "gust": null, "tmax": "23,0", "longitude": 34932}, {"code": "1109", "hourtmin": null, "hourgust": null, "hourtmax": null, "sun": null, "altitude": "3", "prec": "0,0", "latitude": 432526, "hourpresmax": "24", "province": "CANTABRIA", "tmed": "19,7", "tmin": "16,6", "avgspeed": null, "presmax": "1014,9", "presmin": "1010,4", "hourpresmin": "04", "date": "1975-07-07", "name": "SANTANDER AEROPUERTO", "gust": null, "tmax": "22,8", "longitude": 34932}, {"code": "1109", "hourtmin": null, "hourgust": null, "hourtmax": null, "sun": null, "altitude": "3", "prec": "0,0", "latitude": 432526, "hourpresmax": "24", "province": "CANTABRIA", "tmed": "18,2", "tmin": "13,5", "avgspeed": null, "presmax": "1019,7", "presmin": "1014,9", "hourpresmin": "04", "date": "1975-07-08", "name": "SANTANDER AEROPUERTO", "gust": null, "tmax": "23,0", "longitude": 34932}, {"code": "1109", "hourtmin": null, "hourgust": null, "hourtmax": null, "sun": null, "altitude": "3", "prec": "0,0", "latitude": 432526, "hourpresmax": "23", "province": "CANTABRIA", "tmed": "18,0", "tmin": "13,0", "avgspeed": null, "presmax": "1020,4", "presmin": "1019,1", "hourpresmin": "11", "date": "1975-07-09", "name": "SANTANDER AEROPUERTO", "gust": null, "tmax": "23,0", "longitude": 34932}, {"code": "1109", "hourtmin": null, "hourgust": null, "hourtmax": null, "sun": null, "altitude": "3", "prec": "0,0", "latitude": 432526, "hourpresmax": "00", "province": "CANTABRIA", "tmed": "18,2", "tmin": "13,5", "avgspeed": null, "presmax": "1020,4", "presmin": "1018,3", "hourpresmin": "18", "date": "1975-07-10", "name": "SANTANDER AEROPUERTO", "gust": null, "tmax": "23,0", "longitude": 34932}, {"code": "1109", "hourtmin": null, "hourgust": null, "hourtmax": null, "sun": null, "altitude": "3", "prec": "0,0", "latitude": 432526, "hourpresmax": "22", "province": "CANTABRIA", "tmed": "19,9", "tmin": "16,2", "avgspeed": null, "presmax": "1022,3", "presmin": "1018,8", "hourpresmin": "03", "date": "1975-07-11", "name": "SANTANDER AEROPUERTO", "gust": null, "tmax": "23,6", "longitude": 34932}, {"code": "1109", "hourtmin": null, "hourgust": null, "hourtmax": null, "sun": null, "altitude": "3", "prec": "0,0", "latitude": 432526, "hourpresmax": "00", "province": "CANTABRIA", "tmed": "19,8", "tmin": "14,4", "avgspeed": null, "presmax": "1022,1", "presmin": "1020,4", "hourpresmin": "10", "date": "1975-07-12", "name": "SANTANDER AEROPUERTO", "gust": null, "tmax": "25,3", "longitude": 34932}, {"code": "1109", "hourtmin": null, "hourgust": null, "hourtmax": null, "sun": null, "altitude": "3", "prec": "0,0", "latitude": 432526, "hourpresmax": "00", "province": "CANTABRIA", "tmed": "25,1", "tmin": "15,2", "avgspeed": null, "presmax": "1020,8", "presmin": "1013,9", "hourpresmin": "12", "date": "1975-07-13", "name": "SANTANDER AEROPUERTO", "gust": null, "tmax": "35,0", "longitude": 34932}, {"code": "1109", "hourtmin": null, "hourgust": null, "hourtmax": null, "sun": null, "altitude": "3", "prec": "0,0", "latitude": 432526, "hourpresmax": "23", "province": "CANTABRIA", "tmed": "19,6", "tmin": "14,6", "avgspeed": null, "presmax": "1024,0", "presmin": "1019,3", "hourpresmin": "07", "date": "1975-07-14", "name": "SANTANDER AEROPUERTO", "gust": null, "tmax": "24,7", "longitude": 34932}, {"code": "1109", "hourtmin": null, "hourgust": null, "hourtmax": null, "sun": null, "altitude": "3", "prec": "0,0", "latitude": 432526, "hourpresmax": "15", "province": "CANTABRIA", "tmed": "21,0", "tmin": "18,0", "avgspeed": null, "presmax": "1024,3", "presmin": "1023,1", "hourpresmin": "04", "date": "1975-07-15", "name": "SANTANDER AEROPUERTO", "gust": null, "tmax": "24,0", "longitude": 34932}, {"code": "1109", "hourtmin": null, "hourgust": null, "hourtmax": null, "sun": null, "altitude": "3", "prec": "0,0", "latitude": 432526, "hourpresmax": "01", "province": "CANTABRIA", "tmed": "18,4", "tmin": "13,6", "avgspeed": null, "presmax": "1022,7", "presmin": "1018,1", "hourpresmin": "24", "date": "1975-07-16", "name": "SANTANDER AEROPUERTO", "gust": null, "tmax": "23,2", "longitude": 34932}, {"code": "1109", "hourtmin": null, "hourgust": null, "hourtmax": null, "sun": null, "altitude": "3", "prec": "11,0", "latitude": 432526, "hourpresmax": "24", "province": "CANTABRIA", "tmed": "20,3", "tmin": "16,0", "avgspeed": null, "presmax": "1018,0", "presmin": "1014,9", "hourpresmin": "12", "date": "1975-07-17", "name": "SANTANDER AEROPUERTO", "gust": null, "tmax": "24,6", "longitude": 34932}, {"code": "1109", "hourtmin": null, "hourgust": null, "hourtmax": null, "sun": null, "altitude": "3", "prec": "0,0", "latitude": 432526, "hourpresmax": "21", "province": "CANTABRIA", "tmed": "19,8", "tmin": "16,4", "avgspeed": null, "presmax": "1023,1", "presmin": "1017,7", "hourpresmin": "01", "date": "1975-07-18", "name": "SANTANDER AEROPUERTO", "gust": null, "tmax": "23,2", "longitude": 34932}, {"code": "1109", "hourtmin": null, "hourgust": null, "hourtmax": null, "sun": null, "altitude": "3", "prec": "0,0", "latitude": 432526, "hourpresmax": "23", "province": "CANTABRIA", "tmed": "18,7", "tmin": "14,4", "avgspeed": null, "presmax": "1023,2", "presmin": "1021,6", "hourpresmin": "12", "date": "1975-07-19", "name": "SANTANDER AEROPUERTO", "gust": null, "tmax": "23,0", "longitude": 34932}, {"code": "1109", "hourtmin": null, "hourgust": null, "hourtmax": null, "sun": null, "altitude": "3", "prec": "0,0", "latitude": 432526, "hourpresmax": "09", "province": "CANTABRIA", "tmed": "18,8", "tmin": "14,4", "avgspeed": null, "presmax": "1023,3", "presmin": "1022,3", "hourpresmin": "18", "date": "1975-07-20", "name": "SANTANDER AEROPUERTO", "gust": null, "tmax": "23,2", "longitude": 34932}, {"code": "1109", "hourtmin": null, "hourgust": null, "hourtmax": null, "sun": null, "altitude": "3", "prec": "1,4", "latitude": 432526, "hourpresmax": "01", "province": "CANTABRIA", "tmed": "18,9", "tmin": "14,4", "avgspeed": null, "presmax": "1022,7", "presmin": "1021,2", "hourpresmin": "18", "date": "1975-07-21", "name": "SANTANDER AEROPUERTO", "gust": null, "tmax": "23,4", "longitude": 34932}, {"code": "1109", "hourtmin": null, "hourgust": null, "hourtmax": null, "sun": null, "altitude": "3", "prec": "0,0", "latitude": 432526, "hourpresmax": "01", "province": "CANTABRIA", "tmed": "20,3", "tmin": "17,6", "avgspeed": null, "presmax": "1021,2", "presmin": "1018,5", "hourpresmin": "18", "date": "1975-07-22", "name": "SANTANDER AEROPUERTO", "gust": null, "tmax": "23,0", "longitude": 34932}, {"code": "1109", "hourtmin": null, "hourgust": null, "hourtmax": null, "sun": null, "altitude": "3", "prec": "0,0", "latitude": 432526, "hourpresmax": "24", "province": "CANTABRIA", "tmed": "17,9", "tmin": "14,4", "avgspeed": null, "presmax": "1018,9", "presmin": "1017,1", "hourpresmin": "06", "date": "1975-07-23", "name": "SANTANDER AEROPUERTO", "gust": null, "tmax": "21,4", "longitude": 34932}, {"code": "1109", "hourtmin": null, "hourgust": null, "hourtmax": null, "sun": null, "altitude": "3", "prec": "0,0", "latitude": 432526, "hourpresmax": "24", "province": "CANTABRIA", "tmed": "20,0", "tmin": "16,7", "avgspeed": null, "presmax": "1021,6", "presmin": "1018,9", "hourpresmin": "01", "date": "1975-07-24", "name": "SANTANDER AEROPUERTO", "gust": null, "tmax": "23,4", "longitude": 34932}, {"code": "1109", "hourtmin": null, "hourgust": null, "hourtmax": null, "sun": null, "altitude": "3", "prec": "0,0", "latitude": 432526, "hourpresmax": "23", "province": "CANTABRIA", "tmed": "19,5", "tmin": "17,0", "avgspeed": null, "presmax": "1024,4", "presmin": "1022,4", "hourpresmin": "04", "date": "1975-07-25", "name": "SANTANDER AEROPUERTO", "gust": null, "tmax": "22,0", "longitude": 34932}, {"code": "1109", "hourtmin": null, "hourgust": null, "hourtmax": null, "sun": null, "altitude": "3", "prec": "0,0", "latitude": 432526, "hourpresmax": "01", "province": "CANTABRIA", "tmed": "19,4", "tmin": "14,2", "avgspeed": null, "presmax": "1024,3", "presmin": "1020,0", "hourpresmin": "24", "date": "1975-07-26", "name": "SANTANDER AEROPUERTO", "gust": null, "tmax": "24,5", "longitude": 34932}, {"code": "1109", "hourtmin": null, "hourgust": null, "hourtmax": null, "sun": null, "altitude": "3", "prec": "0,0", "latitude": 432526, "hourpresmax": "22", "province": "CANTABRIA", "tmed": "19,8", "tmin": "15,0", "avgspeed": null, "presmax": "1020,4", "presmin": "1019,1", "hourpresmin": "16", "date": "1975-07-27", "name": "SANTANDER AEROPUERTO", "gust": null, "tmax": "24,6", "longitude": 34932}, {"code": "1109", "hourtmin": null, "hourgust": null, "hourtmax": null, "sun": null, "altitude": "3", "prec": "0,0", "latitude": 432526, "hourpresmax": "23", "province": "CANTABRIA", "tmed": "21,0", "tmin": "16,2", "avgspeed": null, "presmax": "1020,8", "presmin": "1019,7", "hourpresmin": "16", "date": "1975-07-28", "name": "SANTANDER AEROPUERTO", "gust": null, "tmax": "25,8", "longitude": 34932}, {"code": "1109", "hourtmin": null, "hourgust": null, "hourtmax": null, "sun": null, "altitude": "3", "prec": "0,0", "latitude": 432526, "hourpresmax": "01", "province": "CANTABRIA", "tmed": "21,3", "tmin": "16,2", "avgspeed": null, "presmax": "1020,5", "presmin": "1018,0", "hourpresmin": "16", "date": "1975-07-29", "name": "SANTANDER AEROPUERTO", "gust": null, "tmax": "26,4", "longitude": 34932}, {"code": "1109", "hourtmin": null, "hourgust": null, "hourtmax": null, "sun": null, "altitude": "3", "prec": "0,0", "latitude": 432526, "hourpresmax": "18", "province": "CANTABRIA", "tmed": "22,1", "tmin": "18,0", "avgspeed": null, "presmax": "1020,7", "presmin": "1017,3", "hourpresmin": "04", "date": "1975-07-30", "name": "SANTANDER AEROPUERTO", "gust": null, "tmax": "26,2", "longitude": 34932}, {"code": "1109", "hourtmin": null, "hourgust": null, "hourtmax": null, "sun": null, "altitude": "3", "prec": "0,0", "latitude": 432526, "hourpresmax": "24", "province": "CANTABRIA", "tmed": "26,8", "tmin": "19,6", "avgspeed": null, "presmax": "1021,1", "presmin": "1013,6", "hourpresmin": "07", "date": "1975-07-31", "name": "SANTANDER AEROPUERTO", "gust": null, "tmax": "34,0", "longitude": 34932}, {"code": "1109", "hourtmin": null, "hourgust": null, "hourtmax": null, "sun": null, "altitude": "3", "prec": "0,0", "latitude": 432526, "hourpresmax": null, "province": "CANTABRIA", "presmax": null, "presmin": null, "hourpresmin": null, "date": "1975-08-01", "name": "SANTANDER AEROPUERTO", "gust": null, "longitude": 34932, "avgspeed": null}, {"code": "1109", "hourtmin": null, "hourgust": null, "hourtmax": null, "sun": null, "altitude": "3", "prec": "0,0", "latitude": 432526, "hourpresmax": null, "province": "CANTABRIA", "presmax": null, "presmin": null, "hourpresmin": null, "date": "1975-08-02", "name": "SANTANDER AEROPUERTO", "gust": null, "longitude": 34932, "avgspeed": null}, {"code": "1109", "hourtmin": null, "hourgust": null, "hourtmax": null, "sun": null, "altitude": "3", "prec": "0,0", "latitude": 432526, "hourpresmax": null, "province": "CANTABRIA", "presmax": null, "presmin": null, "hourpresmin": null, "date": "1975-08-03", "name": "SANTANDER AEROPUERTO", "gust": null, "longitude": 34932, "avgspeed": null}, {"code": "1109", "hourtmin": null, "hourgust": null, "hourtmax": null, "sun": null, "altitude": "3", "prec": "0,0", "latitude": 432526, "hourpresmax": null, "province": "CANTABRIA", "presmax": null, "presmin": null, "hourpresmin": null, "date": "1975-08-04", "name": "SANTANDER AEROPUERTO", "gust": null, "longitude": 34932, "avgspeed": null}, {"code": "1109", "hourtmin": null, "hourgust": null, "hourtmax": null, "sun": null, "altitude": "3", "prec": "0,0", "latitude": 432526, "hourpresmax": null, "province": "CANTABRIA", "presmax": null, "presmin": null, "hourpresmin": null, "date": "1975-08-05", "name": "SANTANDER AEROPUERTO", "gust": null, "longitude": 34932, "avgspeed": null}, {"code": "1109", "hourtmin": null, "hourgust": null, "hourtmax": null, "sun": null, "altitude": "3", "prec": "0,0", "latitude": 432526, "hourpresmax": null, "province": "CANTABRIA", "presmax": null, "presmin": null, "hourpresmin": null, "date": "1975-08-06", "name": "SANTANDER AEROPUERTO", "gust": null, "longitude": 34932, "avgspeed": null}, {"code": "1109", "hourtmin": null, "hourgust": null, "hourtmax": null, "sun": null, "altitude": "3", "prec": "0,0", "latitude": 432526, "hourpresmax": null, "province": "CANTABRIA", "presmax": null, "presmin": null, "hourpresmin": null, "date": "1975-08-07", "name": "SANTANDER AEROPUERTO", "gust": null, "longitude": 34932, "avgspeed": null}, {"code": "1109", "hourtmin": null, "hourgust": null, "hourtmax": null, "sun": null, "altitude": "3", "prec": "0,0", "latitude": 432526, "hourpresmax": null, "province": "CANTABRIA", "presmax": null, "presmin": null, "hourpresmin": null, "date": "1975-08-08", "name": "SANTANDER AEROPUERTO", "gust": null, "longitude": 34932, "avgspeed": null}, {"code": "1109", "hourtmin": null, "hourgust": null, "hourtmax": null, "sun": null, "altitude": "3", "prec": "0,0", "latitude": 432526, "hourpresmax": null, "province": "CANTABRIA", "presmax": null, "presmin": null, "hourpresmin": null, "date": "1975-08-09", "name": "SANTANDER AEROPUERTO", "gust": null, "longitude": 34932, "avgspeed": null}]