[{"code": "1109", "hourtmin": "07:10", "hourgust": null, "hourtmax": "17:30", "sun": "12,3", "altitude": "3", "prec": "0,0", "latitude": 432526, "hourpresmax": "11", "province": "CANTABRIA", "tmed": "16,2", "tmin": "11,6", "avgspeed": "3,9", "presmax": "1022,1", "presmin": "1020,4", "hourpresmin": "19", "date": "1977-09-01", "name": "SANTANDER AEROPUERTO", "gust": null, "tmax": "20,9", "longitude": 34932}, {"code": "1109", "hourtmin": "06:00", "hourgust": null, "hourtmax": "16:00", "sun": "12,9", "altitude": "3", "prec": "0,0", "latitude": 432526, "hourpresmax": "23", "province": "CANTABRIA", "tmed": "16,8", "tmin": "11,8", "avgspeed": "2,5", "presmax": "1021,3", "presmin": "1018,9", "hourpresmin": "15", "date": "1977-09-02", "name": "SANTANDER AEROPUERTO", "gust": null, "tmax": "21,7", "longitude": 34932}, {"code": "1109", "hourtmin": "05:30", "hourgust": null, "hourtmax": "11:00", "sun": "7,3", "altitude": "3", "prec": "0,0", "latitude": 432526, "hourpresmax": "23", "province": "CANTABRIA", "tmed": "17,1", "tmin": "13,1", "avgspeed": "4,4", "presmax": "1023,9", "presmin": "1020,5", "hourpresmin": "Varias", "date": "1977-09-03", "name": "SANTANDER AEROPUERTO", "gust": null, "tmax": "21,1", "longitude": 34932}, {"code": "1109", "hourtmin": "02:00", "hourgust": null, "hourtmax": "Varias", "sun": "0,3", "altitude": "3", "prec": "0,0", "latitude": 432526, "hourpresmax": "23", "province": "CANTABRIA", "tmed": "18,7", "tmin": "17,0", "avgspeed": "5,0", "presmax": "1024,7", "presmin": "1023,2", "hourpresmin": "15", "date": "1977-09-04", "name": "SANTANDER AEROPUERTO", "gust": null, "tmax": "20,4", "longitude": 34932}, {"code": "1109", "hourtmin": "07:10", "hourgust": null, "hourtmax": "13:10", "sun": "0,0", "altitude": "3", "prec": "0,0", "latitude": 432526, "hourpresmax": "24", "province": "CANTABRIA", "tmed": "18,3", "tmin": "17,0", "avgspeed": "3,3", "presmax": "1026,8", "presmin": "1024,5", "hourpresmin": "01", "date": "1977-09-05", "name": "SANTANDER AEROPUERTO", "gust": null, "tmax": "19,6", "longitude": 34932}, {"code": "1109", "hourtmin": "06:00", "hourgust": null, "hourtmax": "Varias", "sun": "7,9", "altitude": "3", "prec": "0,0", "latitude": 432526, "hourpresmax": "23", "province": "CANTABRIA", "tmed": "16,8", "tmin": "12,4", "avgspeed": "3,6", "presmax": "1028,9", "presmin": "1026,7", "hourpresmin": "03", "date": "1977-09-06", "name": "SANTANDER AEROPUERTO", "gust": null, "tmax": "21,2", "longitude": 34932}, {"code": "1109", "hourtmin": "06:00", "hourgust": null, "hourtmax": "15:00", "sun": "9,5", "altitude": "3", "prec": "0,0", "latitude": 432526, "hourpresmax": "01", "province": "CANTABRIA", "tmed": "16,5", "tmin": "11,5", "avgspeed": "4,7", "presmax": "1028,9", "presmin": "1026,5", "hourpresmin": "18", "date": "1977-09-07", "name": "SANTANDER AEROPUERTO", "gust": null, "tmax": "21,5", "longitude": 34932}, {"code": "1109", "hourtmin": "23:59", "hourgust": null, "hourtmax": "15:30", "sun": "0,0", "altitude": "3", "prec": "0,0", "latitude": 432526, "hourpresmax": "23", "province": "CANTABRIA", "tmed": "18,8", "tmin": "16,5", "avgspeed": "1,1", "presmax": "1028,7", "presmin": "1024,7", "hourpresmin": "07", "date": "1977-09-08", "name": "SANTANDER AEROPUERTO", "gust": null, "tmax": "21,2", "longitude": 34932}, {"code": "1109", "hourtmin": "23:59", "hourgust": null, "hourtmax": "17:00", "sun": "2,5", "altitude": "3", "prec": "Ip", "latitude": 432526, "hourpresmax": "12", "province": "CANTABRIA", "tmed": "18,0", "tmin": "15,4", "avgspeed": "1,9", "presmax": "1030,8", "presmin": "1028,0", "hourpresmin": "04", "date": "1977-09-09", "name": "SANTANDER AEROPUERTO", "gust": null, "tmax": "20,7", "longitude": 34932}, {"code": "1109", "hourtmin": "06:00", "hourgust": null, "hourtmax": "14:00", "sun": "9,4", "altitude": "3", "prec": "0,0", "latitude": 432526, "hourpresmax": "00", "province": "CANTABRIA", "tmed": "16,3", "tmin": "10,3", "avgspeed": "4,7", "presmax": "1028,1", "presmin": "1022,8", "hourpresmin": "19", "date": "1977-09-10", "name": "SANTANDER AEROPUERTO", "gust": null, "tmax": "22,3", "longitude": 34932}, {"code": "1109", "hourtmin": "06:00", "hourgust": null, "hourtmax": "18:10", "sun": "12,2", "altitude": "3", "prec": "0,0", "latitude": 432526, "hourpresmax": "24", "province": "CANTABRIA", "tmed": "19,2", "tmin": "10,3", "avgspeed": "0,0", "presmax": "1024,8", "presmin": "1021,1", "hourpresmin": "18", "date": "1977-09-11", "name": "SANTANDER AEROPUERTO", "gust": null, "tmax": "28,2", "longitude": 34932}, {"code": "1109", "hourtmin": "07:10", "hourgust": null, "hourtmax": "14:00", "sun": "0,0", "altitude": "3", "prec": "0,0", "latitude": 432526, "hourpresmax": "24", "province": "CANTABRIA", "tmed": "17,2", "tmin": "15,0", "avgspeed": "3,3", "presmax": "1027,9", "presmin": "1024,7", "hourpresmin": "00", "date": "1977-09-12", "name": "SANTANDER AEROPUERTO", "gust": null, "tmax": "19,4", "longitude": 34932}, {"code": "1109", "hourtmin": "06:00", "hourgust": null, "hourtmax": "14:00", "sun": "0,9", "altitude": "3", "prec": "0,0", "latitude": 432526, "hourpresmax": "13", "province": "CANTABRIA", "tmed": "18,4", "tmin": "16,2", "avgspeed": "3,1", "presmax": "1028,8", "presmin": "1027,5", "hourpresmin": "06", "date": "1977-09-13", "name": "SANTANDER AEROPUERTO", "gust": null, "tmax": "20,6", "longitude": 34932}, {"code": "1109", "hourtmin": "23:59", "hourgust": null, "hourtmax": "14:00", "sun": "9,7", "altitude": "3", "prec": "0,0", "latitude": 432526, "hourpresmax": "00", "province": "CANTABRIA", "tmed": "18,5", "tmin": "14,0", "avgspeed": "6,7", "presmax": "1028,7", "presmin": "1020,5", "hourpresmin": "24", "date": "1977-09-14", "name": "SANTANDER AEROPUERTO", "gust": null, "tmax": "23,0", "longitude": 34932}, {"code": "1109", "hourtmin": "07:10", "hourgust": null, "hourtmax": "Varias", "sun": "0,0", "altitude": "3", "prec": "0,0", "latitude": 432526, "hourpresmax": null, "province": "CANTABRIA", "tmed": "16,4", "tmin": "11,2", "presmax": null, "presmin": null, "hourpresmin": null, "date": "1977-09-15", "name": "SANTANDER AEROPUERTO", "gust": null, "tmax": "21,6", "longitude": 34932, "avgspeed": null}, {"code": "1109", "hourtmin": "09:00", "hourgust": null, "hourtmax": "14:30", "sun": "6,2", "altitude": "3", "prec": "0,0", "latitude": 432526, "hourpresmax": "00", "province": "CANTABRIA", "tmed": "17,8", "tmin": "15,9", "avgspeed": "3,3", "presmax": "1019,7", "presmin": "1015,7", "hourpresmin": "24", "date": "1977-09-16", "name": "SANTANDER AEROPUERTO", "gust": null, "tmax": "19,8", "longitude": 34932}, {"code": "1109", "hourtmin": "22:30", "hourgust": null, "hourtmax": "Varias", "sun": "0,5", "altitude": "3", "prec": "0,0", "latitude": 432526, "hourpresmax": "24", "province": "CANTABRIA", "tmed": "15,7", "tmin": "11,2", "avgspeed": "4,7", "presmax": "1019,1", "presmin": "1015,1", "hourpresmin": "06", "date": "1977-09-17", "name": "SANTANDER AEROPUERTO", "gust": null, "tmax": "20,2", "longitude": 34932}, {"code": "1109", "hourtmin": "04:00", "hourgust": null, "hourtmax": "15:00", "sun": "9,6", "altitude": "3", "prec": "0,0", "latitude": 432526, "hourpresmax": "24", "province": "CANTABRIA", "tmed": "14,0", "tmin": "10,0", "avgspeed": "6,4", "presmax": "1020,8", "presmin": "1018,4", "hourpresmin": "04", "date": "1977-09-18", "name": "SANTANDER AEROPUERTO", "gust": null, "tmax": "18,0", "longitude": 34932}, {"code": "1109", "hourtmin": "06:00", "hourgust": null, "hourtmax": "Varias", "sun": "10,9", "altitude": "3", "prec": "0,0", "latitude": 432526, "hourpresmax": "22", "province": "CANTABRIA", "tmed": "13,0", "tmin": "8,4", "avgspeed": "4,7", "presmax": "1023,2", "presmin": "1020,8", "hourpresmin": "00", "date": "1977-09-19", "name": "SANTANDER AEROPUERTO", "gust": null, "tmax": "17,6", "longitude": 34932}, {"code": "1109", "hourtmin": "04:30", "hourgust": null, "hourtmax": "15:00", "sun": "8,7", "altitude": "3", "prec": "0,0", "latitude": 432526, "hourpresmax": "09", "province": "CANTABRIA", "tmed": "12,7", "tmin": "7,9", "avgspeed": "6,1", "presmax": "1023,1", "presmin": "1020,3", "hourpresmin": "24", "date": "1977-09-20", "name": "SANTANDER AEROPUERTO", "gust": null, "tmax": "17,5", "longitude": 34932}, {"code": "1109", "hourtmin": "04:00", "hourgust": null, "hourtmax": "12:00", "sun": "0,6", "altitude": "3", "prec": "0,3", "latitude": 432526, "hourpresmax": "23", "province": "CANTABRIA", "tmed": "11,0", "tmin": "7,0", "avgspeed": "3,9", "presmax": "1022,3", "presmin": "1018,0", "hourpresmin": "06", "date": "1977-09-21", "name": "SANTANDER AEROPUERTO", "gust": null, "tmax": "14,9", "longitude": 34932}, {"code": "1109", "hourtmin": "Varias", "hourgust": null, "hourtmax": "14:00", "sun": "6,1", "altitude": "3", "prec": "0,0", "latitude": 432526, "hourpresmax": "08", "province": "CANTABRIA", "tmed": "12,6", "tmin": "8,0", "avgspeed": "5,0", "presmax": "1022,7", "presmin": "1020,3", "hourpresmin": "24", "date": "1977-09-22", "name": "SANTANDER AEROPUERTO", "gust": null, "tmax": "17,3", "longitude": 34932}, {"code": "1109", "hourtmin": "02:00", "hourgust": null, "hourtmax": "12:00", "sun": "3,9", "altitude": "3", "prec": "1,8", "latitude": 432526, "hourpresmax": "00", "province": "CANTABRIA", "tmed": "17,4", "tmin": "9,7", "avgspeed": "3,3", "presmax": "1020,3", "presmin": "1010,1", "hourpresmin": "24", "date": "1977-09-23", "name": "SANTANDER AEROPUERTO", "gust": null, "tmax": "25,0", "longitude": 34932}, {"code": "1109", "hourtmin": "07:00", "hourgust": null, "hourtmax": "00:00", "sun": "2,6", "altitude": "3", "prec": "0,0", "latitude": 432526, "hourpresmax": "24", "province": "CANTABRIA", "tmed": "18,1", "tmin": "14,8", "avgspeed": "1,4", "presmax": "1016,9", "presmin": "1010,1", "hourpresmin": "01", "date": "1977-09-24", "name": "SANTANDER AEROPUERTO", "gust": null, "tmax": "21,4", "longitude": 34932}, {"code": "1109", "hourtmin": "23:59", "hourgust": null, "hourtmax": "17:00", "sun": "4,4", "altitude": "3", "prec": "0,0", "latitude": 432526, "hourpresmax": "20", "province": "CANTABRIA", "tmed": "16,6", "tmin": "13,5", "avgspeed": "1,1", "presmax": "1022,5", "presmin": "1016,9", "hourpresmin": "00", "date": "1977-09-25", "name": "SANTANDER AEROPUERTO", "gust": null, "tmax": "19,8", "longitude": 34932}, {"code": "1109", "hourtmin": "06:00", "hourgust": null, "hourtmax": "Varias", "sun": "6,3", "altitude": "3", "prec": "0,0", "latitude": 432526, "hourpresmax": "24", "province": "CANTABRIA", "tmed": "16,8", "tmin": "11,4", "avgspeed": "1,1", "presmax": "1025,3", "presmin": "1021,7", "hourpresmin": "05", "date": "1977-09-26", "name": "SANTANDER AEROPUERTO", "gust": null, "tmax": "22,2", "longitude": 34932}, {"code": "1109", "hourtmin": "Varias", "hourgust": null, "hourtmax": "Varias", "sun": "10,5", "altitude": "3", "prec": "0,0", "latitude": 432526, "hourpresmax": "09", "province": "CANTABRIA", "tmed": "16,7", "tmin": "12,2", "avgspeed": "1,4", "presmax": "1026,3", "presmin": "1025,1", "hourpresmin": "Varias", "date": "1977-09-27", "name": "SANTANDER AEROPUERTO", "gust": null, "tmax": "21,2", "longitude": 34932}, {"code": "1109", "hourtmin": "06:00", "hourgust": null, "hourtmax": "13:10", "sun": "6,5", "altitude": "3", "prec": "0,0", "latitude": 432526, "hourpresmax": "24", "province": "CANTABRIA", "tmed": "15,4", "tmin": "11,7", "avgspeed": "2,2", "presmax": "1031,5", "presmin": "1025,5", "hourpresmin": "04", "date": "1977-09-28", "name": "SANTANDER AEROPUERTO", "gust": null, "tmax": "19,0", "longitude": 34932}, {"code": "1109", "hourtmin": "Varias", "hourgust": null, "hourtmax": "14:30", "sun": "5,3", "altitude": "3", "prec": "0,0", "latitude": 432526, "hourpresmax": "09", "province": "CANTABRIA", "tmed": "17,6", "tmin": "16,0", "avgspeed": "3,3", "presmax": "1032,0", "presmin": "1029,9", "hourpresmin": "17", "date": "1977-09-29", "name": "SANTANDER AEROPUERTO", "gust": null, "tmax": "19,2", "longitude": 34932}, {"code": "1109", "hourtmin": "03:00", "hourgust": null, "hourtmax": "11:00", "sun": "0,0", "altitude": "3", "prec": "0,8", "latitude": 432526, "hourpresmax": "00", "province": "CANTABRIA", "tmed": "17,2", "tmin": "15,2", "avgspeed": "0,6", "presmax": "1030,4", "presmin": "1028,4", "hourpresmin": "18", "date": "1977-09-30", "name": "SANTANDER AEROPUERTO", "gust": null, "tmax": "19,1", "longitude": 34932}, {"code": "1109", "hourtmin": "22:30", "hourgust": null, "hourtmax": "Varias", "sun": "2,7", "altitude": "3", "prec": "Ip", "latitude": 432526, "hourpresmax": "10", "province": "CANTABRIA", "tmed": "14,4", "tmin": "12,2", "avgspeed": "2,8", "presmax": "1030,7", "presmin": "1028,4", "hourpresmin": "04", "date": "1977-10-01", "name": "SANTANDER AEROPUERTO", "gust": null, "tmax": "16,6", "longitude": 34932}, {"code": "1109", "hourtmin": "00:00", "hourgust": null, "hourtmax": "13:00", "sun": "2,0", "altitude": "3", "prec": "0,0", "latitude": 432526, "hourpresmax": "00", "province": "CANTABRIA", "tmed": "15,6", "tmin": "12,8", "avgspeed": "6,1", "presmax": "1029,2", "presmin": "1026,1", "hourpresmin": "24", "date": "1977-10-02", "name": "SANTANDER AEROPUERTO", "gust": null, "tmax": "18,4", "longitude": 34932}, {"code": "1109", "hourtmin": "04:00", "hourgust": null, "hourtmax": "13:00", "sun": "7,2", "altitude": "3", "prec": "0,0", "latitude": 432526, "hourpresmax": "00", "province": "CANTABRIA", "tmed": "16,2", "tmin": "12,9", "avgspeed": "3,1", "presmax": "1026,1", "presmin": "1021,9", "hourpresmin": "24", "date": "1977-10-03", "name": "SANTANDER AEROPUERTO", "gust": null, "tmax": "19,6", "longitude": 34932}, {"code": "1109", "hourtmin": "23:59", "hourgust": null, "hourtmax": "13:00", "sun": "0,3", "altitude": "3", "prec": "0,0", "latitude": 432526, "hourpresmax": "00", "province": "CANTABRIA", "tmed": "15,3", "tmin": "12,0", "avgspeed": "3,1", "presmax": "1022,0", "presmin": "1019,1", "hourpresmin": "24", "date": "1977-10-04", "name": "SANTANDER AEROPUERTO", "gust": null, "tmax": "18,6", "longitude": 34932}, {"code": "1109", "hourtmin": "06:30", "hourgust": null, "hourtmax": "11:30", "sun": "6,4", "altitude": "3", "prec": "0,0", "latitude": 432526, "hourpresmax": "00", "province": "CANTABRIA", "tmed": "14,7", "tmin": "9,8", "avgspeed": "4,2", "presmax": "1019,1", "presmin": "1000,0", "hourpresmin": "24", "date": "1977-10-05", "name": "SANTANDER AEROPUERTO", "gust": null, "tmax": "19,6", "longitude": 34932}, {"code": "1109", "hourtmin": "09:30", "hourgust": null, "hourtmax": "11:30", "sun": "3,4", "altitude": "3", "prec": "1,1", "latitude": 432526, "hourpresmax": "24", "province": "CANTABRIA", "tmed": "15,0", "tmin": "10,2", "avgspeed": "5,0", "presmax": "999,5", "presmin": "992,9", "hourpresmin": "05", "date": "1977-10-06", "name": "SANTANDER AEROPUERTO", "gust": null, "tmax": "19,8", "longitude": 34932}, {"code": "1109", "hourtmin": "06:30", "hourgust": null, "hourtmax": "10:30", "sun": "3,0", "altitude": "3", "prec": "19,8", "latitude": 432526, "hourpresmax": "00", "province": "CANTABRIA", "tmed": "11,8", "tmin": "7,5", "avgspeed": "7,8", "presmax": "999,3", "presmin": "993,9", "hourpresmin": "13", "date": "1977-10-07", "name": "SANTANDER AEROPUERTO", "gust": null, "tmax": "16,0", "longitude": 34932}, {"code": "1109", "hourtmin": "23:59", "hourgust": null, "hourtmax": "11:00", "sun": "0,2", "altitude": "3", "prec": "1,4", "latitude": 432526, "hourpresmax": "24", "province": "CANTABRIA", "tmed": "15,4", "tmin": "10,4", "avgspeed": "7,2", "presmax": "1004,7", "presmin": "998,1", "hourpresmin": "11", "date": "1977-10-08", "name": "SANTANDER AEROPUERTO", "gust": null, "tmax": "20,4", "longitude": 34932}, {"code": "1109", "hourtmin": "03:00", "hourgust": null, "hourtmax": "13:00", "sun": "4,7", "altitude": "3", "prec": "0,5", "latitude": 432526, "hourpresmax": "24", "province": "CANTABRIA", "tmed": "13,6", "tmin": "9,7", "avgspeed": "6,9", "presmax": "1020,4", "presmin": "1004,3", "hourpresmin": "03", "date": "1977-10-09", "name": "SANTANDER AEROPUERTO", "gust": null, "tmax": "17,4", "longitude": 34932}, {"code": "1109", "hourtmin": "23:59", "hourgust": null, "hourtmax": "11:00", "sun": "7,6", "altitude": "3", "prec": "0,0", "latitude": 432526, "hourpresmax": "10", "province": "CANTABRIA", "tmed": "14,1", "tmin": "9,8", "avgspeed": "5,3", "presmax": "1023,3", "presmin": "1020,7", "hourpresmin": "24", "date": "1977-10-10", "name": "SANTANDER AEROPUERTO", "gust": null, "tmax": "18,4", "longitude": 34932}, {"code": "1109", "hourtmin": "06:00", "hourgust": null, "hourtmax": "11:00", "sun": "9,7", "altitude": "3", "prec": "0,0", "latitude": 432526, "hourpresmax": "00", "province": "CANTABRIA", "tmed": "12,8", "tmin": "7,2", "avgspeed": "1,9", "presmax": "1020,7", "presmin": "1016,3", "hourpresmin": "16", "date": "1977-10-11", "name": "SANTANDER AEROPUERTO", "gust": null, "tmax": "18,4", "longitude": 34932}, {"code": "1109", "hourtmin": "06:30", "hourgust": null, "hourtmax": "12:30", "sun": "9,9", "altitude": "3", "prec": "0,0", "latitude": 432526, "hourpresmax": "08", "province": "CANTABRIA", "tmed": "13,4", "tmin": "9,0", "avgspeed": "4,4", "presmax": "1021,6", "presmin": "1019,9", "hourpresmin": "24", "date": "1977-10-12", "name": "SANTANDER AEROPUERTO", "gust": null, "tmax": "17,8", "longitude": 34932}, {"code": "1109", "hourtmin": "09:00", "hourgust": null, "hourtmax": "17:30", "sun": "7,7", "altitude": "3", "prec": "0,0", "latitude": 432526, "hourpresmax": "00", "province": "CANTABRIA", "tmed": "13,6", "tmin": "9,2", "avgspeed": "1,1", "presmax": "1019,9", "presmin": "1016,0", "hourpresmin": "16", "date": "1977-10-13", "name": "SANTANDER AEROPUERTO", "gust": null, "tmax": "18,1", "longitude": 34932}, {"code": "1109", "hourtmin": "05:30", "hourgust": null, "hourtmax": "13:30", "sun": "8,3", "altitude": "3", "prec": "0,0", "latitude": 432526, "hourpresmax": "Varias", "province": "CANTABRIA", "tmed": "20,2", "tmin": "12,5", "avgspeed": null, "presmax": "1016,7", "presmin": "1011,3", "hourpresmin": "17", "date": "1977-10-14", "name": "SANTANDER AEROPUERTO", "gust": null, "tmax": "27,8", "longitude": 34932}, {"code": "1109", "hourtmin": "06:00", "hourgust": null, "hourtmax": "15:00", "sun": "10,1", "altitude": "3", "prec": "0,0", "latitude": 432526, "hourpresmax": "24", "province": "CANTABRIA", "tmed": "23,0", "tmin": "20,0", "avgspeed": null, "presmax": "1013,6", "presmin": "1011,1", "hourpresmin": "07", "date": "1977-10-15", "name": "SANTANDER AEROPUERTO", "gust": null, "tmax": "26,0", "longitude": 34932}, {"code": "1109", "hourtmin": "07:00", "hourgust": null, "hourtmax": "15:00", "sun": "8,8", "altitude": "3", "prec": "0,0", "latitude": 432526, "hourpresmax": "08", "province": "CANTABRIA", "tmed": "24,2", "tmin": "20,4", "avgspeed": null, "presmax": "1013,3", "presmin": "1010,7", "hourpresmin": "16", "date": "1977-10-16", "name": "SANTANDER AEROPUERTO", "gust": null, "tmax": "28,0", "longitude": 34932}, {"code": "1109", "hourtmin": "06:00", "hourgust": null, "hourtmax": "15:30", "sun": "1,5", "altitude": "3", "prec": "0,4", "latitude": 432526, "hourpresmax": "09", "province": "CANTABRIA", "tmed": "22,3", "tmin": "19,6", "avgspeed": null, "presmax": "1011,6", "presmin": "1006,8", "hourpresmin": "18", "date": "1977-10-17", "name": "SANTANDER AEROPUERTO", "gust": null, "tmax": "25,0", "longitude": 34932}, {"code": "1109", "hourtmin": "04:30", "hourgust": null, "hourtmax": "12:30", "sun": "2,0", "altitude": "3", "prec": "0,0", "latitude": 432526, "hourpresmax": "24", "province": "CANTABRIA", "tmed": "20,7", "tmin": "17,0", "avgspeed": null, "presmax": "1012,4", "presmin": "1008,9", "hourpresmin": "05", "date": "1977-10-18", "name": "SANTANDER AEROPUERTO", "gust": null, "tmax": "24,4", "longitude": 34932}, {"code": "1109", "hourtmin": "23:59", "hourgust": null, "hourtmax": "05:30", "sun": "5,7", "altitude": "3", "prec": "0,0", "latitude": 432526, "hourpresmax": "22", "province": "CANTABRIA", "tmed": "22,0", "tmin": "18,5", "avgspeed": null, "presmax": "1014,5", "presmin": "1012,4", "hourpresmin": "00", "date": "1977-10-19", "name": "SANTANDER AEROPUERTO", "gust": null, "tmax": "25,5", "longitude": 34932}, {"code": "1109", "hourtmin": "23:00", "hourgust": null, "hourtmax": "15:30", "sun": "1,6", "altitude": "3", "prec": "Ip", "latitude": 432526, "hourpresmax": "10", "province": "CANTABRIA", "tmed": "19,8", "tmin": "14,0", "avgspeed": null, "presmax": "1014,8", "presmin": "1012,1", "hourpresmin": "16", "date": "1977-10-20", "name": "SANTANDER AEROPUERTO", "gust": null, "tmax": "25,5", "longitude": 34932}, {"code": "1109", "hourtmin": "21:00", "hourgust": null, "hourtmax": "13:30", "sun": "1,8", "altitude": "3", "prec": "4,8", "latitude": 432526, "hourpresmax": "20", "province": "CANTABRIA", "tmed": "20,2", "tmin": "18,2", "avgspeed": null, "presmax": "1014,1", "presmin": "1012,0", "hourpresmin": "14", "date": "1977-10-21", "name": "SANTANDER AEROPUERTO", "gust": null, "tmax": "22,2", "longitude": 34932}, {"code": "1109", "hourtmin": "17:00", "hourgust": null, "hourtmax": "00:00", "sun": "0,0", "altitude": "3", "prec": "17,7", "latitude": 432526, "hourpresmax": "24", "province": "CANTABRIA", "tmed": "16,4", "tmin": "13,3", "avgspeed": null, "presmax": "1023,3", "presmin": "1014,1", "hourpresmin": "00", "date": "1977-10-22", "name": "SANTANDER AEROPUERTO", "gust": null, "tmax": "19,4", "longitude": 34932}, {"code": "1109", "hourtmin": "23:59", "hourgust": null, "hourtmax": "16:00", "sun": "4,0", "altitude": "3", "prec": "Ip", "latitude": 432526, "hourpresmax": "11", "province": "CANTABRIA", "tmed": "14,0", "tmin": "11,1", "avgspeed": null, "presmax": "1026,9", "presmin": "1023,3", "hourpresmin": "00", "date": "1977-10-23", "name": "SANTANDER AEROPUERTO", "gust": null, "tmax": "16,8", "longitude": 34932}, {"code": "1109", "hourtmin": "04:30", "hourgust": null, "hourtmax": "13:00", "sun": "3,7", "altitude": "3", "prec": "0,0", "latitude": 432526, "hourpresmax": "23", "province": "CANTABRIA", "tmed": "14,0", "tmin": "10,0", "avgspeed": null, "presmax": "1030,8", "presmin": "1024,8", "hourpresmin": "03", "date": "1977-10-24", "name": "SANTANDER AEROPUERTO", "gust": null, "tmax": "18,0", "longitude": 34932}, {"code": "1109", "hourtmin": "23:59", "hourgust": null, "hourtmax": "15:30", "sun": "1,6", "altitude": "3", "prec": "0,0", "latitude": 432526, "hourpresmax": "10", "province": "CANTABRIA", "tmed": "14,9", "tmin": "12,0", "avgspeed": null, "presmax": "1031,6", "presmin": "1028,4", "hourpresmin": "24", "date": "1977-10-25", "name": "SANTANDER AEROPUERTO", "gust": null, "tmax": "17,8", "longitude": 34932}, {"code": "1109", "hourtmin": "07:00", "hourgust": null, "hourtmax": "11:30", "sun": "6,1", "altitude": "3", "prec": "0,0", "latitude": 432526, "hourpresmax": "00", "province": "CANTABRIA", "tmed": "14,2", "tmin": "10,0", "avgspeed": null, "presmax": "1028,1", "presmin": "1021,6", "hourpresmin": "24", "date": "1977-10-26", "name": "SANTANDER AEROPUERTO", "gust": null, "tmax": "18,4", "longitude": 34932}, {"code": "1109", "hourtmin": "07:30", "hourgust": null, "hourtmax": "14:00", "sun": "1,2", "altitude": "3", "prec": "1,0", "latitude": 432526, "hourpresmax": "24", "province": "CANTABRIA", "tmed": "12,8", "tmin": "7,5", "avgspeed": null, "presmax": "1027,6", "presmin": "1021,3", "hourpresmin": "03", "date": "1977-10-27", "name": "SANTANDER AEROPUERTO", "gust": null, "tmax": "18,0", "longitude": 34932}, {"code": "1109", "hourtmin": "08:30", "hourgust": null, "hourtmax": "14:30", "sun": "1,9", "altitude": "3", "prec": "Ip", "latitude": 432526, "hourpresmax": "10", "province": "CANTABRIA", "tmed": "14,8", "tmin": "13,0", "avgspeed": null, "presmax": "1030,3", "presmin": "1027,6", "hourpresmin": "02", "date": "1977-10-28", "name": "SANTANDER AEROPUERTO", "gust": null, "tmax": "16,6", "longitude": 34932}, {"code": "1109", "hourtmin": "07:30", "hourgust": null, "hourtmax": "13:30", "sun": "7,2", "altitude": "3", "prec": "0,0", "latitude": 432526, "hourpresmax": "00", "province": "CANTABRIA", "tmed": "13,6", "tmin": "9,0", "avgspeed": null, "presmax": "1028,1", "presmin": "1023,6", "hourpresmin": "14", "date": "1977-10-29", "name": "SANTANDER AEROPUERTO", "gust": null, "tmax": "18,2", "longitude": 34932}, {"code": "1109", "hourtmin": "07:00", "hourgust": null, "hourtmax": "16:30", "sun": "5,8", "altitude": "3", "prec": "0,0", "latitude": 432526, "hourpresmax": "00", "province": "CANTABRIA", "tmed": "14,5", "tmin": "9,0", "avgspeed": null, "presmax": "1025,5", "presmin": "1016,3", "hourpresmin": "24", "date": "1977-10-30", "name": "SANTANDER AEROPUERTO", "gust": null, "tmax": "20,0", "longitude": 34932}, {"code": "1109", "hourtmin": "21:30", "hourgust": null, "hourtmax": "01:00", "sun": "0,0", "altitude": "3", "prec": "4,9", "latitude": 432526, "hourpresmax": "24", "province": "CANTABRIA", "tmed": "16,4", "tmin": "12,7", "avgspeed": null, "presmax": "1024,5", "presmin": "1014,1", "hourpresmin": "07", "date": "1977-10-31", "name": "SANTANDER AEROPUERTO", "gust": null, "tmax": "20,0", "longitude": 34932}, {"code": "1109", "hourtmin": "23:59", "hourgust": null, "hourtmax": "12:00", "sun": "6,7", "altitude": "3", "prec": "0,0", "latitude": 432526, "hourpresmax": "09", "province": "CANTABRIA", "tmed": "13,4", "tmin": "10,0", "avgspeed": "3,1", "presmax": "1026,4", "presmin": "1021,7", "hourpresmin": "24", "date": "1977-11-01", "name": "SANTANDER AEROPUERTO", "gust": null, "tmax": "16,8", "longitude": 34932}, {"code": "1109", "hourtmin": "03:00", "hourgust": null, "hourtmax": "16:00", "sun": "8,3", "altitude": "3", "prec": "0,0", "latitude": 432526, "hourpresmax": "11", "province": "CANTABRIA", "tmed": "14,2", "tmin": "7,8", "avgspeed": "1,4", "presmax": "1022,7", "presmin": "1019,7", "hourpresmin": "20", "date": "1977-11-02", "name": "SANTANDER AEROPUERTO", "gust": null, "tmax": "20,6", "longitude": 34932}, {"code": "1109", "hourtmin": "05:00", "hourgust": null, "hourtmax": "14:00", "sun": "8,6", "altitude": "3", "prec": "0,5", "latitude": 432526, "hourpresmax": "02", "province": "CANTABRIA", "tmed": "18,0", "tmin": "12,0", "avgspeed": "0,0", "presmax": "1021,3", "presmin": "1018,0", "hourpresmin": "15", "date": "1977-11-03", "name": "SANTANDER AEROPUERTO", "gust": null, "tmax": "24,0", "longitude": 34932}, {"code": "1109", "hourtmin": "23:59", "hourgust": null, "hourtmax": "14:00", "sun": "1,8", "altitude": "3", "prec": "0,0", "latitude": 432526, "hourpresmax": "11", "province": "CANTABRIA", "tmed": "14,8", "tmin": "12,0", "avgspeed": "4,7", "presmax": "1023,9", "presmin": "1018,8", "hourpresmin": "00", "date": "1977-11-04", "name": "SANTANDER AEROPUERTO", "gust": null, "tmax": "17,6", "longitude": 34932}, {"code": "1109", "hourtmin": "04:00", "hourgust": null, "hourtmax": "15:00", "sun": "5,5", "altitude": "3", "prec": "0,0", "latitude": 432526, "hourpresmax": "00", "province": "CANTABRIA", "tmed": "13,9", "tmin": "9,6", "avgspeed": "4,7", "presmax": "1023,1", "presmin": "1012,8", "hourpresmin": "24", "date": "1977-11-05", "name": "SANTANDER AEROPUERTO", "gust": null, "tmax": "18,2", "longitude": 34932}, {"code": "1109", "hourtmin": "23:59", "hourgust": null, "hourtmax": "Varias", "sun": "2,3", "altitude": "3", "prec": "1,0", "latitude": 432526, "hourpresmax": "24", "province": "CANTABRIA", "tmed": "14,7", "tmin": "12,0", "avgspeed": "3,3", "presmax": "1022,1", "presmin": "1012,5", "hourpresmin": "03", "date": "1977-11-06", "name": "SANTANDER AEROPUERTO", "gust": null, "tmax": "17,4", "longitude": 34932}, {"code": "1109", "hourtmin": "23:59", "hourgust": null, "hourtmax": "14:00", "sun": "3,9", "altitude": "3", "prec": "0,0", "latitude": 432526, "hourpresmax": "23", "province": "CANTABRIA", "tmed": "14,4", "tmin": "12,0", "avgspeed": "2,2", "presmax": "1027,9", "presmin": "1022,0", "hourpresmin": "00", "date": "1977-11-07", "name": "SANTANDER AEROPUERTO", "gust": null, "tmax": "16,8", "longitude": 34932}, {"code": "1109", "hourtmin": "01:00", "hourgust": null, "hourtmax": "15:00", "sun": "7,6", "altitude": "3", "prec": "0,0", "latitude": 432526, "hourpresmax": "23", "province": "CANTABRIA", "tmed": "16,7", "tmin": "10,0", "avgspeed": "3,6", "presmax": "1030,7", "presmin": "1027,7", "hourpresmin": "03", "date": "1977-11-08", "name": "SANTANDER AEROPUERTO", "gust": null, "tmax": "23,4", "longitude": 34932}, {"code": "1109", "hourtmin": "08:00", "hourgust": null, "hourtmax": "Varias", "sun": "8,5", "altitude": "3", "prec": "0,0", "latitude": 432526, "hourpresmax": "00", "province": "CANTABRIA", "tmed": "15,4", "tmin": "9,0", "avgspeed": "1,1", "presmax": "1030,8", "presmin": "1024,4", "hourpresmin": "21", "date": "1977-11-09", "name": "SANTANDER AEROPUERTO", "gust": null, "tmax": "21,8", "longitude": 34932}, {"code": "1109", "hourtmin": "08:00", "hourgust": null, "hourtmax": "12:00", "sun": "8,5", "altitude": "3", "prec": "0,0", "latitude": 432526, "hourpresmax": "10", "province": "CANTABRIA", "tmed": "15,5", "tmin": "9,0", "avgspeed": "1,9", "presmax": "1025,2", "presmin": "1022,5", "hourpresmin": "15", "date": "1977-11-10", "name": "SANTANDER AEROPUERTO", "gust": null, "tmax": "22,0", "longitude": 34932}, {"code": "1109", "hourtmin": "06:30", "hourgust": null, "hourtmax": "14:00", "sun": "3,9", "altitude": "3", "prec": "0,0", "latitude": 432526, "hourpresmax": "24", "province": "CANTABRIA", "tmed": "14,1", "tmin": "8,2", "avgspeed": null, "presmax": "1028,5", "presmin": "1024,0", "hourpresmin": "04", "date": "1977-11-11", "name": "SANTANDER AEROPUERTO", "gust": null, "tmax": "20,0", "longitude": 34932}, {"code": "1109", "hourtmin": "08:30", "hourgust": null, "hourtmax": "15:00", "sun": "4,3", "altitude": "3", "prec": "1,3", "latitude": 432526, "hourpresmax": "11", "province": "CANTABRIA", "tmed": "15,5", "tmin": "11,0", "avgspeed": null, "presmax": "1030,4", "presmin": "1027,2", "hourpresmin": "05", "date": "1977-11-12", "name": "SANTANDER AEROPUERTO", "gust": null, "tmax": "20,0", "longitude": 34932}, {"code": "1109", "hourtmin": "21:00", "hourgust": null, "hourtmax": "00:00", "sun": "0,0", "altitude": "3", "prec": "1,5", "latitude": 432526, "hourpresmax": "00", "province": "CANTABRIA", "tmed": "14,8", "tmin": "13,2", "avgspeed": null, "presmax": "1029,7", "presmin": "1026,1", "hourpresmin": "15", "date": "1977-11-13", "name": "SANTANDER AEROPUERTO", "gust": null, "tmax": "16,4", "longitude": 34932}, {"code": "1109", "hourtmin": "00:00", "hourgust": null, "hourtmax": "23:59", "sun": "0,0", "altitude": "3", "prec": "Ip", "latitude": 432526, "hourpresmax": "00", "province": "CANTABRIA", "tmed": "14,6", "tmin": "12,5", "avgspeed": null, "presmax": "1027,2", "presmin": "1021,3", "hourpresmin": "24", "date": "1977-11-14", "name": "SANTANDER AEROPUERTO", "gust": null, "tmax": "16,8", "longitude": 34932}, {"code": "1109", "hourtmin": "19:30", "hourgust": null, "hourtmax": "12:00", "sun": "0,0", "altitude": "3", "prec": "25,4", "latitude": 432526, "hourpresmax": "00", "province": "CANTABRIA", "tmed": "14,1", "tmin": "11,7", "avgspeed": "7,2", "presmax": "1021,3", "presmin": "1017,1", "hourpresmin": "16", "date": "1977-11-15", "name": "SANTANDER AEROPUERTO", "gust": null, "tmax": "16,5", "longitude": 34932}, {"code": "1109", "hourtmin": "08:00", "hourgust": null, "hourtmax": "20:30", "sun": "0,3", "altitude": "3", "prec": "6,9", "latitude": 432526, "hourpresmax": "10", "province": "CANTABRIA", "tmed": "12,6", "tmin": "11,0", "avgspeed": "10,6", "presmax": "1017,6", "presmin": "1015,5", "hourpresmin": "24", "date": "1977-11-16", "name": "SANTANDER AEROPUERTO", "gust": null, "tmax": "14,2", "longitude": 34932}, {"code": "1109", "hourtmin": "23:59", "hourgust": null, "hourtmax": "05:30", "sun": "0,0", "altitude": "3", "prec": "40,7", "latitude": 432526, "hourpresmax": "24", "province": "CANTABRIA", "tmed": "12,0", "tmin": "9,6", "avgspeed": "7,2", "presmax": "1018,3", "presmin": "1014,1", "hourpresmin": "06", "date": "1977-11-17", "name": "SANTANDER AEROPUERTO", "gust": null, "tmax": "14,4", "longitude": 34932}, {"code": "1109", "hourtmin": "23:59", "hourgust": null, "hourtmax": "14:00", "sun": "0,9", "altitude": "3", "prec": "9,7", "latitude": 432526, "hourpresmax": "24", "province": "CANTABRIA", "tmed": "8,1", "tmin": "6,2", "avgspeed": "4,4", "presmax": "1024,9", "presmin": "1018,1", "hourpresmin": "04", "date": "1977-11-18", "name": "SANTANDER AEROPUERTO", "gust": null, "tmax": "10,0", "longitude": 34932}, {"code": "1109", "hourtmin": "21:30", "hourgust": null, "hourtmax": "23:59", "sun": "7,4", "altitude": "3", "prec": "0,0", "latitude": 432526, "hourpresmax": "11", "province": "CANTABRIA", "tmed": "6,4", "tmin": "1,8", "avgspeed": "3,1", "presmax": "1025,6", "presmin": "1016,8", "hourpresmin": "24", "date": "1977-11-19", "name": "SANTANDER AEROPUERTO", "gust": null, "tmax": "11,0", "longitude": 34932}, {"code": "1109", "hourtmin": "22:00", "hourgust": null, "hourtmax": "13:30", "sun": "4,0", "altitude": "3", "prec": "26,8", "latitude": 432526, "hourpresmax": "00", "province": "CANTABRIA", "tmed": "7,5", "tmin": "2,0", "avgspeed": "5,3", "presmax": "1016,8", "presmin": "1001,2", "hourpresmin": "23", "date": "1977-11-20", "name": "SANTANDER AEROPUERTO", "gust": null, "tmax": "13,0", "longitude": 34932}, {"code": "1109", "hourtmin": "08:00", "hourgust": null, "hourtmax": "15:00", "sun": "2,0", "altitude": "3", "prec": "49,8", "latitude": 432526, "hourpresmax": "24", "province": "CANTABRIA", "tmed": "4,7", "tmin": "2,4", "avgspeed": "10,6", "presmax": "1013,1", "presmin": "1002,3", "hourpresmin": "00", "date": "1977-11-21", "name": "SANTANDER AEROPUERTO", "gust": null, "tmax": "7,0", "longitude": 34932}, {"code": "1109", "hourtmin": "01:00", "hourgust": null, "hourtmax": "13:15", "sun": "0,0", "altitude": "3", "prec": "70,8", "latitude": 432526, "hourpresmax": "24", "province": "CANTABRIA", "tmed": "5,3", "tmin": "3,0", "avgspeed": "6,9", "presmax": "1025,1", "presmin": "1013,1", "hourpresmin": "00", "date": "1977-11-22", "name": "SANTANDER AEROPUERTO", "gust": null, "tmax": "7,6", "longitude": 34932}, {"code": "1109", "hourtmin": "01:00", "hourgust": null, "hourtmax": "14:00", "sun": "0,0", "altitude": "3", "prec": "10,2", "latitude": 432526, "hourpresmax": "12", "province": "CANTABRIA", "tmed": "6,0", "tmin": "3,0", "avgspeed": "3,6", "presmax": "1031,1", "presmin": "1024,9", "hourpresmin": "00", "date": "1977-11-23", "name": "SANTANDER AEROPUERTO", "gust": null, "tmax": "9,0", "longitude": 34932}, {"code": "1109", "hourtmin": "00:00", "hourgust": null, "hourtmax": "14:00", "sun": "1,5", "altitude": "3", "prec": "10,0", "latitude": 432526, "hourpresmax": "00", "province": "CANTABRIA", "tmed": "9,8", "tmin": "7,0", "avgspeed": "5,0", "presmax": "1029,7", "presmin": "1026,8", "hourpresmin": "05", "date": "1977-11-24", "name": "SANTANDER AEROPUERTO", "gust": null, "tmax": "12,6", "longitude": 34932}, {"code": "1109", "hourtmin": "22:30", "hourgust": null, "hourtmax": "05:00", "sun": "0,0", "altitude": "3", "prec": "5,5", "latitude": 432526, "hourpresmax": "11", "province": "CANTABRIA", "tmed": "8,6", "tmin": "6,8", "avgspeed": "3,1", "presmax": "1027,2", "presmin": "1025,1", "hourpresmin": "05", "date": "1977-11-25", "name": "SANTANDER AEROPUERTO", "gust": null, "tmax": "10,5", "longitude": 34932}, {"code": "1109", "hourtmin": "23:59", "hourgust": null, "hourtmax": "13:15", "sun": "3,8", "altitude": "3", "prec": "0,0", "latitude": 432526, "hourpresmax": "00", "province": "CANTABRIA", "tmed": "7,6", "tmin": "3,0", "avgspeed": "3,6", "presmax": "1025,9", "presmin": "1020,1", "hourpresmin": "24", "date": "1977-11-26", "name": "SANTANDER AEROPUERTO", "gust": null, "tmax": "12,2", "longitude": 34932}, {"code": "1109", "hourtmin": "08:30", "hourgust": null, "hourtmax": "14:00", "sun": "5,4", "altitude": "3", "prec": "0,0", "latitude": 432526, "hourpresmax": "00", "province": "CANTABRIA", "tmed": "5,0", "tmin": "0,9", "avgspeed": "4,4", "presmax": "1020,1", "presmin": "1016,0", "hourpresmin": "24", "date": "1977-11-27", "name": "SANTANDER AEROPUERTO", "gust": null, "tmax": "9,2", "longitude": 34932}, {"code": "1109", "hourtmin": "07:00", "hourgust": null, "hourtmax": "13:10", "sun": "4,1", "altitude": "3", "prec": "0,0", "latitude": 432526, "hourpresmax": "11", "province": "CANTABRIA", "tmed": "4,8", "tmin": "3,0", "avgspeed": "4,2", "presmax": "1017,3", "presmin": "1016,0", "hourpresmin": "15", "date": "1977-11-28", "name": "SANTANDER AEROPUERTO", "gust": null, "tmax": "6,6", "longitude": 34932}, {"code": "1109", "hourtmin": "01:00", "hourgust": null, "hourtmax": "13:10", "sun": "1,9", "altitude": "3", "prec": "Ip", "latitude": 432526, "hourpresmax": "11", "province": "CANTABRIA", "tmed": "5,1", "tmin": "2,0", "avgspeed": "3,9", "presmax": "1016,7", "presmin": "1014,3", "hourpresmin": "24", "date": "1977-11-29", "name": "SANTANDER AEROPUERTO", "gust": null, "tmax": "8,2", "longitude": 34932}, {"code": "1109", "hourtmin": "20:00", "hourgust": null, "hourtmax": "03:00", "sun": "0,0", "altitude": "3", "prec": "1,4", "latitude": 432526, "hourpresmax": "00", "province": "CANTABRIA", "tmed": "4,8", "tmin": "2,3", "avgspeed": "3,9", "presmax": "1014,3", "presmin": "1012,7", "hourpresmin": "06", "date": "1977-11-30", "name": "SANTANDER AEROPUERTO", "gust": null, "tmax": "7,4", "longitude": 34932}, {"code": "1109", "hourtmin": "07:10", "hourgust": null, "hourtmax": "14:00", "sun": "6,4", "altitude": "3", "prec": "Ip", "latitude": 432526, "hourpresmax": "24", "province": "CANTABRIA", "tmed": "5,9", "tmin": "0,8", "avgspeed": "1,9", "presmax": "1018,9", "presmin": "1014,1", "hourpresmin": "01", "date": "1977-12-01", "name": "SANTANDER AEROPUERTO", "gust": null, "tmax": "11,0", "longitude": 34932}, {"code": "1109", "hourtmin": "00:00", "hourgust": null, "hourtmax": "15:00", "sun": "0,0", "altitude": "3", "prec": "0,3", "latitude": 432526, "hourpresmax": "24", "province": "CANTABRIA", "tmed": "9,7", "tmin": "2,0", "avgspeed": "5,0", "presmax": "1021,6", "presmin": "1017,7", "hourpresmin": "07", "date": "1977-12-02", "name": "SANTANDER AEROPUERTO", "gust": null, "tmax": "17,4", "longitude": 34932}, {"code": "1109", "hourtmin": "01:30", "hourgust": null, "hourtmax": "15:00", "sun": "0,8", "altitude": "3", "prec": "0,3", "latitude": 432526, "hourpresmax": "00", "province": "CANTABRIA", "tmed": "14,0", "tmin": "8,4", "avgspeed": "6,1", "presmax": "1021,6", "presmin": "1012,4", "hourpresmin": "24", "date": "1977-12-03", "name": "SANTANDER AEROPUERTO", "gust": null, "tmax": "19,5", "longitude": 34932}, {"code": "1109", "hourtmin": "23:00", "hourgust": null, "hourtmax": "03:30", "sun": "0,0", "altitude": "3", "prec": "5,0", "latitude": 432526, "hourpresmax": "17", "province": "CANTABRIA", "tmed": "11,4", "tmin": "6,2", "avgspeed": "4,7", "presmax": "1014,9", "presmin": "1012,0", "hourpresmin": "07", "date": "1977-12-04", "name": "SANTANDER AEROPUERTO", "gust": null, "tmax": "16,5", "longitude": 34932}, {"code": "1109", "hourtmin": "23:59", "hourgust": null, "hourtmax": "16:30", "sun": "0,0", "altitude": "3", "prec": "6,2", "latitude": 432526, "hourpresmax": "00", "province": "CANTABRIA", "tmed": "12,6", "tmin": "10,2", "avgspeed": "13,3", "presmax": "1013,2", "presmin": "996,4", "hourpresmin": "17", "date": "1977-12-05", "name": "SANTANDER AEROPUERTO", "gust": null, "tmax": "15,0", "longitude": 34932}, {"code": "1109", "hourtmin": "01:30", "hourgust": null, "hourtmax": "23:59", "sun": "2,9", "altitude": "3", "prec": "0,0", "latitude": 432526, "hourpresmax": "10", "province": "CANTABRIA", "tmed": "12,2", "tmin": "8,0", "avgspeed": "8,6", "presmax": "1007,3", "presmin": "999,3", "hourpresmin": "24", "date": "1977-12-06", "name": "SANTANDER AEROPUERTO", "gust": null, "tmax": "16,4", "longitude": 34932}, {"code": "1109", "hourtmin": "14:00", "hourgust": null, "hourtmax": "11:30", "sun": "0,0", "altitude": "3", "prec": "1,0", "latitude": 432526, "hourpresmax": "00", "province": "CANTABRIA", "tmed": "16,2", "tmin": "13,0", "avgspeed": "7,5", "presmax": "999,3", "presmin": "985,9", "hourpresmin": "17", "date": "1977-12-07", "name": "SANTANDER AEROPUERTO", "gust": null, "tmax": "19,4", "longitude": 34932}, {"code": "1109", "hourtmin": "23:59", "hourgust": null, "hourtmax": "00:00", "sun": "4,3", "altitude": "3", "prec": "0,0", "latitude": 432526, "hourpresmax": "24", "province": "CANTABRIA", "tmed": "10,4", "tmin": "6,8", "avgspeed": "7,8", "presmax": "1012,1", "presmin": "993,3", "hourpresmin": "00", "date": "1977-12-08", "name": "SANTANDER AEROPUERTO", "gust": null, "tmax": "14,0", "longitude": 34932}, {"code": "1109", "hourtmin": "04:30", "hourgust": null, "hourtmax": "23:00", "sun": "3,1", "altitude": "3", "prec": "0,0", "latitude": 432526, "hourpresmax": "03", "province": "CANTABRIA", "tmed": "10,6", "tmin": "5,0", "avgspeed": "1,9", "presmax": "1012,3", "presmin": "1006,4", "hourpresmin": "21", "date": "1977-12-09", "name": "SANTANDER AEROPUERTO", "gust": null, "tmax": "16,2", "longitude": 34932}, {"code": "1109", "hourtmin": "Varias", "hourgust": null, "hourtmax": "19:00", "sun": "3,6", "altitude": "3", "prec": "7,0", "latitude": 432526, "hourpresmax": "09", "province": "CANTABRIA", "tmed": "16,8", "tmin": "12,0", "avgspeed": "6,9", "presmax": "1010,4", "presmin": "1006,1", "hourpresmin": "19", "date": "1977-12-10", "name": "SANTANDER AEROPUERTO", "gust": null, "tmax": "21,6", "longitude": 34932}, {"code": "1109", "hourtmin": "23:00", "hourgust": null, "hourtmax": "00:00", "sun": "0,0", "altitude": "3", "prec": "19,2", "latitude": 432526, "hourpresmax": "24", "province": "CANTABRIA", "tmed": "12,6", "tmin": "11,0", "avgspeed": "3,6", "presmax": "1022,4", "presmin": "1008,1", "hourpresmin": "00", "date": "1977-12-11", "name": "SANTANDER AEROPUERTO", "gust": null, "tmax": "14,2", "longitude": 34932}, {"code": "1109", "hourtmin": "23:59", "hourgust": null, "hourtmax": "15:00", "sun": "0,0", "altitude": "3", "prec": "Ip", "latitude": 432526, "hourpresmax": "24", "province": "CANTABRIA", "tmed": "11,2", "tmin": "9,2", "avgspeed": "0,0", "presmax": "1033,1", "presmin": "1022,3", "hourpresmin": "00", "date": "1977-12-12", "name": "SANTANDER AEROPUERTO", "gust": null, "tmax": "13,2", "longitude": 34932}, {"code": "1109", "hourtmin": "03:30", "hourgust": null, "hourtmax": "14:00", "sun": "5,4", "altitude": "3", "prec": "0,0", "latitude": 432526, "hourpresmax": "09", "province": "CANTABRIA", "tmed": "10,3", "tmin": "6,0", "avgspeed": "3,1", "presmax": "1034,1", "presmin": "1031,5", "hourpresmin": "24", "date": "1977-12-13", "name": "SANTANDER AEROPUERTO", "gust": null, "tmax": "14,6", "longitude": 34932}, {"code": "1109", "hourtmin": "23:59", "hourgust": null, "hourtmax": "13:30", "sun": "3,8", "altitude": "3", "prec": "0,0", "latitude": 432526, "hourpresmax": "00", "province": "CANTABRIA", "tmed": "6,5", "tmin": "2,8", "avgspeed": "4,7", "presmax": "1031,5", "presmin": "1027,9", "hourpresmin": "24", "date": "1977-12-14", "name": "SANTANDER AEROPUERTO", "gust": null, "tmax": "10,2", "longitude": 34932}, {"code": "1109", "hourtmin": "Varias", "hourgust": null, "hourtmax": "14:30", "sun": "4,4", "altitude": "3", "prec": "0,0", "latitude": 432526, "hourpresmax": "00", "province": "CANTABRIA", "tmed": "7,5", "tmin": "0,0", "avgspeed": "1,7", "presmax": "1027,9", "presmin": "1023,5", "hourpresmin": "15", "date": "1977-12-15", "name": "SANTANDER AEROPUERTO", "gust": null, "tmax": "15,0", "longitude": 34932}, {"code": "1109", "hourtmin": "06:30", "hourgust": null, "hourtmax": "15:30", "sun": "5,3", "altitude": "3", "prec": "0,0", "latitude": 432526, "hourpresmax": "24", "province": "CANTABRIA", "tmed": "10,0", "tmin": "3,0", "avgspeed": "1,1", "presmax": "1025,1", "presmin": "1022,4", "hourpresmin": "15", "date": "1977-12-16", "name": "SANTANDER AEROPUERTO", "gust": null, "tmax": "17,0", "longitude": 34932}, {"code": "1109", "hourtmin": "02:00", "hourgust": null, "hourtmax": "14:30", "sun": "5,2", "altitude": "3", "prec": "0,0", "latitude": 432526, "hourpresmax": "10", "province": "CANTABRIA", "tmed": "13,8", "tmin": "9,0", "avgspeed": "5,0", "presmax": "1026,8", "presmin": "1021,9", "hourpresmin": "24", "date": "1977-12-17", "name": "SANTANDER AEROPUERTO", "gust": null, "tmax": "18,5", "longitude": 34932}, {"code": "1109", "hourtmin": "02:00", "hourgust": null, "hourtmax": "14:30", "sun": "5,3", "altitude": "3", "prec": "0,0", "latitude": 432526, "hourpresmax": "00", "province": "CANTABRIA", "tmed": "16,0", "tmin": "14,0", "avgspeed": "10,0", "presmax": "1021,9", "presmin": "1016,4", "hourpresmin": "18", "date": "1977-12-18", "name": "SANTANDER AEROPUERTO", "gust": null, "tmax": "18,0", "longitude": 34932}, {"code": "1109", "hourtmin": "08:30", "hourgust": null, "hourtmax": "13:10", "sun": "0,0", "altitude": "3", "prec": "0,0", "latitude": 432526, "hourpresmax": "11", "province": "CANTABRIA", "tmed": "14,8", "tmin": "13,0", "avgspeed": "7,2", "presmax": "1021,7", "presmin": "1015,9", "hourpresmin": "24", "date": "1977-12-19", "name": "SANTANDER AEROPUERTO", "gust": null, "tmax": "16,6", "longitude": 34932}, {"code": "1109", "hourtmin": "08:30", "hourgust": null, "hourtmax": "23:59", "sun": "2,7", "altitude": "3", "prec": "1,6", "latitude": 432526, "hourpresmax": "11", "province": "CANTABRIA", "tmed": "14,1", "tmin": "11,2", "avgspeed": "7,2", "presmax": "1018,4", "presmin": "1010,5", "hourpresmin": "24", "date": "1977-12-20", "name": "SANTANDER AEROPUERTO", "gust": null, "tmax": "17,0", "longitude": 34932}, {"code": "1109", "hourtmin": "23:59", "hourgust": null, "hourtmax": "03:00", "sun": "0,9", "altitude": "3", "prec": "0,0", "latitude": 432526, "hourpresmax": "24", "province": "CANTABRIA", "tmed": "13,0", "tmin": "8,5", "avgspeed": "5,3", "presmax": "1021,9", "presmin": "1007,7", "hourpresmin": "04", "date": "1977-12-21", "name": "SANTANDER AEROPUERTO", "gust": null, "tmax": "17,6", "longitude": 34932}, {"code": "1109", "hourtmin": "00:00", "hourgust": null, "hourtmax": "23:59", "sun": "0,0", "altitude": "3", "prec": "Ip", "latitude": 432526, "hourpresmax": "05", "province": "CANTABRIA", "tmed": "12,8", "tmin": "8,0", "avgspeed": "9,4", "presmax": "1021,9", "presmin": "1018,1", "hourpresmin": "16", "date": "1977-12-22", "name": "SANTANDER AEROPUERTO", "gust": null, "tmax": "17,6", "longitude": 34932}, {"code": "1109", "hourtmin": "00:00", "hourgust": null, "hourtmax": "13:30", "sun": "0,5", "altitude": "3", "prec": "0,0", "latitude": 432526, "hourpresmax": "24", "province": "CANTABRIA", "tmed": "20,0", "tmin": "17,6", "avgspeed": "11,4", "presmax": "1025,5", "presmin": "1020,3", "hourpresmin": "02", "date": "1977-12-23", "name": "SANTANDER AEROPUERTO", "gust": null, "tmax": "22,4", "longitude": 34932}, {"code": "1109", "hourtmin": "08:00", "hourgust": null, "hourtmax": "00:00", "sun": "3,3", "altitude": "3", "prec": "0,0", "latitude": 432526, "hourpresmax": "24", "province": "CANTABRIA", "tmed": "16,7", "tmin": "11,8", "avgspeed": "0,0", "presmax": "1032,7", "presmin": "1025,3", "hourpresmin": "00", "date": "1977-12-24", "name": "SANTANDER AEROPUERTO", "gust": null, "tmax": "21,6", "longitude": 34932}, {"code": "1109", "hourtmin": "Varias", "hourgust": null, "hourtmax": "15:30", "sun": "2,3", "altitude": "3", "prec": "0,0", "latitude": 432526, "hourpresmax": "10", "province": "CANTABRIA", "tmed": "12,9", "tmin": "9,0", "avgspeed": "1,7", "presmax": "1035,7", "presmin": "1030,8", "hourpresmin": "24", "date": "1977-12-25", "name": "SANTANDER AEROPUERTO", "gust": null, "tmax": "16,8", "longitude": 34932}, {"code": "1109", "hourtmin": "06:00", "hourgust": null, "hourtmax": "15:30", "sun": "3,1", "altitude": "3", "prec": "6,3", "latitude": 432526, "hourpresmax": "00", "province": "CANTABRIA", "tmed": "12,0", "tmin": "6,5", "avgspeed": "0,0", "presmax": "1030,8", "presmin": "1021,3", "hourpresmin": "19", "date": "1977-12-26", "name": "SANTANDER AEROPUERTO", "gust": null, "tmax": "17,4", "longitude": 34932}, {"code": "1109", "hourtmin": "23:00", "hourgust": null, "hourtmax": "00:00", "sun": "0,0", "altitude": "3", "prec": "10,1", "latitude": 432526, "hourpresmax": "11", "province": "CANTABRIA", "tmed": "11,4", "tmin": "7,5", "avgspeed": "6,4", "presmax": "1024,9", "presmin": "1013,2", "hourpresmin": "24", "date": "1977-12-27", "name": "SANTANDER AEROPUERTO", "gust": null, "tmax": "15,2", "longitude": 34932}, {"code": "1109", "hourtmin": "10:30", "hourgust": null, "hourtmax": "02:00", "sun": "1,0", "altitude": "3", "prec": "13,5", "latitude": 432526, "hourpresmax": "24", "province": "CANTABRIA", "tmed": "6,1", "tmin": "4,0", "avgspeed": "4,2", "presmax": "1017,7", "presmin": "1008,4", "hourpresmin": "07", "date": "1977-12-28", "name": "SANTANDER AEROPUERTO", "gust": null, "tmax": "8,2", "longitude": 34932}, {"code": "1109", "hourtmin": "23:30", "hourgust": null, "hourtmax": "12:00", "sun": "4,3", "altitude": "3", "prec": "0,5", "latitude": 432526, "hourpresmax": "24", "province": "CANTABRIA", "tmed": "5,3", "tmin": "2,4", "avgspeed": "6,4", "presmax": "1028,3", "presmin": "1017,7", "hourpresmin": "00", "date": "1977-12-29", "name": "SANTANDER AEROPUERTO", "gust": null, "tmax": "8,2", "longitude": 34932}, {"code": "1109", "hourtmin": "06:00", "hourgust": null, "hourtmax": "14:00", "sun": "0,5", "altitude": "3", "prec": "0,8", "latitude": 432526, "hourpresmax": "24", "province": "CANTABRIA", "tmed": "5,0", "tmin": "0,5", "avgspeed": "4,7", "presmax": "1029,7", "presmin": "1028,0", "hourpresmin": "05", "date": "1977-12-30", "name": "SANTANDER AEROPUERTO", "gust": null, "tmax": "9,6", "longitude": 34932}, {"code": "1109", "hourtmin": "23:59", "hourgust": null, "hourtmax": "14:00", "sun": "0,5", "altitude": "3", "prec": "0,3", "latitude": 432526, "hourpresmax": "11", "province": "CANTABRIA", "tmed": "6,5", "tmin": "1,0", "avgspeed": "0,0", "presmax": "1030,9", "presmin": "1026,1", "hourpresmin": "24", "date": "1977-12-31", "name": "SANTANDER AEROPUERTO", "gust": null, "tmax": "12,0", "longitude": 34932}]