[{"code": "0002I", "hourtmin": "02:35", "hourgust": "15:40", "hourtmax": "Varias", "sun": null, "altitude": "32", "prec": "0,0", "latitude": 405729, "hourpresmax": null, "province": "TARRAGONA", "tmed": "19,7", "tmin": "16,1", "presmax": null, "presmin": null, "hourpresmin": null, "date": "1996-06-27", "name": "VANDELL\u00d2S  ", "gust": "7,5", "tmax": "23,3", "longitude": 5217, "avgspeed": "1,9", "dir": "19"}, {"code": "0002I", "hourtmin": "03:00", "hourgust": "16:50", "hourtmax": "14:20", "sun": null, "altitude": "32", "prec": "0,0", "latitude": 405729, "hourpresmax": null, "province": "TARRAGONA", "tmed": "20,5", "tmin": "16,4", "presmax": null, "presmin": null, "hourpresmin": null, "date": "1996-06-28", "name": "VANDELL\u00d2S  ", "gust": "6,7", "tmax": "24,6", "longitude": 5217, "avgspeed": "0,8", "dir": "19"}, {"code": "0002I", "hourtmin": "03:30", "hourgust": null, "hourtmax": "14:10", "sun": null, "altitude": "32", "prec": "0,0", "latitude": 405729, "hourpresmax": null, "province": "TARRAGONA", "tmed": "20,8", "tmin": "17,6", "presmax": null, "presmin": null, "hourpresmin": null, "date": "1996-06-29", "name": "VANDELL\u00d2S  ", "avgspeed": null, "tmax": "24,1", "longitude": 5217, "gust": null}, {"code": "0002I", "hourtmin": "01:40", "hourgust": "15:00", "hourtmax": "Varias", "sun": null, "altitude": "32", "latitude": 405729, "hourpresmax": null, "province": "TARRAGONA", "tmed": "22,8", "tmin": "18,5", "presmax": null, "presmin": null, "hourpresmin": null, "date": "1996-06-30", "name": "VANDELL\u00d2S  ", "gust": "8,3", "tmax": "27,1", "longitude": 5217, "avgspeed": "1,7", "dir": "18"}, {"code": "0002I", "hourtmin": "04:20", "hourgust": null, "hourtmax": "12:30", "sun": null, "altitude": "32", "prec": "0,0", "latitude": 405729, "hourpresmax": null, "province": "TARRAGONA", "tmed": "21,2", "tmin": "17,6", "presmax": null, "presmin": null, "hourpresmin": null, "date": "1996-07-01", "name": "VANDELL\u00d2S  ", "avgspeed": null, "tmax": "24,8", "longitude": 5217, "gust": null}, {"code": "0002I", "hourtmin": "10:00", "hourgust": null, "hourtmax": "07:20", "sun": null, "altitude": "32", "prec": "0,0", "latitude": 405729, "hourpresmax": null, "province": "TARRAGONA", "tmed": "20,0", "tmin": "17,2", "presmax": null, "presmin": null, "hourpresmin": null, "date": "1996-07-02", "name": "VANDELL\u00d2S  ", "avgspeed": null, "tmax": "22,8", "longitude": 5217, "gust": null}, {"code": "0002I", "hourtmin": "04:40", "hourgust": null, "hourtmax": "Varias", "sun": null, "altitude": "32", "prec": "0,0", "latitude": 405729, "hourpresmax": null, "province": "TARRAGONA", "tmed": "23,7", "tmin": "21,2", "presmax": null, "presmin": null, "hourpresmin": null, "date": "1996-07-05", "name": "VANDELL\u00d2S  ", "avgspeed": null, "tmax": "26,2", "longitude": 5217, "gust": null}, {"code": "0002I", "hourtmin": "23:50", "hourgust": null, "hourtmax": "12:50", "sun": null, "altitude": "32", "prec": "0,0", "latitude": 405729, "hourpresmax": null, "province": "TARRAGONA", "tmed": "22,7", "tmin": "20,3", "presmax": null, "presmin": null, "hourpresmin": null, "date": "1996-07-06", "name": "VANDELL\u00d2S  ", "avgspeed": null, "tmax": "25,1", "longitude": 5217, "gust": null}, {"code": "0002I", "hourtmin": "23:59", "hourgust": "16:50", "hourtmax": "14:20", "sun": null, "altitude": "32", "prec": "0,0", "latitude": 405729, "hourpresmax": null, "province": "TARRAGONA", "tmed": "22,6", "tmin": "15,9", "presmax": null, "presmin": null, "hourpresmin": null, "date": "1996-07-07", "name": "VANDELL\u00d2S  ", "gust": "21,4", "tmax": "29,2", "longitude": 5217, "avgspeed": "1,9", "dir": "33"}, {"code": "0002I", "hourtmin": "04:40", "hourgust": "Varias", "hourtmax": "16:00", "sun": null, "altitude": "32", "prec": "0,0", "latitude": 405729, "hourpresmax": null, "province": "TARRAGONA", "tmed": "21,1", "tmin": "14,6", "presmax": null, "presmin": null, "hourpresmin": null, "date": "1996-07-08", "name": "VANDELL\u00d2S  ", "gust": "20,8", "tmax": "27,6", "longitude": 5217, "avgspeed": "3,9", "dir": "99"}, {"code": "0002I", "hourtmin": "04:50", "hourgust": "00:50", "hourtmax": "10:20", "sun": null, "altitude": "32", "prec": "0,0", "latitude": 405729, "hourpresmax": null, "province": "TARRAGONA", "tmed": "20,0", "tmin": "16,0", "presmax": null, "presmin": null, "hourpresmin": null, "date": "1996-07-09", "name": "VANDELL\u00d2S  ", "gust": "19,2", "tmax": "23,9", "longitude": 5217, "avgspeed": "4,4", "dir": "32"}, {"code": "0002I", "hourtmin": "03:30", "hourgust": "10:40", "hourtmax": "14:50", "sun": null, "altitude": "32", "prec": "0,0", "latitude": 405729, "hourpresmax": null, "province": "TARRAGONA", "tmed": "19,4", "tmin": "15,1", "presmax": null, "presmin": null, "hourpresmin": null, "date": "1996-07-10", "name": "VANDELL\u00d2S  ", "gust": "6,1", "tmax": "23,7", "longitude": 5217, "avgspeed": "1,9", "dir": "15"}, {"code": "0002I", "hourtmin": "00:10", "hourgust": "12:20", "hourtmax": "11:30", "sun": null, "altitude": "32", "prec": "0,0", "latitude": 405729, "hourpresmax": null, "province": "TARRAGONA", "tmed": "22,5", "tmin": "17,3", "presmax": null, "presmin": null, "hourpresmin": null, "date": "1996-07-11", "name": "VANDELL\u00d2S  ", "gust": "8,3", "tmax": "27,7", "longitude": 5217, "avgspeed": "1,7", "dir": "18"}, {"code": "0002I", "hourtmin": "05:00", "hourgust": null, "hourtmax": "11:30", "sun": null, "altitude": "32", "prec": "0,1", "latitude": 405729, "hourpresmax": null, "province": "TARRAGONA", "tmed": "21,6", "tmin": "18,0", "presmax": null, "presmin": null, "hourpresmin": null, "date": "1996-07-12", "name": "VANDELL\u00d2S  ", "avgspeed": null, "tmax": "25,2", "longitude": 5217, "gust": null}, {"code": "0002I", "hourtmin": "02:50", "hourgust": null, "hourtmax": "11:30", "sun": null, "altitude": "32", "prec": "0,1", "latitude": 405729, "hourpresmax": null, "province": "TARRAGONA", "tmed": "21,8", "tmin": "18,7", "presmax": null, "presmin": null, "hourpresmin": null, "date": "1996-07-13", "name": "VANDELL\u00d2S  ", "avgspeed": null, "tmax": "25,0", "longitude": 5217, "gust": null}, {"code": "0002I", "hourtmin": "Varias", "hourgust": null, "hourtmax": "14:50", "sun": null, "altitude": "32", "prec": "0,0", "latitude": 405729, "hourpresmax": null, "province": "TARRAGONA", "tmed": "21,6", "tmin": "18,5", "presmax": null, "presmin": null, "hourpresmin": null, "date": "1996-07-14", "name": "VANDELL\u00d2S  ", "avgspeed": null, "tmax": "24,6", "longitude": 5217, "gust": null}, {"code": "0002I", "hourtmin": "04:30", "hourgust": "12:10", "hourtmax": "15:10", "sun": null, "altitude": "32", "prec": "0,0", "latitude": 405729, "hourpresmax": null, "province": "TARRAGONA", "tmed": "22,3", "tmin": "17,8", "presmax": null, "presmin": null, "hourpresmin": null, "date": "1996-07-15", "name": "VANDELL\u00d2S  ", "gust": "5,0", "tmax": "26,8", "longitude": 5217, "avgspeed": "1,1", "dir": "18"}, {"code": "0002I", "hourtmin": "01:50", "hourgust": "13:50", "hourtmax": "Varias", "sun": null, "altitude": "32", "prec": "0,0", "latitude": 405729, "hourpresmax": null, "province": "TARRAGONA", "tmed": "24,4", "tmin": "20,3", "presmax": null, "presmin": null, "hourpresmin": null, "date": "1996-07-16", "name": "VANDELL\u00d2S  ", "gust": "6,4", "tmax": "28,6", "longitude": 5217, "avgspeed": "1,7", "dir": "19"}, {"code": "0002I", "hourtmin": "Varias", "hourgust": "13:30", "hourtmax": "Varias", "sun": null, "altitude": "32", "prec": "0,0", "latitude": 405729, "hourpresmax": null, "province": "TARRAGONA", "tmed": "23,2", "tmin": "19,0", "presmax": null, "presmin": null, "hourpresmin": null, "date": "1996-07-17", "name": "VANDELL\u00d2S  ", "gust": "6,4", "tmax": "27,4", "longitude": 5217, "avgspeed": "1,9", "dir": "21"}, {"code": "0002I", "hourtmin": "Varias", "hourgust": "14:50", "hourtmax": "14:30", "sun": null, "altitude": "32", "prec": "0,0", "latitude": 405729, "hourpresmax": null, "province": "TARRAGONA", "tmed": "23,7", "tmin": "19,8", "presmax": null, "presmin": null, "hourpresmin": null, "date": "1996-07-18", "name": "VANDELL\u00d2S  ", "gust": "6,7", "tmax": "27,6", "longitude": 5217, "avgspeed": "0,8", "dir": "20"}, {"code": "0002I", "hourtmin": "04:20", "hourgust": "00:20", "hourtmax": "15:00", "sun": null, "altitude": "32", "prec": "0,0", "latitude": 405729, "hourpresmax": null, "province": "TARRAGONA", "tmed": "23,5", "tmin": "20,3", "presmax": null, "presmin": null, "hourpresmin": null, "date": "1996-07-19", "name": "VANDELL\u00d2S  ", "gust": "3,1", "tmax": "26,7", "longitude": 5217, "avgspeed": "0,0", "dir": "02"}, {"code": "0002I", "hourtmin": "04:10", "hourgust": null, "hourtmax": "09:40", "sun": null, "altitude": "32", "prec": "0,0", "latitude": 405729, "hourpresmax": null, "province": "TARRAGONA", "tmed": "24,2", "tmin": "20,3", "presmax": null, "presmin": null, "hourpresmin": null, "date": "1996-07-20", "name": "VANDELL\u00d2S  ", "avgspeed": null, "tmax": "28,1", "longitude": 5217, "gust": null}, {"code": "0002I", "hourtmin": "03:45", "hourgust": "12:00", "hourtmax": "11:00", "sun": null, "altitude": "32", "prec": "0,0", "latitude": 405729, "hourpresmax": null, "province": "TARRAGONA", "tmed": "24,3", "tmin": "21,1", "presmax": null, "presmin": null, "hourpresmin": null, "date": "1996-07-21", "name": "VANDELL\u00d2S  ", "gust": "5,6", "tmax": "27,5", "longitude": 5217, "avgspeed": "1,1", "dir": "10"}, {"code": "0002I", "hourtmin": "Varias", "hourgust": null, "hourtmax": "15:40", "sun": null, "altitude": "32", "prec": "0,0", "latitude": 405729, "hourpresmax": null, "province": "TARRAGONA", "tmed": "23,8", "tmin": "20,9", "presmax": null, "presmin": null, "hourpresmin": null, "date": "1996-07-22", "name": "VANDELL\u00d2S  ", "avgspeed": null, "tmax": "26,6", "longitude": 5217, "gust": null}, {"code": "0002I", "hourtmin": "04:25", "hourgust": null, "hourtmax": "11:00", "sun": null, "altitude": "32", "prec": "0,0", "latitude": 405729, "hourpresmax": null, "province": "TARRAGONA", "tmed": "24,9", "tmin": "22,3", "presmax": null, "presmin": null, "hourpresmin": null, "date": "1996-07-23", "name": "VANDELL\u00d2S  ", "avgspeed": null, "tmax": "27,5", "longitude": 5217, "gust": null}, {"code": "0002I", "hourtmin": "Varias", "hourgust": null, "hourtmax": "22:50", "sun": null, "altitude": "32", "prec": "0,0", "latitude": 405729, "hourpresmax": null, "province": "TARRAGONA", "tmed": "26,6", "tmin": "22,1", "presmax": null, "presmin": null, "hourpresmin": null, "date": "1996-07-24", "name": "VANDELL\u00d2S  ", "gust": "0,0", "tmax": "31,2", "longitude": 5217, "avgspeed": "0,0", "dir": "00"}, {"code": "0002I", "hourtmin": "22:40", "hourgust": "00:30", "hourtmax": "01:20", "sun": null, "altitude": "32", "prec": "0,0", "latitude": 405729, "hourpresmax": null, "province": "TARRAGONA", "tmed": "28,4", "tmin": "24,4", "presmax": null, "presmin": null, "hourpresmin": null, "date": "1996-07-25", "name": "VANDELL\u00d2S  ", "gust": "20,3", "tmax": "32,3", "longitude": 5217, "avgspeed": "1,7", "dir": "32"}, {"code": "0002I", "hourtmin": "19:10", "hourgust": "15:00", "hourtmax": "10:20", "sun": null, "altitude": "32", "prec": "0,2", "latitude": 405729, "hourpresmax": null, "province": "TARRAGONA", "tmed": "25,2", "tmin": "21,7", "presmax": null, "presmin": null, "hourpresmin": null, "date": "1996-07-26", "name": "VANDELL\u00d2S  ", "gust": "10,0", "tmax": "28,7", "longitude": 5217, "avgspeed": "2,8", "dir": "09"}, {"code": "0002I", "hourtmin": "05:10", "hourgust": "23:40", "hourtmax": "16:10", "sun": null, "altitude": "32", "prec": "0,0", "latitude": 405729, "hourpresmax": null, "province": "TARRAGONA", "tmed": "25,4", "tmin": "20,5", "presmax": null, "presmin": null, "hourpresmin": null, "date": "1996-07-27", "name": "VANDELL\u00d2S  ", "gust": "15,3", "tmax": "30,4", "longitude": 5217, "avgspeed": "0,3", "dir": "31"}, {"code": "0002I", "hourtmin": "04:40", "hourgust": "Varias", "hourtmax": "13:10", "sun": null, "altitude": "32", "prec": "0,0", "latitude": 405729, "hourpresmax": null, "province": "TARRAGONA", "tmed": "23,8", "tmin": "20,2", "presmax": null, "presmin": null, "hourpresmin": null, "date": "1996-07-28", "name": "VANDELL\u00d2S  ", "gust": "15,8", "tmax": "27,5", "longitude": 5217, "avgspeed": "4,7", "dir": "99"}, {"code": "0002I", "hourtmin": "Varias", "hourgust": "Varias", "hourtmax": "12:10", "sun": null, "altitude": "32", "prec": "0,0", "latitude": 405729, "hourpresmax": null, "province": "TARRAGONA", "tmed": "23,9", "tmin": "20,7", "presmax": null, "presmin": null, "hourpresmin": null, "date": "1996-07-29", "name": "VANDELL\u00d2S  ", "gust": "2,2", "tmax": "27,1", "longitude": 5217, "avgspeed": "0,0", "dir": "99"}, {"code": "0002I", "hourtmin": "02:50", "hourgust": "11:20", "hourtmax": "13:20", "sun": null, "altitude": "32", "prec": "0,0", "latitude": 405729, "hourpresmax": null, "province": "TARRAGONA", "tmed": "26,8", "tmin": "21,7", "presmax": null, "presmin": null, "hourpresmin": null, "date": "1996-07-30", "name": "VANDELL\u00d2S  ", "gust": "10,8", "tmax": "32,0", "longitude": 5217, "avgspeed": "2,2", "dir": "32"}, {"code": "0002I", "hourtmin": "03:40", "hourgust": "Varias", "hourtmax": "12:50", "sun": null, "altitude": "32", "latitude": 405729, "hourpresmax": null, "province": "TARRAGONA", "tmed": "24,4", "tmin": "21,1", "presmax": null, "presmin": null, "hourpresmin": null, "date": "1996-07-31", "name": "VANDELL\u00d2S  ", "gust": "5,8", "tmax": "27,8", "longitude": 5217, "avgspeed": "1,7", "dir": "99"}, {"province": "TARRAGONA", "hourtmax": null, "presmin": null, "code": "0002I", "name": "VANDELL\u00d2S  ", "presmax": null, "gust": null, "altitude": "32", "longitude": 5217, "hourpresmax": null, "date": "1996-08-01", "hourpresmin": null, "hourtmin": null, "avgspeed": "2,5", "latitude": 405729, "sun": null, "hourgust": null}, {"province": "TARRAGONA", "hourtmax": null, "presmin": null, "code": "0002I", "name": "VANDELL\u00d2S  ", "presmax": null, "gust": null, "altitude": "32", "longitude": 5217, "hourpresmax": null, "date": "1996-08-02", "hourpresmin": null, "hourtmin": null, "avgspeed": "1,9", "latitude": 405729, "sun": null, "hourgust": null}, {"province": "TARRAGONA", "hourtmax": null, "presmin": null, "code": "0002I", "name": "VANDELL\u00d2S  ", "presmax": null, "gust": null, "altitude": "32", "longitude": 5217, "hourpresmax": null, "date": "1996-08-03", "hourpresmin": null, "hourtmin": null, "avgspeed": "2,2", "latitude": 405729, "sun": null, "hourgust": null}, {"province": "TARRAGONA", "hourtmax": null, "presmin": null, "code": "0002I", "name": "VANDELL\u00d2S  ", "presmax": null, "gust": null, "altitude": "32", "longitude": 5217, "hourpresmax": null, "date": "1996-08-04", "hourpresmin": null, "hourtmin": null, "avgspeed": "1,7", "latitude": 405729, "sun": null, "hourgust": null}, {"province": "TARRAGONA", "hourtmax": null, "presmin": null, "code": "0002I", "name": "VANDELL\u00d2S  ", "presmax": null, "gust": null, "altitude": "32", "longitude": 5217, "hourpresmax": null, "date": "1996-08-05", "hourpresmin": null, "hourtmin": null, "avgspeed": "1,9", "latitude": 405729, "sun": null, "hourgust": null}, {"province": "TARRAGONA", "hourtmax": null, "presmin": null, "code": "0002I", "name": "VANDELL\u00d2S  ", "presmax": null, "gust": null, "altitude": "32", "longitude": 5217, "hourpresmax": null, "date": "1996-08-06", "hourpresmin": null, "hourtmin": null, "avgspeed": "1,9", "latitude": 405729, "sun": null, "hourgust": null}, {"province": "TARRAGONA", "hourtmax": null, "presmin": null, "code": "0002I", "name": "VANDELL\u00d2S  ", "presmax": null, "gust": null, "altitude": "32", "longitude": 5217, "hourpresmax": null, "date": "1996-08-07", "hourpresmin": null, "hourtmin": null, "avgspeed": "3,3", "latitude": 405729, "sun": null, "hourgust": null}, {"province": "TARRAGONA", "hourtmax": null, "presmin": null, "code": "0002I", "name": "VANDELL\u00d2S  ", "presmax": null, "gust": null, "altitude": "32", "longitude": 5217, "hourpresmax": null, "date": "1996-08-08", "hourpresmin": null, "hourtmin": null, "avgspeed": "3,3", "latitude": 405729, "sun": null, "hourgust": null}, {"province": "TARRAGONA", "hourtmax": null, "presmin": null, "code": "0002I", "name": "VANDELL\u00d2S  ", "presmax": null, "gust": null, "altitude": "32", "longitude": 5217, "hourpresmax": null, "date": "1996-08-09", "hourpresmin": null, "hourtmin": null, "avgspeed": "1,9", "latitude": 405729, "sun": null, "hourgust": null}, {"province": "TARRAGONA", "hourtmax": null, "presmin": null, "code": "0002I", "name": "VANDELL\u00d2S  ", "presmax": null, "gust": null, "altitude": "32", "longitude": 5217, "hourpresmax": null, "date": "1996-08-10", "hourpresmin": null, "hourtmin": null, "avgspeed": "2,5", "latitude": 405729, "sun": null, "hourgust": null}, {"province": "TARRAGONA", "hourtmax": null, "presmin": null, "code": "0002I", "name": "VANDELL\u00d2S  ", "presmax": null, "gust": null, "altitude": "32", "longitude": 5217, "hourpresmax": null, "date": "1996-08-11", "hourpresmin": null, "hourtmin": null, "avgspeed": "1,7", "latitude": 405729, "sun": null, "hourgust": null}, {"province": "TARRAGONA", "hourtmax": null, "presmin": null, "code": "0002I", "name": "VANDELL\u00d2S  ", "presmax": null, "gust": null, "altitude": "32", "longitude": 5217, "hourpresmax": null, "date": "1996-08-12", "hourpresmin": null, "hourtmin": null, "avgspeed": "3,1", "latitude": 405729, "sun": null, "hourgust": null}, {"province": "TARRAGONA", "hourtmax": null, "presmin": null, "code": "0002I", "name": "VANDELL\u00d2S  ", "presmax": null, "gust": null, "altitude": "32", "longitude": 5217, "hourpresmax": null, "date": "1996-08-13", "hourpresmin": null, "hourtmin": null, "avgspeed": "4,4", "latitude": 405729, "sun": null, "hourgust": null}, {"province": "TARRAGONA", "hourtmax": null, "presmin": null, "code": "0002I", "name": "VANDELL\u00d2S  ", "presmax": null, "gust": null, "altitude": "32", "longitude": 5217, "hourpresmax": null, "date": "1996-08-14", "hourpresmin": null, "hourtmin": null, "avgspeed": "5,0", "latitude": 405729, "sun": null, "hourgust": null}, {"province": "TARRAGONA", "hourtmax": null, "presmin": null, "code": "0002I", "name": "VANDELL\u00d2S  ", "presmax": null, "gust": null, "altitude": "32", "longitude": 5217, "hourpresmax": null, "date": "1996-08-15", "hourpresmin": null, "hourtmin": null, "avgspeed": "4,7", "latitude": 405729, "sun": null, "hourgust": null}, {"province": "TARRAGONA", "hourtmax": null, "presmin": null, "code": "0002I", "name": "VANDELL\u00d2S  ", "presmax": null, "gust": null, "altitude": "32", "longitude": 5217, "hourpresmax": null, "date": "1996-08-16", "hourpresmin": null, "hourtmin": null, "avgspeed": "3,3", "latitude": 405729, "sun": null, "hourgust": null}, {"province": "TARRAGONA", "hourtmax": null, "presmin": null, "code": "0002I", "name": "VANDELL\u00d2S  ", "presmax": null, "gust": null, "altitude": "32", "longitude": 5217, "hourpresmax": null, "date": "1996-08-17", "hourpresmin": null, "hourtmin": null, "avgspeed": "2,5", "latitude": 405729, "sun": null, "hourgust": null}, {"province": "TARRAGONA", "hourtmax": null, "presmin": null, "code": "0002I", "name": "VANDELL\u00d2S  ", "presmax": null, "gust": null, "altitude": "32", "longitude": 5217, "hourpresmax": null, "date": "1996-08-18", "hourpresmin": null, "hourtmin": null, "avgspeed": "3,1", "latitude": 405729, "sun": null, "hourgust": null}, {"province": "TARRAGONA", "hourtmax": null, "presmin": null, "code": "0002I", "name": "VANDELL\u00d2S  ", "presmax": null, "gust": null, "altitude": "32", "longitude": 5217, "hourpresmax": null, "date": "1996-08-19", "hourpresmin": null, "hourtmin": null, "avgspeed": "1,9", "latitude": 405729, "sun": null, "hourgust": null}, {"province": "TARRAGONA", "hourtmax": null, "presmin": null, "code": "0002I", "name": "VANDELL\u00d2S  ", "presmax": null, "gust": null, "altitude": "32", "longitude": 5217, "hourpresmax": null, "date": "1996-08-20", "hourpresmin": null, "hourtmin": null, "avgspeed": "1,7", "latitude": 405729, "sun": null, "hourgust": null}, {"province": "TARRAGONA", "hourtmax": null, "presmin": null, "code": "0002I", "name": "VANDELL\u00d2S  ", "presmax": null, "gust": null, "altitude": "32", "longitude": 5217, "hourpresmax": null, "date": "1996-08-21", "hourpresmin": null, "hourtmin": null, "avgspeed": "3,1", "latitude": 405729, "sun": null, "hourgust": null}, {"province": "TARRAGONA", "hourtmax": null, "presmin": null, "code": "0002I", "name": "VANDELL\u00d2S  ", "presmax": null, "gust": null, "altitude": "32", "longitude": 5217, "hourpresmax": null, "date": "1996-08-22", "hourpresmin": null, "hourtmin": null, "avgspeed": "1,7", "latitude": 405729, "sun": null, "hourgust": null}, {"province": "TARRAGONA", "hourtmax": null, "presmin": null, "code": "0002I", "name": "VANDELL\u00d2S  ", "presmax": null, "gust": null, "altitude": "32", "longitude": 5217, "hourpresmax": null, "date": "1996-08-23", "hourpresmin": null, "hourtmin": null, "avgspeed": "1,7", "latitude": 405729, "sun": null, "hourgust": null}, {"province": "TARRAGONA", "hourtmax": null, "presmin": null, "code": "0002I", "name": "VANDELL\u00d2S  ", "presmax": null, "gust": null, "altitude": "32", "longitude": 5217, "hourpresmax": null, "date": "1996-08-24", "hourpresmin": null, "hourtmin": null, "avgspeed": "3,9", "latitude": 405729, "sun": null, "hourgust": null}, {"province": "TARRAGONA", "hourtmax": null, "presmin": null, "code": "0002I", "name": "VANDELL\u00d2S  ", "presmax": null, "gust": null, "altitude": "32", "longitude": 5217, "hourpresmax": null, "date": "1996-08-25", "hourpresmin": null, "hourtmin": null, "avgspeed": "5,0", "latitude": 405729, "sun": null, "hourgust": null}, {"province": "TARRAGONA", "hourtmax": null, "presmin": null, "code": "0002I", "name": "VANDELL\u00d2S  ", "presmax": null, "gust": null, "altitude": "32", "longitude": 5217, "hourpresmax": null, "date": "1996-08-26", "hourpresmin": null, "hourtmin": null, "avgspeed": "5,6", "latitude": 405729, "sun": null, "hourgust": null}, {"province": "TARRAGONA", "hourtmax": null, "presmin": null, "code": "0002I", "name": "VANDELL\u00d2S  ", "presmax": null, "gust": null, "altitude": "32", "longitude": 5217, "hourpresmax": null, "date": "1996-08-27", "hourpresmin": null, "hourtmin": null, "avgspeed": "5,3", "latitude": 405729, "sun": null, "hourgust": null}, {"province": "TARRAGONA", "hourtmax": null, "presmin": null, "code": "0002I", "name": "VANDELL\u00d2S  ", "presmax": null, "gust": null, "altitude": "32", "longitude": 5217, "hourpresmax": null, "date": "1996-08-28", "hourpresmin": null, "hourtmin": null, "avgspeed": "3,9", "latitude": 405729, "sun": null, "hourgust": null}, {"province": "TARRAGONA", "hourtmax": null, "presmin": null, "code": "0002I", "name": "VANDELL\u00d2S  ", "presmax": null, "gust": null, "altitude": "32", "longitude": 5217, "hourpresmax": null, "date": "1996-08-29", "hourpresmin": null, "hourtmin": null, "avgspeed": "5,3", "latitude": 405729, "sun": null, "hourgust": null}, {"province": "TARRAGONA", "hourtmax": null, "presmin": null, "code": "0002I", "name": "VANDELL\u00d2S  ", "presmax": null, "gust": null, "altitude": "32", "longitude": 5217, "hourpresmax": null, "date": "1996-08-30", "hourpresmin": null, "hourtmin": null, "avgspeed": "2,8", "latitude": 405729, "sun": null, "hourgust": null}, {"province": "TARRAGONA", "hourtmax": null, "presmin": null, "code": "0002I", "name": "VANDELL\u00d2S  ", "presmax": null, "gust": null, "altitude": "32", "longitude": 5217, "hourpresmax": null, "date": "1996-08-31", "hourpresmin": null, "hourtmin": null, "avgspeed": "1,9", "latitude": 405729, "sun": null, "hourgust": null}, {"province": "TARRAGONA", "hourtmax": null, "presmin": null, "code": "0002I", "name": "VANDELL\u00d2S  ", "presmax": null, "gust": null, "altitude": "32", "longitude": 5217, "hourpresmax": null, "date": "1996-09-01", "hourpresmin": null, "hourtmin": null, "avgspeed": "0,3", "latitude": 405729, "sun": null, "hourgust": null}, {"province": "TARRAGONA", "hourtmax": null, "presmin": null, "code": "0002I", "name": "VANDELL\u00d2S  ", "presmax": null, "gust": null, "altitude": "32", "longitude": 5217, "hourpresmax": null, "date": "1996-09-02", "hourpresmin": null, "hourtmin": null, "avgspeed": "1,4", "latitude": 405729, "sun": null, "hourgust": null}, {"province": "TARRAGONA", "hourtmax": null, "presmin": null, "code": "0002I", "name": "VANDELL\u00d2S  ", "presmax": null, "gust": null, "altitude": "32", "longitude": 5217, "hourpresmax": null, "date": "1996-09-03", "hourpresmin": null, "hourtmin": null, "avgspeed": "1,9", "latitude": 405729, "sun": null, "hourgust": null}, {"province": "TARRAGONA", "hourtmax": null, "presmin": null, "code": "0002I", "name": "VANDELL\u00d2S  ", "presmax": null, "gust": null, "altitude": "32", "longitude": 5217, "hourpresmax": null, "date": "1996-09-04", "hourpresmin": null, "hourtmin": null, "avgspeed": "1,9", "latitude": 405729, "sun": null, "hourgust": null}, {"province": "TARRAGONA", "hourtmax": null, "presmin": null, "code": "0002I", "name": "VANDELL\u00d2S  ", "presmax": null, "gust": null, "altitude": "32", "longitude": 5217, "hourpresmax": null, "date": "1996-09-05", "hourpresmin": null, "hourtmin": null, "avgspeed": "1,9", "latitude": 405729, "sun": null, "hourgust": null}, {"province": "TARRAGONA", "hourtmax": null, "presmin": null, "code": "0002I", "name": "VANDELL\u00d2S  ", "presmax": null, "gust": null, "altitude": "32", "longitude": 5217, "hourpresmax": null, "date": "1996-09-06", "hourpresmin": null, "hourtmin": null, "avgspeed": "3,1", "latitude": 405729, "sun": null, "hourgust": null}, {"province": "TARRAGONA", "hourtmax": null, "presmin": null, "code": "0002I", "name": "VANDELL\u00d2S  ", "presmax": null, "gust": null, "altitude": "32", "longitude": 5217, "hourpresmax": null, "date": "1996-09-07", "hourpresmin": null, "hourtmin": null, "avgspeed": "2,2", "latitude": 405729, "sun": null, "hourgust": null}, {"province": "TARRAGONA", "hourtmax": null, "presmin": null, "code": "0002I", "name": "VANDELL\u00d2S  ", "presmax": null, "gust": null, "altitude": "32", "longitude": 5217, "hourpresmax": null, "date": "1996-09-08", "hourpresmin": null, "hourtmin": null, "avgspeed": "3,9", "latitude": 405729, "sun": null, "hourgust": null}, {"province": "TARRAGONA", "hourtmax": null, "presmin": null, "code": "0002I", "name": "VANDELL\u00d2S  ", "presmax": null, "gust": null, "altitude": "32", "longitude": 5217, "hourpresmax": null, "date": "1996-09-09", "hourpresmin": null, "hourtmin": null, "avgspeed": "1,7", "latitude": 405729, "sun": null, "hourgust": null}, {"province": "TARRAGONA", "hourtmax": null, "presmin": null, "code": "0002I", "name": "VANDELL\u00d2S  ", "presmax": null, "gust": null, "altitude": "32", "longitude": 5217, "hourpresmax": null, "date": "1996-09-10", "hourpresmin": null, "hourtmin": null, "avgspeed": "2,2", "latitude": 405729, "sun": null, "hourgust": null}, {"province": "TARRAGONA", "hourtmax": null, "presmin": null, "code": "0002I", "name": "VANDELL\u00d2S  ", "presmax": null, "gust": null, "altitude": "32", "longitude": 5217, "hourpresmax": null, "date": "1996-09-11", "hourpresmin": null, "hourtmin": null, "avgspeed": "2,5", "latitude": 405729, "sun": null, "hourgust": null}, {"province": "TARRAGONA", "hourtmax": null, "presmin": null, "code": "0002I", "name": "VANDELL\u00d2S  ", "presmax": null, "gust": null, "altitude": "32", "longitude": 5217, "hourpresmax": null, "date": "1996-09-12", "hourpresmin": null, "hourtmin": null, "avgspeed": "2,2", "latitude": 405729, "sun": null, "hourgust": null}, {"province": "TARRAGONA", "hourtmax": null, "presmin": null, "code": "0002I", "name": "VANDELL\u00d2S  ", "presmax": null, "gust": null, "altitude": "32", "longitude": 5217, "hourpresmax": null, "date": "1996-09-13", "hourpresmin": null, "hourtmin": null, "avgspeed": "8,6", "latitude": 405729, "sun": null, "hourgust": null}, {"province": "TARRAGONA", "hourtmax": null, "presmin": null, "code": "0002I", "name": "VANDELL\u00d2S  ", "presmax": null, "gust": null, "altitude": "32", "longitude": 5217, "hourpresmax": null, "date": "1996-09-14", "hourpresmin": null, "hourtmin": null, "avgspeed": "3,1", "latitude": 405729, "sun": null, "hourgust": null}, {"province": "TARRAGONA", "hourtmax": null, "presmin": null, "code": "0002I", "name": "VANDELL\u00d2S  ", "presmax": null, "gust": null, "altitude": "32", "longitude": 5217, "hourpresmax": null, "date": "1996-09-15", "hourpresmin": null, "hourtmin": null, "avgspeed": "3,3", "latitude": 405729, "sun": null, "hourgust": null}, {"province": "TARRAGONA", "hourtmax": null, "presmin": null, "code": "0002I", "name": "VANDELL\u00d2S  ", "presmax": null, "gust": null, "altitude": "32", "longitude": 5217, "hourpresmax": null, "date": "1996-09-16", "hourpresmin": null, "hourtmin": null, "avgspeed": "1,7", "latitude": 405729, "sun": null, "hourgust": null}, {"province": "TARRAGONA", "hourtmax": null, "presmin": null, "code": "0002I", "name": "VANDELL\u00d2S  ", "presmax": null, "gust": null, "altitude": "32", "longitude": 5217, "hourpresmax": null, "date": "1996-09-17", "hourpresmin": null, "hourtmin": null, "avgspeed": "1,4", "latitude": 405729, "sun": null, "hourgust": null}, {"province": "TARRAGONA", "hourtmax": null, "presmin": null, "code": "0002I", "name": "VANDELL\u00d2S  ", "presmax": null, "gust": null, "altitude": "32", "longitude": 5217, "hourpresmax": null, "date": "1996-09-18", "hourpresmin": null, "hourtmin": null, "avgspeed": "4,7", "latitude": 405729, "sun": null, "hourgust": null}, {"province": "TARRAGONA", "hourtmax": null, "presmin": null, "code": "0002I", "name": "VANDELL\u00d2S  ", "presmax": null, "gust": null, "altitude": "32", "longitude": 5217, "hourpresmax": null, "date": "1996-09-19", "hourpresmin": null, "hourtmin": null, "avgspeed": "3,9", "latitude": 405729, "sun": null, "hourgust": null}, {"province": "TARRAGONA", "hourtmax": null, "presmin": null, "code": "0002I", "name": "VANDELL\u00d2S  ", "presmax": null, "gust": null, "altitude": "32", "longitude": 5217, "hourpresmax": null, "date": "1996-09-20", "hourpresmin": null, "hourtmin": null, "avgspeed": "3,6", "latitude": 405729, "sun": null, "hourgust": null}, {"province": "TARRAGONA", "hourtmax": null, "presmin": null, "code": "0002I", "name": "VANDELL\u00d2S  ", "presmax": null, "gust": null, "altitude": "32", "longitude": 5217, "hourpresmax": null, "date": "1996-09-21", "hourpresmin": null, "hourtmin": null, "avgspeed": "3,1", "latitude": 405729, "sun": null, "hourgust": null}, {"province": "TARRAGONA", "hourtmax": null, "presmin": null, "code": "0002I", "name": "VANDELL\u00d2S  ", "presmax": null, "gust": null, "altitude": "32", "longitude": 5217, "hourpresmax": null, "date": "1996-09-22", "hourpresmin": null, "hourtmin": null, "avgspeed": "3,9", "latitude": 405729, "sun": null, "hourgust": null}, {"province": "TARRAGONA", "hourtmax": null, "presmin": null, "code": "0002I", "name": "VANDELL\u00d2S  ", "presmax": null, "gust": null, "altitude": "32", "longitude": 5217, "hourpresmax": null, "date": "1996-09-23", "hourpresmin": null, "hourtmin": null, "avgspeed": "3,1", "latitude": 405729, "sun": null, "hourgust": null}, {"province": "TARRAGONA", "hourtmax": null, "presmin": null, "code": "0002I", "name": "VANDELL\u00d2S  ", "presmax": null, "gust": null, "altitude": "32", "longitude": 5217, "hourpresmax": null, "date": "1996-09-24", "hourpresmin": null, "hourtmin": null, "avgspeed": "3,9", "latitude": 405729, "sun": null, "hourgust": null}, {"province": "TARRAGONA", "hourtmax": null, "presmin": null, "code": "0002I", "name": "VANDELL\u00d2S  ", "presmax": null, "gust": null, "altitude": "32", "longitude": 5217, "hourpresmax": null, "date": "1996-09-25", "hourpresmin": null, "hourtmin": null, "avgspeed": "5,0", "latitude": 405729, "sun": null, "hourgust": null}, {"province": "TARRAGONA", "hourtmax": null, "presmin": null, "code": "0002I", "name": "VANDELL\u00d2S  ", "presmax": null, "gust": null, "altitude": "32", "longitude": 5217, "hourpresmax": null, "date": "1996-09-26", "hourpresmin": null, "hourtmin": null, "avgspeed": "3,6", "latitude": 405729, "sun": null, "hourgust": null}, {"province": "TARRAGONA", "hourtmax": null, "presmin": null, "code": "0002I", "name": "VANDELL\u00d2S  ", "presmax": null, "gust": null, "altitude": "32", "longitude": 5217, "hourpresmax": null, "date": "1996-09-27", "hourpresmin": null, "hourtmin": null, "avgspeed": "3,3", "latitude": 405729, "sun": null, "hourgust": null}, {"province": "TARRAGONA", "hourtmax": null, "presmin": null, "code": "0002I", "name": "VANDELL\u00d2S  ", "presmax": null, "gust": null, "altitude": "32", "longitude": 5217, "hourpresmax": null, "date": "1996-09-28", "hourpresmin": null, "hourtmin": null, "avgspeed": "5,8", "latitude": 405729, "sun": null, "hourgust": null}, {"province": "TARRAGONA", "hourtmax": null, "presmin": null, "code": "0002I", "name": "VANDELL\u00d2S  ", "presmax": null, "gust": null, "altitude": "32", "longitude": 5217, "hourpresmax": null, "date": "1996-09-29", "hourpresmin": null, "hourtmin": null, "avgspeed": "2,5", "latitude": 405729, "sun": null, "hourgust": null}, {"province": "TARRAGONA", "hourtmax": null, "presmin": null, "code": "0002I", "name": "VANDELL\u00d2S  ", "presmax": null, "gust": null, "altitude": "32", "longitude": 5217, "hourpresmax": null, "date": "1996-09-30", "hourpresmin": null, "hourtmin": null, "avgspeed": "1,4", "latitude": 405729, "sun": null, "hourgust": null}, {"code": "0002I", "hourtmin": "04:50", "hourgust": "03:50", "hourtmax": "14:00", "sun": null, "altitude": "32", "prec": "0,0", "latitude": 405729, "hourpresmax": null, "province": "TARRAGONA", "tmed": "17,8", "tmin": "13,6", "presmax": null, "presmin": null, "hourpresmin": null, "date": "1996-10-02", "name": "VANDELL\u00d2S  ", "gust": "23,1", "tmax": "22,1", "longitude": 5217, "avgspeed": "3,9", "dir": "31"}, {"code": "0002I", "hourtmin": "04:40", "hourgust": "04:50", "hourtmax": "13:30", "sun": null, "altitude": "32", "prec": "0,0", "latitude": 405729, "hourpresmax": null, "province": "TARRAGONA", "tmed": "18,8", "tmin": "14,3", "presmax": null, "presmin": null, "hourpresmin": null, "date": "1996-10-03", "name": "VANDELL\u00d2S  ", "gust": "23,9", "tmax": "23,3", "longitude": 5217, "avgspeed": "5,6", "dir": "31"}, {"code": "0002I", "hourtmin": "04:40", "hourgust": "23:10", "hourtmax": "12:40", "sun": null, "altitude": "32", "prec": "0,0", "latitude": 405729, "hourpresmax": null, "province": "TARRAGONA", "tmed": "18,1", "tmin": "13,8", "presmax": null, "presmin": null, "hourpresmin": null, "date": "1996-10-04", "name": "VANDELL\u00d2S  ", "gust": "13,9", "tmax": "22,4", "longitude": 5217, "avgspeed": "1,9", "dir": "30"}, {"code": "0002I", "hourtmin": "23:59", "hourgust": "00:10", "hourtmax": "14:00", "sun": null, "altitude": "32", "prec": "0,0", "latitude": 405729, "hourpresmax": null, "province": "TARRAGONA", "tmed": "17,4", "tmin": "13,2", "presmax": null, "presmin": null, "hourpresmin": null, "date": "1996-10-05", "name": "VANDELL\u00d2S  ", "gust": "15,8", "tmax": "21,5", "longitude": 5217, "avgspeed": "2,5", "dir": "29"}, {"code": "0002I", "hourtmin": "05:40", "hourgust": "05:10", "hourtmax": "15:20", "sun": null, "altitude": "32", "prec": "0,0", "latitude": 405729, "hourpresmax": null, "province": "TARRAGONA", "tmed": "15,8", "tmin": "11,0", "presmax": null, "presmin": null, "hourpresmin": null, "date": "1996-10-06", "name": "VANDELL\u00d2S  ", "gust": "16,7", "tmax": "20,7", "longitude": 5217, "avgspeed": "4,4", "dir": "30"}, {"code": "0002I", "hourtmin": "06:10", "hourgust": "20:30", "hourtmax": "14:20", "sun": null, "altitude": "32", "prec": "0,0", "latitude": 405729, "hourpresmax": null, "province": "TARRAGONA", "tmed": "15,0", "tmin": "10,6", "presmax": null, "presmin": null, "hourpresmin": null, "date": "1996-10-07", "name": "VANDELL\u00d2S  ", "gust": "22,5", "tmax": "19,3", "longitude": 5217, "avgspeed": "9,7", "dir": "32"}, {"code": "0002I", "hourtmin": "Varias", "hourgust": "06:00", "hourtmax": "15:20", "sun": null, "altitude": "32", "prec": "0,0", "latitude": 405729, "hourpresmax": null, "province": "TARRAGONA", "tmed": "17,8", "tmin": "12,3", "presmax": null, "presmin": null, "hourpresmin": null, "date": "1996-10-08", "name": "VANDELL\u00d2S  ", "gust": "23,3", "tmax": "23,4", "longitude": 5217, "avgspeed": "5,8", "dir": "30"}, {"code": "0002I", "hourtmin": "20:10", "hourgust": "06:10", "hourtmax": "12:40", "sun": null, "altitude": "32", "prec": "0,0", "latitude": 405729, "hourpresmax": null, "province": "TARRAGONA", "tmed": "18,5", "tmin": "14,4", "presmax": null, "presmin": null, "hourpresmin": null, "date": "1996-10-09", "name": "VANDELL\u00d2S  ", "gust": "20,6", "tmax": "22,6", "longitude": 5217, "avgspeed": "5,0", "dir": "32"}, {"code": "0002I", "hourtmin": "23:59", "hourgust": "01:50", "hourtmax": "11:20", "sun": null, "altitude": "32", "prec": "0,0", "latitude": 405729, "hourpresmax": null, "province": "TARRAGONA", "tmed": "17,2", "tmin": "14,2", "presmax": null, "presmin": null, "hourpresmin": null, "date": "1996-10-10", "name": "VANDELL\u00d2S  ", "gust": "13,6", "tmax": "20,2", "longitude": 5217, "avgspeed": "2,8", "dir": "31"}, {"code": "0002I", "hourtmin": "05:30", "hourgust": "03:00", "hourtmax": "13:20", "sun": null, "altitude": "32", "prec": "0,0", "latitude": 405729, "hourpresmax": null, "province": "TARRAGONA", "tmed": "16,8", "tmin": "13,5", "presmax": null, "presmin": null, "hourpresmin": null, "date": "1996-10-11", "name": "VANDELL\u00d2S  ", "gust": "7,5", "tmax": "20,1", "longitude": 5217, "avgspeed": "0,8", "dir": "31"}, {"code": "0002I", "hourtmin": "Varias", "hourgust": "22:40", "hourtmax": "11:20", "sun": null, "altitude": "32", "prec": "0,5", "latitude": 405729, "hourpresmax": null, "province": "TARRAGONA", "tmed": "18,6", "tmin": "16,3", "presmax": null, "presmin": null, "hourpresmin": null, "date": "1996-10-12", "name": "VANDELL\u00d2S  ", "gust": "5,6", "tmax": "20,8", "longitude": 5217, "avgspeed": "1,9", "dir": "11"}, {"code": "0002I", "hourtmin": "10:30", "hourgust": "11:00", "hourtmax": "13:50", "sun": null, "altitude": "32", "prec": "15,2", "latitude": 405729, "hourpresmax": null, "province": "TARRAGONA", "tmed": "17,2", "tmin": "14,6", "presmax": null, "presmin": null, "hourpresmin": null, "date": "1996-10-13", "name": "VANDELL\u00d2S  ", "gust": "9,2", "tmax": "19,8", "longitude": 5217, "avgspeed": "1,9", "dir": "04"}, {"code": "0002I", "hourtmin": "20:50", "hourgust": "23:10", "hourtmax": "12:00", "sun": null, "altitude": "32", "prec": "6,0", "latitude": 405729, "hourpresmax": null, "province": "TARRAGONA", "tmed": "17,8", "tmin": "14,5", "presmax": null, "presmin": null, "hourpresmin": null, "date": "1996-10-14", "name": "VANDELL\u00d2S  ", "gust": "11,4", "tmax": "21,1", "longitude": 5217, "avgspeed": "1,1", "dir": "31"}, {"code": "0002I", "hourtmin": "07:00", "hourgust": "22:10", "hourtmax": "13:50", "sun": null, "altitude": "32", "prec": "0,0", "latitude": 405729, "hourpresmax": null, "province": "TARRAGONA", "tmed": "17,0", "tmin": "14,0", "presmax": null, "presmin": null, "hourpresmin": null, "date": "1996-10-15", "name": "VANDELL\u00d2S  ", "gust": "23,3", "tmax": "20,0", "longitude": 5217, "avgspeed": "8,6", "dir": "30"}, {"code": "0002I", "hourtmin": "23:50", "hourgust": "01:30", "hourtmax": "15:10", "sun": null, "altitude": "32", "prec": "0,0", "latitude": 405729, "hourpresmax": null, "province": "TARRAGONA", "tmed": "17,2", "tmin": "14,0", "presmax": null, "presmin": null, "hourpresmin": null, "date": "1996-10-16", "name": "VANDELL\u00d2S  ", "gust": "23,3", "tmax": "20,3", "longitude": 5217, "avgspeed": "4,2", "dir": "20"}, {"code": "0002I", "hourtmin": "02:20", "hourgust": "11:10", "hourtmax": "13:20", "sun": null, "altitude": "32", "prec": "0,0", "latitude": 405729, "hourpresmax": null, "province": "TARRAGONA", "tmed": "16,9", "tmin": "11,7", "presmax": null, "presmin": null, "hourpresmin": null, "date": "1996-10-17", "name": "VANDELL\u00d2S  ", "gust": "11,7", "tmax": "22,1", "longitude": 5217, "avgspeed": "1,4", "dir": "25"}, {"code": "0002I", "hourtmin": "00:20", "hourgust": "13:10", "hourtmax": "12:50", "sun": null, "altitude": "32", "prec": "0,0", "latitude": 405729, "hourpresmax": null, "province": "TARRAGONA", "tmed": "18,3", "tmin": "12,8", "presmax": null, "presmin": null, "hourpresmin": null, "date": "1996-10-18", "name": "VANDELL\u00d2S  ", "gust": "10,3", "tmax": "23,8", "longitude": 5217, "avgspeed": "1,1", "dir": "24"}, {"code": "0002I", "hourtmin": "Varias", "hourgust": "13:40", "hourtmax": "15:30", "sun": null, "altitude": "32", "prec": "0,0", "latitude": 405729, "hourpresmax": null, "province": "TARRAGONA", "tmed": "20,4", "tmin": "14,3", "presmax": null, "presmin": null, "hourpresmin": null, "date": "1996-10-19", "name": "VANDELL\u00d2S  ", "gust": "15,0", "tmax": "26,4", "longitude": 5217, "avgspeed": "2,5", "dir": "34"}, {"code": "0002I", "hourtmin": "23:59", "hourgust": "13:10", "hourtmax": "11:40", "sun": null, "altitude": "32", "prec": "0,0", "latitude": 405729, "hourpresmax": null, "province": "TARRAGONA", "tmed": "18,8", "tmin": "14,7", "presmax": null, "presmin": null, "hourpresmin": null, "date": "1996-10-20", "name": "VANDELL\u00d2S  ", "gust": "5,3", "tmax": "22,9", "longitude": 5217, "avgspeed": "1,1", "dir": "16"}, {"code": "0002I", "hourtmin": "Varias", "hourgust": "14:20", "hourtmax": "Varias", "sun": null, "altitude": "32", "prec": "0,0", "latitude": 405729, "hourpresmax": null, "province": "TARRAGONA", "tmed": "18,9", "tmin": "13,4", "presmax": null, "presmin": null, "hourpresmin": null, "date": "1996-10-21", "name": "VANDELL\u00d2S  ", "gust": "6,7", "tmax": "24,4", "longitude": 5217, "avgspeed": "1,7", "dir": "18"}, {"code": "0002I", "hourtmin": "Varias", "hourgust": "12:10", "hourtmax": "14:10", "sun": null, "altitude": "32", "prec": "0,0", "latitude": 405729, "hourpresmax": null, "province": "TARRAGONA", "tmed": "17,6", "tmin": "13,3", "presmax": null, "presmin": null, "hourpresmin": null, "date": "1996-10-22", "name": "VANDELL\u00d2S  ", "gust": "3,9", "tmax": "21,9", "longitude": 5217, "avgspeed": "0,6", "dir": "19"}, {"code": "0002I", "hourtmin": "Varias", "hourgust": "10:20", "hourtmax": "12:30", "sun": null, "altitude": "32", "prec": "0,0", "latitude": 405729, "hourpresmax": null, "province": "TARRAGONA", "tmed": "16,9", "tmin": "12,8", "presmax": null, "presmin": null, "hourpresmin": null, "date": "1996-10-23", "name": "VANDELL\u00d2S  ", "gust": "6,9", "tmax": "21,0", "longitude": 5217, "avgspeed": "1,1", "dir": "09"}, {"code": "0002I", "hourtmin": "06:00", "hourgust": "07:10", "hourtmax": "12:10", "sun": null, "altitude": "32", "prec": "0,0", "latitude": 405729, "hourpresmax": null, "province": "TARRAGONA", "tmed": "16,6", "tmin": "15,4", "presmax": null, "presmin": null, "hourpresmin": null, "date": "1996-10-24", "name": "VANDELL\u00d2S  ", "gust": "4,7", "tmax": "17,8", "longitude": 5217, "avgspeed": "1,1", "dir": "08"}, {"code": "0002I", "hourtmin": "Varias", "hourgust": "11:00", "hourtmax": "10:50", "sun": null, "altitude": "32", "prec": "0,0", "latitude": 405729, "hourpresmax": null, "province": "TARRAGONA", "tmed": "17,8", "tmin": "16,4", "presmax": null, "presmin": null, "hourpresmin": null, "date": "1996-10-25", "name": "VANDELL\u00d2S  ", "gust": "3,3", "tmax": "19,2", "longitude": 5217, "avgspeed": "1,1", "dir": "07"}, {"code": "0002I", "hourtmin": "23:59", "hourgust": "07:50", "hourtmax": "09:30", "sun": null, "altitude": "32", "prec": "0,0", "latitude": 405729, "hourpresmax": null, "province": "TARRAGONA", "tmed": "17,6", "tmin": "15,3", "presmax": null, "presmin": null, "hourpresmin": null, "date": "1996-10-26", "name": "VANDELL\u00d2S  ", "gust": "6,7", "tmax": "20,0", "longitude": 5217, "avgspeed": "1,7", "dir": "30"}, {"code": "0002I", "hourtmin": "03:20", "hourgust": "14:50", "hourtmax": "13:00", "sun": null, "altitude": "32", "prec": "0,0", "latitude": 405729, "hourpresmax": null, "province": "TARRAGONA", "tmed": "17,4", "tmin": "14,3", "presmax": null, "presmin": null, "hourpresmin": null, "date": "1996-10-27", "name": "VANDELL\u00d2S  ", "gust": "3,9", "tmax": "20,4", "longitude": 5217, "avgspeed": "0,8", "dir": "19"}, {"code": "0002I", "hourtmin": "22:50", "hourgust": "11:50", "hourtmax": "11:20", "sun": null, "altitude": "32", "prec": "0,0", "latitude": 405729, "hourpresmax": null, "province": "TARRAGONA", "tmed": "17,4", "tmin": "14,6", "presmax": null, "presmin": null, "hourpresmin": null, "date": "1996-10-28", "name": "VANDELL\u00d2S  ", "gust": "6,4", "tmax": "20,2", "longitude": 5217, "avgspeed": "1,7", "dir": "18"}, {"code": "0002I", "hourtmin": "04:50", "hourgust": "23:59", "hourtmax": "11:50", "sun": null, "altitude": "32", "prec": "0,0", "latitude": 405729, "hourpresmax": null, "province": "TARRAGONA", "tmed": "17,0", "tmin": "12,4", "presmax": null, "presmin": null, "hourpresmin": null, "date": "1996-10-29", "name": "VANDELL\u00d2S  ", "gust": "14,7", "tmax": "21,6", "longitude": 5217, "avgspeed": "0,8", "dir": "26"}, {"code": "0002I", "hourtmin": "Varias", "hourgust": "00:50", "hourtmax": "13:20", "sun": null, "altitude": "32", "prec": "0,0", "latitude": 405729, "hourpresmax": null, "province": "TARRAGONA", "tmed": "16,1", "tmin": "12,3", "presmax": null, "presmin": null, "hourpresmin": null, "date": "1996-10-30", "name": "VANDELL\u00d2S  ", "gust": "20,6", "tmax": "19,9", "longitude": 5217, "avgspeed": "4,7", "dir": "32"}, {"code": "0002I", "hourtmin": "01:30", "hourgust": "10:20", "hourtmax": "13:30", "sun": null, "altitude": "32", "prec": "0,0", "latitude": 405729, "hourpresmax": null, "province": "TARRAGONA", "tmed": "16,8", "tmin": "11,8", "presmax": null, "presmin": null, "hourpresmin": null, "date": "1996-10-31", "name": "VANDELL\u00d2S  ", "gust": "8,6", "tmax": "21,8", "longitude": 5217, "avgspeed": "1,4", "dir": "28"}, {"code": "0002I", "hourtmin": "00:20", "hourgust": "07:30", "hourtmax": "12:35", "sun": null, "altitude": "32", "prec": "0,0", "latitude": 405729, "hourpresmax": null, "province": "TARRAGONA", "tmed": "17,1", "tmin": "12,0", "presmax": null, "presmin": null, "hourpresmin": null, "date": "1996-11-01", "name": "VANDELL\u00d2S  ", "gust": "11,1", "tmax": "22,2", "longitude": 5217, "avgspeed": "0,8", "dir": "31"}, {"code": "0002I", "hourtmin": "Varias", "hourgust": "14:10", "hourtmax": "12:25", "sun": null, "altitude": "32", "prec": "0,0", "latitude": 405729, "hourpresmax": null, "province": "TARRAGONA", "tmed": "16,4", "tmin": "12,4", "presmax": null, "presmin": null, "hourpresmin": null, "date": "1996-11-02", "name": "VANDELL\u00d2S  ", "gust": "6,4", "tmax": "20,3", "longitude": 5217, "avgspeed": "1,9", "dir": "18"}, {"code": "0002I", "hourtmin": "06:40", "hourgust": "14:20", "hourtmax": "Varias", "sun": null, "altitude": "32", "prec": "0,0", "latitude": 405729, "hourpresmax": null, "province": "TARRAGONA", "tmed": "15,5", "tmin": "11,7", "presmax": null, "presmin": null, "hourpresmin": null, "date": "1996-11-03", "name": "VANDELL\u00d2S  ", "gust": "5,0", "tmax": "19,3", "longitude": 5217, "avgspeed": "1,4", "dir": "18"}, {"code": "0002I", "hourtmin": "23:10", "hourgust": "12:00", "hourtmax": "10:10", "sun": null, "altitude": "32", "prec": "2,1", "latitude": 405729, "hourpresmax": null, "province": "TARRAGONA", "tmed": "16,9", "tmin": "14,1", "presmax": null, "presmin": null, "hourpresmin": null, "date": "1996-11-04", "name": "VANDELL\u00d2S  ", "gust": "5,3", "tmax": "19,7", "longitude": 5217, "avgspeed": "1,1", "dir": "20"}, {"code": "0002I", "hourtmin": "Varias", "hourgust": "10:10", "hourtmax": "13:40", "sun": null, "altitude": "32", "prec": "0,0", "latitude": 405729, "hourpresmax": null, "province": "TARRAGONA", "tmed": "16,4", "tmin": "13,7", "presmax": null, "presmin": null, "hourpresmin": null, "date": "1996-11-05", "name": "VANDELL\u00d2S  ", "gust": "19,4", "tmax": "19,2", "longitude": 5217, "avgspeed": "3,9", "dir": "34"}, {"code": "0002I", "hourtmin": "Varias", "hourgust": "04:40", "hourtmax": "13:30", "sun": null, "altitude": "32", "prec": "0,0", "latitude": 405729, "hourpresmax": null, "province": "TARRAGONA", "tmed": "16,1", "tmin": "12,1", "presmax": null, "presmin": null, "hourpresmin": null, "date": "1996-11-06", "name": "VANDELL\u00d2S  ", "gust": "23,3", "tmax": "20,1", "longitude": 5217, "avgspeed": "3,1", "dir": "31"}, {"code": "0002I", "hourtmin": "03:00", "hourgust": "13:40", "hourtmax": "13:30", "sun": null, "altitude": "32", "prec": "0,0", "latitude": 405729, "hourpresmax": null, "province": "TARRAGONA", "tmed": "16,6", "tmin": "10,4", "presmax": null, "presmin": null, "hourpresmin": null, "date": "1996-11-07", "name": "VANDELL\u00d2S  ", "gust": "8,1", "tmax": "22,8", "longitude": 5217, "avgspeed": "0,8", "dir": "21"}, {"code": "0002I", "hourtmin": "22:25", "hourgust": "01:40", "hourtmax": "11:20", "sun": null, "altitude": "32", "prec": "0,0", "latitude": 405729, "hourpresmax": null, "province": "TARRAGONA", "tmed": "16,6", "tmin": "12,9", "presmax": null, "presmin": null, "hourpresmin": null, "date": "1996-11-08", "name": "VANDELL\u00d2S  ", "gust": "10,3", "tmax": "20,2", "longitude": 5217, "avgspeed": "1,4", "dir": "21"}, {"code": "0002I", "hourtmin": "06:00", "hourgust": "11:40", "hourtmax": "11:50", "sun": null, "altitude": "32", "prec": "0,0", "latitude": 405729, "hourpresmax": null, "province": "TARRAGONA", "tmed": "15,0", "tmin": "11,7", "presmax": null, "presmin": null, "hourpresmin": null, "date": "1996-11-09", "name": "VANDELL\u00d2S  ", "gust": "3,9", "tmax": "18,2", "longitude": 5217, "avgspeed": "0,8", "dir": "13"}, {"code": "0002I", "hourtmin": "05:30", "hourgust": "22:30", "hourtmax": "Varias", "sun": null, "altitude": "32", "prec": "0,6", "latitude": 405729, "hourpresmax": null, "province": "TARRAGONA", "tmed": "14,8", "tmin": "11,8", "presmax": null, "presmin": null, "hourpresmin": null, "date": "1996-11-10", "name": "VANDELL\u00d2S  ", "gust": "5,6", "tmax": "17,7", "longitude": 5217, "avgspeed": "1,1", "dir": "14"}, {"code": "0002I", "hourtmin": "Varias", "hourgust": "13:50", "hourtmax": "13:00", "sun": null, "altitude": "32", "prec": "3,2", "latitude": 405729, "hourpresmax": null, "province": "TARRAGONA", "tmed": "15,3", "tmin": "12,9", "presmax": null, "presmin": null, "hourpresmin": null, "date": "1996-11-11", "name": "VANDELL\u00d2S  ", "gust": "12,8", "tmax": "17,7", "longitude": 5217, "avgspeed": "2,2", "dir": "21"}, {"code": "0002I", "hourtmin": "Varias", "hourgust": "18:30", "hourtmax": "12:30", "sun": null, "altitude": "32", "prec": "4,5", "latitude": 405729, "hourpresmax": null, "province": "TARRAGONA", "tmed": "15,5", "tmin": "12,2", "presmax": null, "presmin": null, "hourpresmin": null, "date": "1996-11-12", "name": "VANDELL\u00d2S  ", "gust": "13,1", "tmax": "18,8", "longitude": 5217, "avgspeed": "2,5", "dir": "32"}, {"code": "0002I", "hourtmin": "17:20", "hourgust": "01:40", "hourtmax": "09:40", "sun": null, "altitude": "32", "prec": "2,7", "latitude": 405729, "hourpresmax": null, "province": "TARRAGONA", "tmed": "13,7", "tmin": "10,6", "presmax": null, "presmin": null, "hourpresmin": null, "date": "1996-11-13", "name": "VANDELL\u00d2S  ", "gust": "12,5", "tmax": "16,8", "longitude": 5217, "avgspeed": "2,8", "dir": "32"}, {"code": "0002I", "hourtmin": "23:59", "hourgust": "23:59", "hourtmax": "09:50", "sun": null, "altitude": "32", "prec": "2,0", "latitude": 405729, "hourpresmax": null, "province": "TARRAGONA", "tmed": "12,6", "tmin": "9,4", "presmax": null, "presmin": null, "hourpresmin": null, "date": "1996-11-14", "name": "VANDELL\u00d2S  ", "gust": "17,8", "tmax": "15,7", "longitude": 5217, "avgspeed": "3,9", "dir": "30"}, {"code": "0002I", "hourtmin": "Varias", "hourgust": "00:20", "hourtmax": "00:05", "sun": null, "altitude": "32", "prec": "1,7", "latitude": 405729, "hourpresmax": null, "province": "TARRAGONA", "tmed": "7,5", "tmin": "5,6", "presmax": null, "presmin": null, "hourpresmin": null, "date": "1996-11-15", "name": "VANDELL\u00d2S  ", "gust": "19,2", "tmax": "9,4", "longitude": 5217, "avgspeed": "5,6", "dir": "30"}, {"code": "0002I", "hourtmin": "18:20", "hourgust": "Varias", "hourtmax": "10:20", "sun": null, "altitude": "32", "prec": "19,7", "latitude": 405729, "hourpresmax": null, "province": "TARRAGONA", "tmed": "6,9", "tmin": "4,3", "presmax": null, "presmin": null, "hourpresmin": null, "date": "1996-11-16", "name": "VANDELL\u00d2S  ", "gust": "16,4", "tmax": "9,5", "longitude": 5217, "avgspeed": "3,9", "dir": "99"}, {"code": "0002I", "hourtmin": "05:00", "hourgust": "22:50", "hourtmax": "23:59", "sun": null, "altitude": "32", "prec": "10,1", "latitude": 405729, "hourpresmax": null, "province": "TARRAGONA", "tmed": "7,6", "tmin": "4,2", "presmax": null, "presmin": null, "hourpresmin": null, "date": "1996-11-17", "name": "VANDELL\u00d2S  ", "gust": "22,5", "tmax": "10,9", "longitude": 5217, "avgspeed": "5,3", "dir": "28"}, {"code": "0002I", "hourtmin": "22:10", "hourgust": "14:20", "hourtmax": "11:45", "sun": null, "altitude": "32", "prec": "0,0", "latitude": 405729, "hourpresmax": null, "province": "TARRAGONA", "tmed": "9,5", "tmin": "7,3", "presmax": null, "presmin": null, "hourpresmin": null, "date": "1996-11-18", "name": "VANDELL\u00d2S  ", "gust": "25,0", "tmax": "11,7", "longitude": 5217, "avgspeed": "5,8", "dir": "26"}, {"code": "0002I", "hourtmin": "Varias", "hourgust": "09:20", "hourtmax": "14:20", "sun": null, "altitude": "32", "prec": "0,5", "latitude": 405729, "hourpresmax": null, "province": "TARRAGONA", "tmed": "10,4", "tmin": "6,6", "presmax": null, "presmin": null, "hourpresmin": null, "date": "1996-11-19", "name": "VANDELL\u00d2S  ", "gust": "22,2", "tmax": "14,2", "longitude": 5217, "avgspeed": "2,8", "dir": "32"}, {"code": "0002I", "hourtmin": "23:50", "hourgust": "09:00", "hourtmax": "12:50", "sun": null, "altitude": "32", "prec": "0,0", "latitude": 405729, "hourpresmax": null, "province": "TARRAGONA", "tmed": "13,0", "tmin": "9,5", "presmax": null, "presmin": null, "hourpresmin": null, "date": "1996-11-20", "name": "VANDELL\u00d2S  ", "gust": "18,9", "tmax": "16,5", "longitude": 5217, "avgspeed": "2,8", "dir": "24"}, {"code": "0002I", "hourtmin": "00:05", "hourgust": "22:00", "hourtmax": "22:00", "sun": null, "altitude": "32", "prec": "0,0", "latitude": 405729, "hourpresmax": null, "province": "TARRAGONA", "tmed": "14,0", "tmin": "9,6", "presmax": null, "presmin": null, "hourpresmin": null, "date": "1996-11-21", "name": "VANDELL\u00d2S  ", "gust": "15,0", "tmax": "18,4", "longitude": 5217, "avgspeed": "0,6", "dir": "27"}, {"code": "0002I", "hourtmin": "21:20", "hourgust": "01:30", "hourtmax": "01:20", "sun": null, "altitude": "32", "prec": "0,0", "latitude": 405729, "hourpresmax": null, "province": "TARRAGONA", "tmed": "15,4", "tmin": "13,4", "presmax": null, "presmin": null, "hourpresmin": null, "date": "1996-11-22", "name": "VANDELL\u00d2S  ", "gust": "13,6", "tmax": "17,5", "longitude": 5217, "avgspeed": "2,2", "dir": "26"}, {"code": "0002I", "hourtmin": "23:59", "hourgust": "19:40", "hourtmax": "Varias", "sun": null, "altitude": "32", "prec": "0,0", "latitude": 405729, "hourpresmax": null, "province": "TARRAGONA", "tmed": "14,8", "tmin": "11,1", "presmax": null, "presmin": null, "hourpresmin": null, "date": "1996-11-23", "name": "VANDELL\u00d2S  ", "gust": "18,9", "tmax": "18,5", "longitude": 5217, "avgspeed": "3,3", "dir": "12"}, {"code": "0002I", "hourtmin": "06:10", "hourgust": "13:10", "hourtmax": "14:10", "sun": null, "altitude": "32", "prec": "0,0", "latitude": 405729, "hourpresmax": null, "province": "TARRAGONA", "tmed": "11,8", "tmin": "8,3", "presmax": null, "presmin": null, "hourpresmin": null, "date": "1996-11-24", "name": "VANDELL\u00d2S  ", "gust": "9,2", "tmax": "15,3", "longitude": 5217, "avgspeed": "2,8", "dir": "34"}, {"code": "0002I", "hourtmin": "01:40", "hourgust": "22:00", "hourtmax": "Varias", "sun": null, "altitude": "32", "prec": "0,0", "latitude": 405729, "hourpresmax": null, "province": "TARRAGONA", "tmed": "14,2", "tmin": "10,6", "presmax": null, "presmin": null, "hourpresmin": null, "date": "1996-11-25", "name": "VANDELL\u00d2S  ", "gust": "20,0", "tmax": "17,8", "longitude": 5217, "avgspeed": "2,8", "dir": "28"}, {"code": "0002I", "hourtmin": "07:10", "hourgust": "11:40", "hourtmax": "00:10", "sun": null, "altitude": "32", "latitude": 405729, "hourpresmax": null, "province": "TARRAGONA", "tmed": "15,4", "tmin": "13,7", "presmax": null, "presmin": null, "hourpresmin": null, "date": "1996-11-26", "name": "VANDELL\u00d2S  ", "gust": "18,9", "tmax": "17,0", "longitude": 5217, "avgspeed": "4,4", "dir": "28"}, {"code": "0002I", "hourtmin": "00:00", "hourgust": "22:40", "hourtmax": "11:40", "sun": null, "altitude": "32", "prec": "1,1", "latitude": 405729, "hourpresmax": null, "province": "TARRAGONA", "tmed": "13,2", "tmin": "10,2", "presmax": null, "presmin": null, "hourpresmin": null, "date": "1996-12-04", "name": "VANDELL\u00d2S  ", "gust": "4,2", "tmax": "16,2", "longitude": 5217, "avgspeed": "0,8", "dir": "03"}, {"code": "0002I", "hourtmin": "Varias", "hourgust": "16:10", "hourtmax": "Varias", "sun": null, "altitude": "32", "prec": "5,1", "latitude": 405729, "hourpresmax": null, "province": "TARRAGONA", "tmed": "12,4", "tmin": "9,8", "presmax": null, "presmin": null, "hourpresmin": null, "date": "1996-12-05", "name": "VANDELL\u00d2S  ", "gust": "10,6", "tmax": "15,0", "longitude": 5217, "avgspeed": "2,5", "dir": "19"}, {"code": "0002I", "hourtmin": "04:20", "hourgust": "14:10", "hourtmax": "11:40", "sun": null, "altitude": "32", "prec": "17,8", "latitude": 405729, "hourpresmax": null, "province": "TARRAGONA", "tmed": "10,4", "tmin": "8,0", "presmax": null, "presmin": null, "hourpresmin": null, "date": "1996-12-06", "name": "VANDELL\u00d2S  ", "gust": "8,9", "tmax": "12,7", "longitude": 5217, "avgspeed": "1,4", "dir": "21"}, {"code": "0002I", "hourtmin": "06:00", "hourgust": null, "hourtmax": "23:10", "sun": null, "altitude": "32", "prec": "35,5", "latitude": 405729, "hourpresmax": null, "province": "TARRAGONA", "tmed": "9,4", "tmin": "8,1", "presmax": null, "presmin": null, "hourpresmin": null, "date": "1996-12-07", "name": "VANDELL\u00d2S  ", "gust": null, "tmax": "10,6", "longitude": 5217, "avgspeed": "2,8"}, {"code": "0002I", "hourtmin": "23:55", "hourgust": "02:50", "hourtmax": "12:50", "sun": null, "altitude": "32", "prec": "1,8", "latitude": 405729, "hourpresmax": null, "province": "TARRAGONA", "tmed": "11,6", "tmin": "8,4", "presmax": null, "presmin": null, "hourpresmin": null, "date": "1996-12-08", "name": "VANDELL\u00d2S  ", "gust": "15,8", "tmax": "14,8", "longitude": 5217, "avgspeed": "3,1", "dir": "21"}, {"code": "0002I", "hourtmin": "01:50", "hourgust": "21:00", "hourtmax": "18:20", "sun": null, "altitude": "32", "prec": "1,5", "latitude": 405729, "hourpresmax": null, "province": "TARRAGONA", "tmed": "10,0", "tmin": "8,2", "presmax": null, "presmin": null, "hourpresmin": null, "date": "1996-12-09", "name": "VANDELL\u00d2S  ", "gust": "15,8", "tmax": "11,8", "longitude": 5217, "avgspeed": "6,4", "dir": "32"}, {"code": "0002I", "hourtmin": "23:59", "hourgust": "00:10", "hourtmax": "12:20", "sun": null, "altitude": "32", "prec": "0,0", "latitude": 405729, "hourpresmax": null, "province": "TARRAGONA", "tmed": "10,6", "tmin": "7,4", "presmax": null, "presmin": null, "hourpresmin": null, "date": "1996-12-10", "name": "VANDELL\u00d2S  ", "gust": "15,6", "tmax": "13,7", "longitude": 5217, "avgspeed": "4,7", "dir": "33"}, {"code": "0002I", "hourtmin": "Varias", "hourgust": "13:50", "hourtmax": "09:00", "sun": null, "altitude": "32", "prec": "0,5", "latitude": 405729, "hourpresmax": null, "province": "TARRAGONA", "tmed": "9,6", "tmin": "7,0", "presmax": null, "presmin": null, "hourpresmin": null, "date": "1996-12-11", "name": "VANDELL\u00d2S  ", "gust": "5,0", "tmax": "12,1", "longitude": 5217, "avgspeed": "1,9", "dir": "05"}, {"code": "0002I", "hourtmin": "00:10", "hourgust": "12:20", "hourtmax": "11:30", "sun": null, "altitude": "32", "prec": "1,7", "latitude": 405729, "hourpresmax": null, "province": "TARRAGONA", "tmed": "12,4", "tmin": "9,8", "presmax": null, "presmin": null, "hourpresmin": null, "date": "1996-12-12", "name": "VANDELL\u00d2S  ", "gust": "4,2", "tmax": "15,0", "longitude": 5217, "avgspeed": "0,6", "dir": "18"}, {"code": "0002I", "hourtmin": "Varias", "hourgust": "17:30", "hourtmax": "Varias", "sun": null, "altitude": "32", "prec": "0,7", "latitude": 405729, "hourpresmax": null, "province": "TARRAGONA", "tmed": "13,2", "tmin": "10,8", "presmax": null, "presmin": null, "hourpresmin": null, "date": "1996-12-13", "name": "VANDELL\u00d2S  ", "gust": "5,0", "tmax": "15,5", "longitude": 5217, "avgspeed": "0,8", "dir": "26"}, {"code": "0002I", "hourtmin": "Varias", "hourgust": "23:30", "hourtmax": "08:30", "sun": null, "altitude": "32", "prec": "0,0", "latitude": 405729, "hourpresmax": null, "province": "TARRAGONA", "tmed": "13,2", "tmin": "10,4", "presmax": null, "presmin": null, "hourpresmin": null, "date": "1996-12-14", "name": "VANDELL\u00d2S  ", "gust": "21,1", "tmax": "15,9", "longitude": 5217, "avgspeed": "2,8", "dir": "31"}, {"code": "0002I", "hourtmin": "23:45", "hourgust": "05:40", "hourtmax": "15:00", "sun": null, "altitude": "32", "prec": "0,0", "latitude": 405729, "hourpresmax": null, "province": "TARRAGONA", "tmed": "11,0", "tmin": "7,9", "presmax": null, "presmin": null, "hourpresmin": null, "date": "1996-12-15", "name": "VANDELL\u00d2S  ", "gust": "21,1", "tmax": "14,2", "longitude": 5217, "avgspeed": "4,4", "dir": "31"}, {"code": "0002I", "hourtmin": "07:05", "hourgust": "12:10", "hourtmax": "13:30", "sun": null, "altitude": "32", "prec": "0,0", "latitude": 405729, "hourpresmax": null, "province": "TARRAGONA", "tmed": "10,6", "tmin": "6,7", "presmax": null, "presmin": null, "hourpresmin": null, "date": "1996-12-16", "name": "VANDELL\u00d2S  ", "gust": "5,6", "tmax": "14,6", "longitude": 5217, "avgspeed": "1,9", "dir": "17"}, {"code": "0002I", "hourtmin": "02:00", "hourgust": "Varias", "hourtmax": "11:40", "sun": null, "altitude": "32", "prec": "0,0", "latitude": 405729, "hourpresmax": null, "province": "TARRAGONA", "tmed": "9,8", "tmin": "7,2", "presmax": null, "presmin": null, "hourpresmin": null, "date": "1996-12-17", "name": "VANDELL\u00d2S  ", "gust": "3,6", "tmax": "12,5", "longitude": 5217, "avgspeed": "0,8", "dir": "99"}, {"code": "0002I", "hourtmin": "02:20", "hourgust": "Varias", "hourtmax": "19:35", "sun": null, "altitude": "32", "prec": "7,8", "latitude": 405729, "hourpresmax": null, "province": "TARRAGONA", "tmed": "11,8", "tmin": "10,8", "presmax": null, "presmin": null, "hourpresmin": null, "date": "1996-12-18", "name": "VANDELL\u00d2S  ", "gust": "3,1", "tmax": "12,8", "longitude": 5217, "avgspeed": "0,6", "dir": "99"}, {"code": "0002I", "hourtmin": "23:59", "hourgust": "15:40", "hourtmax": "13:50", "sun": null, "altitude": "32", "prec": "0,0", "latitude": 405729, "hourpresmax": null, "province": "TARRAGONA", "tmed": "13,4", "tmin": "10,0", "presmax": null, "presmin": null, "hourpresmin": null, "date": "1996-12-19", "name": "VANDELL\u00d2S  ", "gust": "16,4", "tmax": "16,9", "longitude": 5217, "avgspeed": "2,2", "dir": "32"}, {"code": "0002I", "hourtmin": "04:20", "hourgust": "13:30", "hourtmax": "Varias", "sun": null, "altitude": "32", "prec": "0,0", "latitude": 405729, "hourpresmax": null, "province": "TARRAGONA", "tmed": "11,6", "tmin": "8,6", "presmax": null, "presmin": null, "hourpresmin": null, "date": "1996-12-20", "name": "VANDELL\u00d2S  ", "gust": "5,0", "tmax": "14,7", "longitude": 5217, "avgspeed": "1,1", "dir": "18"}, {"code": "0002I", "hourtmin": "00:40", "hourgust": "10:50", "hourtmax": "13:30", "sun": null, "altitude": "32", "prec": "0,0", "latitude": 405729, "hourpresmax": null, "province": "TARRAGONA", "tmed": "14,0", "tmin": "11,8", "presmax": null, "presmin": null, "hourpresmin": null, "date": "1996-12-21", "name": "VANDELL\u00d2S  ", "gust": "8,3", "tmax": "16,2", "longitude": 5217, "avgspeed": "2,8", "dir": "12"}, {"code": "0002I", "hourtmin": "23:59", "hourgust": "10:50", "hourtmax": "Varias", "sun": null, "altitude": "32", "prec": "0,2", "latitude": 405729, "hourpresmax": null, "province": "TARRAGONA", "tmed": "12,6", "tmin": "9,9", "presmax": null, "presmin": null, "hourpresmin": null, "date": "1996-12-22", "name": "VANDELL\u00d2S  ", "gust": "8,3", "tmax": "15,3", "longitude": 5217, "avgspeed": "2,2", "dir": "04"}, {"code": "0002I", "hourtmin": "07:10", "hourgust": "Varias", "hourtmax": "15:30", "sun": null, "altitude": "32", "prec": "0,0", "latitude": 405729, "hourpresmax": null, "province": "TARRAGONA", "tmed": "11,4", "tmin": "8,5", "presmax": null, "presmin": null, "hourpresmin": null, "date": "1996-12-23", "name": "VANDELL\u00d2S  ", "gust": "4,7", "tmax": "14,2", "longitude": 5217, "avgspeed": "0,6", "dir": "99"}, {"code": "0002I", "hourtmin": "08:40", "hourgust": "23:20", "hourtmax": "13:00", "sun": null, "altitude": "32", "prec": "1,5", "latitude": 405729, "hourpresmax": null, "province": "TARRAGONA", "tmed": "12,3", "tmin": "9,3", "presmax": null, "presmin": null, "hourpresmin": null, "date": "1996-12-24", "name": "VANDELL\u00d2S  ", "gust": "23,9", "tmax": "15,3", "longitude": 5217, "avgspeed": "1,7", "dir": "31"}, {"code": "0002I", "hourtmin": "Varias", "hourgust": "20:20", "hourtmax": "12:50", "sun": null, "altitude": "32", "prec": "0,0", "latitude": 405729, "hourpresmax": null, "province": "TARRAGONA", "tmed": "11,5", "tmin": "7,8", "presmax": null, "presmin": null, "hourpresmin": null, "date": "1996-12-25", "name": "VANDELL\u00d2S  ", "gust": "27,2", "tmax": "15,2", "longitude": 5217, "avgspeed": "6,1", "dir": "30"}, {"code": "0002I", "hourtmin": "22:30", "hourgust": "01:10", "hourtmax": "Varias", "sun": null, "altitude": "32", "prec": "0,0", "latitude": 405729, "hourpresmax": null, "province": "TARRAGONA", "tmed": "7,8", "tmin": "5,4", "presmax": null, "presmin": null, "hourpresmin": null, "date": "1996-12-26", "name": "VANDELL\u00d2S  ", "gust": "26,4", "tmax": "10,1", "longitude": 5217, "avgspeed": "11,7", "dir": "31"}, {"code": "0002I", "hourtmin": "07:00", "hourgust": "00:00", "hourtmax": "14:50", "sun": null, "altitude": "32", "prec": "0,0", "latitude": 405729, "hourpresmax": null, "province": "TARRAGONA", "tmed": "8,6", "tmin": "5,8", "presmax": null, "presmin": null, "hourpresmin": null, "date": "1996-12-27", "name": "VANDELL\u00d2S  ", "gust": "10,3", "tmax": "11,3", "longitude": 5217, "avgspeed": "1,1", "dir": "23"}, {"code": "0002I", "hourtmin": "04:30", "hourgust": "09:50", "hourtmax": "Varias", "sun": null, "altitude": "32", "prec": "0,0", "latitude": 405729, "hourpresmax": null, "province": "TARRAGONA", "tmed": "6,8", "tmin": "4,8", "presmax": null, "presmin": null, "hourpresmin": null, "date": "1996-12-28", "name": "VANDELL\u00d2S  ", "gust": "13,3", "tmax": "8,9", "longitude": 5217, "avgspeed": "1,1", "dir": "16"}, {"code": "0002I", "hourtmin": "23:30", "hourgust": "23:30", "hourtmax": "00:10", "sun": null, "altitude": "32", "prec": "6,8", "latitude": 405729, "hourpresmax": null, "province": "TARRAGONA", "tmed": "5,6", "tmin": "4,0", "presmax": null, "presmin": null, "hourpresmin": null, "date": "1996-12-29", "name": "VANDELL\u00d2S  ", "gust": "8,3", "tmax": "7,1", "longitude": 5217, "avgspeed": "2,5", "dir": "36"}, {"code": "0002I", "hourtmin": "03:50", "hourgust": null, "hourtmax": "14:40", "sun": null, "altitude": "32", "prec": "1,3", "latitude": 405729, "hourpresmax": null, "province": "TARRAGONA", "tmed": "5,7", "tmin": "3,8", "presmax": null, "presmin": null, "hourpresmin": null, "date": "1996-12-30", "name": "VANDELL\u00d2S  ", "avgspeed": null, "tmax": "7,6", "longitude": 5217, "gust": null}, {"code": "0002I", "hourtmin": "22:00", "hourgust": "17:40", "hourtmax": "04:50", "sun": null, "altitude": "32", "latitude": 405729, "hourpresmax": null, "province": "TARRAGONA", "tmed": "5,7", "tmin": "3,5", "presmax": null, "presmin": null, "hourpresmin": null, "date": "1996-12-31", "name": "VANDELL\u00d2S  ", "gust": "14,4", "tmax": "7,9", "longitude": 5217, "avgspeed": "3,6", "dir": "33"}]