[{"code": "0002I", "hourtmin": "05:05", "hourgust": "00:50", "hourtmax": "18:20", "sun": null, "altitude": "32", "latitude": 405729, "hourpresmax": null, "province": "TARRAGONA", "tmed": "9,8", "tmin": "7,1", "presmax": null, "presmin": null, "hourpresmin": null, "date": "2004-01-01", "name": "VANDELL\u00d2S  ", "gust": "24,4", "tmax": "12,5", "longitude": 5217, "avgspeed": "1,4", "dir": "29"}, {"code": "0002I", "hourtmin": "23:10", "hourgust": "14:00", "hourtmax": "13:40", "sun": null, "altitude": "32", "latitude": 405729, "hourpresmax": null, "province": "TARRAGONA", "tmed": "11,4", "tmin": "8,2", "presmax": null, "presmin": null, "hourpresmin": null, "date": "2004-01-02", "name": "VANDELL\u00d2S  ", "gust": "17,2", "tmax": "14,5", "longitude": 5217, "avgspeed": "3,6", "dir": "24"}, {"code": "0002I", "hourtmin": "07:20", "hourgust": "Varias", "hourtmax": "14:10", "sun": null, "altitude": "32", "latitude": 405729, "hourpresmax": null, "province": "TARRAGONA", "tmed": "9,4", "tmin": "7,1", "presmax": null, "presmin": null, "hourpresmin": null, "date": "2004-01-03", "name": "VANDELL\u00d2S  ", "gust": "21,4", "tmax": "11,8", "longitude": 5217, "avgspeed": "8,9", "dir": "31"}, {"code": "0002I", "hourtmin": "06:50", "hourgust": "00:30", "hourtmax": "12:10", "sun": null, "altitude": "32", "latitude": 405729, "hourpresmax": null, "province": "TARRAGONA", "tmed": "10,5", "tmin": "6,8", "presmax": null, "presmin": null, "hourpresmin": null, "date": "2004-01-04", "name": "VANDELL\u00d2S  ", "gust": "17,5", "tmax": "14,2", "longitude": 5217, "avgspeed": "1,1", "dir": "31"}, {"code": "0002I", "hourtmin": "23:40", "hourgust": "00:40", "hourtmax": "12:30", "sun": null, "altitude": "32", "latitude": 405729, "hourpresmax": null, "province": "TARRAGONA", "tmed": "10,6", "tmin": "6,1", "presmax": null, "presmin": null, "hourpresmin": null, "date": "2004-01-05", "name": "VANDELL\u00d2S  ", "gust": "14,2", "tmax": "15,1", "longitude": 5217, "avgspeed": "1,9", "dir": "31"}, {"code": "0002I", "hourtmin": "Varias", "hourgust": "20:00", "hourtmax": "15:40", "sun": null, "altitude": "32", "latitude": 405729, "hourpresmax": null, "province": "TARRAGONA", "tmed": "10,6", "tmin": "5,9", "presmax": null, "presmin": null, "hourpresmin": null, "date": "2004-01-06", "name": "VANDELL\u00d2S  ", "gust": "3,3", "tmax": "15,2", "longitude": 5217, "avgspeed": "0,6", "dir": "08"}, {"code": "0002I", "hourtmin": "23:30", "hourgust": "18:30", "hourtmax": "11:50", "sun": null, "altitude": "32", "latitude": 405729, "hourpresmax": null, "province": "TARRAGONA", "tmed": "10,0", "tmin": "6,0", "presmax": null, "presmin": null, "hourpresmin": null, "date": "2004-01-07", "name": "VANDELL\u00d2S  ", "gust": "8,1", "tmax": "14,0", "longitude": 5217, "avgspeed": "1,1", "dir": "28"}, {"code": "0002I", "hourtmin": "00:10", "hourgust": "19:20", "hourtmax": "13:10", "sun": null, "altitude": "32", "latitude": 405729, "hourpresmax": null, "province": "TARRAGONA", "tmed": "11,6", "tmin": "5,9", "presmax": null, "presmin": null, "hourpresmin": null, "date": "2004-01-08", "name": "VANDELL\u00d2S  ", "gust": "10,3", "tmax": "17,4", "longitude": 5217, "avgspeed": "2,2", "dir": "30"}, {"code": "0002I", "hourtmin": "01:05", "hourgust": "12:00", "hourtmax": "14:40", "sun": null, "altitude": "32", "latitude": 405729, "hourpresmax": null, "province": "TARRAGONA", "tmed": "18,4", "tmin": "15,9", "presmax": null, "presmin": null, "hourpresmin": null, "date": "2004-01-09", "name": "VANDELL\u00d2S  ", "gust": "28,3", "tmax": "20,8", "longitude": 5217, "avgspeed": "7,2", "dir": "26"}, {"code": "0002I", "hourtmin": "07:35", "hourgust": "18:10", "hourtmax": "13:00", "sun": null, "altitude": "32", "latitude": 405729, "hourpresmax": null, "province": "TARRAGONA", "tmed": "19,6", "tmin": "16,8", "presmax": null, "presmin": null, "hourpresmin": null, "date": "2004-01-10", "name": "VANDELL\u00d2S  ", "gust": "24,2", "tmax": "22,4", "longitude": 5217, "avgspeed": "4,4", "dir": "29"}, {"code": "0002I", "hourtmin": "07:00", "hourgust": "00:00", "hourtmax": "12:30", "sun": null, "altitude": "32", "latitude": 405729, "hourpresmax": null, "province": "TARRAGONA", "tmed": "16,2", "tmin": "12,2", "presmax": null, "presmin": null, "hourpresmin": null, "date": "2004-01-11", "name": "VANDELL\u00d2S  ", "gust": "12,2", "tmax": "20,3", "longitude": 5217, "avgspeed": "0,8", "dir": "35"}, {"code": "0002I", "hourtmin": "06:00", "hourgust": "21:50", "hourtmax": "13:20", "sun": null, "altitude": "32", "latitude": 405729, "hourpresmax": null, "province": "TARRAGONA", "tmed": "17,2", "tmin": "13,7", "presmax": null, "presmin": null, "hourpresmin": null, "date": "2004-01-12", "name": "VANDELL\u00d2S  ", "gust": "16,7", "tmax": "20,8", "longitude": 5217, "avgspeed": "4,2", "dir": "31"}, {"code": "0002I", "hourtmin": "23:40", "hourgust": "20:10", "hourtmax": "15:00", "sun": null, "altitude": "32", "latitude": 405729, "hourpresmax": null, "province": "TARRAGONA", "tmed": "18,4", "tmin": "15,3", "presmax": null, "presmin": null, "hourpresmin": null, "date": "2004-01-13", "name": "VANDELL\u00d2S  ", "gust": "16,4", "tmax": "21,5", "longitude": 5217, "avgspeed": "4,4", "dir": "27"}, {"code": "0002I", "hourtmin": "23:45", "hourgust": "22:30", "hourtmax": "12:40", "sun": null, "altitude": "32", "latitude": 405729, "hourpresmax": null, "province": "TARRAGONA", "tmed": "16,3", "tmin": "11,8", "presmax": null, "presmin": null, "hourpresmin": null, "date": "2004-01-14", "name": "VANDELL\u00d2S  ", "gust": "22,8", "tmax": "20,8", "longitude": 5217, "avgspeed": "2,8", "dir": "33"}, {"code": "0002I", "hourtmin": "07:00", "hourgust": "10:20", "hourtmax": "Varias", "sun": null, "altitude": "32", "latitude": 405729, "hourpresmax": null, "province": "TARRAGONA", "tmed": "12,0", "tmin": "8,4", "presmax": null, "presmin": null, "hourpresmin": null, "date": "2004-01-15", "name": "VANDELL\u00d2S  ", "gust": "21,1", "tmax": "15,6", "longitude": 5217, "avgspeed": "1,1", "dir": "29"}, {"code": "0002I", "hourtmin": "07:10", "hourgust": "11:20", "hourtmax": "15:10", "sun": null, "altitude": "32", "latitude": 405729, "hourpresmax": null, "province": "TARRAGONA", "tmed": "11,8", "tmin": "7,1", "presmax": null, "presmin": null, "hourpresmin": null, "date": "2004-01-16", "name": "VANDELL\u00d2S  ", "gust": "11,1", "tmax": "16,4", "longitude": 5217, "avgspeed": "1,4", "dir": "24"}, {"code": "0002I", "hourtmin": "22:55", "hourgust": "21:00", "hourtmax": "13:50", "sun": null, "altitude": "32", "latitude": 405729, "hourpresmax": null, "province": "TARRAGONA", "tmed": "13,8", "tmin": "9,1", "presmax": null, "presmin": null, "hourpresmin": null, "date": "2004-01-17", "name": "VANDELL\u00d2S  ", "gust": "21,1", "tmax": "18,5", "longitude": 5217, "avgspeed": "2,2", "dir": "34"}, {"code": "0002I", "hourtmin": "23:40", "hourgust": "20:20", "hourtmax": "12:30", "sun": null, "altitude": "32", "latitude": 405729, "hourpresmax": null, "province": "TARRAGONA", "tmed": "9,0", "tmin": "6,9", "presmax": null, "presmin": null, "hourpresmin": null, "date": "2004-01-18", "name": "VANDELL\u00d2S  ", "gust": "23,1", "tmax": "11,2", "longitude": 5217, "avgspeed": "8,1", "dir": "32"}, {"code": "0002I", "hourtmin": "02:50", "hourgust": "22:40", "hourtmax": "14:55", "sun": null, "altitude": "32", "latitude": 405729, "hourpresmax": null, "province": "TARRAGONA", "tmed": "9,3", "tmin": "5,4", "presmax": null, "presmin": null, "hourpresmin": null, "date": "2004-01-19", "name": "VANDELL\u00d2S  ", "gust": "21,4", "tmax": "13,2", "longitude": 5217, "avgspeed": "7,8", "dir": "30"}, {"code": "0002I", "hourtmin": "03:25", "hourgust": "20:40", "hourtmax": "13:30", "sun": null, "altitude": "32", "latitude": 405729, "hourpresmax": null, "province": "TARRAGONA", "tmed": "10,0", "tmin": "7,2", "presmax": null, "presmin": null, "hourpresmin": null, "date": "2004-01-20", "name": "VANDELL\u00d2S  ", "gust": "24,4", "tmax": "12,9", "longitude": 5217, "avgspeed": "6,7", "dir": "30"}, {"code": "0002I", "hourtmin": "Varias", "hourgust": "05:10", "hourtmax": "15:30", "sun": null, "altitude": "32", "latitude": 405729, "hourpresmax": null, "province": "TARRAGONA", "tmed": "12,8", "tmin": "10,3", "presmax": null, "presmin": null, "hourpresmin": null, "date": "2004-01-21", "name": "VANDELL\u00d2S  ", "gust": "25,6", "tmax": "15,4", "longitude": 5217, "avgspeed": "10,3", "dir": "30"}, {"code": "0002I", "hourtmin": "Varias", "hourgust": "00:10", "hourtmax": "11:20", "sun": null, "altitude": "32", "latitude": 405729, "hourpresmax": null, "province": "TARRAGONA", "tmed": "12,6", "tmin": "10,0", "presmax": null, "presmin": null, "hourpresmin": null, "date": "2004-01-22", "name": "VANDELL\u00d2S  ", "gust": "21,4", "tmax": "15,1", "longitude": 5217, "avgspeed": "3,3", "dir": "30"}, {"code": "0002I", "hourtmin": "23:50", "hourgust": "10:40", "hourtmax": "Varias", "sun": null, "altitude": "32", "latitude": 405729, "hourpresmax": null, "province": "TARRAGONA", "tmed": "14,8", "tmin": "10,6", "presmax": null, "presmin": null, "hourpresmin": null, "date": "2004-01-23", "name": "VANDELL\u00d2S  ", "gust": "25,3", "tmax": "18,9", "longitude": 5217, "avgspeed": "5,8", "dir": "32"}, {"code": "0002I", "hourtmin": "04:05", "hourgust": "23:50", "hourtmax": "18:55", "sun": null, "altitude": "32", "latitude": 405729, "hourpresmax": null, "province": "TARRAGONA", "tmed": "12,4", "tmin": "10,0", "presmax": null, "presmin": null, "hourpresmin": null, "date": "2004-01-24", "name": "VANDELL\u00d2S  ", "gust": "20,0", "tmax": "14,9", "longitude": 5217, "avgspeed": "1,4", "dir": "29"}, {"code": "0002I", "hourtmin": "Varias", "hourgust": "02:00", "hourtmax": "11:50", "sun": null, "altitude": "32", "latitude": 405729, "hourpresmax": null, "province": "TARRAGONA", "tmed": "13,0", "tmin": "9,8", "presmax": null, "presmin": null, "hourpresmin": null, "date": "2004-01-25", "name": "VANDELL\u00d2S  ", "gust": "22,5", "tmax": "16,2", "longitude": 5217, "avgspeed": "2,2", "dir": "32"}, {"code": "0002I", "hourtmin": "07:00", "hourgust": "13:20", "hourtmax": "14:30", "sun": null, "altitude": "32", "latitude": 405729, "hourpresmax": null, "province": "TARRAGONA", "tmed": "14,2", "tmin": "7,9", "presmax": null, "presmin": null, "hourpresmin": null, "date": "2004-01-26", "name": "VANDELL\u00d2S  ", "gust": "11,1", "tmax": "20,6", "longitude": 5217, "avgspeed": "1,4", "dir": "22"}, {"code": "0002I", "hourtmin": "23:45", "hourgust": "22:20", "hourtmax": "14:30", "sun": null, "altitude": "32", "latitude": 405729, "hourpresmax": null, "province": "TARRAGONA", "tmed": "12,8", "tmin": "9,3", "presmax": null, "presmin": null, "hourpresmin": null, "date": "2004-01-27", "name": "VANDELL\u00d2S  ", "gust": "13,3", "tmax": "16,4", "longitude": 5217, "avgspeed": "1,7", "dir": "26"}, {"code": "0002I", "hourtmin": "07:15", "hourgust": "10:40", "hourtmax": "14:10", "sun": null, "altitude": "32", "latitude": 405729, "hourpresmax": null, "province": "TARRAGONA", "tmed": "8,4", "tmin": "5,1", "presmax": null, "presmin": null, "hourpresmin": null, "date": "2004-01-28", "name": "VANDELL\u00d2S  ", "gust": "19,2", "tmax": "11,7", "longitude": 5217, "avgspeed": "2,5", "dir": "32"}, {"code": "0002I", "hourtmin": "04:20", "hourgust": "18:40", "hourtmax": "13:30", "sun": null, "altitude": "32", "latitude": 405729, "hourpresmax": null, "province": "TARRAGONA", "tmed": "10,6", "tmin": "7,1", "presmax": null, "presmin": null, "hourpresmin": null, "date": "2004-01-29", "name": "VANDELL\u00d2S  ", "gust": "15,8", "tmax": "14,0", "longitude": 5217, "avgspeed": "3,1", "dir": "32"}, {"code": "0002I", "hourtmin": "02:00", "hourgust": "14:30", "hourtmax": "13:05", "sun": null, "altitude": "32", "latitude": 405729, "hourpresmax": null, "province": "TARRAGONA", "tmed": "10,0", "tmin": "7,3", "presmax": null, "presmin": null, "hourpresmin": null, "date": "2004-01-30", "name": "VANDELL\u00d2S  ", "gust": "9,4", "tmax": "12,8", "longitude": 5217, "avgspeed": "1,4", "dir": "18"}, {"code": "0002I", "hourtmin": "21:30", "hourgust": "04:40", "hourtmax": "11:10", "sun": null, "altitude": "32", "latitude": 405729, "hourpresmax": null, "province": "TARRAGONA", "tmed": "12,0", "tmin": "9,7", "presmax": null, "presmin": null, "hourpresmin": null, "date": "2004-01-31", "name": "VANDELL\u00d2S  ", "gust": "4,2", "tmax": "14,4", "longitude": 5217, "avgspeed": "0,8", "dir": "27"}, {"code": "0002I", "hourtmin": "Varias", "hourgust": "12:20", "hourtmax": "Varias", "sun": null, "altitude": "32", "latitude": 405729, "hourpresmax": null, "province": "TARRAGONA", "tmed": "12,2", "tmin": "9,0", "presmax": null, "presmin": null, "hourpresmin": null, "date": "2004-02-01", "name": "VANDELL\u00d2S  ", "gust": "3,6", "tmax": "15,3", "longitude": 5217, "avgspeed": "0,6", "dir": "13"}, {"code": "0002I", "hourtmin": "01:50", "hourgust": "15:00", "hourtmax": "13:10", "sun": null, "altitude": "32", "latitude": 405729, "hourpresmax": null, "province": "TARRAGONA", "tmed": "10,3", "tmin": "8,2", "presmax": null, "presmin": null, "hourpresmin": null, "date": "2004-02-02", "name": "VANDELL\u00d2S  ", "gust": "4,2", "tmax": "12,4", "longitude": 5217, "avgspeed": "0,6", "dir": "17"}, {"code": "0002I", "hourtmin": "23:10", "hourgust": "16:40", "hourtmax": "14:40", "sun": null, "altitude": "32", "latitude": 405729, "hourpresmax": null, "province": "TARRAGONA", "tmed": "12,2", "tmin": "7,3", "presmax": null, "presmin": null, "hourpresmin": null, "date": "2004-02-03", "name": "VANDELL\u00d2S  ", "gust": "5,0", "tmax": "17,1", "longitude": 5217, "avgspeed": "0,3", "dir": "18"}, {"code": "0002I", "hourtmin": "04:00", "hourgust": "Varias", "hourtmax": "12:20", "sun": null, "altitude": "32", "latitude": 405729, "hourpresmax": null, "province": "TARRAGONA", "tmed": "10,9", "tmin": "8,4", "presmax": null, "presmin": null, "hourpresmin": null, "date": "2004-02-04", "name": "VANDELL\u00d2S  ", "gust": "5,3", "tmax": "13,4", "longitude": 5217, "avgspeed": "1,1", "dir": "18"}, {"code": "0002I", "hourtmin": "23:40", "hourgust": "15:50", "hourtmax": "14:10", "sun": null, "altitude": "32", "latitude": 405729, "hourpresmax": null, "province": "TARRAGONA", "tmed": "11,9", "tmin": "7,5", "presmax": null, "presmin": null, "hourpresmin": null, "date": "2004-02-05", "name": "VANDELL\u00d2S  ", "gust": "7,5", "tmax": "16,3", "longitude": 5217, "avgspeed": "0,3", "dir": "19"}, {"code": "0002I", "hourtmin": "07:40", "hourgust": "14:40", "hourtmax": "12:55", "sun": null, "altitude": "32", "latitude": 405729, "hourpresmax": null, "province": "TARRAGONA", "tmed": "10,3", "tmin": "6,8", "presmax": null, "presmin": null, "hourpresmin": null, "date": "2004-02-06", "name": "VANDELL\u00d2S  ", "gust": "7,2", "tmax": "13,8", "longitude": 5217, "avgspeed": "1,1", "dir": "18"}, {"code": "0002I", "hourtmin": "Varias", "hourgust": "12:40", "hourtmax": "13:50", "sun": null, "altitude": "32", "latitude": 405729, "hourpresmax": null, "province": "TARRAGONA", "tmed": "10,8", "tmin": "8,1", "presmax": null, "presmin": null, "hourpresmin": null, "date": "2004-02-07", "name": "VANDELL\u00d2S  ", "gust": "3,6", "tmax": "13,6", "longitude": 5217, "avgspeed": "0,3", "dir": "11"}, {"code": "0002I", "hourtmin": "04:30", "hourgust": "09:20", "hourtmax": "13:00", "sun": null, "altitude": "32", "latitude": 405729, "hourpresmax": null, "province": "TARRAGONA", "tmed": "10,8", "tmin": "6,3", "presmax": null, "presmin": null, "hourpresmin": null, "date": "2004-02-08", "name": "VANDELL\u00d2S  ", "gust": "8,3", "tmax": "15,2", "longitude": 5217, "avgspeed": "0,6", "dir": "28"}, {"code": "0002I", "hourtmin": "01:00", "hourgust": "05:40", "hourtmax": "14:20", "sun": null, "altitude": "32", "latitude": 405729, "hourpresmax": null, "province": "TARRAGONA", "tmed": "10,6", "tmin": "6,4", "presmax": null, "presmin": null, "hourpresmin": null, "date": "2004-02-09", "name": "VANDELL\u00d2S  ", "gust": "13,6", "tmax": "14,9", "longitude": 5217, "avgspeed": "2,5", "dir": "29"}, {"code": "0002I", "hourtmin": "05:15", "hourgust": "Varias", "hourtmax": "15:10", "sun": null, "altitude": "32", "latitude": 405729, "hourpresmax": null, "province": "TARRAGONA", "tmed": "10,4", "tmin": "5,8", "presmax": null, "presmin": null, "hourpresmin": null, "date": "2004-02-10", "name": "VANDELL\u00d2S  ", "gust": "3,1", "tmax": "14,9", "longitude": 5217, "avgspeed": "0,6", "dir": "12"}, {"code": "0002I", "hourtmin": "06:50", "hourgust": "20:20", "hourtmax": "14:20", "sun": null, "altitude": "32", "latitude": 405729, "hourpresmax": null, "province": "TARRAGONA", "tmed": "10,9", "tmin": "4,3", "presmax": null, "presmin": null, "hourpresmin": null, "date": "2004-02-11", "name": "VANDELL\u00d2S  ", "gust": "17,2", "tmax": "17,5", "longitude": 5217, "avgspeed": "0,8", "dir": "30"}, {"code": "0002I", "hourtmin": "23:30", "hourgust": "01:50", "hourtmax": "14:10", "sun": null, "altitude": "32", "latitude": 405729, "hourpresmax": null, "province": "TARRAGONA", "tmed": "12,8", "tmin": "8,7", "presmax": null, "presmin": null, "hourpresmin": null, "date": "2004-02-12", "name": "VANDELL\u00d2S  ", "gust": "18,9", "tmax": "17,0", "longitude": 5217, "avgspeed": "1,9", "dir": "30"}, {"code": "0002I", "hourtmin": "Varias", "hourgust": "02:10", "hourtmax": "11:50", "sun": null, "altitude": "32", "latitude": 405729, "hourpresmax": null, "province": "TARRAGONA", "tmed": "11,6", "tmin": "8,2", "presmax": null, "presmin": null, "hourpresmin": null, "date": "2004-02-13", "name": "VANDELL\u00d2S  ", "gust": "6,7", "tmax": "15,1", "longitude": 5217, "avgspeed": "1,4", "dir": "28"}, {"code": "0002I", "hourtmin": "23:50", "hourgust": "13:10", "hourtmax": "11:50", "sun": null, "altitude": "32", "latitude": 405729, "hourpresmax": null, "province": "TARRAGONA", "tmed": "10,3", "tmin": "7,4", "presmax": null, "presmin": null, "hourpresmin": null, "date": "2004-02-14", "name": "VANDELL\u00d2S  ", "gust": "4,7", "tmax": "13,2", "longitude": 5217, "avgspeed": "1,1", "dir": "18"}, {"code": "0002I", "hourtmin": "05:05", "hourgust": "10:50", "hourtmax": "14:10", "sun": null, "altitude": "32", "latitude": 405729, "hourpresmax": null, "province": "TARRAGONA", "tmed": "11,2", "tmin": "6,2", "presmax": null, "presmin": null, "hourpresmin": null, "date": "2004-02-15", "name": "VANDELL\u00d2S  ", "gust": "17,5", "tmax": "16,1", "longitude": 5217, "avgspeed": "2,5", "dir": "30"}, {"code": "0002I", "hourtmin": "22:30", "hourgust": "13:40", "hourtmax": "14:40", "sun": null, "altitude": "32", "latitude": 405729, "hourpresmax": null, "province": "TARRAGONA", "tmed": "12,1", "tmin": "8,0", "presmax": null, "presmin": null, "hourpresmin": null, "date": "2004-02-16", "name": "VANDELL\u00d2S  ", "gust": "13,3", "tmax": "16,2", "longitude": 5217, "avgspeed": "2,8", "dir": "29"}, {"code": "0002I", "hourtmin": "07:05", "hourgust": "23:10", "hourtmax": "14:30", "sun": null, "altitude": "32", "latitude": 405729, "hourpresmax": null, "province": "TARRAGONA", "tmed": "9,4", "tmin": "4,5", "presmax": null, "presmin": null, "hourpresmin": null, "date": "2004-02-17", "name": "VANDELL\u00d2S  ", "gust": "9,4", "tmax": "14,3", "longitude": 5217, "avgspeed": "1,1", "dir": "32"}, {"code": "0002I", "hourtmin": "23:50", "hourgust": "04:40", "hourtmax": "13:10", "sun": null, "altitude": "32", "latitude": 405729, "hourpresmax": null, "province": "TARRAGONA", "tmed": "10,5", "tmin": "7,3", "presmax": null, "presmin": null, "hourpresmin": null, "date": "2004-02-18", "name": "VANDELL\u00d2S  ", "gust": "14,2", "tmax": "13,7", "longitude": 5217, "avgspeed": "2,5", "dir": "31"}, {"code": "0002I", "hourtmin": "22:20", "hourgust": "09:10", "hourtmax": "15:30", "sun": null, "altitude": "32", "latitude": 405729, "hourpresmax": null, "province": "TARRAGONA", "tmed": "8,4", "tmin": "4,0", "presmax": null, "presmin": null, "hourpresmin": null, "date": "2004-02-19", "name": "VANDELL\u00d2S  ", "gust": "17,5", "tmax": "12,9", "longitude": 5217, "avgspeed": "4,7", "dir": "30"}, {"code": "0002I", "hourtmin": "00:50", "hourgust": "14:10", "hourtmax": "23:20", "sun": null, "altitude": "32", "latitude": 405729, "hourpresmax": null, "province": "TARRAGONA", "tmed": "7,2", "tmin": "3,1", "presmax": null, "presmin": null, "hourpresmin": null, "date": "2004-02-20", "name": "VANDELL\u00d2S  ", "gust": "16,4", "tmax": "11,4", "longitude": 5217, "avgspeed": "3,1", "dir": "08"}, {"code": "0002I", "hourtmin": "02:00", "hourgust": "01:20", "hourtmax": "13:20", "sun": null, "altitude": "32", "latitude": 405729, "hourpresmax": null, "province": "TARRAGONA", "tmed": "12,4", "tmin": "10,2", "presmax": null, "presmin": null, "hourpresmin": null, "date": "2004-02-21", "name": "VANDELL\u00d2S  ", "gust": "7,5", "tmax": "14,5", "longitude": 5217, "avgspeed": "0,8", "dir": "31"}, {"code": "0002I", "hourtmin": "23:40", "hourgust": "10:00", "hourtmax": "15:50", "sun": null, "altitude": "32", "latitude": 405729, "hourpresmax": null, "province": "TARRAGONA", "tmed": "12,2", "tmin": "8,8", "presmax": null, "presmin": null, "hourpresmin": null, "date": "2004-02-22", "name": "VANDELL\u00d2S  ", "gust": "20,6", "tmax": "15,6", "longitude": 5217, "avgspeed": "5,8", "dir": "32"}, {"code": "0002I", "hourtmin": "03:50", "hourgust": "22:00", "hourtmax": "Varias", "sun": null, "altitude": "32", "latitude": 405729, "hourpresmax": null, "province": "TARRAGONA", "tmed": "11,5", "tmin": "7,7", "presmax": null, "presmin": null, "hourpresmin": null, "date": "2004-02-23", "name": "VANDELL\u00d2S  ", "gust": "22,2", "tmax": "15,3", "longitude": 5217, "avgspeed": "2,2", "dir": "29"}, {"code": "0002I", "hourtmin": "Varias", "hourgust": "00:20", "hourtmax": "10:15", "sun": null, "altitude": "32", "latitude": 405729, "hourpresmax": null, "province": "TARRAGONA", "tmed": "8,2", "tmin": "6,6", "presmax": null, "presmin": null, "hourpresmin": null, "date": "2004-02-24", "name": "VANDELL\u00d2S  ", "gust": "19,2", "tmax": "9,8", "longitude": 5217, "avgspeed": "0,6", "dir": "32"}, {"code": "0002I", "hourtmin": "00:00", "hourgust": "23:50", "hourtmax": "12:25", "sun": null, "altitude": "32", "latitude": 405729, "hourpresmax": null, "province": "TARRAGONA", "tmed": "7,7", "tmin": "6,7", "presmax": null, "presmin": null, "hourpresmin": null, "date": "2004-02-25", "name": "VANDELL\u00d2S  ", "gust": "6,9", "tmax": "8,7", "longitude": 5217, "avgspeed": "1,9", "dir": "02"}, {"code": "0002I", "hourtmin": "23:25", "hourgust": "22:40", "hourtmax": "03:20", "sun": null, "altitude": "32", "latitude": 405729, "hourpresmax": null, "province": "TARRAGONA", "tmed": "6,0", "tmin": "3,6", "presmax": null, "presmin": null, "hourpresmin": null, "date": "2004-02-26", "name": "VANDELL\u00d2S  ", "gust": "18,9", "tmax": "8,3", "longitude": 5217, "avgspeed": "2,2", "dir": "31"}, {"code": "0002I", "hourtmin": "00:00", "hourgust": "02:20", "hourtmax": "09:00", "sun": null, "altitude": "32", "latitude": 405729, "hourpresmax": null, "province": "TARRAGONA", "tmed": "6,3", "tmin": "3,5", "presmax": null, "presmin": null, "hourpresmin": null, "date": "2004-02-27", "name": "VANDELL\u00d2S  ", "gust": "21,7", "tmax": "9,1", "longitude": 5217, "avgspeed": "2,5", "dir": "32"}, {"code": "0002I", "hourtmin": "05:20", "hourgust": "00:30", "hourtmax": "Varias", "sun": null, "altitude": "32", "latitude": 405729, "hourpresmax": null, "province": "TARRAGONA", "tmed": "7,4", "tmin": "4,1", "presmax": null, "presmin": null, "hourpresmin": null, "date": "2004-02-28", "name": "VANDELL\u00d2S  ", "gust": "20,3", "tmax": "10,7", "longitude": 5217, "avgspeed": "4,4", "dir": "28"}, {"code": "0002I", "hourtmin": "16:50", "hourgust": "09:30", "hourtmax": "14:05", "sun": null, "altitude": "32", "latitude": 405729, "hourpresmax": null, "province": "TARRAGONA", "tmed": "6,9", "tmin": "3,4", "presmax": null, "presmin": null, "hourpresmin": null, "date": "2004-02-29", "name": "VANDELL\u00d2S  ", "gust": "17,8", "tmax": "10,4", "longitude": 5217, "avgspeed": "2,5", "dir": "27"}, {"code": "0002I", "hourtmin": "03:40", "hourgust": "09:40", "hourtmax": "14:20", "sun": null, "altitude": "32", "latitude": 405729, "hourpresmax": null, "province": "TARRAGONA", "tmed": "5,8", "tmin": "1,4", "presmax": null, "presmin": null, "hourpresmin": null, "date": "2004-03-01", "name": "VANDELL\u00d2S  ", "gust": "17,2", "tmax": "10,3", "longitude": 5217, "avgspeed": "3,6", "dir": "30"}, {"code": "0002I", "hourtmin": "06:30", "hourgust": "02:50", "hourtmax": "14:10", "sun": null, "altitude": "32", "latitude": 405729, "hourpresmax": null, "province": "TARRAGONA", "tmed": "6,5", "tmin": "1,6", "presmax": null, "presmin": null, "hourpresmin": null, "date": "2004-03-02", "name": "VANDELL\u00d2S  ", "gust": "16,7", "tmax": "11,4", "longitude": 5217, "avgspeed": "4,4", "dir": "31"}, {"code": "0002I", "hourtmin": "00:30", "hourgust": "01:40", "hourtmax": "12:30", "sun": null, "altitude": "32", "latitude": 405729, "hourpresmax": null, "province": "TARRAGONA", "tmed": "8,8", "tmin": "4,4", "presmax": null, "presmin": null, "hourpresmin": null, "date": "2004-03-03", "name": "VANDELL\u00d2S  ", "gust": "11,4", "tmax": "13,2", "longitude": 5217, "avgspeed": "1,4", "dir": "30"}, {"code": "0002I", "hourtmin": "00:50", "hourgust": "22:40", "hourtmax": "13:30", "sun": null, "altitude": "32", "latitude": 405729, "hourpresmax": null, "province": "TARRAGONA", "tmed": "12,8", "tmin": "6,0", "presmax": null, "presmin": null, "hourpresmin": null, "date": "2004-03-04", "name": "VANDELL\u00d2S  ", "gust": "20,3", "tmax": "19,6", "longitude": 5217, "avgspeed": "1,4", "dir": "32"}, {"code": "0002I", "hourtmin": "19:10", "hourgust": "00:30", "hourtmax": "13:20", "sun": null, "altitude": "32", "latitude": 405729, "hourpresmax": null, "province": "TARRAGONA", "tmed": "16,8", "tmin": "14,2", "presmax": null, "presmin": null, "hourpresmin": null, "date": "2004-03-05", "name": "VANDELL\u00d2S  ", "gust": "20,0", "tmax": "19,3", "longitude": 5217, "avgspeed": "2,5", "dir": "28"}, {"code": "0002I", "hourtmin": "23:40", "hourgust": "20:20", "hourtmax": "12:30", "sun": null, "altitude": "32", "latitude": 405729, "hourpresmax": null, "province": "TARRAGONA", "tmed": "15,0", "tmin": "10,3", "presmax": null, "presmin": null, "hourpresmin": null, "date": "2004-03-06", "name": "VANDELL\u00d2S  ", "gust": "18,6", "tmax": "19,8", "longitude": 5217, "avgspeed": "3,6", "dir": "31"}, {"code": "0002I", "hourtmin": "06:10", "hourgust": "05:00", "hourtmax": "15:30", "sun": null, "altitude": "32", "latitude": 405729, "hourpresmax": null, "province": "TARRAGONA", "tmed": "12,6", "tmin": "8,6", "presmax": null, "presmin": null, "hourpresmin": null, "date": "2004-03-07", "name": "VANDELL\u00d2S  ", "gust": "17,2", "tmax": "16,6", "longitude": 5217, "avgspeed": "3,9", "dir": "31"}, {"code": "0002I", "hourtmin": "06:50", "hourgust": "14:50", "hourtmax": "14:40", "sun": null, "altitude": "32", "latitude": 405729, "hourpresmax": null, "province": "TARRAGONA", "tmed": "12,2", "tmin": "7,9", "presmax": null, "presmin": null, "hourpresmin": null, "date": "2004-03-08", "name": "VANDELL\u00d2S  ", "gust": "9,2", "tmax": "16,6", "longitude": 5217, "avgspeed": "1,1", "dir": "32"}, {"code": "0002I", "hourtmin": "06:40", "hourgust": "04:00", "hourtmax": "13:30", "sun": null, "altitude": "32", "latitude": 405729, "hourpresmax": null, "province": "TARRAGONA", "tmed": "11,2", "tmin": "8,1", "presmax": null, "presmin": null, "hourpresmin": null, "date": "2004-03-09", "name": "VANDELL\u00d2S  ", "gust": "9,7", "tmax": "14,4", "longitude": 5217, "avgspeed": "1,9", "dir": "29"}, {"code": "0002I", "hourtmin": "00:50", "hourgust": "23:50", "hourtmax": "16:40", "sun": null, "altitude": "32", "latitude": 405729, "hourpresmax": null, "province": "TARRAGONA", "tmed": "10,7", "tmin": "8,3", "presmax": null, "presmin": null, "hourpresmin": null, "date": "2004-03-10", "name": "VANDELL\u00d2S  ", "gust": "13,1", "tmax": "13,1", "longitude": 5217, "avgspeed": "0,3", "dir": "30"}, {"code": "0002I", "hourtmin": "04:50", "hourgust": "00:00", "hourtmax": "Varias", "sun": null, "altitude": "32", "latitude": 405729, "hourpresmax": null, "province": "TARRAGONA", "tmed": "8,8", "tmin": "4,5", "presmax": null, "presmin": null, "hourpresmin": null, "date": "2004-03-11", "name": "VANDELL\u00d2S  ", "gust": "14,7", "tmax": "13,2", "longitude": 5217, "avgspeed": "1,7", "dir": "29"}, {"code": "0002I", "hourtmin": "02:25", "hourgust": "17:10", "hourtmax": "09:20", "sun": null, "altitude": "32", "latitude": 405729, "hourpresmax": null, "province": "TARRAGONA", "tmed": "13,4", "tmin": "10,9", "presmax": null, "presmin": null, "hourpresmin": null, "date": "2004-03-12", "name": "VANDELL\u00d2S  ", "gust": "6,4", "tmax": "16,0", "longitude": 5217, "avgspeed": "1,4", "dir": "04"}, {"code": "0002I", "hourtmin": "04:00", "hourgust": "03:50", "hourtmax": "15:20", "sun": null, "altitude": "32", "latitude": 405729, "hourpresmax": null, "province": "TARRAGONA", "tmed": "14,6", "tmin": "12,3", "presmax": null, "presmin": null, "hourpresmin": null, "date": "2004-03-13", "name": "VANDELL\u00d2S  ", "gust": "13,9", "tmax": "17,0", "longitude": 5217, "avgspeed": "3,1", "dir": "29"}, {"code": "0002I", "hourtmin": "19:15", "hourgust": "07:10", "hourtmax": "14:50", "sun": null, "altitude": "32", "latitude": 405729, "hourpresmax": null, "province": "TARRAGONA", "tmed": "13,8", "tmin": "10,4", "presmax": null, "presmin": null, "hourpresmin": null, "date": "2004-03-14", "name": "VANDELL\u00d2S  ", "gust": "7,5", "tmax": "17,2", "longitude": 5217, "avgspeed": "1,4", "dir": "31"}, {"code": "0002I", "hourtmin": "04:30", "hourgust": "16:40", "hourtmax": "12:40", "sun": null, "altitude": "32", "latitude": 405729, "hourpresmax": null, "province": "TARRAGONA", "tmed": "12,0", "tmin": "8,8", "presmax": null, "presmin": null, "hourpresmin": null, "date": "2004-03-15", "name": "VANDELL\u00d2S  ", "gust": "7,5", "tmax": "15,3", "longitude": 5217, "avgspeed": "0,6", "dir": "02"}, {"code": "0002I", "hourtmin": "06:10", "hourgust": "12:40", "hourtmax": "13:00", "sun": null, "altitude": "32", "latitude": 405729, "hourpresmax": null, "province": "TARRAGONA", "tmed": "12,7", "tmin": "10,1", "presmax": null, "presmin": null, "hourpresmin": null, "date": "2004-03-16", "name": "VANDELL\u00d2S  ", "gust": "9,2", "tmax": "15,3", "longitude": 5217, "avgspeed": "2,5", "dir": "08"}, {"code": "0002I", "hourtmin": "Varias", "hourgust": "07:10", "hourtmax": "10:30", "sun": null, "altitude": "32", "latitude": 405729, "hourpresmax": null, "province": "TARRAGONA", "tmed": "13,2", "tmin": "11,3", "presmax": null, "presmin": null, "hourpresmin": null, "date": "2004-03-17", "name": "VANDELL\u00d2S  ", "gust": "6,7", "tmax": "15,2", "longitude": 5217, "avgspeed": "1,7", "dir": "04"}, {"code": "0002I", "hourtmin": "23:45", "hourgust": "12:40", "hourtmax": "12:00", "sun": null, "altitude": "32", "latitude": 405729, "hourpresmax": null, "province": "TARRAGONA", "tmed": "12,0", "tmin": "10,4", "presmax": null, "presmin": null, "hourpresmin": null, "date": "2004-03-18", "name": "VANDELL\u00d2S  ", "gust": "4,2", "tmax": "13,7", "longitude": 5217, "avgspeed": "0,8", "dir": "10"}, {"code": "0002I", "hourtmin": "02:35", "hourgust": "08:00", "hourtmax": "13:40", "sun": null, "altitude": "32", "latitude": 405729, "hourpresmax": null, "province": "TARRAGONA", "tmed": "14,1", "tmin": "9,7", "presmax": null, "presmin": null, "hourpresmin": null, "date": "2004-03-19", "name": "VANDELL\u00d2S  ", "gust": "7,5", "tmax": "18,5", "longitude": 5217, "avgspeed": "1,7", "dir": "29"}, {"code": "0002I", "hourtmin": "04:05", "hourgust": "15:40", "hourtmax": "14:40", "sun": null, "altitude": "32", "latitude": 405729, "hourpresmax": null, "province": "TARRAGONA", "tmed": "13,2", "tmin": "8,9", "presmax": null, "presmin": null, "hourpresmin": null, "date": "2004-03-20", "name": "VANDELL\u00d2S  ", "gust": "7,5", "tmax": "17,4", "longitude": 5217, "avgspeed": "1,7", "dir": "19"}, {"code": "0002I", "hourtmin": "00:10", "hourgust": "23:10", "hourtmax": "13:30", "sun": null, "altitude": "32", "latitude": 405729, "hourpresmax": null, "province": "TARRAGONA", "tmed": "12,8", "tmin": "10,0", "presmax": null, "presmin": null, "hourpresmin": null, "date": "2004-03-21", "name": "VANDELL\u00d2S  ", "gust": "8,3", "tmax": "15,5", "longitude": 5217, "avgspeed": "1,1", "dir": "23"}, {"code": "0002I", "hourtmin": "23:50", "hourgust": "04:30", "hourtmax": "14:30", "sun": null, "altitude": "32", "latitude": 405729, "hourpresmax": null, "province": "TARRAGONA", "tmed": "12,3", "tmin": "8,5", "presmax": null, "presmin": null, "hourpresmin": null, "date": "2004-03-22", "name": "VANDELL\u00d2S  ", "gust": "24,7", "tmax": "16,1", "longitude": 5217, "avgspeed": "7,2", "dir": "32"}, {"code": "0002I", "hourtmin": "05:45", "hourgust": "01:40", "hourtmax": "14:40", "sun": null, "altitude": "32", "latitude": 405729, "hourpresmax": null, "province": "TARRAGONA", "tmed": "11,4", "tmin": "7,1", "presmax": null, "presmin": null, "hourpresmin": null, "date": "2004-03-23", "name": "VANDELL\u00d2S  ", "gust": "20,3", "tmax": "15,7", "longitude": 5217, "avgspeed": "3,9", "dir": "31"}, {"code": "0002I", "hourtmin": "01:50", "hourgust": "08:20", "hourtmax": "15:50", "sun": null, "altitude": "32", "latitude": 405729, "hourpresmax": null, "province": "TARRAGONA", "tmed": "11,2", "tmin": "6,8", "presmax": null, "presmin": null, "hourpresmin": null, "date": "2004-03-24", "name": "VANDELL\u00d2S  ", "gust": "17,8", "tmax": "15,6", "longitude": 5217, "avgspeed": "3,6", "dir": "30"}, {"code": "0002I", "hourtmin": "Varias", "hourgust": "04:10", "hourtmax": "14:30", "sun": null, "altitude": "32", "latitude": 405729, "hourpresmax": null, "province": "TARRAGONA", "tmed": "11,3", "tmin": "6,9", "presmax": null, "presmin": null, "hourpresmin": null, "date": "2004-03-25", "name": "VANDELL\u00d2S  ", "gust": "15,6", "tmax": "15,7", "longitude": 5217, "avgspeed": "3,6", "dir": "29"}, {"code": "0002I", "hourtmin": "05:10", "hourgust": "02:50", "hourtmax": "15:20", "sun": null, "altitude": "32", "latitude": 405729, "hourpresmax": null, "province": "TARRAGONA", "tmed": "9,4", "tmin": "6,1", "presmax": null, "presmin": null, "hourpresmin": null, "date": "2004-03-26", "name": "VANDELL\u00d2S  ", "gust": "9,7", "tmax": "12,8", "longitude": 5217, "avgspeed": "2,2", "dir": "29"}, {"code": "0002I", "hourtmin": "16:30", "hourgust": "03:30", "hourtmax": "00:00", "sun": null, "altitude": "32", "latitude": 405729, "hourpresmax": null, "province": "TARRAGONA", "tmed": "6,0", "tmin": "3,5", "presmax": null, "presmin": null, "hourpresmin": null, "date": "2004-03-27", "name": "VANDELL\u00d2S  ", "gust": "12,5", "tmax": "8,5", "longitude": 5217, "avgspeed": "1,9", "dir": "31"}, {"code": "0002I", "hourtmin": "00:20", "hourgust": "19:00", "hourtmax": "12:40", "sun": null, "altitude": "32", "latitude": 405729, "hourpresmax": null, "province": "TARRAGONA", "tmed": "9,1", "tmin": "5,4", "presmax": null, "presmin": null, "hourpresmin": null, "date": "2004-03-28", "name": "VANDELL\u00d2S  ", "gust": "13,9", "tmax": "12,8", "longitude": 5217, "avgspeed": "3,6", "dir": "07"}, {"code": "0002I", "hourtmin": "12:35", "hourgust": "11:20", "hourtmax": "06:35", "sun": null, "altitude": "32", "latitude": 405729, "hourpresmax": null, "province": "TARRAGONA", "tmed": "10,9", "tmin": "9,6", "presmax": null, "presmin": null, "hourpresmin": null, "date": "2004-03-29", "name": "VANDELL\u00d2S  ", "gust": "20,3", "tmax": "12,2", "longitude": 5217, "avgspeed": "3,9", "dir": "06"}, {"code": "0002I", "hourtmin": "22:40", "hourgust": "03:30", "hourtmax": "13:15", "sun": null, "altitude": "32", "latitude": 405729, "hourpresmax": null, "province": "TARRAGONA", "tmed": "11,8", "tmin": "10,3", "presmax": null, "presmin": null, "hourpresmin": null, "date": "2004-03-30", "name": "VANDELL\u00d2S  ", "gust": "6,4", "tmax": "13,2", "longitude": 5217, "avgspeed": "0,3", "dir": "02"}, {"code": "0002I", "hourtmin": "Varias", "hourgust": "16:30", "hourtmax": "11:30", "sun": null, "altitude": "32", "latitude": 405729, "hourpresmax": null, "province": "TARRAGONA", "tmed": "12,2", "tmin": "8,7", "presmax": null, "presmin": null, "hourpresmin": null, "date": "2004-03-31", "name": "VANDELL\u00d2S  ", "gust": "8,3", "tmax": "15,8", "longitude": 5217, "avgspeed": "0,6", "dir": "26"}, {"code": "0002I", "hourtmin": "05:05", "hourgust": "23:40", "hourtmax": "15:05", "sun": null, "altitude": "32", "latitude": 405729, "hourpresmax": null, "province": "TARRAGONA", "tmed": "11,7", "tmin": "7,5", "presmax": null, "presmin": null, "hourpresmin": null, "date": "2004-04-01", "name": "VANDELL\u00d2S  ", "gust": "5,6", "tmax": "15,9", "longitude": 5217, "avgspeed": "0,6", "dir": "04"}, {"code": "0002I", "hourtmin": "21:30", "hourgust": "23:40", "hourtmax": "17:20", "sun": null, "altitude": "32", "latitude": 405729, "hourpresmax": null, "province": "TARRAGONA", "tmed": "13,6", "tmin": "10,2", "presmax": null, "presmin": null, "hourpresmin": null, "date": "2004-04-02", "name": "VANDELL\u00d2S  ", "gust": "7,5", "tmax": "17,1", "longitude": 5217, "avgspeed": "0,3", "dir": "33"}, {"code": "0002I", "hourtmin": "23:50", "hourgust": "06:30", "hourtmax": "12:50", "sun": null, "altitude": "32", "latitude": 405729, "hourpresmax": null, "province": "TARRAGONA", "tmed": "15,6", "tmin": "10,4", "presmax": null, "presmin": null, "hourpresmin": null, "date": "2004-04-03", "name": "VANDELL\u00d2S  ", "gust": "11,7", "tmax": "20,7", "longitude": 5217, "avgspeed": "1,9", "dir": "34"}, {"code": "0002I", "hourtmin": "Varias", "hourgust": "09:00", "hourtmax": "09:00", "sun": null, "altitude": "32", "latitude": 405729, "hourpresmax": null, "province": "TARRAGONA", "tmed": "14,0", "tmin": "9,3", "presmax": null, "presmin": null, "hourpresmin": null, "date": "2004-04-04", "name": "VANDELL\u00d2S  ", "gust": "6,1", "tmax": "18,6", "longitude": 5217, "avgspeed": "1,1", "dir": "24"}, {"code": "0002I", "hourtmin": "Varias", "hourgust": "16:30", "hourtmax": "16:10", "sun": null, "altitude": "32", "latitude": 405729, "hourpresmax": null, "province": "TARRAGONA", "tmed": "14,4", "tmin": "10,1", "presmax": null, "presmin": null, "hourpresmin": null, "date": "2004-04-05", "name": "VANDELL\u00d2S  ", "gust": "6,4", "tmax": "18,7", "longitude": 5217, "avgspeed": "1,4", "dir": "22"}, {"code": "0002I", "hourtmin": "00:10", "hourgust": "23:10", "hourtmax": "14:10", "sun": null, "altitude": "32", "latitude": 405729, "hourpresmax": null, "province": "TARRAGONA", "tmed": "15,9", "tmin": "10,7", "presmax": null, "presmin": null, "hourpresmin": null, "date": "2004-04-06", "name": "VANDELL\u00d2S  ", "gust": "18,1", "tmax": "21,1", "longitude": 5217, "avgspeed": "3,3", "dir": "31"}, {"code": "0002I", "hourtmin": "05:00", "hourgust": "00:50", "hourtmax": "15:00", "sun": null, "altitude": "32", "latitude": 405729, "hourpresmax": null, "province": "TARRAGONA", "tmed": "15,4", "tmin": "11,6", "presmax": null, "presmin": null, "hourpresmin": null, "date": "2004-04-07", "name": "VANDELL\u00d2S  ", "gust": "23,3", "tmax": "19,1", "longitude": 5217, "avgspeed": "1,1", "dir": "28"}, {"code": "0002I", "hourtmin": "Varias", "hourgust": "12:40", "hourtmax": "03:40", "sun": null, "altitude": "32", "latitude": 405729, "hourpresmax": null, "province": "TARRAGONA", "tmed": "9,6", "tmin": "7,1", "presmax": null, "presmin": null, "hourpresmin": null, "date": "2004-04-08", "name": "VANDELL\u00d2S  ", "gust": "6,9", "tmax": "12,1", "longitude": 5217, "avgspeed": "0,8", "dir": "06"}, {"code": "0002I", "hourtmin": "06:00", "hourgust": "Varias", "hourtmax": "14:15", "sun": null, "altitude": "32", "latitude": 405729, "hourpresmax": null, "province": "TARRAGONA", "tmed": "10,4", "tmin": "6,8", "presmax": null, "presmin": null, "hourpresmin": null, "date": "2004-04-09", "name": "VANDELL\u00d2S  ", "gust": "12,5", "tmax": "14,1", "longitude": 5217, "avgspeed": "2,2", "dir": "28"}, {"code": "0002I", "hourtmin": "04:35", "hourgust": "04:10", "hourtmax": "Varias", "sun": null, "altitude": "32", "latitude": 405729, "hourpresmax": null, "province": "TARRAGONA", "tmed": "11,6", "tmin": "7,0", "presmax": null, "presmin": null, "hourpresmin": null, "date": "2004-04-10", "name": "VANDELL\u00d2S  ", "gust": "12,2", "tmax": "16,3", "longitude": 5217, "avgspeed": "2,8", "dir": "29"}, {"code": "0002I", "hourtmin": "05:15", "hourgust": "23:50", "hourtmax": "Varias", "sun": null, "altitude": "32", "latitude": 405729, "hourpresmax": null, "province": "TARRAGONA", "tmed": "12,0", "tmin": "7,3", "presmax": null, "presmin": null, "hourpresmin": null, "date": "2004-04-11", "name": "VANDELL\u00d2S  ", "gust": "13,6", "tmax": "16,6", "longitude": 5217, "avgspeed": "3,1", "dir": "27"}, {"code": "0002I", "hourtmin": "22:30", "hourgust": "05:30", "hourtmax": "13:00", "sun": null, "altitude": "32", "latitude": 405729, "hourpresmax": null, "province": "TARRAGONA", "tmed": "12,8", "tmin": "7,7", "presmax": null, "presmin": null, "hourpresmin": null, "date": "2004-04-12", "name": "VANDELL\u00d2S  ", "gust": "18,1", "tmax": "17,9", "longitude": 5217, "avgspeed": "3,1", "dir": "32"}, {"code": "0002I", "hourtmin": "04:10", "hourgust": "06:40", "hourtmax": "16:20", "sun": null, "altitude": "32", "latitude": 405729, "hourpresmax": null, "province": "TARRAGONA", "tmed": "13,6", "tmin": "8,1", "presmax": null, "presmin": null, "hourpresmin": null, "date": "2004-04-13", "name": "VANDELL\u00d2S  ", "gust": "18,6", "tmax": "19,1", "longitude": 5217, "avgspeed": "6,4", "dir": "31"}, {"code": "0002I", "hourtmin": "21:10", "hourgust": "00:00", "hourtmax": "12:50", "sun": null, "altitude": "32", "latitude": 405729, "hourpresmax": null, "province": "TARRAGONA", "tmed": "12,6", "tmin": "9,7", "presmax": null, "presmin": null, "hourpresmin": null, "date": "2004-04-14", "name": "VANDELL\u00d2S  ", "gust": "15,6", "tmax": "15,5", "longitude": 5217, "avgspeed": "2,2", "dir": "31"}, {"code": "0002I", "hourtmin": "03:45", "hourgust": "20:40", "hourtmax": "12:30", "sun": null, "altitude": "32", "latitude": 405729, "hourpresmax": null, "province": "TARRAGONA", "tmed": "13,6", "tmin": "10,0", "presmax": null, "presmin": null, "hourpresmin": null, "date": "2004-04-15", "name": "VANDELL\u00d2S  ", "gust": "10,8", "tmax": "17,1", "longitude": 5217, "avgspeed": "2,8", "dir": "08"}, {"code": "0002I", "hourtmin": "06:35", "hourgust": "Varias", "hourtmax": "Varias", "sun": null, "altitude": "32", "latitude": 405729, "hourpresmax": null, "province": "TARRAGONA", "tmed": "12,3", "tmin": "11,1", "presmax": null, "presmin": null, "hourpresmin": null, "date": "2004-04-16", "name": "VANDELL\u00d2S  ", "gust": "16,9", "tmax": "13,5", "longitude": 5217, "avgspeed": "4,2", "dir": "32"}, {"code": "0002I", "hourtmin": "21:30", "hourgust": "00:40", "hourtmax": "12:20", "sun": null, "altitude": "32", "latitude": 405729, "hourpresmax": null, "province": "TARRAGONA", "tmed": "14,1", "tmin": "10,8", "presmax": null, "presmin": null, "hourpresmin": null, "date": "2004-04-17", "name": "VANDELL\u00d2S  ", "gust": "15,8", "tmax": "17,4", "longitude": 5217, "avgspeed": "2,8", "dir": "31"}, {"code": "0002I", "hourtmin": "23:50", "hourgust": "19:50", "hourtmax": "15:50", "sun": null, "altitude": "32", "latitude": 405729, "hourpresmax": null, "province": "TARRAGONA", "tmed": "13,8", "tmin": "8,8", "presmax": null, "presmin": null, "hourpresmin": null, "date": "2004-04-18", "name": "VANDELL\u00d2S  ", "gust": "15,8", "tmax": "18,9", "longitude": 5217, "avgspeed": "1,9", "dir": "28"}, {"code": "0002I", "hourtmin": "01:50", "hourgust": "09:00", "hourtmax": "14:25", "sun": null, "altitude": "32", "latitude": 405729, "hourpresmax": null, "province": "TARRAGONA", "tmed": "13,2", "tmin": "8,4", "presmax": null, "presmin": null, "hourpresmin": null, "date": "2004-04-19", "name": "VANDELL\u00d2S  ", "gust": "20,8", "tmax": "18,1", "longitude": 5217, "avgspeed": "3,3", "dir": "30"}, {"code": "0002I", "hourtmin": "00:50", "hourgust": "03:30", "hourtmax": "Varias", "sun": null, "altitude": "32", "latitude": 405729, "hourpresmax": null, "province": "TARRAGONA", "tmed": "19,0", "tmin": "13,6", "presmax": null, "presmin": null, "hourpresmin": null, "date": "2004-04-20", "name": "VANDELL\u00d2S  ", "gust": "16,1", "tmax": "24,5", "longitude": 5217, "avgspeed": "1,4", "dir": "27"}, {"code": "0002I", "hourtmin": "22:50", "hourgust": "10:10", "hourtmax": "10:50", "sun": null, "altitude": "32", "latitude": 405729, "hourpresmax": null, "province": "TARRAGONA", "tmed": "14,9", "tmin": "11,8", "presmax": null, "presmin": null, "hourpresmin": null, "date": "2004-04-21", "name": "VANDELL\u00d2S  ", "gust": "6,1", "tmax": "18,0", "longitude": 5217, "avgspeed": "1,7", "dir": "07"}, {"code": "0002I", "hourtmin": "13:50", "hourgust": "23:20", "hourtmax": "07:15", "sun": null, "altitude": "32", "latitude": 405729, "hourpresmax": null, "province": "TARRAGONA", "tmed": "12,2", "tmin": "10,9", "presmax": null, "presmin": null, "hourpresmin": null, "date": "2004-04-22", "name": "VANDELL\u00d2S  ", "gust": "17,5", "tmax": "13,4", "longitude": 5217, "avgspeed": "4,4", "dir": "29"}, {"code": "0002I", "hourtmin": "05:10", "hourgust": "07:10", "hourtmax": "16:20", "sun": null, "altitude": "32", "latitude": 405729, "hourpresmax": null, "province": "TARRAGONA", "tmed": "17,0", "tmin": "11,7", "presmax": null, "presmin": null, "hourpresmin": null, "date": "2004-04-23", "name": "VANDELL\u00d2S  ", "gust": "21,7", "tmax": "22,2", "longitude": 5217, "avgspeed": "8,1", "dir": "30"}, {"code": "0002I", "hourtmin": "Varias", "hourgust": "06:00", "hourtmax": "13:30", "sun": null, "altitude": "32", "latitude": 405729, "hourpresmax": null, "province": "TARRAGONA", "tmed": "16,8", "tmin": "11,9", "presmax": null, "presmin": null, "hourpresmin": null, "date": "2004-04-24", "name": "VANDELL\u00d2S  ", "gust": "15,8", "tmax": "21,6", "longitude": 5217, "avgspeed": "2,8", "dir": "29"}, {"code": "0002I", "hourtmin": "01:30", "hourgust": "06:10", "hourtmax": "09:50", "sun": null, "altitude": "32", "latitude": 405729, "hourpresmax": null, "province": "TARRAGONA", "tmed": "16,4", "tmin": "11,4", "presmax": null, "presmin": null, "hourpresmin": null, "date": "2004-04-25", "name": "VANDELL\u00d2S  ", "gust": "11,1", "tmax": "21,4", "longitude": 5217, "avgspeed": "0,8", "dir": "31"}, {"code": "0002I", "hourtmin": "04:40", "hourgust": "14:00", "hourtmax": "16:10", "sun": null, "altitude": "32", "latitude": 405729, "hourpresmax": null, "province": "TARRAGONA", "tmed": "14,4", "tmin": "10,6", "presmax": null, "presmin": null, "hourpresmin": null, "date": "2004-04-26", "name": "VANDELL\u00d2S  ", "gust": "4,2", "tmax": "18,3", "longitude": 5217, "avgspeed": "0,8", "dir": "11"}, {"code": "0002I", "hourtmin": "05:10", "hourgust": "11:20", "hourtmax": "12:30", "sun": null, "altitude": "32", "latitude": 405729, "hourpresmax": null, "province": "TARRAGONA", "tmed": "14,4", "tmin": "10,2", "presmax": null, "presmin": null, "hourpresmin": null, "date": "2004-04-27", "name": "VANDELL\u00d2S  ", "gust": "5,0", "tmax": "18,5", "longitude": 5217, "avgspeed": "1,7", "dir": "13"}, {"code": "0002I", "hourtmin": "Varias", "hourgust": "11:00", "hourtmax": "11:20", "sun": null, "altitude": "32", "latitude": 405729, "hourpresmax": null, "province": "TARRAGONA", "tmed": "15,4", "tmin": "12,8", "presmax": null, "presmin": null, "hourpresmin": null, "date": "2004-04-28", "name": "VANDELL\u00d2S  ", "gust": "6,7", "tmax": "17,9", "longitude": 5217, "avgspeed": "2,2", "dir": "08"}, {"code": "0002I", "hourtmin": "21:35", "hourgust": "10:20", "hourtmax": "Varias", "sun": null, "altitude": "32", "latitude": 405729, "hourpresmax": null, "province": "TARRAGONA", "tmed": "15,4", "tmin": "12,1", "presmax": null, "presmin": null, "hourpresmin": null, "date": "2004-04-29", "name": "VANDELL\u00d2S  ", "gust": "15,3", "tmax": "18,6", "longitude": 5217, "avgspeed": "1,9", "dir": "31"}, {"code": "0002I", "hourtmin": "23:30", "hourgust": "07:50", "hourtmax": "13:40", "sun": null, "altitude": "32", "latitude": 405729, "hourpresmax": null, "province": "TARRAGONA", "tmed": "15,0", "tmin": "10,6", "presmax": null, "presmin": null, "hourpresmin": null, "date": "2004-04-30", "name": "VANDELL\u00d2S  ", "gust": "13,3", "tmax": "19,4", "longitude": 5217, "avgspeed": "3,1", "dir": "32"}, {"code": "0002I", "hourtmin": "04:20", "hourgust": "16:10", "hourtmax": "11:00", "sun": null, "altitude": "32", "latitude": 405729, "hourpresmax": null, "province": "TARRAGONA", "tmed": "12,9", "tmin": "9,5", "presmax": null, "presmin": null, "hourpresmin": null, "date": "2004-05-01", "name": "VANDELL\u00d2S  ", "gust": "6,9", "tmax": "16,3", "longitude": 5217, "avgspeed": "0,6", "dir": "32"}, {"code": "0002I", "hourtmin": "05:40", "hourgust": "20:00", "hourtmax": "11:20", "sun": null, "altitude": "32", "latitude": 405729, "hourpresmax": null, "province": "TARRAGONA", "tmed": "14,3", "tmin": "11,3", "presmax": null, "presmin": null, "hourpresmin": null, "date": "2004-05-02", "name": "VANDELL\u00d2S  ", "gust": "6,7", "tmax": "17,3", "longitude": 5217, "avgspeed": "1,1", "dir": "05"}, {"code": "0002I", "hourtmin": "Varias", "hourgust": "21:50", "hourtmax": "19:40", "sun": null, "altitude": "32", "latitude": 405729, "hourpresmax": null, "province": "TARRAGONA", "tmed": "12,9", "tmin": "11,4", "presmax": null, "presmin": null, "hourpresmin": null, "date": "2004-05-03", "name": "VANDELL\u00d2S  ", "gust": "20,3", "tmax": "14,4", "longitude": 5217, "avgspeed": "5,6", "dir": "30"}, {"code": "0002I", "hourtmin": "03:40", "hourgust": "01:30", "hourtmax": "15:40", "sun": null, "altitude": "32", "latitude": 405729, "hourpresmax": null, "province": "TARRAGONA", "tmed": "15,9", "tmin": "12,4", "presmax": null, "presmin": null, "hourpresmin": null, "date": "2004-05-04", "name": "VANDELL\u00d2S  ", "gust": "20,0", "tmax": "19,4", "longitude": 5217, "avgspeed": "6,4", "dir": "30"}, {"code": "0002I", "hourtmin": "23:45", "hourgust": "09:50", "hourtmax": "14:50", "sun": null, "altitude": "32", "latitude": 405729, "hourpresmax": null, "province": "TARRAGONA", "tmed": "15,3", "tmin": "10,5", "presmax": null, "presmin": null, "hourpresmin": null, "date": "2004-05-05", "name": "VANDELL\u00d2S  ", "gust": "14,2", "tmax": "20,1", "longitude": 5217, "avgspeed": "1,9", "dir": "28"}, {"code": "0002I", "hourtmin": "00:30", "hourgust": "03:50", "hourtmax": "14:45", "sun": null, "altitude": "32", "latitude": 405729, "hourpresmax": null, "province": "TARRAGONA", "tmed": "14,2", "tmin": "9,0", "presmax": null, "presmin": null, "hourpresmin": null, "date": "2004-05-06", "name": "VANDELL\u00d2S  ", "gust": "17,2", "tmax": "19,3", "longitude": 5217, "avgspeed": "3,3", "dir": "27"}, {"code": "0002I", "hourtmin": "04:50", "hourgust": "22:00", "hourtmax": "17:00", "sun": null, "altitude": "32", "latitude": 405729, "hourpresmax": null, "province": "TARRAGONA", "tmed": "14,2", "tmin": "9,5", "presmax": null, "presmin": null, "hourpresmin": null, "date": "2004-05-07", "name": "VANDELL\u00d2S  ", "gust": "20,0", "tmax": "19,0", "longitude": 5217, "avgspeed": "5,8", "dir": "34"}, {"code": "0002I", "hourtmin": "04:55", "hourgust": "07:10", "hourtmax": "14:50", "sun": null, "altitude": "32", "latitude": 405729, "hourpresmax": null, "province": "TARRAGONA", "tmed": "14,4", "tmin": "9,4", "presmax": null, "presmin": null, "hourpresmin": null, "date": "2004-05-08", "name": "VANDELL\u00d2S  ", "gust": "20,8", "tmax": "19,5", "longitude": 5217, "avgspeed": "3,3", "dir": "32"}, {"code": "0002I", "hourtmin": "03:50", "hourgust": "00:20", "hourtmax": "12:30", "sun": null, "altitude": "32", "latitude": 405729, "hourpresmax": null, "province": "TARRAGONA", "tmed": "13,8", "tmin": "9,4", "presmax": null, "presmin": null, "hourpresmin": null, "date": "2004-05-09", "name": "VANDELL\u00d2S  ", "gust": "7,8", "tmax": "18,2", "longitude": 5217, "avgspeed": "1,9", "dir": "29"}, {"code": "0002I", "hourtmin": "00:40", "hourgust": "11:00", "hourtmax": "13:10", "sun": null, "altitude": "32", "latitude": 405729, "hourpresmax": null, "province": "TARRAGONA", "tmed": "15,2", "tmin": "13,5", "presmax": null, "presmin": null, "hourpresmin": null, "date": "2004-05-10", "name": "VANDELL\u00d2S  ", "gust": "7,8", "tmax": "17,0", "longitude": 5217, "avgspeed": "2,2", "dir": "07"}, {"code": "0002I", "hourtmin": "13:45", "hourgust": "10:40", "hourtmax": "Varias", "sun": null, "altitude": "32", "latitude": 405729, "hourpresmax": null, "province": "TARRAGONA", "tmed": "12,8", "tmin": "11,2", "presmax": null, "presmin": null, "hourpresmin": null, "date": "2004-05-11", "name": "VANDELL\u00d2S  ", "gust": "13,9", "tmax": "14,4", "longitude": 5217, "avgspeed": "3,1", "dir": "06"}, {"code": "0002I", "hourtmin": "04:10", "hourgust": "11:20", "hourtmax": "15:30", "sun": null, "altitude": "32", "latitude": 405729, "hourpresmax": null, "province": "TARRAGONA", "tmed": "18,6", "tmin": "12,8", "presmax": null, "presmin": null, "hourpresmin": null, "date": "2004-05-12", "name": "VANDELL\u00d2S  ", "gust": "11,7", "tmax": "24,4", "longitude": 5217, "avgspeed": "2,5", "dir": "31"}, {"code": "0002I", "hourtmin": "05:20", "hourgust": "02:30", "hourtmax": "15:30", "sun": null, "altitude": "32", "latitude": 405729, "hourpresmax": null, "province": "TARRAGONA", "tmed": "19,2", "tmin": "14,2", "presmax": null, "presmin": null, "hourpresmin": null, "date": "2004-05-13", "name": "VANDELL\u00d2S  ", "gust": "19,4", "tmax": "24,3", "longitude": 5217, "avgspeed": "5,6", "dir": "29"}, {"code": "0002I", "hourtmin": "23:40", "hourgust": "03:50", "hourtmax": "13:30", "sun": null, "altitude": "32", "latitude": 405729, "hourpresmax": null, "province": "TARRAGONA", "tmed": "15,6", "tmin": "12,1", "presmax": null, "presmin": null, "hourpresmin": null, "date": "2004-05-14", "name": "VANDELL\u00d2S  ", "gust": "12,8", "tmax": "19,2", "longitude": 5217, "avgspeed": "3,1", "dir": "31"}, {"code": "0002I", "hourtmin": "00:50", "hourgust": "14:40", "hourtmax": "12:20", "sun": null, "altitude": "32", "latitude": 405729, "hourpresmax": null, "province": "TARRAGONA", "tmed": "16,5", "tmin": "11,8", "presmax": null, "presmin": null, "hourpresmin": null, "date": "2004-05-15", "name": "VANDELL\u00d2S  ", "gust": "3,9", "tmax": "21,2", "longitude": 5217, "avgspeed": "1,1", "dir": "17"}, {"code": "0002I", "hourtmin": "04:50", "hourgust": null, "hourtmax": "13:20", "sun": null, "altitude": "32", "latitude": 405729, "hourpresmax": null, "province": "TARRAGONA", "tmed": "16,4", "tmin": "11,7", "presmax": null, "presmin": null, "hourpresmin": null, "date": "2004-05-16", "name": "VANDELL\u00d2S  ", "gust": null, "tmax": "21,2", "longitude": 5217, "avgspeed": "1,4"}, {"code": "0002I", "hourtmin": "04:10", "hourgust": "09:50", "hourtmax": "10:00", "sun": null, "altitude": "32", "latitude": 405729, "hourpresmax": null, "province": "TARRAGONA", "tmed": "17,6", "tmin": "13,3", "presmax": null, "presmin": null, "hourpresmin": null, "date": "2004-05-17", "name": "VANDELL\u00d2S  ", "gust": "6,1", "tmax": "21,9", "longitude": 5217, "avgspeed": "0,8", "dir": "08"}, {"code": "0002I", "hourtmin": "Varias", "hourgust": null, "hourtmax": "16:30", "sun": null, "altitude": "32", "latitude": 405729, "hourpresmax": null, "province": "TARRAGONA", "tmed": "16,3", "tmin": "12,9", "presmax": null, "presmin": null, "hourpresmin": null, "date": "2004-05-18", "name": "VANDELL\u00d2S  ", "gust": null, "tmax": "19,7", "longitude": 5217, "avgspeed": "0,6"}, {"code": "0002I", "hourtmin": "01:50", "hourgust": null, "hourtmax": "13:40", "sun": null, "altitude": "32", "latitude": 405729, "hourpresmax": null, "province": "TARRAGONA", "tmed": "17,9", "tmin": "12,4", "presmax": null, "presmin": null, "hourpresmin": null, "date": "2004-05-19", "name": "VANDELL\u00d2S  ", "gust": null, "tmax": "23,4", "longitude": 5217, "avgspeed": "1,7"}, {"code": "0002I", "hourtmin": "03:05", "hourgust": "13:10", "hourtmax": "15:40", "sun": null, "altitude": "32", "latitude": 405729, "hourpresmax": null, "province": "TARRAGONA", "tmed": "17,5", "tmin": "12,7", "presmax": null, "presmin": null, "hourpresmin": null, "date": "2004-05-20", "name": "VANDELL\u00d2S  ", "gust": "3,9", "tmax": "22,3", "longitude": 5217, "avgspeed": "1,1", "dir": "11"}, {"code": "0002I", "hourtmin": "03:50", "hourgust": "11:40", "hourtmax": "14:00", "sun": null, "altitude": "32", "latitude": 405729, "hourpresmax": null, "province": "TARRAGONA", "tmed": "16,6", "tmin": "12,6", "presmax": null, "presmin": null, "hourpresmin": null, "date": "2004-05-21", "name": "VANDELL\u00d2S  ", "gust": "4,2", "tmax": "20,5", "longitude": 5217, "avgspeed": "1,1", "dir": "16"}, {"code": "0002I", "hourtmin": "Varias", "hourgust": "06:40", "hourtmax": "16:30", "sun": null, "altitude": "32", "latitude": 405729, "hourpresmax": null, "province": "TARRAGONA", "tmed": "17,2", "tmin": "14,5", "presmax": null, "presmin": null, "hourpresmin": null, "date": "2004-05-22", "name": "VANDELL\u00d2S  ", "gust": "5,0", "tmax": "20,0", "longitude": 5217, "avgspeed": "0,8", "dir": "03"}, {"code": "0002I", "hourtmin": "04:50", "hourgust": "Varias", "hourtmax": "11:20", "sun": null, "altitude": "32", "latitude": 405729, "hourpresmax": null, "province": "TARRAGONA", "tmed": "17,1", "tmin": "13,3", "presmax": null, "presmin": null, "hourpresmin": null, "date": "2004-05-23", "name": "VANDELL\u00d2S  ", "gust": "5,0", "tmax": "20,9", "longitude": 5217, "avgspeed": "1,4", "dir": "07"}, {"code": "0002I", "hourtmin": "Varias", "hourgust": "Varias", "hourtmax": "15:50", "sun": null, "altitude": "32", "latitude": 405729, "hourpresmax": null, "province": "TARRAGONA", "tmed": "17,8", "tmin": "14,5", "presmax": null, "presmin": null, "hourpresmin": null, "date": "2004-05-24", "name": "VANDELL\u00d2S  ", "gust": "5,3", "tmax": "21,0", "longitude": 5217, "avgspeed": "1,7", "dir": "09"}, {"code": "0002I", "hourtmin": "Varias", "hourgust": "11:50", "hourtmax": "14:40", "sun": null, "altitude": "32", "latitude": 405729, "hourpresmax": null, "province": "TARRAGONA", "tmed": "17,8", "tmin": "15,0", "presmax": null, "presmin": null, "hourpresmin": null, "date": "2004-05-25", "name": "VANDELL\u00d2S  ", "gust": "4,7", "tmax": "20,6", "longitude": 5217, "avgspeed": "1,1", "dir": "08"}, {"code": "0002I", "hourtmin": "00:05", "hourgust": "11:10", "hourtmax": "11:50", "sun": null, "altitude": "32", "latitude": 405729, "hourpresmax": null, "province": "TARRAGONA", "tmed": "17,8", "tmin": "15,0", "presmax": null, "presmin": null, "hourpresmin": null, "date": "2004-05-26", "name": "VANDELL\u00d2S  ", "gust": "4,4", "tmax": "20,6", "longitude": 5217, "avgspeed": "1,4", "dir": "11"}, {"code": "0002I", "hourtmin": "04:00", "hourgust": "16:10", "hourtmax": "11:50", "sun": null, "altitude": "32", "latitude": 405729, "hourpresmax": null, "province": "TARRAGONA", "tmed": "18,3", "tmin": "14,1", "presmax": null, "presmin": null, "hourpresmin": null, "date": "2004-05-27", "name": "VANDELL\u00d2S  ", "gust": "5,8", "tmax": "22,5", "longitude": 5217, "avgspeed": "1,1", "dir": "19"}, {"code": "0002I", "hourtmin": "00:00", "hourgust": "13:20", "hourtmax": "12:30", "sun": null, "altitude": "32", "latitude": 405729, "hourpresmax": null, "province": "TARRAGONA", "tmed": "19,6", "tmin": "16,0", "presmax": null, "presmin": null, "hourpresmin": null, "date": "2004-05-28", "name": "VANDELL\u00d2S  ", "gust": "6,4", "tmax": "23,1", "longitude": 5217, "avgspeed": "1,9", "dir": "18"}, {"code": "0002I", "hourtmin": "Varias", "hourgust": "14:10", "hourtmax": "14:00", "sun": null, "altitude": "32", "latitude": 405729, "hourpresmax": null, "province": "TARRAGONA", "tmed": "20,3", "tmin": "17,7", "presmax": null, "presmin": null, "hourpresmin": null, "date": "2004-05-29", "name": "VANDELL\u00d2S  ", "gust": "4,7", "tmax": "22,9", "longitude": 5217, "avgspeed": "1,4", "dir": "19"}, {"code": "0002I", "hourtmin": "23:20", "hourgust": "16:30", "hourtmax": "13:10", "sun": null, "altitude": "32", "latitude": 405729, "hourpresmax": null, "province": "TARRAGONA", "tmed": "20,8", "tmin": "18,2", "presmax": null, "presmin": null, "hourpresmin": null, "date": "2004-05-30", "name": "VANDELL\u00d2S  ", "gust": "5,0", "tmax": "23,4", "longitude": 5217, "avgspeed": "0,6", "dir": "06"}, {"code": "0002I", "hourtmin": "04:50", "hourgust": "06:40", "hourtmax": "14:10", "sun": null, "altitude": "32", "latitude": 405729, "hourpresmax": null, "province": "TARRAGONA", "tmed": "20,1", "tmin": "16,5", "presmax": null, "presmin": null, "hourpresmin": null, "date": "2004-05-31", "name": "VANDELL\u00d2S  ", "gust": "6,4", "tmax": "23,7", "longitude": 5217, "avgspeed": "2,2", "dir": "33"}, {"code": "0002I", "hourtmin": "04:05", "hourgust": "15:50", "hourtmax": "10:40", "sun": null, "altitude": "32", "prec": "0,1", "latitude": 405729, "hourpresmax": null, "province": "TARRAGONA", "tmed": "22,0", "tmin": "17,5", "presmax": null, "presmin": null, "hourpresmin": null, "date": "2004-06-01", "name": "VANDELL\u00d2S  ", "gust": "8,1", "tmax": "26,5", "longitude": 5217, "avgspeed": "1,9", "dir": "20"}, {"code": "0002I", "hourtmin": "23:40", "hourgust": "01:30", "hourtmax": "13:20", "sun": null, "altitude": "32", "prec": "0,0", "latitude": 405729, "hourpresmax": null, "province": "TARRAGONA", "tmed": "23,4", "tmin": "17,3", "presmax": null, "presmin": null, "hourpresmin": null, "date": "2004-06-02", "name": "VANDELL\u00d2S  ", "gust": "13,9", "tmax": "29,4", "longitude": 5217, "avgspeed": "1,1", "dir": "26"}, {"code": "0002I", "hourtmin": "05:30", "hourgust": "05:20", "hourtmax": "13:20", "sun": null, "altitude": "32", "prec": "0,0", "latitude": 405729, "hourpresmax": null, "province": "TARRAGONA", "tmed": "22,0", "tmin": "16,0", "presmax": null, "presmin": null, "hourpresmin": null, "date": "2004-06-03", "name": "VANDELL\u00d2S  ", "gust": "16,7", "tmax": "28,1", "longitude": 5217, "avgspeed": "3,3", "dir": "30"}, {"code": "0002I", "hourtmin": "23:40", "hourgust": "05:50", "hourtmax": "Varias", "sun": null, "altitude": "32", "prec": "0,0", "latitude": 405729, "hourpresmax": null, "province": "TARRAGONA", "tmed": "20,9", "tmin": "17,4", "presmax": null, "presmin": null, "hourpresmin": null, "date": "2004-06-04", "name": "VANDELL\u00d2S  ", "gust": "15,6", "tmax": "24,4", "longitude": 5217, "avgspeed": "2,8", "dir": "32"}, {"code": "0002I", "hourtmin": "04:30", "hourgust": "13:20", "hourtmax": "15:20", "sun": null, "altitude": "32", "latitude": 405729, "hourpresmax": null, "province": "TARRAGONA", "tmed": "20,8", "tmin": "16,8", "presmax": null, "presmin": null, "hourpresmin": null, "date": "2004-06-05", "name": "VANDELL\u00d2S  ", "gust": "5,0", "tmax": "24,9", "longitude": 5217, "avgspeed": "1,9", "dir": "15"}, {"code": "0002I", "hourtmin": "04:35", "hourgust": null, "hourtmax": "14:40", "sun": null, "altitude": "32", "latitude": 405729, "hourpresmax": null, "province": "TARRAGONA", "tmed": "20,6", "tmin": "16,8", "presmax": null, "presmin": null, "hourpresmin": null, "date": "2004-06-06", "name": "VANDELL\u00d2S  ", "gust": null, "tmax": "24,3", "longitude": 5217, "avgspeed": "1,1"}, {"code": "0002I", "hourtmin": "04:40", "hourgust": "17:30", "hourtmax": "11:20", "sun": null, "altitude": "32", "prec": "0,0", "latitude": 405729, "hourpresmax": null, "province": "TARRAGONA", "tmed": "21,0", "tmin": "18,2", "presmax": null, "presmin": null, "hourpresmin": null, "date": "2004-06-07", "name": "VANDELL\u00d2S  ", "gust": "5,8", "tmax": "23,7", "longitude": 5217, "avgspeed": "1,7", "dir": "06"}, {"code": "0002I", "hourtmin": "23:50", "hourgust": "10:00", "hourtmax": "Varias", "sun": null, "altitude": "32", "prec": "0,0", "latitude": 405729, "hourpresmax": null, "province": "TARRAGONA", "tmed": "20,3", "tmin": "17,4", "presmax": null, "presmin": null, "hourpresmin": null, "date": "2004-06-08", "name": "VANDELL\u00d2S  ", "gust": "5,3", "tmax": "23,2", "longitude": 5217, "avgspeed": "1,4", "dir": "08"}, {"code": "0002I", "hourtmin": "03:35", "hourgust": "12:30", "hourtmax": "14:30", "sun": null, "altitude": "32", "latitude": 405729, "hourpresmax": null, "province": "TARRAGONA", "tmed": "20,2", "tmin": "16,3", "presmax": null, "presmin": null, "hourpresmin": null, "date": "2004-06-09", "name": "VANDELL\u00d2S  ", "gust": "4,7", "tmax": "24,0", "longitude": 5217, "avgspeed": "1,1", "dir": "10"}, {"code": "0002I", "hourtmin": "00:00", "hourgust": null, "hourtmax": "15:10", "sun": null, "altitude": "32", "latitude": 405729, "hourpresmax": null, "province": "TARRAGONA", "tmed": "21,8", "tmin": "18,6", "presmax": null, "presmin": null, "hourpresmin": null, "date": "2004-06-10", "name": "VANDELL\u00d2S  ", "gust": null, "tmax": "25,0", "longitude": 5217, "avgspeed": "1,1"}, {"code": "0002I", "hourtmin": "04:10", "hourgust": "Varias", "hourtmax": "11:20", "sun": null, "altitude": "32", "latitude": 405729, "hourpresmax": null, "province": "TARRAGONA", "tmed": "21,8", "tmin": "18,3", "presmax": null, "presmin": null, "hourpresmin": null, "date": "2004-06-11", "name": "VANDELL\u00d2S  ", "gust": "6,1", "tmax": "25,2", "longitude": 5217, "avgspeed": "1,7", "dir": "17"}, {"province": "TARRAGONA", "hourtmax": null, "presmin": null, "code": "0002I", "name": "VANDELL\u00d2S  ", "presmax": null, "gust": null, "altitude": "32", "longitude": 5217, "hourpresmax": null, "date": "2004-10-13", "hourpresmin": null, "hourtmin": null, "avgspeed": "3,9", "latitude": 405729, "sun": null, "hourgust": null}, {"code": "0002I", "hourtmin": "03:40", "hourgust": "11:20", "hourtmax": "13:30", "sun": null, "altitude": "32", "latitude": 405729, "hourpresmax": null, "province": "TARRAGONA", "tmed": "18,0", "tmin": "14,8", "presmax": null, "presmin": null, "hourpresmin": null, "date": "2004-10-14", "name": "VANDELL\u00d2S  ", "gust": "16,1", "tmax": "21,2", "longitude": 5217, "avgspeed": "3,6", "dir": "27"}, {"province": "TARRAGONA", "hourtmax": null, "presmin": null, "code": "0002I", "name": "VANDELL\u00d2S  ", "presmax": null, "gust": null, "altitude": "32", "longitude": 5217, "hourpresmax": null, "date": "2004-10-15", "hourpresmin": null, "hourtmin": null, "avgspeed": "1,9", "latitude": 405729, "sun": null, "hourgust": null}, {"code": "0002I", "hourtmin": "01:40", "hourgust": "10:50", "hourtmax": "12:00", "sun": null, "altitude": "32", "prec": "1,2", "latitude": 405729, "hourpresmax": null, "province": "TARRAGONA", "tmed": "17,6", "tmin": "12,8", "presmax": null, "presmin": null, "hourpresmin": null, "date": "2004-10-17", "name": "VANDELL\u00d2S  ", "gust": "9,7", "tmax": "22,5", "longitude": 5217, "avgspeed": "1,7", "dir": "22"}, {"code": "0002I", "hourtmin": "05:10", "hourgust": "15:10", "hourtmax": "11:20", "sun": null, "altitude": "32", "prec": "1,6", "latitude": 405729, "hourpresmax": null, "province": "TARRAGONA", "tmed": "19,0", "tmin": "15,7", "presmax": null, "presmin": null, "hourpresmin": null, "date": "2004-10-18", "name": "VANDELL\u00d2S  ", "gust": "5,8", "tmax": "22,2", "longitude": 5217, "avgspeed": "1,1", "dir": "19"}, {"code": "0002I", "hourtmin": "00:10", "hourgust": "02:40", "hourtmax": "15:10", "sun": null, "altitude": "32", "prec": "0,0", "latitude": 405729, "hourpresmax": null, "province": "TARRAGONA", "tmed": "21,8", "tmin": "16,9", "presmax": null, "presmin": null, "hourpresmin": null, "date": "2004-10-19", "name": "VANDELL\u00d2S  ", "gust": "4,4", "tmax": "26,7", "longitude": 5217, "avgspeed": "0,6", "dir": "25"}, {"code": "0002I", "hourtmin": "00:05", "hourgust": "10:50", "hourtmax": "11:40", "sun": null, "altitude": "32", "prec": "0,0", "latitude": 405729, "hourpresmax": null, "province": "TARRAGONA", "tmed": "22,7", "tmin": "18,7", "presmax": null, "presmin": null, "hourpresmin": null, "date": "2004-10-20", "name": "VANDELL\u00d2S  ", "gust": "12,2", "tmax": "26,7", "longitude": 5217, "avgspeed": "1,9", "dir": "22"}, {"code": "0002I", "hourtmin": "Varias", "hourgust": "06:20", "hourtmax": "09:30", "sun": null, "altitude": "32", "prec": "1,7", "latitude": 405729, "hourpresmax": null, "province": "TARRAGONA", "tmed": "21,2", "tmin": "16,6", "presmax": null, "presmin": null, "hourpresmin": null, "date": "2004-10-21", "name": "VANDELL\u00d2S  ", "gust": "6,1", "tmax": "25,7", "longitude": 5217, "avgspeed": "1,7", "dir": "28"}, {"code": "0002I", "hourtmin": "04:00", "hourgust": "14:50", "hourtmax": "14:00", "sun": null, "altitude": "32", "prec": "0,1", "latitude": 405729, "hourpresmax": null, "province": "TARRAGONA", "tmed": "19,1", "tmin": "15,3", "presmax": null, "presmin": null, "hourpresmin": null, "date": "2004-10-22", "name": "VANDELL\u00d2S  ", "gust": "5,0", "tmax": "22,9", "longitude": 5217, "avgspeed": "1,1", "dir": "17"}, {"code": "0002I", "hourtmin": "04:30", "hourgust": "12:20", "hourtmax": "12:30", "sun": null, "altitude": "32", "prec": "0,0", "latitude": 405729, "hourpresmax": null, "province": "TARRAGONA", "tmed": "18,6", "tmin": "14,1", "presmax": null, "presmin": null, "hourpresmin": null, "date": "2004-10-23", "name": "VANDELL\u00d2S  ", "gust": "5,3", "tmax": "23,2", "longitude": 5217, "avgspeed": "0,8", "dir": "18"}, {"code": "0002I", "hourtmin": "06:10", "hourgust": "13:30", "hourtmax": "Varias", "sun": null, "altitude": "32", "prec": "0,0", "latitude": 405729, "hourpresmax": null, "province": "TARRAGONA", "tmed": "19,6", "tmin": "16,6", "presmax": null, "presmin": null, "hourpresmin": null, "date": "2004-10-24", "name": "VANDELL\u00d2S  ", "gust": "3,9", "tmax": "22,5", "longitude": 5217, "avgspeed": "1,1", "dir": "19"}, {"code": "0002I", "hourtmin": "22:20", "hourgust": "21:50", "hourtmax": "08:20", "sun": null, "altitude": "32", "prec": "3,3", "latitude": 405729, "hourpresmax": null, "province": "TARRAGONA", "tmed": "19,1", "tmin": "14,0", "presmax": null, "presmin": null, "hourpresmin": null, "date": "2004-10-25", "name": "VANDELL\u00d2S  ", "gust": "13,3", "tmax": "24,2", "longitude": 5217, "avgspeed": "1,9", "dir": "30"}, {"code": "0002I", "hourtmin": "06:15", "hourgust": "09:20", "hourtmax": "14:20", "sun": null, "altitude": "32", "prec": "0,0", "latitude": 405729, "hourpresmax": null, "province": "TARRAGONA", "tmed": "15,6", "tmin": "12,8", "presmax": null, "presmin": null, "hourpresmin": null, "date": "2004-10-26", "name": "VANDELL\u00d2S  ", "gust": "23,6", "tmax": "18,3", "longitude": 5217, "avgspeed": "4,7", "dir": "26"}, {"code": "0002I", "hourtmin": "17:35", "hourgust": "14:20", "hourtmax": "11:30", "sun": null, "altitude": "32", "prec": "8,7", "latitude": 405729, "hourpresmax": null, "province": "TARRAGONA", "tmed": "14,4", "tmin": "11,3", "presmax": null, "presmin": null, "hourpresmin": null, "date": "2004-10-27", "name": "VANDELL\u00d2S  ", "gust": "6,1", "tmax": "17,4", "longitude": 5217, "avgspeed": "1,1", "dir": "27"}, {"code": "0002I", "hourtmin": "Varias", "hourgust": "10:40", "hourtmax": "15:00", "sun": null, "altitude": "32", "prec": "0,2", "latitude": 405729, "hourpresmax": null, "province": "TARRAGONA", "tmed": "15,7", "tmin": "11,1", "presmax": null, "presmin": null, "hourpresmin": null, "date": "2004-10-28", "name": "VANDELL\u00d2S  ", "gust": "12,5", "tmax": "20,3", "longitude": 5217, "avgspeed": "2,5", "dir": "30"}, {"code": "0002I", "hourtmin": "06:45", "hourgust": "08:50", "hourtmax": "15:20", "sun": null, "altitude": "32", "prec": "0,0", "latitude": 405729, "hourpresmax": null, "province": "TARRAGONA", "tmed": "16,2", "tmin": "13,0", "presmax": null, "presmin": null, "hourpresmin": null, "date": "2004-10-29", "name": "VANDELL\u00d2S  ", "gust": "14,7", "tmax": "19,5", "longitude": 5217, "avgspeed": "2,2", "dir": "27"}, {"code": "0002I", "hourtmin": "23:30", "hourgust": "08:30", "hourtmax": "13:10", "sun": null, "altitude": "32", "prec": "0,0", "latitude": 405729, "hourpresmax": null, "province": "TARRAGONA", "tmed": "15,8", "tmin": "12,3", "presmax": null, "presmin": null, "hourpresmin": null, "date": "2004-10-30", "name": "VANDELL\u00d2S  ", "gust": "12,8", "tmax": "19,4", "longitude": 5217, "avgspeed": "3,9", "dir": "31"}, {"code": "0002I", "hourtmin": "Varias", "hourgust": "23:50", "hourtmax": "12:10", "sun": null, "altitude": "32", "prec": "4,8", "latitude": 405729, "hourpresmax": null, "province": "TARRAGONA", "tmed": "15,1", "tmin": "10,8", "presmax": null, "presmin": null, "hourpresmin": null, "date": "2004-10-31", "name": "VANDELL\u00d2S  ", "gust": "13,1", "tmax": "19,4", "longitude": 5217, "avgspeed": "3,6", "dir": "27"}, {"code": "0002I", "hourtmin": "Varias", "hourgust": "02:50", "hourtmax": "12:35", "sun": null, "altitude": "32", "prec": "0,0", "latitude": 405729, "hourpresmax": null, "province": "TARRAGONA", "tmed": "14,2", "tmin": "12,0", "presmax": null, "presmin": null, "hourpresmin": null, "date": "2004-11-01", "name": "VANDELL\u00d2S  ", "gust": "13,6", "tmax": "16,5", "longitude": 5217, "avgspeed": "2,2", "dir": "30"}, {"code": "0002I", "hourtmin": "06:00", "hourgust": "12:00", "hourtmax": "15:20", "sun": null, "altitude": "32", "prec": "0,0", "latitude": 405729, "hourpresmax": null, "province": "TARRAGONA", "tmed": "14,7", "tmin": "11,2", "presmax": null, "presmin": null, "hourpresmin": null, "date": "2004-11-02", "name": "VANDELL\u00d2S  ", "gust": "14,2", "tmax": "18,2", "longitude": 5217, "avgspeed": "3,9", "dir": "29"}, {"code": "0002I", "hourtmin": "01:10", "hourgust": "09:10", "hourtmax": "15:50", "sun": null, "altitude": "32", "prec": "0,0", "latitude": 405729, "hourpresmax": null, "province": "TARRAGONA", "tmed": "15,0", "tmin": "11,3", "presmax": null, "presmin": null, "hourpresmin": null, "date": "2004-11-03", "name": "VANDELL\u00d2S  ", "gust": "12,8", "tmax": "18,6", "longitude": 5217, "avgspeed": "1,7", "dir": "31"}, {"code": "0002I", "hourtmin": "04:40", "hourgust": "12:10", "hourtmax": "13:50", "sun": null, "altitude": "32", "prec": "1,2", "latitude": 405729, "hourpresmax": null, "province": "TARRAGONA", "tmed": "15,0", "tmin": "11,3", "presmax": null, "presmin": null, "hourpresmin": null, "date": "2004-11-04", "name": "VANDELL\u00d2S  ", "gust": "3,3", "tmax": "18,8", "longitude": 5217, "avgspeed": "0,8", "dir": "11"}, {"code": "0002I", "hourtmin": "04:55", "hourgust": "23:00", "hourtmax": "14:00", "sun": null, "altitude": "32", "prec": "0,3", "latitude": 405729, "hourpresmax": null, "province": "TARRAGONA", "tmed": "15,6", "tmin": "12,0", "presmax": null, "presmin": null, "hourpresmin": null, "date": "2004-11-05", "name": "VANDELL\u00d2S  ", "gust": "12,2", "tmax": "19,3", "longitude": 5217, "avgspeed": "2,2", "dir": "28"}, {"code": "0002I", "hourtmin": "06:35", "hourgust": "08:30", "hourtmax": "14:40", "sun": null, "altitude": "32", "prec": "0,0", "latitude": 405729, "hourpresmax": null, "province": "TARRAGONA", "tmed": "15,8", "tmin": "13,5", "presmax": null, "presmin": null, "hourpresmin": null, "date": "2004-11-06", "name": "VANDELL\u00d2S  ", "gust": "20,3", "tmax": "18,0", "longitude": 5217, "avgspeed": "8,6", "dir": "28"}, {"code": "0002I", "hourtmin": "23:30", "hourgust": "09:10", "hourtmax": "13:00", "sun": null, "altitude": "32", "prec": "0,0", "latitude": 405729, "hourpresmax": null, "province": "TARRAGONA", "tmed": "13,6", "tmin": "10,7", "presmax": null, "presmin": null, "hourpresmin": null, "date": "2004-11-07", "name": "VANDELL\u00d2S  ", "gust": "18,6", "tmax": "16,4", "longitude": 5217, "avgspeed": "6,7", "dir": "28"}, {"code": "0002I", "hourtmin": "Varias", "hourgust": "03:10", "hourtmax": "Varias", "sun": null, "altitude": "32", "prec": "0,0", "latitude": 405729, "hourpresmax": null, "province": "TARRAGONA", "tmed": "14,2", "tmin": "10,7", "presmax": null, "presmin": null, "hourpresmin": null, "date": "2004-11-08", "name": "VANDELL\u00d2S  ", "gust": "18,6", "tmax": "17,6", "longitude": 5217, "avgspeed": "3,1", "dir": "30"}, {"code": "0002I", "hourtmin": "22:25", "hourgust": "18:10", "hourtmax": "14:00", "sun": null, "altitude": "32", "prec": "0,0", "latitude": 405729, "hourpresmax": null, "province": "TARRAGONA", "tmed": "15,8", "tmin": "12,3", "presmax": null, "presmin": null, "hourpresmin": null, "date": "2004-11-09", "name": "VANDELL\u00d2S  ", "gust": "21,7", "tmax": "19,3", "longitude": 5217, "avgspeed": "3,3", "dir": "32"}, {"code": "0002I", "hourtmin": "Varias", "hourgust": "07:40", "hourtmax": "12:40", "sun": null, "altitude": "32", "prec": "0,0", "latitude": 405729, "hourpresmax": null, "province": "TARRAGONA", "tmed": "11,6", "tmin": "7,5", "presmax": null, "presmin": null, "hourpresmin": null, "date": "2004-11-10", "name": "VANDELL\u00d2S  ", "gust": "23,1", "tmax": "15,7", "longitude": 5217, "avgspeed": "7,8", "dir": "29"}, {"code": "0002I", "hourtmin": "01:40", "hourgust": "07:40", "hourtmax": "13:20", "sun": null, "altitude": "32", "prec": "0,0", "latitude": 405729, "hourpresmax": null, "province": "TARRAGONA", "tmed": "10,6", "tmin": "7,6", "presmax": null, "presmin": null, "hourpresmin": null, "date": "2004-11-11", "name": "VANDELL\u00d2S  ", "gust": "19,2", "tmax": "13,7", "longitude": 5217, "avgspeed": "6,7", "dir": "29"}, {"code": "0002I", "hourtmin": "02:00", "hourgust": "23:50", "hourtmax": "11:50", "sun": null, "altitude": "32", "prec": "0,0", "latitude": 405729, "hourpresmax": null, "province": "TARRAGONA", "tmed": "11,6", "tmin": "9,1", "presmax": null, "presmin": null, "hourpresmin": null, "date": "2004-11-12", "name": "VANDELL\u00d2S  ", "gust": "22,5", "tmax": "14,2", "longitude": 5217, "avgspeed": "5,3", "dir": "30"}, {"code": "0002I", "hourtmin": "05:50", "hourgust": "05:20", "hourtmax": "14:00", "sun": null, "altitude": "32", "prec": "0,0", "latitude": 405729, "hourpresmax": null, "province": "TARRAGONA", "tmed": "13,0", "tmin": "8,8", "presmax": null, "presmin": null, "hourpresmin": null, "date": "2004-11-13", "name": "VANDELL\u00d2S  ", "gust": "27,5", "tmax": "17,3", "longitude": 5217, "avgspeed": "11,1", "dir": "30"}, {"code": "0002I", "hourtmin": "22:10", "hourgust": "03:50", "hourtmax": "13:40", "sun": null, "altitude": "32", "prec": "0,0", "latitude": 405729, "hourpresmax": null, "province": "TARRAGONA", "tmed": "10,0", "tmin": "6,4", "presmax": null, "presmin": null, "hourpresmin": null, "date": "2004-11-14", "name": "VANDELL\u00d2S  ", "gust": "31,7", "tmax": "13,6", "longitude": 5217, "avgspeed": "11,1", "dir": "31"}, {"code": "0002I", "hourtmin": "06:40", "hourgust": "09:10", "hourtmax": "13:20", "sun": null, "altitude": "32", "prec": "0,0", "latitude": 405729, "hourpresmax": null, "province": "TARRAGONA", "tmed": "8,6", "tmin": "4,8", "presmax": null, "presmin": null, "hourpresmin": null, "date": "2004-11-15", "name": "VANDELL\u00d2S  ", "gust": "19,7", "tmax": "12,4", "longitude": 5217, "avgspeed": "5,8", "dir": "31"}, {"code": "0002I", "hourtmin": "00:05", "hourgust": "09:30", "hourtmax": "14:30", "sun": null, "altitude": "32", "prec": "0,0", "latitude": 405729, "hourpresmax": null, "province": "TARRAGONA", "tmed": "10,6", "tmin": "7,2", "presmax": null, "presmin": null, "hourpresmin": null, "date": "2004-11-16", "name": "VANDELL\u00d2S  ", "gust": "19,4", "tmax": "14,1", "longitude": 5217, "avgspeed": "6,7", "dir": "31"}, {"code": "0002I", "hourtmin": "21:30", "hourgust": "00:30", "hourtmax": "14:10", "sun": null, "altitude": "32", "prec": "0,0", "latitude": 405729, "hourpresmax": null, "province": "TARRAGONA", "tmed": "11,2", "tmin": "8,0", "presmax": null, "presmin": null, "hourpresmin": null, "date": "2004-11-17", "name": "VANDELL\u00d2S  ", "gust": "15,0", "tmax": "14,5", "longitude": 5217, "avgspeed": "1,9", "dir": "30"}, {"code": "0002I", "hourtmin": "04:20", "hourgust": "23:20", "hourtmax": "14:00", "sun": null, "altitude": "32", "prec": "0,0", "latitude": 405729, "hourpresmax": null, "province": "TARRAGONA", "tmed": "12,8", "tmin": "8,2", "presmax": null, "presmin": null, "hourpresmin": null, "date": "2004-11-18", "name": "VANDELL\u00d2S  ", "gust": "8,1", "tmax": "17,4", "longitude": 5217, "avgspeed": "1,4", "dir": "16"}, {"code": "0002I", "hourtmin": "05:35", "hourgust": "21:10", "hourtmax": "14:40", "sun": null, "altitude": "32", "prec": "0,0", "latitude": 405729, "hourpresmax": null, "province": "TARRAGONA", "tmed": "13,8", "tmin": "10,4", "presmax": null, "presmin": null, "hourpresmin": null, "date": "2004-11-19", "name": "VANDELL\u00d2S  ", "gust": "23,6", "tmax": "17,3", "longitude": 5217, "avgspeed": "4,4", "dir": "30"}, {"code": "0002I", "hourtmin": "23:50", "hourgust": "00:30", "hourtmax": "10:40", "sun": null, "altitude": "32", "prec": "0,0", "latitude": 405729, "hourpresmax": null, "province": "TARRAGONA", "tmed": "14,8", "tmin": "11,5", "presmax": null, "presmin": null, "hourpresmin": null, "date": "2004-11-20", "name": "VANDELL\u00d2S  ", "gust": "21,1", "tmax": "18,1", "longitude": 5217, "avgspeed": "1,1", "dir": "31"}, {"code": "0002I", "hourtmin": "03:20", "hourgust": "10:40", "hourtmax": "12:00", "sun": null, "altitude": "32", "prec": "0,0", "latitude": 405729, "hourpresmax": null, "province": "TARRAGONA", "tmed": "13,2", "tmin": "9,8", "presmax": null, "presmin": null, "hourpresmin": null, "date": "2004-11-21", "name": "VANDELL\u00d2S  ", "gust": "3,9", "tmax": "16,6", "longitude": 5217, "avgspeed": "0,6", "dir": "07"}, {"code": "0002I", "hourtmin": "21:10", "hourgust": "11:40", "hourtmax": "Varias", "sun": null, "altitude": "32", "prec": "0,0", "latitude": 405729, "hourpresmax": null, "province": "TARRAGONA", "tmed": "14,4", "tmin": "11,4", "presmax": null, "presmin": null, "hourpresmin": null, "date": "2004-11-22", "name": "VANDELL\u00d2S  ", "gust": "5,0", "tmax": "17,3", "longitude": 5217, "avgspeed": "0,8", "dir": "18"}, {"code": "0002I", "hourtmin": "18:50", "hourgust": "03:10", "hourtmax": "12:10", "sun": null, "altitude": "32", "prec": "0,0", "latitude": 405729, "hourpresmax": null, "province": "TARRAGONA", "tmed": "12,6", "tmin": "10,2", "presmax": null, "presmin": null, "hourpresmin": null, "date": "2004-11-23", "name": "VANDELL\u00d2S  ", "gust": "9,4", "tmax": "15,1", "longitude": 5217, "avgspeed": "2,8", "dir": "29"}, {"code": "0002I", "hourtmin": "20:50", "hourgust": "Varias", "hourtmax": "14:00", "sun": null, "altitude": "32", "prec": "0,0", "latitude": 405729, "hourpresmax": null, "province": "TARRAGONA", "tmed": "12,2", "tmin": "8,4", "presmax": null, "presmin": null, "hourpresmin": null, "date": "2004-11-24", "name": "VANDELL\u00d2S  ", "gust": "7,8", "tmax": "16,0", "longitude": 5217, "avgspeed": "1,7", "dir": "28"}, {"code": "0002I", "hourtmin": "04:15", "hourgust": "11:00", "hourtmax": "Varias", "sun": null, "altitude": "32", "prec": "0,0", "latitude": 405729, "hourpresmax": null, "province": "TARRAGONA", "tmed": "10,8", "tmin": "7,7", "presmax": null, "presmin": null, "hourpresmin": null, "date": "2004-11-25", "name": "VANDELL\u00d2S  ", "gust": "3,1", "tmax": "14,0", "longitude": 5217, "avgspeed": "0,8", "dir": "13"}, {"code": "0002I", "hourtmin": "22:55", "hourgust": "23:50", "hourtmax": "Varias", "sun": null, "altitude": "32", "prec": "0,0", "latitude": 405729, "hourpresmax": null, "province": "TARRAGONA", "tmed": "11,2", "tmin": "7,8", "presmax": null, "presmin": null, "hourpresmin": null, "date": "2004-11-26", "name": "VANDELL\u00d2S  ", "gust": "7,2", "tmax": "14,6", "longitude": 5217, "avgspeed": "1,1", "dir": "28"}, {"code": "0002I", "hourtmin": "Varias", "hourgust": "Varias", "hourtmax": "14:40", "sun": null, "altitude": "32", "prec": "0,0", "latitude": 405729, "hourpresmax": null, "province": "TARRAGONA", "tmed": "10,8", "tmin": "7,1", "presmax": null, "presmin": null, "hourpresmin": null, "date": "2004-11-27", "name": "VANDELL\u00d2S  ", "gust": "6,7", "tmax": "14,5", "longitude": 5217, "avgspeed": "0,8", "dir": "28"}, {"code": "0002I", "hourtmin": "03:00", "hourgust": "23:40", "hourtmax": "Varias", "sun": null, "altitude": "32", "prec": "3,1", "latitude": 405729, "hourpresmax": null, "province": "TARRAGONA", "tmed": "11,0", "tmin": "6,7", "presmax": null, "presmin": null, "hourpresmin": null, "date": "2004-11-28", "name": "VANDELL\u00d2S  ", "gust": "7,8", "tmax": "15,4", "longitude": 5217, "avgspeed": "0,8", "dir": "24"}, {"code": "0002I", "hourtmin": "04:05", "hourgust": "23:50", "hourtmax": "Varias", "sun": null, "altitude": "32", "prec": "0,0", "latitude": 405729, "hourpresmax": null, "province": "TARRAGONA", "tmed": "10,6", "tmin": "8,3", "presmax": null, "presmin": null, "hourpresmin": null, "date": "2004-11-29", "name": "VANDELL\u00d2S  ", "gust": "19,4", "tmax": "12,9", "longitude": 5217, "avgspeed": "5,0", "dir": "33"}, {"code": "0002I", "hourtmin": "06:10", "hourgust": "00:00", "hourtmax": "13:00", "sun": null, "altitude": "32", "prec": "0,0", "latitude": 405729, "hourpresmax": null, "province": "TARRAGONA", "tmed": "10,6", "tmin": "6,9", "presmax": null, "presmin": null, "hourpresmin": null, "date": "2004-11-30", "name": "VANDELL\u00d2S  ", "gust": "15,8", "tmax": "14,4", "longitude": 5217, "avgspeed": "1,1", "dir": "30"}, {"code": "0002I", "hourtmin": "23:50", "hourgust": "22:10", "hourtmax": "19:50", "sun": null, "altitude": "32", "prec": "12,8", "latitude": 405729, "hourpresmax": null, "province": "TARRAGONA", "tmed": "11,8", "tmin": "9,1", "presmax": null, "presmin": null, "hourpresmin": null, "date": "2004-12-01", "name": "VANDELL\u00d2S  ", "gust": "13,3", "tmax": "14,6", "longitude": 5217, "avgspeed": "3,1", "dir": "30"}, {"code": "0002I", "hourtmin": "02:10", "hourgust": "07:20", "hourtmax": "12:20", "sun": null, "altitude": "32", "prec": "0,0", "latitude": 405729, "hourpresmax": null, "province": "TARRAGONA", "tmed": "11,5", "tmin": "7,9", "presmax": null, "presmin": null, "hourpresmin": null, "date": "2004-12-02", "name": "VANDELL\u00d2S  ", "gust": "6,7", "tmax": "15,1", "longitude": 5217, "avgspeed": "1,4", "dir": "25"}, {"code": "0002I", "hourtmin": "Varias", "hourgust": "19:40", "hourtmax": "11:30", "sun": null, "altitude": "32", "prec": "1,1", "latitude": 405729, "hourpresmax": null, "province": "TARRAGONA", "tmed": "12,0", "tmin": "8,3", "presmax": null, "presmin": null, "hourpresmin": null, "date": "2004-12-03", "name": "VANDELL\u00d2S  ", "gust": "6,7", "tmax": "15,7", "longitude": 5217, "avgspeed": "1,1", "dir": "28"}, {"code": "0002I", "hourtmin": "07:50", "hourgust": "09:20", "hourtmax": "13:40", "sun": null, "altitude": "32", "prec": "7,4", "latitude": 405729, "hourpresmax": null, "province": "TARRAGONA", "tmed": "11,7", "tmin": "8,9", "presmax": null, "presmin": null, "hourpresmin": null, "date": "2004-12-04", "name": "VANDELL\u00d2S  ", "gust": "8,3", "tmax": "14,5", "longitude": 5217, "avgspeed": "2,2", "dir": "33"}, {"code": "0002I", "hourtmin": "23:50", "hourgust": "17:30", "hourtmax": "08:45", "sun": null, "altitude": "32", "prec": "0,0", "latitude": 405729, "hourpresmax": null, "province": "TARRAGONA", "tmed": "10,8", "tmin": "9,0", "presmax": null, "presmin": null, "hourpresmin": null, "date": "2004-12-05", "name": "VANDELL\u00d2S  ", "gust": "14,4", "tmax": "12,5", "longitude": 5217, "avgspeed": "4,4", "dir": "32"}, {"code": "0002I", "hourtmin": "07:05", "hourgust": "10:40", "hourtmax": "14:40", "sun": null, "altitude": "32", "prec": "0,5", "latitude": 405729, "hourpresmax": null, "province": "TARRAGONA", "tmed": "9,2", "tmin": "7,5", "presmax": null, "presmin": null, "hourpresmin": null, "date": "2004-12-06", "name": "VANDELL\u00d2S  ", "gust": "17,8", "tmax": "11,0", "longitude": 5217, "avgspeed": "6,7", "dir": "29"}, {"code": "0002I", "hourtmin": "09:15", "hourgust": "06:00", "hourtmax": "22:20", "sun": null, "altitude": "32", "prec": "5,5", "latitude": 405729, "hourpresmax": null, "province": "TARRAGONA", "tmed": "10,0", "tmin": "6,7", "presmax": null, "presmin": null, "hourpresmin": null, "date": "2004-12-07", "name": "VANDELL\u00d2S  ", "gust": "20,3", "tmax": "13,3", "longitude": 5217, "avgspeed": "6,4", "dir": "31"}, {"code": "0002I", "hourtmin": "03:10", "hourgust": "16:50", "hourtmax": "10:00", "sun": null, "altitude": "32", "prec": "1,7", "latitude": 405729, "hourpresmax": null, "province": "TARRAGONA", "tmed": "12,1", "tmin": "10,3", "presmax": null, "presmin": null, "hourpresmin": null, "date": "2004-12-08", "name": "VANDELL\u00d2S  ", "gust": "13,3", "tmax": "13,9", "longitude": 5217, "avgspeed": "4,7", "dir": "30"}, {"code": "0002I", "hourtmin": "08:40", "hourgust": "05:20", "hourtmax": "Varias", "sun": null, "altitude": "32", "prec": "2,8", "latitude": 405729, "hourpresmax": null, "province": "TARRAGONA", "tmed": "12,4", "tmin": "10,4", "presmax": null, "presmin": null, "hourpresmin": null, "date": "2004-12-09", "name": "VANDELL\u00d2S  ", "gust": "16,1", "tmax": "14,4", "longitude": 5217, "avgspeed": "3,9", "dir": "33"}, {"code": "0002I", "hourtmin": "22:40", "hourgust": "08:30", "hourtmax": "14:25", "sun": null, "altitude": "32", "prec": "0,0", "latitude": 405729, "hourpresmax": null, "province": "TARRAGONA", "tmed": "14,6", "tmin": "11,5", "presmax": null, "presmin": null, "hourpresmin": null, "date": "2004-12-10", "name": "VANDELL\u00d2S  ", "gust": "9,2", "tmax": "17,7", "longitude": 5217, "avgspeed": "2,5", "dir": "30"}, {"code": "0002I", "hourtmin": "20:30", "hourgust": "23:40", "hourtmax": "10:40", "sun": null, "altitude": "32", "prec": "0,0", "latitude": 405729, "hourpresmax": null, "province": "TARRAGONA", "tmed": "13,4", "tmin": "9,5", "presmax": null, "presmin": null, "hourpresmin": null, "date": "2004-12-11", "name": "VANDELL\u00d2S  ", "gust": "5,3", "tmax": "17,3", "longitude": 5217, "avgspeed": "0,3", "dir": "03"}, {"code": "0002I", "hourtmin": "22:00", "hourgust": "14:00", "hourtmax": "14:00", "sun": null, "altitude": "32", "prec": "1,9", "latitude": 405729, "hourpresmax": null, "province": "TARRAGONA", "tmed": "12,4", "tmin": "11,4", "presmax": null, "presmin": null, "hourpresmin": null, "date": "2004-12-12", "name": "VANDELL\u00d2S  ", "gust": "7,8", "tmax": "13,5", "longitude": 5217, "avgspeed": "2,5", "dir": "05"}, {"code": "0002I", "hourtmin": "21:55", "hourgust": "01:40", "hourtmax": "11:40", "sun": null, "altitude": "32", "prec": "0,0", "latitude": 405729, "hourpresmax": null, "province": "TARRAGONA", "tmed": "12,6", "tmin": "9,8", "presmax": null, "presmin": null, "hourpresmin": null, "date": "2004-12-13", "name": "VANDELL\u00d2S  ", "gust": "5,3", "tmax": "15,4", "longitude": 5217, "avgspeed": "0,8", "dir": "03"}, {"code": "0002I", "hourtmin": "02:30", "hourgust": "12:40", "hourtmax": "12:30", "sun": null, "altitude": "32", "prec": "0,0", "latitude": 405729, "hourpresmax": null, "province": "TARRAGONA", "tmed": "12,1", "tmin": "8,9", "presmax": null, "presmin": null, "hourpresmin": null, "date": "2004-12-14", "name": "VANDELL\u00d2S  ", "gust": "5,0", "tmax": "15,3", "longitude": 5217, "avgspeed": "0,8", "dir": "08"}, {"code": "0002I", "hourtmin": "03:05", "hourgust": "Varias", "hourtmax": "12:50", "sun": null, "altitude": "32", "prec": "0,0", "latitude": 405729, "hourpresmax": null, "province": "TARRAGONA", "tmed": "12,9", "tmin": "9,8", "presmax": null, "presmin": null, "hourpresmin": null, "date": "2004-12-15", "name": "VANDELL\u00d2S  ", "gust": "3,6", "tmax": "16,0", "longitude": 5217, "avgspeed": "0,8", "dir": "31"}, {"code": "0002I", "hourtmin": "Varias", "hourgust": "23:30", "hourtmax": "11:50", "sun": null, "altitude": "32", "prec": "0,0", "latitude": 405729, "hourpresmax": null, "province": "TARRAGONA", "tmed": "11,4", "tmin": "9,9", "presmax": null, "presmin": null, "hourpresmin": null, "date": "2004-12-16", "name": "VANDELL\u00d2S  ", "gust": "19,2", "tmax": "13,0", "longitude": 5217, "avgspeed": "3,3", "dir": "29"}, {"code": "0002I", "hourtmin": "00:55", "hourgust": "09:30", "hourtmax": "14:00", "sun": null, "altitude": "32", "prec": "0,0", "latitude": 405729, "hourpresmax": null, "province": "TARRAGONA", "tmed": "12,8", "tmin": "10,5", "presmax": null, "presmin": null, "hourpresmin": null, "date": "2004-12-17", "name": "VANDELL\u00d2S  ", "gust": "26,1", "tmax": "15,0", "longitude": 5217, "avgspeed": "8,1", "dir": "32"}, {"code": "0002I", "hourtmin": "07:15", "hourgust": "23:50", "hourtmax": "01:30", "sun": null, "altitude": "32", "prec": "0,0", "latitude": 405729, "hourpresmax": null, "province": "TARRAGONA", "tmed": "14,4", "tmin": "12,5", "presmax": null, "presmin": null, "hourpresmin": null, "date": "2004-12-18", "name": "VANDELL\u00d2S  ", "gust": "25,0", "tmax": "16,3", "longitude": 5217, "avgspeed": "6,1", "dir": "28"}, {"code": "0002I", "hourtmin": "08:35", "hourgust": "00:20", "hourtmax": "13:00", "sun": null, "altitude": "32", "prec": "0,0", "latitude": 405729, "hourpresmax": null, "province": "TARRAGONA", "tmed": "15,2", "tmin": "12,6", "presmax": null, "presmin": null, "hourpresmin": null, "date": "2004-12-19", "name": "VANDELL\u00d2S  ", "gust": "22,5", "tmax": "17,8", "longitude": 5217, "avgspeed": "2,5", "dir": "29"}, {"code": "0002I", "hourtmin": "23:30", "hourgust": "05:50", "hourtmax": "13:40", "sun": null, "altitude": "32", "prec": "0,0", "latitude": 405729, "hourpresmax": null, "province": "TARRAGONA", "tmed": "10,8", "tmin": "7,6", "presmax": null, "presmin": null, "hourpresmin": null, "date": "2004-12-20", "name": "VANDELL\u00d2S  ", "gust": "26,1", "tmax": "14,1", "longitude": 5217, "avgspeed": "9,7", "dir": "27"}, {"code": "0002I", "hourtmin": "23:25", "hourgust": "02:40", "hourtmax": "14:20", "sun": null, "altitude": "32", "prec": "0,0", "latitude": 405729, "hourpresmax": null, "province": "TARRAGONA", "tmed": "7,7", "tmin": "4,2", "presmax": null, "presmin": null, "hourpresmin": null, "date": "2004-12-21", "name": "VANDELL\u00d2S  ", "gust": "20,3", "tmax": "11,2", "longitude": 5217, "avgspeed": "3,9", "dir": "31"}, {"code": "0002I", "hourtmin": "01:10", "hourgust": "22:50", "hourtmax": "12:10", "sun": null, "altitude": "32", "prec": "0,0", "latitude": 405729, "hourpresmax": null, "province": "TARRAGONA", "tmed": "7,0", "tmin": "3,8", "presmax": null, "presmin": null, "hourpresmin": null, "date": "2004-12-22", "name": "VANDELL\u00d2S  ", "gust": "17,8", "tmax": "10,1", "longitude": 5217, "avgspeed": "6,4", "dir": "33"}, {"code": "0002I", "hourtmin": "00:00", "hourgust": "03:50", "hourtmax": "14:10", "sun": null, "altitude": "32", "prec": "0,0", "latitude": 405729, "hourpresmax": null, "province": "TARRAGONA", "tmed": "10,7", "tmin": "7,5", "presmax": null, "presmin": null, "hourpresmin": null, "date": "2004-12-23", "name": "VANDELL\u00d2S  ", "gust": "20,6", "tmax": "13,9", "longitude": 5217, "avgspeed": "4,4", "dir": "31"}, {"code": "0002I", "hourtmin": "23:30", "hourgust": "00:00", "hourtmax": "12:00", "sun": null, "altitude": "32", "prec": "0,0", "latitude": 405729, "hourpresmax": null, "province": "TARRAGONA", "tmed": "11,3", "tmin": "6,4", "presmax": null, "presmin": null, "hourpresmin": null, "date": "2004-12-24", "name": "VANDELL\u00d2S  ", "gust": "17,8", "tmax": "16,2", "longitude": 5217, "avgspeed": "3,6", "dir": "32"}, {"code": "0002I", "hourtmin": "05:30", "hourgust": "14:50", "hourtmax": "13:00", "sun": null, "altitude": "32", "prec": "0,0", "latitude": 405729, "hourpresmax": null, "province": "TARRAGONA", "tmed": "7,6", "tmin": "5,7", "presmax": null, "presmin": null, "hourpresmin": null, "date": "2004-12-25", "name": "VANDELL\u00d2S  ", "gust": "22,5", "tmax": "9,5", "longitude": 5217, "avgspeed": "5,0", "dir": "32"}, {"code": "0002I", "hourtmin": "21:50", "hourgust": "02:20", "hourtmax": "14:00", "sun": null, "altitude": "32", "prec": "0,0", "latitude": 405729, "hourpresmax": null, "province": "TARRAGONA", "tmed": "6,2", "tmin": "4,0", "presmax": null, "presmin": null, "hourpresmin": null, "date": "2004-12-26", "name": "VANDELL\u00d2S  ", "gust": "23,3", "tmax": "8,4", "longitude": 5217, "avgspeed": "8,1", "dir": "28"}, {"code": "0002I", "hourtmin": "05:10", "hourgust": "23:00", "hourtmax": "14:15", "sun": null, "altitude": "32", "prec": "0,0", "latitude": 405729, "hourpresmax": null, "province": "TARRAGONA", "tmed": "5,7", "tmin": "2,7", "presmax": null, "presmin": null, "hourpresmin": null, "date": "2004-12-27", "name": "VANDELL\u00d2S  ", "gust": "24,7", "tmax": "8,7", "longitude": 5217, "avgspeed": "10,0", "dir": "32"}, {"code": "0002I", "hourtmin": "00:10", "hourgust": "00:50", "hourtmax": "15:20", "sun": null, "altitude": "32", "prec": "0,0", "latitude": 405729, "hourpresmax": null, "province": "TARRAGONA", "tmed": "8,4", "tmin": "4,8", "presmax": null, "presmin": null, "hourpresmin": null, "date": "2004-12-28", "name": "VANDELL\u00d2S  ", "gust": "24,2", "tmax": "11,9", "longitude": 5217, "avgspeed": "4,4", "dir": "30"}, {"code": "0002I", "hourtmin": "Varias", "hourgust": "22:40", "hourtmax": "14:40", "sun": null, "altitude": "32", "prec": "0,0", "latitude": 405729, "hourpresmax": null, "province": "TARRAGONA", "tmed": "10,1", "tmin": "6,3", "presmax": null, "presmin": null, "hourpresmin": null, "date": "2004-12-29", "name": "VANDELL\u00d2S  ", "gust": "18,3", "tmax": "13,9", "longitude": 5217, "avgspeed": "4,4", "dir": "30"}, {"code": "0002I", "hourtmin": "Varias", "hourgust": "01:10", "hourtmax": "12:40", "sun": null, "altitude": "32", "prec": "0,0", "latitude": 405729, "hourpresmax": null, "province": "TARRAGONA", "tmed": "11,0", "tmin": "6,8", "presmax": null, "presmin": null, "hourpresmin": null, "date": "2004-12-30", "name": "VANDELL\u00d2S  ", "gust": "14,2", "tmax": "15,1", "longitude": 5217, "avgspeed": "2,2", "dir": "32"}, {"code": "0002I", "hourtmin": "Varias", "hourgust": "19:30", "hourtmax": "14:30", "sun": null, "altitude": "32", "prec": "0,0", "latitude": 405729, "hourpresmax": null, "province": "TARRAGONA", "tmed": "11,8", "tmin": "6,5", "presmax": null, "presmin": null, "hourpresmin": null, "date": "2004-12-31", "name": "VANDELL\u00d2S  ", "gust": "10,8", "tmax": "17,2", "longitude": 5217, "avgspeed": "1,4", "dir": "15"}]