[{"code": "0002I", "hourtmin": "23:00", "hourgust": "19:30", "hourtmax": "12:40", "sun": null, "altitude": "32", "prec": "0,0", "latitude": 405729, "hourpresmax": null, "province": "TARRAGONA", "tmed": "11,7", "tmin": "7,9", "presmax": null, "presmin": null, "hourpresmin": null, "date": "2012-01-12", "name": "VANDELL\u00d2S  ", "gust": "6,4", "tmax": "15,5", "longitude": 5217, "avgspeed": "0,8", "dir": "24"}, {"code": "0002I", "hourtmin": "23:20", "hourgust": "12:40", "hourtmax": "13:20", "sun": null, "altitude": "32", "prec": "0,0", "latitude": 405729, "hourpresmax": null, "province": "TARRAGONA", "tmed": "8,1", "tmin": "5,4", "presmax": null, "presmin": null, "hourpresmin": null, "date": "2012-01-13", "name": "VANDELL\u00d2S  ", "gust": "7,5", "tmax": "10,8", "longitude": 5217, "avgspeed": "1,9", "dir": "32"}, {"code": "0002I", "hourtmin": "00:30", "hourgust": "23:00", "hourtmax": "14:20", "sun": null, "altitude": "32", "prec": "0,0", "latitude": 405729, "hourpresmax": null, "province": "TARRAGONA", "tmed": "9,5", "tmin": "5,4", "presmax": null, "presmin": null, "hourpresmin": null, "date": "2012-01-14", "name": "VANDELL\u00d2S  ", "gust": "8,3", "tmax": "13,6", "longitude": 5217, "avgspeed": "1,1", "dir": "33"}, {"code": "0002I", "hourtmin": "07:30", "hourgust": "11:10", "hourtmax": "15:00", "sun": null, "altitude": "32", "prec": "0,0", "latitude": 405729, "hourpresmax": null, "province": "TARRAGONA", "tmed": "10,4", "tmin": "5,9", "presmax": null, "presmin": null, "hourpresmin": null, "date": "2012-01-15", "name": "VANDELL\u00d2S  ", "gust": "6,4", "tmax": "15,0", "longitude": 5217, "avgspeed": "1,4", "dir": "24"}, {"code": "0002I", "hourtmin": "00:10", "hourgust": "15:40", "hourtmax": "14:20", "sun": null, "altitude": "32", "prec": "0,3", "latitude": 405729, "hourpresmax": null, "province": "TARRAGONA", "tmed": "10,6", "tmin": "8,9", "presmax": null, "presmin": null, "hourpresmin": null, "date": "2012-01-16", "name": "VANDELL\u00d2S  ", "gust": "9,7", "tmax": "12,4", "longitude": 5217, "avgspeed": "3,1", "dir": "03"}, {"province": "TARRAGONA", "hourtmax": null, "presmin": null, "code": "0002I", "name": "VANDELL\u00d2S  ", "presmax": null, "gust": null, "altitude": "32", "longitude": 5217, "hourpresmax": null, "date": "2012-01-17", "hourpresmin": null, "hourtmin": null, "avgspeed": "1,4", "latitude": 405729, "sun": null, "hourgust": null}, {"code": "0002I", "hourtmin": "07:20", "hourgust": "Varias", "hourtmax": "13:40", "sun": null, "altitude": "32", "prec": "0,0", "latitude": 405729, "hourpresmax": null, "province": "TARRAGONA", "tmed": "12,4", "tmin": "8,6", "presmax": null, "presmin": null, "hourpresmin": null, "date": "2012-01-18", "name": "VANDELL\u00d2S  ", "gust": "7,5", "tmax": "16,2", "longitude": 5217, "avgspeed": "0,8", "dir": "99"}, {"code": "0002I", "hourtmin": "06:00", "hourgust": "11:20", "hourtmax": "12:50", "sun": null, "altitude": "32", "prec": "0,0", "latitude": 405729, "hourpresmax": null, "province": "TARRAGONA", "tmed": "12,8", "tmin": "7,5", "presmax": null, "presmin": null, "hourpresmin": null, "date": "2012-01-19", "name": "VANDELL\u00d2S  ", "gust": "7,8", "tmax": "18,0", "longitude": 5217, "avgspeed": "1,1", "dir": "24"}, {"code": "0002I", "hourtmin": "00:10", "hourgust": "21:20", "hourtmax": "15:30", "sun": null, "altitude": "32", "prec": "0,0", "latitude": 405729, "hourpresmax": null, "province": "TARRAGONA", "tmed": "15,6", "tmin": "12,9", "presmax": null, "presmin": null, "hourpresmin": null, "date": "2012-01-20", "name": "VANDELL\u00d2S  ", "gust": "19,4", "tmax": "18,2", "longitude": 5217, "avgspeed": "5,0", "dir": "32"}, {"code": "0002I", "hourtmin": "07:00", "hourgust": "21:40", "hourtmax": "14:50", "sun": null, "altitude": "32", "prec": "0,0", "latitude": 405729, "hourpresmax": null, "province": "TARRAGONA", "tmed": "15,1", "tmin": "12,3", "presmax": null, "presmin": null, "hourpresmin": null, "date": "2012-01-21", "name": "VANDELL\u00d2S  ", "gust": "21,4", "tmax": "17,9", "longitude": 5217, "avgspeed": "5,8", "dir": "32"}, {"code": "0002I", "hourtmin": "07:00", "hourgust": "Varias", "hourtmax": "15:40", "sun": null, "altitude": "32", "prec": "0,0", "latitude": 405729, "hourpresmax": null, "province": "TARRAGONA", "tmed": "15,5", "tmin": "12,9", "presmax": null, "presmin": null, "hourpresmin": null, "date": "2012-01-22", "name": "VANDELL\u00d2S  ", "gust": "20,8", "tmax": "18,1", "longitude": 5217, "avgspeed": "6,1", "dir": "31"}, {"code": "0002I", "hourtmin": "04:50", "hourgust": "04:10", "hourtmax": "14:40", "sun": null, "altitude": "32", "prec": "0,0", "latitude": 405729, "hourpresmax": null, "province": "TARRAGONA", "tmed": "15,0", "tmin": "12,4", "presmax": null, "presmin": null, "hourpresmin": null, "date": "2012-01-23", "name": "VANDELL\u00d2S  ", "gust": "17,8", "tmax": "17,5", "longitude": 5217, "avgspeed": "6,1", "dir": "31"}, {"code": "0002I", "hourtmin": "23:59", "hourgust": "03:40", "hourtmax": "15:20", "sun": null, "altitude": "32", "prec": "0,0", "latitude": 405729, "hourpresmax": null, "province": "TARRAGONA", "tmed": "14,4", "tmin": "10,2", "presmax": null, "presmin": null, "hourpresmin": null, "date": "2012-01-24", "name": "VANDELL\u00d2S  ", "gust": "19,7", "tmax": "18,5", "longitude": 5217, "avgspeed": "3,3", "dir": "31"}, {"code": "0002I", "hourtmin": "23:30", "hourgust": "02:20", "hourtmax": "13:40", "sun": null, "altitude": "32", "prec": "0,0", "latitude": 405729, "hourpresmax": null, "province": "TARRAGONA", "tmed": "12,8", "tmin": "7,9", "presmax": null, "presmin": null, "hourpresmin": null, "date": "2012-01-25", "name": "VANDELL\u00d2S  ", "gust": "12,2", "tmax": "17,7", "longitude": 5217, "avgspeed": "1,7", "dir": "26"}, {"code": "0002I", "hourtmin": "03:00", "hourgust": "12:40", "hourtmax": "14:10", "sun": null, "altitude": "32", "prec": "0,0", "latitude": 405729, "hourpresmax": null, "province": "TARRAGONA", "tmed": "11,5", "tmin": "7,0", "presmax": null, "presmin": null, "hourpresmin": null, "date": "2012-01-26", "name": "VANDELL\u00d2S  ", "gust": "5,8", "tmax": "16,0", "longitude": 5217, "avgspeed": "0,8", "dir": "18"}, {"code": "0002I", "hourtmin": "01:10", "hourgust": "21:50", "hourtmax": "15:00", "sun": null, "altitude": "32", "prec": "1,2", "latitude": 405729, "hourpresmax": null, "province": "TARRAGONA", "tmed": "9,9", "tmin": "8,1", "presmax": null, "presmin": null, "hourpresmin": null, "date": "2012-01-27", "name": "VANDELL\u00d2S  ", "gust": "7,8", "tmax": "11,7", "longitude": 5217, "avgspeed": "1,7", "dir": "30"}, {"code": "0002I", "hourtmin": "23:59", "hourgust": "22:20", "hourtmax": "15:30", "sun": null, "altitude": "32", "prec": "0,0", "latitude": 405729, "hourpresmax": null, "province": "TARRAGONA", "tmed": "11,3", "tmin": "7,6", "presmax": null, "presmin": null, "hourpresmin": null, "date": "2012-01-28", "name": "VANDELL\u00d2S  ", "gust": "17,2", "tmax": "15,0", "longitude": 5217, "avgspeed": "4,4", "dir": "33"}, {"code": "0002I", "hourtmin": "06:20", "hourgust": "10:10", "hourtmax": "15:10", "sun": null, "altitude": "32", "prec": "0,0", "latitude": 405729, "hourpresmax": null, "province": "TARRAGONA", "tmed": "9,2", "tmin": "5,8", "presmax": null, "presmin": null, "hourpresmin": null, "date": "2012-01-29", "name": "VANDELL\u00d2S  ", "gust": "18,6", "tmax": "12,6", "longitude": 5217, "avgspeed": "3,1", "dir": "29"}, {"code": "0002I", "hourtmin": "Varias", "hourgust": "08:10", "hourtmax": "15:10", "sun": null, "altitude": "32", "prec": "0,0", "latitude": 405729, "hourpresmax": null, "province": "TARRAGONA", "tmed": "9,1", "tmin": "5,2", "presmax": null, "presmin": null, "hourpresmin": null, "date": "2012-01-30", "name": "VANDELL\u00d2S  ", "gust": "18,6", "tmax": "13,0", "longitude": 5217, "avgspeed": "5,3", "dir": "31"}, {"code": "0002I", "hourtmin": "05:10", "hourgust": "22:00", "hourtmax": "14:30", "sun": null, "altitude": "32", "prec": "0,0", "latitude": 405729, "hourpresmax": null, "province": "TARRAGONA", "tmed": "11,0", "tmin": "6,6", "presmax": null, "presmin": null, "hourpresmin": null, "date": "2012-01-31", "name": "VANDELL\u00d2S  ", "gust": "16,9", "tmax": "15,4", "longitude": 5217, "avgspeed": "3,1", "dir": "30"}, {"code": "0002I", "hourtmin": "23:59", "hourgust": "22:20", "hourtmax": "15:20", "sun": null, "altitude": "32", "prec": "0,5", "latitude": 405729, "hourpresmax": null, "province": "TARRAGONA", "tmed": "9,7", "tmin": "5,8", "presmax": null, "presmin": null, "hourpresmin": null, "date": "2012-02-01", "name": "VANDELL\u00d2S  ", "gust": "11,1", "tmax": "13,6", "longitude": 5217, "avgspeed": "1,4", "dir": "25"}, {"code": "0002I", "hourtmin": "23:50", "hourgust": "09:20", "hourtmax": "00:20", "sun": null, "altitude": "32", "prec": "0,0", "latitude": 405729, "hourpresmax": null, "province": "TARRAGONA", "tmed": "3,2", "tmin": "0,4", "presmax": null, "presmin": null, "hourpresmin": null, "date": "2012-02-02", "name": "VANDELL\u00d2S  ", "gust": "20,3", "tmax": "6,0", "longitude": 5217, "avgspeed": "5,3", "dir": "31"}, {"code": "0002I", "hourtmin": "07:00", "hourgust": "11:50", "hourtmax": "16:40", "sun": null, "altitude": "32", "prec": "0,0", "latitude": 405729, "hourpresmax": null, "province": "TARRAGONA", "tmed": "3,2", "tmin": "-1,2", "presmax": null, "presmin": null, "hourpresmin": null, "date": "2012-02-03", "name": "VANDELL\u00d2S  ", "gust": "22,2", "tmax": "7,5", "longitude": 5217, "avgspeed": "6,7", "dir": "31"}, {"code": "0002I", "hourtmin": "03:50", "hourgust": "00:50", "hourtmax": "Varias", "sun": null, "altitude": "32", "prec": "0,0", "latitude": 405729, "hourpresmax": null, "province": "TARRAGONA", "tmed": "3,8", "tmin": "-0,4", "presmax": null, "presmin": null, "hourpresmin": null, "date": "2012-02-04", "name": "VANDELL\u00d2S  ", "gust": "21,9", "tmax": "8,0", "longitude": 5217, "avgspeed": "4,4", "dir": "33"}, {"code": "0002I", "hourtmin": "23:50", "hourgust": "01:40", "hourtmax": "11:30", "sun": null, "altitude": "32", "prec": "3,9", "latitude": 405729, "hourpresmax": null, "province": "TARRAGONA", "tmed": "4,9", "tmin": "2,4", "presmax": null, "presmin": null, "hourpresmin": null, "date": "2012-02-05", "name": "VANDELL\u00d2S  ", "gust": "21,7", "tmax": "7,4", "longitude": 5217, "avgspeed": "3,1", "dir": "32"}, {"code": "0002I", "hourtmin": null, "hourgust": "05:20", "hourtmax": "13:50", "sun": null, "altitude": "32", "prec": "0,0", "latitude": 405729, "hourpresmax": null, "province": "TARRAGONA", "tmed": "8,6", "tmin": "2,8", "presmax": null, "presmin": null, "hourpresmin": null, "date": "2012-02-06", "name": "VANDELL\u00d2S  ", "gust": "16,1", "tmax": "14,4", "longitude": 5217, "avgspeed": "3,6", "dir": "26"}, {"code": "0002I", "hourtmin": "23:59", "hourgust": "22:50", "hourtmax": "12:00", "sun": null, "altitude": "32", "prec": "0,0", "latitude": 405729, "hourpresmax": null, "province": "TARRAGONA", "tmed": "7,6", "tmin": "2,8", "presmax": null, "presmin": null, "hourpresmin": null, "date": "2012-02-07", "name": "VANDELL\u00d2S  ", "gust": "23,3", "tmax": "12,4", "longitude": 5217, "avgspeed": "3,3", "dir": "31"}, {"code": "0002I", "hourtmin": "07:40", "hourgust": "02:50", "hourtmax": "14:50", "sun": null, "altitude": "32", "prec": "0,0", "latitude": 405729, "hourpresmax": null, "province": "TARRAGONA", "tmed": "3,9", "tmin": "1,0", "presmax": null, "presmin": null, "hourpresmin": null, "date": "2012-02-08", "name": "VANDELL\u00d2S  ", "gust": "23,3", "tmax": "6,8", "longitude": 5217, "avgspeed": "6,9", "dir": "24"}, {"code": "0002I", "hourtmin": "04:20", "hourgust": "09:00", "hourtmax": "15:30", "sun": null, "altitude": "32", "prec": "0,0", "latitude": 405729, "hourpresmax": null, "province": "TARRAGONA", "tmed": "5,6", "tmin": "1,6", "presmax": null, "presmin": null, "hourpresmin": null, "date": "2012-02-09", "name": "VANDELL\u00d2S  ", "gust": "24,2", "tmax": "9,5", "longitude": 5217, "avgspeed": "6,7", "dir": "33"}, {"code": "0002I", "hourtmin": "07:10", "hourgust": "04:40", "hourtmax": "15:40", "sun": null, "altitude": "32", "prec": "0,0", "latitude": 405729, "hourpresmax": null, "province": "TARRAGONA", "tmed": "8,8", "tmin": "4,3", "presmax": null, "presmin": null, "hourpresmin": null, "date": "2012-02-10", "name": "VANDELL\u00d2S  ", "gust": "23,1", "tmax": "13,2", "longitude": 5217, "avgspeed": "5,8", "dir": "30"}, {"code": "0002I", "hourtmin": "05:00", "hourgust": "Varias", "hourtmax": "15:30", "sun": null, "altitude": "32", "prec": "0,0", "latitude": 405729, "hourpresmax": null, "province": "TARRAGONA", "tmed": "5,3", "tmin": "1,8", "presmax": null, "presmin": null, "hourpresmin": null, "date": "2012-02-11", "name": "VANDELL\u00d2S  ", "gust": "18,1", "tmax": "8,8", "longitude": 5217, "avgspeed": "5,8", "dir": "99"}, {"code": "0002I", "hourtmin": "07:00", "hourgust": "05:30", "hourtmax": "15:50", "sun": null, "altitude": "32", "prec": "0,0", "latitude": 405729, "hourpresmax": null, "province": "TARRAGONA", "tmed": "4,8", "tmin": "0,6", "presmax": null, "presmin": null, "hourpresmin": null, "date": "2012-02-12", "name": "VANDELL\u00d2S  ", "gust": "20,0", "tmax": "9,1", "longitude": 5217, "avgspeed": "5,0", "dir": "31"}, {"code": "0002I", "hourtmin": "01:50", "hourgust": "05:10", "hourtmax": "15:40", "sun": null, "altitude": "32", "prec": "0,0", "latitude": 405729, "hourpresmax": null, "province": "TARRAGONA", "tmed": "6,8", "tmin": "1,3", "presmax": null, "presmin": null, "hourpresmin": null, "date": "2012-02-13", "name": "VANDELL\u00d2S  ", "gust": "20,0", "tmax": "12,3", "longitude": 5217, "avgspeed": "5,8", "dir": "30"}, {"code": "0002I", "hourtmin": "07:00", "hourgust": "01:40", "hourtmax": "11:50", "sun": null, "altitude": "32", "prec": "0,0", "latitude": 405729, "hourpresmax": null, "province": "TARRAGONA", "tmed": "9,5", "tmin": "6,2", "presmax": null, "presmin": null, "hourpresmin": null, "date": "2012-02-14", "name": "VANDELL\u00d2S  ", "gust": "17,5", "tmax": "12,8", "longitude": 5217, "avgspeed": "3,6", "dir": "32"}, {"code": "0002I", "hourtmin": "04:50", "hourgust": "22:10", "hourtmax": "15:50", "sun": null, "altitude": "32", "prec": "0,0", "latitude": 405729, "hourpresmax": null, "province": "TARRAGONA", "tmed": "10,6", "tmin": "6,0", "presmax": null, "presmin": null, "hourpresmin": null, "date": "2012-02-15", "name": "VANDELL\u00d2S  ", "gust": "24,2", "tmax": "15,2", "longitude": 5217, "avgspeed": "4,7", "dir": "25"}, {"code": "0002I", "hourtmin": "04:50", "hourgust": "00:20", "hourtmax": "14:40", "sun": null, "altitude": "32", "prec": "0,0", "latitude": 405729, "hourpresmax": null, "province": "TARRAGONA", "tmed": "12,8", "tmin": "8,0", "presmax": null, "presmin": null, "hourpresmin": null, "date": "2012-02-16", "name": "VANDELL\u00d2S  ", "gust": "18,9", "tmax": "17,5", "longitude": 5217, "avgspeed": "4,2", "dir": "30"}, {"code": "0002I", "hourtmin": "23:00", "hourgust": "02:40", "hourtmax": "11:20", "sun": null, "altitude": "32", "prec": "0,0", "latitude": 405729, "hourpresmax": null, "province": "TARRAGONA", "tmed": "11,0", "tmin": "6,4", "presmax": null, "presmin": null, "hourpresmin": null, "date": "2012-02-17", "name": "VANDELL\u00d2S  ", "gust": "13,6", "tmax": "15,5", "longitude": 5217, "avgspeed": "2,5", "dir": "31"}, {"code": "0002I", "hourtmin": "04:20", "hourgust": "14:30", "hourtmax": "12:10", "sun": null, "altitude": "32", "prec": "0,0", "latitude": 405729, "hourpresmax": null, "province": "TARRAGONA", "tmed": "10,8", "tmin": "6,0", "presmax": null, "presmin": null, "hourpresmin": null, "date": "2012-02-18", "name": "VANDELL\u00d2S  ", "gust": "6,7", "tmax": "15,5", "longitude": 5217, "avgspeed": "0,8", "dir": "18"}, {"code": "0002I", "hourtmin": "Varias", "hourgust": "22:10", "hourtmax": "14:30", "sun": null, "altitude": "32", "prec": "0,0", "latitude": 405729, "hourpresmax": null, "province": "TARRAGONA", "tmed": "11,6", "tmin": "6,6", "presmax": null, "presmin": null, "hourpresmin": null, "date": "2012-02-19", "name": "VANDELL\u00d2S  ", "gust": "18,9", "tmax": "16,6", "longitude": 5217, "avgspeed": "1,1", "dir": "31"}, {"code": "0002I", "hourtmin": "07:10", "hourgust": "00:50", "hourtmax": "15:00", "sun": null, "altitude": "32", "prec": "0,0", "latitude": 405729, "hourpresmax": null, "province": "TARRAGONA", "tmed": "10,8", "tmin": "7,0", "presmax": null, "presmin": null, "hourpresmin": null, "date": "2012-02-20", "name": "VANDELL\u00d2S  ", "gust": "17,8", "tmax": "14,5", "longitude": 5217, "avgspeed": "4,4", "dir": "30"}, {"code": "0002I", "hourtmin": "05:50", "hourgust": "00:10", "hourtmax": "14:30", "sun": null, "altitude": "32", "prec": "0,0", "latitude": 405729, "hourpresmax": null, "province": "TARRAGONA", "tmed": "11,2", "tmin": "6,8", "presmax": null, "presmin": null, "hourpresmin": null, "date": "2012-02-21", "name": "VANDELL\u00d2S  ", "gust": "11,1", "tmax": "15,6", "longitude": 5217, "avgspeed": "2,2", "dir": "31"}, {"code": "0002I", "hourtmin": "01:40", "hourgust": "08:40", "hourtmax": "15:00", "sun": null, "altitude": "32", "prec": "0,0", "latitude": 405729, "hourpresmax": null, "province": "TARRAGONA", "tmed": "12,0", "tmin": "7,3", "presmax": null, "presmin": null, "hourpresmin": null, "date": "2012-02-22", "name": "VANDELL\u00d2S  ", "gust": "14,4", "tmax": "16,8", "longitude": 5217, "avgspeed": "3,6", "dir": "32"}, {"code": "0002I", "hourtmin": "20:20", "hourgust": "04:20", "hourtmax": "16:20", "sun": null, "altitude": "32", "prec": "0,0", "latitude": 405729, "hourpresmax": null, "province": "TARRAGONA", "tmed": "15,0", "tmin": "9,8", "presmax": null, "presmin": null, "hourpresmin": null, "date": "2012-02-23", "name": "VANDELL\u00d2S  ", "gust": "13,3", "tmax": "20,2", "longitude": 5217, "avgspeed": "0,8", "dir": "31"}, {"code": "0002I", "hourtmin": "23:00", "hourgust": "08:20", "hourtmax": "09:20", "sun": null, "altitude": "32", "prec": "0,0", "latitude": 405729, "hourpresmax": null, "province": "TARRAGONA", "tmed": "13,7", "tmin": "8,3", "presmax": null, "presmin": null, "hourpresmin": null, "date": "2012-02-24", "name": "VANDELL\u00d2S  ", "gust": "11,1", "tmax": "19,1", "longitude": 5217, "avgspeed": "1,7", "dir": "34"}, {"code": "0002I", "hourtmin": "04:50", "hourgust": "13:50", "hourtmax": "12:50", "sun": null, "altitude": "32", "prec": "0,0", "latitude": 405729, "hourpresmax": null, "province": "TARRAGONA", "tmed": "12,8", "tmin": "7,1", "presmax": null, "presmin": null, "hourpresmin": null, "date": "2012-02-25", "name": "VANDELL\u00d2S  ", "gust": "5,8", "tmax": "18,6", "longitude": 5217, "avgspeed": "0,8", "dir": "17"}, {"code": "0002I", "hourtmin": null, "hourgust": "23:30", "hourtmax": "15:50", "sun": null, "altitude": "32", "prec": "0,0", "latitude": 405729, "hourpresmax": null, "province": "TARRAGONA", "tmed": "16,6", "tmin": "10,4", "presmax": null, "presmin": null, "hourpresmin": null, "date": "2012-02-26", "name": "VANDELL\u00d2S  ", "gust": "18,6", "tmax": "22,9", "longitude": 5217, "avgspeed": "4,4", "dir": "30"}, {"code": "0002I", "hourtmin": "23:40", "hourgust": "00:30", "hourtmax": "11:00", "sun": null, "altitude": "32", "prec": "0,0", "latitude": 405729, "hourpresmax": null, "province": "TARRAGONA", "tmed": "13,9", "tmin": "9,5", "presmax": null, "presmin": null, "hourpresmin": null, "date": "2012-02-27", "name": "VANDELL\u00d2S  ", "gust": "17,2", "tmax": "18,3", "longitude": 5217, "avgspeed": "2,5", "dir": "30"}, {"code": "0002I", "hourtmin": "04:00", "hourgust": "14:20", "hourtmax": "14:00", "sun": null, "altitude": "32", "prec": "0,0", "latitude": 405729, "hourpresmax": null, "province": "TARRAGONA", "tmed": "12,0", "tmin": "8,5", "presmax": null, "presmin": null, "hourpresmin": null, "date": "2012-02-28", "name": "VANDELL\u00d2S  ", "gust": "4,2", "tmax": "15,6", "longitude": 5217, "avgspeed": "0,6", "dir": "18"}, {"code": "0002I", "hourtmin": "03:30", "hourgust": "14:40", "hourtmax": "14:00", "sun": null, "altitude": "32", "prec": "0,0", "latitude": 405729, "hourpresmax": null, "province": "TARRAGONA", "tmed": "12,0", "tmin": "7,8", "presmax": null, "presmin": null, "hourpresmin": null, "date": "2012-02-29", "name": "VANDELL\u00d2S  ", "gust": "5,8", "tmax": "16,2", "longitude": 5217, "avgspeed": "0,8", "dir": "18"}, {"code": "0002I", "hourtmin": "06:50", "hourgust": "11:20", "hourtmax": "13:10", "sun": null, "altitude": "32", "prec": "0,0", "latitude": 405729, "hourpresmax": null, "province": "TARRAGONA", "tmed": "11,6", "tmin": "7,3", "presmax": null, "presmin": null, "hourpresmin": null, "date": "2012-03-01", "name": "VANDELL\u00d2S  ", "gust": "4,2", "tmax": "16,0", "longitude": 5217, "avgspeed": "0,3", "dir": "18"}, {"code": "0002I", "hourtmin": "05:30", "hourgust": "17:00", "hourtmax": "12:30", "sun": null, "altitude": "32", "prec": "0,0", "latitude": 405729, "hourpresmax": null, "province": "TARRAGONA", "tmed": "12,8", "tmin": "9,6", "presmax": null, "presmin": null, "hourpresmin": null, "date": "2012-03-02", "name": "VANDELL\u00d2S  ", "gust": "6,9", "tmax": "16,0", "longitude": 5217, "avgspeed": "1,1", "dir": "18"}, {"code": "0002I", "hourtmin": "06:40", "hourgust": "09:20", "hourtmax": "13:50", "sun": null, "altitude": "32", "prec": "0,0", "latitude": 405729, "hourpresmax": null, "province": "TARRAGONA", "tmed": "14,7", "tmin": "8,4", "presmax": null, "presmin": null, "hourpresmin": null, "date": "2012-03-03", "name": "VANDELL\u00d2S  ", "gust": "8,3", "tmax": "21,0", "longitude": 5217, "avgspeed": "1,1", "dir": "30"}, {"code": "0002I", "hourtmin": "23:59", "hourgust": "22:30", "hourtmax": "Varias", "sun": null, "altitude": "32", "prec": "0,0", "latitude": 405729, "hourpresmax": null, "province": "TARRAGONA", "tmed": "16,0", "tmin": "12,0", "presmax": null, "presmin": null, "hourpresmin": null, "date": "2012-03-04", "name": "VANDELL\u00d2S  ", "gust": "21,7", "tmax": "20,1", "longitude": 5217, "avgspeed": "2,8", "dir": "27"}, {"code": "0002I", "hourtmin": "07:10", "hourgust": "01:20", "hourtmax": "13:50", "sun": null, "altitude": "32", "prec": "0,0", "latitude": 405729, "hourpresmax": null, "province": "TARRAGONA", "tmed": "12,2", "tmin": "8,5", "presmax": null, "presmin": null, "hourpresmin": null, "date": "2012-03-05", "name": "VANDELL\u00d2S  ", "gust": "23,6", "tmax": "16,0", "longitude": 5217, "avgspeed": "6,1", "dir": "32"}, {"code": "0002I", "hourtmin": "07:00", "hourgust": "04:10", "hourtmax": "14:50", "sun": null, "altitude": "32", "prec": "0,0", "latitude": 405729, "hourpresmax": null, "province": "TARRAGONA", "tmed": "11,6", "tmin": "6,7", "presmax": null, "presmin": null, "hourpresmin": null, "date": "2012-03-06", "name": "VANDELL\u00d2S  ", "gust": "17,2", "tmax": "16,6", "longitude": 5217, "avgspeed": "4,4", "dir": "30"}, {"code": "0002I", "hourtmin": "Varias", "hourgust": "10:30", "hourtmax": "14:50", "sun": null, "altitude": "32", "prec": "0,0", "latitude": 405729, "hourpresmax": null, "province": "TARRAGONA", "tmed": "12,7", "tmin": "7,9", "presmax": null, "presmin": null, "hourpresmin": null, "date": "2012-03-07", "name": "VANDELL\u00d2S  ", "gust": "14,4", "tmax": "17,5", "longitude": 5217, "avgspeed": "3,3", "dir": "31"}, {"code": "0002I", "hourtmin": "23:59", "hourgust": "22:30", "hourtmax": "13:20", "sun": null, "altitude": "32", "prec": "0,0", "latitude": 405729, "hourpresmax": null, "province": "TARRAGONA", "tmed": "15,1", "tmin": "10,4", "presmax": null, "presmin": null, "hourpresmin": null, "date": "2012-03-08", "name": "VANDELL\u00d2S  ", "gust": "16,7", "tmax": "19,8", "longitude": 5217, "avgspeed": "3,9", "dir": "30"}, {"code": "0002I", "hourtmin": "06:30", "hourgust": "04:40", "hourtmax": "10:50", "sun": null, "altitude": "32", "prec": "0,0", "latitude": 405729, "hourpresmax": null, "province": "TARRAGONA", "tmed": "12,3", "tmin": "8,3", "presmax": null, "presmin": null, "hourpresmin": null, "date": "2012-03-09", "name": "VANDELL\u00d2S  ", "gust": "16,7", "tmax": "16,3", "longitude": 5217, "avgspeed": "2,5", "dir": "32"}, {"code": "0002I", "hourtmin": "02:00", "hourgust": "11:20", "hourtmax": "16:10", "sun": null, "altitude": "32", "prec": "0,0", "latitude": 405729, "hourpresmax": null, "province": "TARRAGONA", "tmed": "13,8", "tmin": "8,5", "presmax": null, "presmin": null, "hourpresmin": null, "date": "2012-03-10", "name": "VANDELL\u00d2S  ", "gust": "13,6", "tmax": "19,2", "longitude": 5217, "avgspeed": "2,8", "dir": "31"}, {"code": "0002I", "hourtmin": null, "hourgust": "07:50", "hourtmax": "15:30", "sun": null, "altitude": "32", "prec": "0,0", "latitude": 405729, "hourpresmax": null, "province": "TARRAGONA", "tmed": "16,0", "tmin": "9,9", "presmax": null, "presmin": null, "hourpresmin": null, "date": "2012-03-11", "name": "VANDELL\u00d2S  ", "gust": "15,8", "tmax": "22,1", "longitude": 5217, "avgspeed": "3,3", "dir": "31"}, {"code": "0002I", "hourtmin": "23:50", "hourgust": "03:40", "hourtmax": "12:30", "sun": null, "altitude": "32", "prec": "0,0", "latitude": 405729, "hourpresmax": null, "province": "TARRAGONA", "tmed": "13,8", "tmin": "9,5", "presmax": null, "presmin": null, "hourpresmin": null, "date": "2012-03-12", "name": "VANDELL\u00d2S  ", "gust": "12,8", "tmax": "18,0", "longitude": 5217, "avgspeed": "1,1", "dir": "30"}, {"code": "0002I", "hourtmin": "05:50", "hourgust": "16:20", "hourtmax": "15:20", "sun": null, "altitude": "32", "prec": "0,0", "latitude": 405729, "hourpresmax": null, "province": "TARRAGONA", "tmed": "14,4", "tmin": "8,5", "presmax": null, "presmin": null, "hourpresmin": null, "date": "2012-03-13", "name": "VANDELL\u00d2S  ", "gust": "5,0", "tmax": "20,3", "longitude": 5217, "avgspeed": "1,4", "dir": "19"}, {"code": "0002I", "hourtmin": "06:20", "hourgust": "12:30", "hourtmax": "Varias", "sun": null, "altitude": "32", "prec": "0,0", "latitude": 405729, "hourpresmax": null, "province": "TARRAGONA", "tmed": "13,3", "tmin": "8,6", "presmax": null, "presmin": null, "hourpresmin": null, "date": "2012-03-14", "name": "VANDELL\u00d2S  ", "gust": "3,6", "tmax": "18,0", "longitude": 5217, "avgspeed": "0,6", "dir": "20"}, {"code": "0002I", "hourtmin": "03:20", "hourgust": "14:20", "hourtmax": "13:50", "sun": null, "altitude": "32", "prec": "0,0", "latitude": 405729, "hourpresmax": null, "province": "TARRAGONA", "tmed": "12,4", "tmin": "8,4", "presmax": null, "presmin": null, "hourpresmin": null, "date": "2012-03-15", "name": "VANDELL\u00d2S  ", "gust": "4,4", "tmax": "16,3", "longitude": 5217, "avgspeed": "0,8", "dir": "14"}, {"code": "0002I", "hourtmin": "05:00", "hourgust": "12:10", "hourtmax": "14:10", "sun": null, "altitude": "32", "prec": "0,0", "latitude": 405729, "hourpresmax": null, "province": "TARRAGONA", "tmed": "12,6", "tmin": "7,5", "presmax": null, "presmin": null, "hourpresmin": null, "date": "2012-03-16", "name": "VANDELL\u00d2S  ", "gust": "5,0", "tmax": "17,8", "longitude": 5217, "avgspeed": "1,1", "dir": "10"}, {"code": "0002I", "hourtmin": "02:00", "hourgust": "13:20", "hourtmax": "12:00", "sun": null, "altitude": "32", "prec": "0,0", "latitude": 405729, "hourpresmax": null, "province": "TARRAGONA", "tmed": "13,4", "tmin": "10,2", "presmax": null, "presmin": null, "hourpresmin": null, "date": "2012-03-17", "name": "VANDELL\u00d2S  ", "gust": "5,0", "tmax": "16,7", "longitude": 5217, "avgspeed": "1,1", "dir": "19"}, {"code": "0002I", "hourtmin": "03:40", "hourgust": "07:20", "hourtmax": "16:10", "sun": null, "altitude": "32", "prec": "0,0", "latitude": 405729, "hourpresmax": null, "province": "TARRAGONA", "tmed": "14,6", "tmin": "9,3", "presmax": null, "presmin": null, "hourpresmin": null, "date": "2012-03-18", "name": "VANDELL\u00d2S  ", "gust": "15,0", "tmax": "19,9", "longitude": 5217, "avgspeed": "3,1", "dir": "33"}, {"code": "0002I", "hourtmin": "22:40", "hourgust": "06:40", "hourtmax": "13:10", "sun": null, "altitude": "32", "prec": "27,9", "latitude": 405729, "hourpresmax": null, "province": "TARRAGONA", "tmed": "12,4", "tmin": "6,9", "presmax": null, "presmin": null, "hourpresmin": null, "date": "2012-03-19", "name": "VANDELL\u00d2S  ", "gust": "16,1", "tmax": "18,0", "longitude": 5217, "avgspeed": "2,2", "dir": "31"}, {"code": "0002I", "hourtmin": "02:50", "hourgust": "18:20", "hourtmax": "12:00", "sun": null, "altitude": "32", "prec": "23,1", "latitude": 405729, "hourpresmax": null, "province": "TARRAGONA", "tmed": "11,9", "tmin": "7,5", "presmax": null, "presmin": null, "hourpresmin": null, "date": "2012-03-20", "name": "VANDELL\u00d2S  ", "gust": "12,5", "tmax": "16,3", "longitude": 5217, "avgspeed": "2,2", "dir": "08"}, {"code": "0002I", "hourtmin": null, "hourgust": "05:30", "hourtmax": "08:00", "sun": null, "altitude": "32", "prec": "36,5", "latitude": 405729, "hourpresmax": null, "province": "TARRAGONA", "tmed": "10,4", "tmin": "8,0", "presmax": null, "presmin": null, "hourpresmin": null, "date": "2012-03-21", "name": "VANDELL\u00d2S  ", "gust": "12,8", "tmax": "12,9", "longitude": 5217, "avgspeed": "1,4", "dir": "07"}, {"code": "0002I", "hourtmin": "23:59", "hourgust": "07:10", "hourtmax": "13:10", "sun": null, "altitude": "32", "prec": "0,0", "latitude": 405729, "hourpresmax": null, "province": "TARRAGONA", "tmed": "13,8", "tmin": "9,3", "presmax": null, "presmin": null, "hourpresmin": null, "date": "2012-03-22", "name": "VANDELL\u00d2S  ", "gust": "12,8", "tmax": "18,3", "longitude": 5217, "avgspeed": "2,8", "dir": "31"}, {"code": "0002I", "hourtmin": "04:40", "hourgust": "12:50", "hourtmax": "14:10", "sun": null, "altitude": "32", "prec": "0,0", "latitude": 405729, "hourpresmax": null, "province": "TARRAGONA", "tmed": "12,4", "tmin": "7,3", "presmax": null, "presmin": null, "hourpresmin": null, "date": "2012-03-23", "name": "VANDELL\u00d2S  ", "gust": "5,3", "tmax": "17,4", "longitude": 5217, "avgspeed": "0,6", "dir": "11"}, {"code": "0002I", "hourtmin": "03:30", "hourgust": "09:30", "hourtmax": "14:50", "sun": null, "altitude": "32", "prec": "0,0", "latitude": 405729, "hourpresmax": null, "province": "TARRAGONA", "tmed": "13,8", "tmin": "8,8", "presmax": null, "presmin": null, "hourpresmin": null, "date": "2012-03-24", "name": "VANDELL\u00d2S  ", "gust": "4,4", "tmax": "18,8", "longitude": 5217, "avgspeed": "0,3", "dir": "10"}, {"code": "0002I", "hourtmin": "06:00", "hourgust": "15:50", "hourtmax": "11:50", "sun": null, "altitude": "32", "prec": "0,0", "latitude": 405729, "hourpresmax": null, "province": "TARRAGONA", "tmed": "14,6", "tmin": "9,6", "presmax": null, "presmin": null, "hourpresmin": null, "date": "2012-03-25", "name": "VANDELL\u00d2S  ", "gust": "5,8", "tmax": "19,6", "longitude": 5217, "avgspeed": "1,1", "dir": "18"}, {"code": "0002I", "hourtmin": "06:00", "hourgust": "15:30", "hourtmax": "13:20", "sun": null, "altitude": "32", "prec": "0,0", "latitude": 405729, "hourpresmax": null, "province": "TARRAGONA", "tmed": "14,6", "tmin": "9,6", "presmax": null, "presmin": null, "hourpresmin": null, "date": "2012-03-26", "name": "VANDELL\u00d2S  ", "gust": "7,5", "tmax": "19,7", "longitude": 5217, "avgspeed": "1,4", "dir": "02"}, {"code": "0002I", "hourtmin": "06:00", "hourgust": "12:20", "hourtmax": "14:30", "sun": null, "altitude": "32", "prec": "0,0", "latitude": 405729, "hourpresmax": null, "province": "TARRAGONA", "tmed": "16,4", "tmin": "11,1", "presmax": null, "presmin": null, "hourpresmin": null, "date": "2012-03-27", "name": "VANDELL\u00d2S  ", "gust": "4,2", "tmax": "21,7", "longitude": 5217, "avgspeed": "0,6", "dir": "13"}, {"code": "0002I", "hourtmin": "04:50", "hourgust": "10:10", "hourtmax": "13:00", "sun": null, "altitude": "32", "prec": "0,0", "latitude": 405729, "hourpresmax": null, "province": "TARRAGONA", "tmed": "16,8", "tmin": "11,7", "presmax": null, "presmin": null, "hourpresmin": null, "date": "2012-03-28", "name": "VANDELL\u00d2S  ", "gust": "3,9", "tmax": "21,8", "longitude": 5217, "avgspeed": "0,6", "dir": "14"}, {"code": "0002I", "hourtmin": "05:50", "hourgust": "12:00", "hourtmax": "13:30", "sun": null, "altitude": "32", "prec": "0,0", "latitude": 405729, "hourpresmax": null, "province": "TARRAGONA", "tmed": "15,4", "tmin": "10,3", "presmax": null, "presmin": null, "hourpresmin": null, "date": "2012-03-29", "name": "VANDELL\u00d2S  ", "gust": "4,2", "tmax": "20,4", "longitude": 5217, "avgspeed": "1,1", "dir": "11"}, {"code": "0002I", "hourtmin": "01:40", "hourgust": "08:50", "hourtmax": "14:10", "sun": null, "altitude": "32", "prec": "0,0", "latitude": 405729, "hourpresmax": null, "province": "TARRAGONA", "tmed": "19,8", "tmin": "11,6", "presmax": null, "presmin": null, "hourpresmin": null, "date": "2012-03-30", "name": "VANDELL\u00d2S  ", "gust": "12,5", "tmax": "28,1", "longitude": 5217, "avgspeed": "2,8", "dir": "31"}, {"code": "0002I", "hourtmin": "23:00", "hourgust": "Varias", "hourtmax": "13:20", "sun": null, "altitude": "32", "prec": "0,0", "latitude": 405729, "hourpresmax": null, "province": "TARRAGONA", "tmed": "16,7", "tmin": "12,6", "presmax": null, "presmin": null, "hourpresmin": null, "date": "2012-03-31", "name": "VANDELL\u00d2S  ", "gust": "5,3", "tmax": "20,8", "longitude": 5217, "avgspeed": "1,1", "dir": "99"}, {"code": "0002I", "hourtmin": "03:10", "hourgust": "14:50", "hourtmax": "12:50", "sun": null, "altitude": "32", "prec": "0,0", "latitude": 405729, "hourpresmax": null, "province": "TARRAGONA", "tmed": "16,2", "tmin": "11,9", "presmax": null, "presmin": null, "hourpresmin": null, "date": "2012-04-01", "name": "VANDELL\u00d2S  ", "gust": "4,4", "tmax": "20,6", "longitude": 5217, "avgspeed": "1,1", "dir": "11"}, {"code": "0002I", "hourtmin": "06:10", "hourgust": "09:20", "hourtmax": "12:40", "sun": null, "altitude": "32", "prec": "0,0", "latitude": 405729, "hourpresmax": null, "province": "TARRAGONA", "tmed": "15,0", "tmin": "10,9", "presmax": null, "presmin": null, "hourpresmin": null, "date": "2012-04-02", "name": "VANDELL\u00d2S  ", "gust": "4,2", "tmax": "19,2", "longitude": 5217, "avgspeed": "0,8", "dir": "08"}, {"code": "0002I", "hourtmin": "21:00", "hourgust": "20:10", "hourtmax": "14:10", "sun": null, "altitude": "32", "prec": "18,1", "latitude": 405729, "hourpresmax": null, "province": "TARRAGONA", "tmed": "15,8", "tmin": "12,2", "presmax": null, "presmin": null, "hourpresmin": null, "date": "2012-04-03", "name": "VANDELL\u00d2S  ", "gust": "6,7", "tmax": "19,5", "longitude": 5217, "avgspeed": "1,4", "dir": "18"}, {"code": "0002I", "hourtmin": "02:20", "hourgust": "06:50", "hourtmax": "13:00", "sun": null, "altitude": "32", "prec": "14,3", "latitude": 405729, "hourpresmax": null, "province": "TARRAGONA", "tmed": "14,9", "tmin": "12,3", "presmax": null, "presmin": null, "hourpresmin": null, "date": "2012-04-04", "name": "VANDELL\u00d2S  ", "gust": "10,0", "tmax": "17,5", "longitude": 5217, "avgspeed": "2,2", "dir": "31"}, {"code": "0002I", "hourtmin": "06:40", "hourgust": "09:00", "hourtmax": "11:30", "sun": null, "altitude": "32", "prec": "29,8", "latitude": 405729, "hourpresmax": null, "province": "TARRAGONA", "tmed": "13,8", "tmin": "11,1", "presmax": null, "presmin": null, "hourpresmin": null, "date": "2012-04-05", "name": "VANDELL\u00d2S  ", "gust": "7,5", "tmax": "16,5", "longitude": 5217, "avgspeed": "1,7", "dir": "05"}, {"code": "0002I", "hourtmin": null, "hourgust": null, "hourtmax": null, "sun": null, "altitude": "32", "prec": "2,0", "latitude": 405729, "hourpresmax": null, "province": "TARRAGONA", "presmax": null, "presmin": null, "hourpresmin": null, "date": "2012-04-06", "name": "VANDELL\u00d2S  ", "gust": null, "longitude": 5217, "avgspeed": null}, {"code": "0002I", "hourtmin": null, "hourgust": null, "hourtmax": null, "sun": null, "altitude": "32", "prec": "0,0", "latitude": 405729, "hourpresmax": null, "province": "TARRAGONA", "presmax": null, "presmin": null, "hourpresmin": null, "date": "2012-04-07", "name": "VANDELL\u00d2S  ", "gust": null, "longitude": 5217, "avgspeed": null}, {"code": "0002I", "hourtmin": null, "hourgust": null, "hourtmax": null, "sun": null, "altitude": "32", "prec": "0,0", "latitude": 405729, "hourpresmax": null, "province": "TARRAGONA", "presmax": null, "presmin": null, "hourpresmin": null, "date": "2012-04-08", "name": "VANDELL\u00d2S  ", "gust": null, "longitude": 5217, "avgspeed": null}, {"code": "0002I", "hourtmin": null, "hourgust": null, "hourtmax": null, "sun": null, "altitude": "32", "prec": "0,0", "latitude": 405729, "hourpresmax": null, "province": "TARRAGONA", "presmax": null, "presmin": null, "hourpresmin": null, "date": "2012-04-09", "name": "VANDELL\u00d2S  ", "gust": null, "longitude": 5217, "avgspeed": null}, {"code": "0002I", "hourtmin": null, "hourgust": null, "hourtmax": null, "sun": null, "altitude": "32", "prec": "1,8", "latitude": 405729, "hourpresmax": null, "province": "TARRAGONA", "presmax": null, "presmin": null, "hourpresmin": null, "date": "2012-04-10", "name": "VANDELL\u00d2S  ", "gust": null, "longitude": 5217, "avgspeed": null}, {"code": "0002I", "hourtmin": "23:59", "hourgust": "23:30", "hourtmax": "15:10", "sun": null, "altitude": "32", "prec": "0,3", "latitude": 405729, "hourpresmax": null, "province": "TARRAGONA", "tmed": "15,4", "tmin": "12,5", "presmax": null, "presmin": null, "hourpresmin": null, "date": "2012-04-12", "name": "VANDELL\u00d2S  ", "gust": "12,2", "tmax": "18,2", "longitude": 5217, "avgspeed": "1,7", "dir": "32"}, {"code": "0002I", "hourtmin": "06:00", "hourgust": "04:30", "hourtmax": "16:10", "sun": null, "altitude": "32", "prec": "0,0", "latitude": 405729, "hourpresmax": null, "province": "TARRAGONA", "tmed": "15,0", "tmin": "10,4", "presmax": null, "presmin": null, "hourpresmin": null, "date": "2012-04-13", "name": "VANDELL\u00d2S  ", "gust": "17,8", "tmax": "19,7", "longitude": 5217, "avgspeed": "5,0", "dir": "31"}, {"code": "0002I", "hourtmin": "05:50", "hourgust": "20:30", "hourtmax": "12:30", "sun": null, "altitude": "32", "prec": "6,5", "latitude": 405729, "hourpresmax": null, "province": "TARRAGONA", "tmed": "13,6", "tmin": "10,3", "presmax": null, "presmin": null, "hourpresmin": null, "date": "2012-04-14", "name": "VANDELL\u00d2S  ", "gust": "15,0", "tmax": "16,8", "longitude": 5217, "avgspeed": "1,9", "dir": "24"}, {"code": "0002I", "hourtmin": "05:50", "hourgust": "01:40", "hourtmax": "14:40", "sun": null, "altitude": "32", "prec": "0,0", "latitude": 405729, "hourpresmax": null, "province": "TARRAGONA", "tmed": "14,4", "tmin": "9,5", "presmax": null, "presmin": null, "hourpresmin": null, "date": "2012-04-15", "name": "VANDELL\u00d2S  ", "gust": "19,4", "tmax": "19,4", "longitude": 5217, "avgspeed": "3,9", "dir": "32"}, {"code": "0002I", "hourtmin": "23:40", "hourgust": "02:40", "hourtmax": "15:00", "sun": null, "altitude": "32", "prec": "0,0", "latitude": 405729, "hourpresmax": null, "province": "TARRAGONA", "tmed": "13,3", "tmin": "9,2", "presmax": null, "presmin": null, "hourpresmin": null, "date": "2012-04-16", "name": "VANDELL\u00d2S  ", "gust": "25,0", "tmax": "17,4", "longitude": 5217, "avgspeed": "7,2", "dir": "34"}, {"code": "0002I", "hourtmin": "04:10", "hourgust": "04:30", "hourtmax": "14:00", "sun": null, "altitude": "32", "prec": "0,0", "latitude": 405729, "hourpresmax": null, "province": "TARRAGONA", "tmed": "14,2", "tmin": "7,8", "presmax": null, "presmin": null, "hourpresmin": null, "date": "2012-04-17", "name": "VANDELL\u00d2S  ", "gust": "21,4", "tmax": "20,7", "longitude": 5217, "avgspeed": "5,0", "dir": "32"}, {"code": "0002I", "hourtmin": "00:30", "hourgust": "09:30", "hourtmax": "13:50", "sun": null, "altitude": "32", "prec": "0,0", "latitude": 405729, "hourpresmax": null, "province": "TARRAGONA", "tmed": "16,0", "tmin": "12,0", "presmax": null, "presmin": null, "hourpresmin": null, "date": "2012-04-18", "name": "VANDELL\u00d2S  ", "gust": "17,2", "tmax": "20,1", "longitude": 5217, "avgspeed": "1,9", "dir": "26"}, {"code": "0002I", "hourtmin": "22:50", "hourgust": "07:00", "hourtmax": "12:30", "sun": null, "altitude": "32", "prec": "1,7", "latitude": 405729, "hourpresmax": null, "province": "TARRAGONA", "tmed": "17,1", "tmin": "13,4", "presmax": null, "presmin": null, "hourpresmin": null, "date": "2012-04-19", "name": "VANDELL\u00d2S  ", "gust": "17,2", "tmax": "20,8", "longitude": 5217, "avgspeed": "3,1", "dir": "25"}, {"code": "0002I", "hourtmin": "04:40", "hourgust": "05:30", "hourtmax": "11:50", "sun": null, "altitude": "32", "prec": "0,0", "latitude": 405729, "hourpresmax": null, "province": "TARRAGONA", "tmed": "16,6", "tmin": "11,2", "presmax": null, "presmin": null, "hourpresmin": null, "date": "2012-04-20", "name": "VANDELL\u00d2S  ", "gust": "12,2", "tmax": "22,0", "longitude": 5217, "avgspeed": "2,2", "dir": "29"}, {"code": "0002I", "hourtmin": "04:20", "hourgust": "23:59", "hourtmax": "14:50", "sun": null, "altitude": "32", "prec": "0,0", "latitude": 405729, "hourpresmax": null, "province": "TARRAGONA", "tmed": "17,6", "tmin": "13,2", "presmax": null, "presmin": null, "hourpresmin": null, "date": "2012-04-21", "name": "VANDELL\u00d2S  ", "gust": "8,9", "tmax": "21,9", "longitude": 5217, "avgspeed": "1,9", "dir": "32"}, {"code": "0002I", "hourtmin": "05:30", "hourgust": "02:40", "hourtmax": "11:00", "sun": null, "altitude": "32", "prec": "0,2", "latitude": 405729, "hourpresmax": null, "province": "TARRAGONA", "tmed": "17,2", "tmin": "13,8", "presmax": null, "presmin": null, "hourpresmin": null, "date": "2012-04-22", "name": "VANDELL\u00d2S  ", "gust": "10,8", "tmax": "20,5", "longitude": 5217, "avgspeed": "1,7", "dir": "31"}, {"code": "0002I", "hourtmin": "01:50", "hourgust": "23:50", "hourtmax": "15:50", "sun": null, "altitude": "32", "prec": "0,0", "latitude": 405729, "hourpresmax": null, "province": "TARRAGONA", "tmed": "15,8", "tmin": "13,3", "presmax": null, "presmin": null, "hourpresmin": null, "date": "2012-04-23", "name": "VANDELL\u00d2S  ", "gust": "8,3", "tmax": "18,2", "longitude": 5217, "avgspeed": "1,9", "dir": "32"}, {"code": "0002I", "hourtmin": "05:40", "hourgust": "11:10", "hourtmax": "16:20", "sun": null, "altitude": "32", "prec": "0,0", "latitude": 405729, "hourpresmax": null, "province": "TARRAGONA", "tmed": "16,7", "tmin": "11,7", "presmax": null, "presmin": null, "hourpresmin": null, "date": "2012-04-24", "name": "VANDELL\u00d2S  ", "gust": "14,7", "tmax": "21,7", "longitude": 5217, "avgspeed": "1,7", "dir": "21"}, {"code": "0002I", "hourtmin": "00:50", "hourgust": "02:20", "hourtmax": "13:10", "sun": null, "altitude": "32", "prec": "0,0", "latitude": 405729, "hourpresmax": null, "province": "TARRAGONA", "tmed": "16,4", "tmin": "13,3", "presmax": null, "presmin": null, "hourpresmin": null, "date": "2012-04-25", "name": "VANDELL\u00d2S  ", "gust": "6,1", "tmax": "19,4", "longitude": 5217, "avgspeed": "1,4", "dir": "24"}, {"code": "0002I", "hourtmin": "05:00", "hourgust": "16:40", "hourtmax": "15:00", "sun": null, "altitude": "32", "prec": "0,0", "latitude": 405729, "hourpresmax": null, "province": "TARRAGONA", "tmed": "17,6", "tmin": "14,5", "presmax": null, "presmin": null, "hourpresmin": null, "date": "2012-04-26", "name": "VANDELL\u00d2S  ", "gust": "6,7", "tmax": "20,8", "longitude": 5217, "avgspeed": "1,7", "dir": "07"}, {"code": "0002I", "hourtmin": "00:20", "hourgust": "Varias", "hourtmax": "09:00", "sun": null, "altitude": "32", "prec": "0,0", "latitude": 405729, "hourpresmax": null, "province": "TARRAGONA", "tmed": "18,0", "tmin": "15,2", "presmax": null, "presmin": null, "hourpresmin": null, "date": "2012-04-27", "name": "VANDELL\u00d2S  ", "gust": "8,9", "tmax": "20,7", "longitude": 5217, "avgspeed": "1,9", "dir": "02"}, {"code": "0002I", "hourtmin": "22:50", "hourgust": "10:00", "hourtmax": "14:20", "sun": null, "altitude": "32", "prec": "21,8", "latitude": 405729, "hourpresmax": null, "province": "TARRAGONA", "tmed": "15,7", "tmin": "12,7", "presmax": null, "presmin": null, "hourpresmin": null, "date": "2012-04-28", "name": "VANDELL\u00d2S  ", "gust": "10,3", "tmax": "18,7", "longitude": 5217, "avgspeed": "1,9", "dir": "06"}, {"code": "0002I", "hourtmin": "03:20", "hourgust": "01:40", "hourtmax": "10:10", "sun": null, "altitude": "32", "prec": "0,5", "latitude": 405729, "hourpresmax": null, "province": "TARRAGONA", "tmed": "15,8", "tmin": "12,3", "presmax": null, "presmin": null, "hourpresmin": null, "date": "2012-04-29", "name": "VANDELL\u00d2S  ", "gust": "10,8", "tmax": "19,2", "longitude": 5217, "avgspeed": "0,8", "dir": "28"}, {"code": "0002I", "hourtmin": "23:59", "hourgust": "08:30", "hourtmax": "12:10", "sun": null, "altitude": "32", "prec": "0,0", "latitude": 405729, "hourpresmax": null, "province": "TARRAGONA", "tmed": "14,7", "tmin": "11,3", "presmax": null, "presmin": null, "hourpresmin": null, "date": "2012-04-30", "name": "VANDELL\u00d2S  ", "gust": "11,1", "tmax": "18,1", "longitude": 5217, "avgspeed": "1,9", "dir": "24"}, {"code": "0002I", "hourtmin": "04:50", "hourgust": "07:50", "hourtmax": "13:50", "sun": null, "altitude": "32", "prec": "0,0", "latitude": 405729, "hourpresmax": null, "province": "TARRAGONA", "tmed": "14,8", "tmin": "10,0", "presmax": null, "presmin": null, "hourpresmin": null, "date": "2012-05-01", "name": "VANDELL\u00d2S  ", "gust": "4,7", "tmax": "19,6", "longitude": 5217, "avgspeed": "1,1", "dir": "08"}, {"code": "0002I", "hourtmin": "04:50", "hourgust": "14:00", "hourtmax": "15:00", "sun": null, "altitude": "32", "prec": "0,0", "latitude": 405729, "hourpresmax": null, "province": "TARRAGONA", "tmed": "15,3", "tmin": "10,8", "presmax": null, "presmin": null, "hourpresmin": null, "date": "2012-05-02", "name": "VANDELL\u00d2S  ", "gust": "5,3", "tmax": "19,8", "longitude": 5217, "avgspeed": "1,1", "dir": "17"}, {"code": "0002I", "hourtmin": "04:40", "hourgust": "14:00", "hourtmax": "11:00", "sun": null, "altitude": "32", "prec": "0,0", "latitude": 405729, "hourpresmax": null, "province": "TARRAGONA", "tmed": "15,6", "tmin": "11,6", "presmax": null, "presmin": null, "hourpresmin": null, "date": "2012-05-03", "name": "VANDELL\u00d2S  ", "gust": "6,7", "tmax": "19,7", "longitude": 5217, "avgspeed": "1,7", "dir": "18"}, {"code": "0002I", "hourtmin": "02:30", "hourgust": "15:20", "hourtmax": "16:50", "sun": null, "altitude": "32", "prec": "1,2", "latitude": 405729, "hourpresmax": null, "province": "TARRAGONA", "tmed": "18,6", "tmin": "13,7", "presmax": null, "presmin": null, "hourpresmin": null, "date": "2012-05-04", "name": "VANDELL\u00d2S  ", "gust": "5,3", "tmax": "23,4", "longitude": 5217, "avgspeed": "1,1", "dir": "28"}, {"code": "0002I", "hourtmin": "23:30", "hourgust": "02:40", "hourtmax": "15:00", "sun": null, "altitude": "32", "prec": "0,0", "latitude": 405729, "hourpresmax": null, "province": "TARRAGONA", "tmed": "18,4", "tmin": "15,1", "presmax": null, "presmin": null, "hourpresmin": null, "date": "2012-05-05", "name": "VANDELL\u00d2S  ", "gust": "10,0", "tmax": "21,7", "longitude": 5217, "avgspeed": "1,9", "dir": "32"}, {"code": "0002I", "hourtmin": "22:00", "hourgust": "08:30", "hourtmax": "13:00", "sun": null, "altitude": "32", "prec": "0,0", "latitude": 405729, "hourpresmax": null, "province": "TARRAGONA", "tmed": "19,9", "tmin": "14,7", "presmax": null, "presmin": null, "hourpresmin": null, "date": "2012-05-06", "name": "VANDELL\u00d2S  ", "gust": "12,5", "tmax": "25,1", "longitude": 5217, "avgspeed": "1,9", "dir": "31"}, {"code": "0002I", "hourtmin": "04:40", "hourgust": "14:20", "hourtmax": "16:00", "sun": null, "altitude": "32", "prec": "0,0", "latitude": 405729, "hourpresmax": null, "province": "TARRAGONA", "tmed": "17,2", "tmin": "12,8", "presmax": null, "presmin": null, "hourpresmin": null, "date": "2012-05-07", "name": "VANDELL\u00d2S  ", "gust": "5,8", "tmax": "21,5", "longitude": 5217, "avgspeed": "1,4", "dir": "19"}, {"code": "0002I", "hourtmin": "01:20", "hourgust": "Varias", "hourtmax": "14:20", "sun": null, "altitude": "32", "prec": "0,1", "latitude": 405729, "hourpresmax": null, "province": "TARRAGONA", "tmed": "18,6", "tmin": "14,3", "presmax": null, "presmin": null, "hourpresmin": null, "date": "2012-05-08", "name": "VANDELL\u00d2S  ", "gust": "3,9", "tmax": "22,8", "longitude": 5217, "avgspeed": "0,8", "dir": "99"}, {"code": "0002I", "hourtmin": "03:20", "hourgust": "12:50", "hourtmax": "14:30", "sun": null, "altitude": "32", "prec": "0,0", "latitude": 405729, "hourpresmax": null, "province": "TARRAGONA", "tmed": "19,1", "tmin": "15,3", "presmax": null, "presmin": null, "hourpresmin": null, "date": "2012-05-09", "name": "VANDELL\u00d2S  ", "gust": "5,8", "tmax": "22,9", "longitude": 5217, "avgspeed": "1,4", "dir": "08"}, {"code": "0002I", "hourtmin": "03:20", "hourgust": "Varias", "hourtmax": "14:20", "sun": null, "altitude": "32", "prec": "0,0", "latitude": 405729, "hourpresmax": null, "province": "TARRAGONA", "tmed": "19,5", "tmin": "15,2", "presmax": null, "presmin": null, "hourpresmin": null, "date": "2012-05-10", "name": "VANDELL\u00d2S  ", "gust": "3,9", "tmax": "23,8", "longitude": 5217, "avgspeed": "1,4", "dir": "99"}, {"code": "0002I", "hourtmin": "02:40", "hourgust": "13:10", "hourtmax": "15:50", "sun": null, "altitude": "32", "prec": "0,0", "latitude": 405729, "hourpresmax": null, "province": "TARRAGONA", "tmed": "20,2", "tmin": "15,7", "presmax": null, "presmin": null, "hourpresmin": null, "date": "2012-05-11", "name": "VANDELL\u00d2S  ", "gust": "5,6", "tmax": "24,8", "longitude": 5217, "avgspeed": "1,7", "dir": "19"}, {"code": "0002I", "hourtmin": "05:40", "hourgust": "12:10", "hourtmax": "14:40", "sun": null, "altitude": "32", "prec": "0,0", "latitude": 405729, "hourpresmax": null, "province": "TARRAGONA", "tmed": "21,1", "tmin": "16,2", "presmax": null, "presmin": null, "hourpresmin": null, "date": "2012-05-12", "name": "VANDELL\u00d2S  ", "gust": "6,7", "tmax": "26,0", "longitude": 5217, "avgspeed": "1,4", "dir": "16"}, {"code": "0002I", "hourtmin": "23:59", "hourgust": "19:20", "hourtmax": "13:20", "sun": null, "altitude": "32", "prec": "0,0", "latitude": 405729, "hourpresmax": null, "province": "TARRAGONA", "tmed": "20,6", "tmin": "17,0", "presmax": null, "presmin": null, "hourpresmin": null, "date": "2012-05-13", "name": "VANDELL\u00d2S  ", "gust": "8,9", "tmax": "24,3", "longitude": 5217, "avgspeed": "1,9", "dir": "04"}, {"province": "TARRAGONA", "hourtmax": null, "presmin": null, "code": "0002I", "name": "VANDELL\u00d2S  ", "presmax": null, "gust": null, "altitude": "32", "longitude": 5217, "hourpresmax": null, "date": "2012-05-14", "hourpresmin": null, "hourtmin": null, "avgspeed": "1,9", "latitude": 405729, "sun": null, "hourgust": null}, {"code": "0002I", "hourtmin": "05:40", "hourgust": "08:00", "hourtmax": "13:50", "sun": null, "altitude": "32", "prec": "0,0", "latitude": 405729, "hourpresmax": null, "province": "TARRAGONA", "tmed": "21,2", "tmin": "16,2", "presmax": null, "presmin": null, "hourpresmin": null, "date": "2012-05-15", "name": "VANDELL\u00d2S  ", "gust": "15,6", "tmax": "26,3", "longitude": 5217, "avgspeed": "1,9", "dir": "29"}, {"code": "0002I", "hourtmin": "04:30", "hourgust": "01:50", "hourtmax": "10:10", "sun": null, "altitude": "32", "prec": "1,7", "latitude": 405729, "hourpresmax": null, "province": "TARRAGONA", "tmed": "17,6", "tmin": "13,3", "presmax": null, "presmin": null, "hourpresmin": null, "date": "2012-05-16", "name": "VANDELL\u00d2S  ", "gust": "14,7", "tmax": "21,9", "longitude": 5217, "avgspeed": "2,8", "dir": "24"}, {"code": "0002I", "hourtmin": "02:30", "hourgust": "10:30", "hourtmax": "13:30", "sun": null, "altitude": "32", "prec": "0,1", "latitude": 405729, "hourpresmax": null, "province": "TARRAGONA", "tmed": "16,8", "tmin": "15,4", "presmax": null, "presmin": null, "hourpresmin": null, "date": "2012-05-17", "name": "VANDELL\u00d2S  ", "gust": "6,4", "tmax": "18,2", "longitude": 5217, "avgspeed": "1,7", "dir": "17"}, {"code": "0002I", "hourtmin": "23:59", "hourgust": "22:30", "hourtmax": "13:50", "sun": null, "altitude": "32", "prec": "0,1", "latitude": 405729, "hourpresmax": null, "province": "TARRAGONA", "tmed": "19,4", "tmin": "16,7", "presmax": null, "presmin": null, "hourpresmin": null, "date": "2012-05-18", "name": "VANDELL\u00d2S  ", "gust": "10,6", "tmax": "22,2", "longitude": 5217, "avgspeed": "1,7", "dir": "06"}, {"code": "0002I", "hourtmin": "05:00", "hourgust": "00:20", "hourtmax": "10:10", "sun": null, "altitude": "32", "prec": "1,8", "latitude": 405729, "hourpresmax": null, "province": "TARRAGONA", "tmed": "18,4", "tmin": "15,9", "presmax": null, "presmin": null, "hourpresmin": null, "date": "2012-05-19", "name": "VANDELL\u00d2S  ", "gust": "10,3", "tmax": "20,8", "longitude": 5217, "avgspeed": "1,7", "dir": "03"}, {"province": "TARRAGONA", "hourtmax": null, "presmin": null, "code": "0002I", "name": "VANDELL\u00d2S  ", "presmax": null, "gust": null, "altitude": "32", "longitude": 5217, "hourpresmax": null, "date": "2012-05-20", "hourpresmin": null, "hourtmin": null, "avgspeed": "4,7", "latitude": 405729, "sun": null, "hourgust": null}, {"code": "0002I", "hourtmin": null, "hourgust": "76:30", "hourtmax": null, "sun": null, "altitude": "32", "latitude": 405729, "hourpresmax": null, "province": "TARRAGONA", "presmax": null, "presmin": null, "hourpresmin": null, "date": "2012-05-21", "name": "VANDELL\u00d2S  ", "gust": "23,9", "longitude": 5217, "avgspeed": "7,2", "dir": "27"}, {"code": "0002I", "hourtmin": null, "hourgust": "69:30", "hourtmax": null, "sun": null, "altitude": "32", "latitude": 405729, "hourpresmax": null, "province": "TARRAGONA", "presmax": null, "presmin": null, "hourpresmin": null, "date": "2012-05-22", "name": "VANDELL\u00d2S  ", "gust": "23,6", "longitude": 5217, "avgspeed": "6,1", "dir": "35"}, {"code": "0002I", "hourtmin": "04:10", "hourgust": "02:50", "hourtmax": "13:20", "sun": null, "altitude": "32", "prec": "0,0", "latitude": 405729, "hourpresmax": null, "province": "TARRAGONA", "tmed": "22,2", "tmin": "16,5", "presmax": null, "presmin": null, "hourpresmin": null, "date": "2012-05-23", "name": "VANDELL\u00d2S  ", "gust": "19,2", "tmax": "27,9", "longitude": 5217, "avgspeed": "3,1", "dir": "30"}, {"province": "TARRAGONA", "hourtmax": null, "presmin": null, "code": "0002I", "name": "VANDELL\u00d2S  ", "presmax": null, "gust": null, "altitude": "32", "longitude": 5217, "hourpresmax": null, "date": "2012-05-24", "hourpresmin": null, "hourtmin": null, "avgspeed": "1,9", "latitude": 405729, "sun": null, "hourgust": null}, {"code": "0002I", "hourtmin": "03:00", "hourgust": "09:50", "hourtmax": "12:10", "sun": null, "altitude": "32", "prec": "0,0", "latitude": 405729, "hourpresmax": null, "province": "TARRAGONA", "tmed": "19,6", "tmin": "15,2", "presmax": null, "presmin": null, "hourpresmin": null, "date": "2012-05-25", "name": "VANDELL\u00d2S  ", "gust": "5,3", "tmax": "24,1", "longitude": 5217, "avgspeed": "1,4", "dir": "19"}, {"code": "0002I", "hourtmin": "04:50", "hourgust": "Varias", "hourtmax": "11:30", "sun": null, "altitude": "32", "prec": "0,0", "latitude": 405729, "hourpresmax": null, "province": "TARRAGONA", "tmed": "19,8", "tmin": "16,2", "presmax": null, "presmin": null, "hourpresmin": null, "date": "2012-05-26", "name": "VANDELL\u00d2S  ", "gust": "4,2", "tmax": "23,4", "longitude": 5217, "avgspeed": "1,1", "dir": "99"}, {"code": "0002I", "hourtmin": "04:20", "hourgust": "00:20", "hourtmax": "14:30", "sun": null, "altitude": "32", "prec": "0,0", "latitude": 405729, "hourpresmax": null, "province": "TARRAGONA", "tmed": "20,2", "tmin": "16,5", "presmax": null, "presmin": null, "hourpresmin": null, "date": "2012-05-27", "name": "VANDELL\u00d2S  ", "gust": "4,7", "tmax": "23,8", "longitude": 5217, "avgspeed": "1,1", "dir": "03"}, {"code": "0002I", "hourtmin": "03:20", "hourgust": "23:40", "hourtmax": "15:20", "sun": null, "altitude": "32", "prec": "0,0", "latitude": 405729, "hourpresmax": null, "province": "TARRAGONA", "tmed": "22,1", "tmin": "16,7", "presmax": null, "presmin": null, "hourpresmin": null, "date": "2012-05-28", "name": "VANDELL\u00d2S  ", "gust": "4,4", "tmax": "27,5", "longitude": 5217, "avgspeed": "0,8", "dir": "24"}, {"code": "0002I", "hourtmin": "23:59", "hourgust": "12:50", "hourtmax": "10:50", "sun": null, "altitude": "32", "prec": "0,0", "latitude": 405729, "hourpresmax": null, "province": "TARRAGONA", "tmed": "21,7", "tmin": "18,4", "presmax": null, "presmin": null, "hourpresmin": null, "date": "2012-05-29", "name": "VANDELL\u00d2S  ", "gust": "6,4", "tmax": "25,0", "longitude": 5217, "avgspeed": "1,4", "dir": "16"}, {"code": "0002I", "hourtmin": "04:00", "hourgust": "12:10", "hourtmax": "15:30", "sun": null, "altitude": "32", "prec": "0,0", "latitude": 405729, "hourpresmax": null, "province": "TARRAGONA", "tmed": "21,6", "tmin": "17,5", "presmax": null, "presmin": null, "hourpresmin": null, "date": "2012-05-30", "name": "VANDELL\u00d2S  ", "gust": "5,8", "tmax": "25,7", "longitude": 5217, "avgspeed": "1,7", "dir": "18"}, {"code": "0002I", "hourtmin": "03:00", "hourgust": "13:50", "hourtmax": "15:10", "sun": null, "altitude": "32", "prec": "0,0", "latitude": 405729, "hourpresmax": null, "province": "TARRAGONA", "tmed": "21,7", "tmin": "17,9", "presmax": null, "presmin": null, "hourpresmin": null, "date": "2012-05-31", "name": "VANDELL\u00d2S  ", "gust": "5,8", "tmax": "25,5", "longitude": 5217, "avgspeed": "1,9", "dir": "18"}, {"code": "0002I", "hourtmin": "04:30", "hourgust": "11:40", "hourtmax": "15:10", "sun": null, "altitude": "32", "prec": "0,0", "latitude": 405729, "hourpresmax": null, "province": "TARRAGONA", "tmed": "22,0", "tmin": "17,8", "presmax": null, "presmin": null, "hourpresmin": null, "date": "2012-06-01", "name": "VANDELL\u00d2S  ", "gust": "5,0", "tmax": "26,2", "longitude": 5217, "avgspeed": "1,4", "dir": "11"}, {"code": "0002I", "hourtmin": "03:00", "hourgust": "22:30", "hourtmax": "15:00", "sun": null, "altitude": "32", "prec": "2,2", "latitude": 405729, "hourpresmax": null, "province": "TARRAGONA", "tmed": "22,8", "tmin": "18,1", "presmax": null, "presmin": null, "hourpresmin": null, "date": "2012-06-02", "name": "VANDELL\u00d2S  ", "gust": "8,3", "tmax": "27,4", "longitude": 5217, "avgspeed": "0,8", "dir": "01"}, {"code": "0002I", "hourtmin": "06:40", "hourgust": "03:20", "hourtmax": "14:40", "sun": null, "altitude": "32", "prec": "0,0", "latitude": 405729, "hourpresmax": null, "province": "TARRAGONA", "tmed": "24,6", "tmin": "19,5", "presmax": null, "presmin": null, "hourpresmin": null, "date": "2012-06-03", "name": "VANDELL\u00d2S  ", "gust": "11,1", "tmax": "29,7", "longitude": 5217, "avgspeed": "1,1", "dir": "31"}, {"code": "0002I", "hourtmin": "01:30", "hourgust": "10:00", "hourtmax": "10:20", "sun": null, "altitude": "32", "prec": "0,0", "latitude": 405729, "hourpresmax": null, "province": "TARRAGONA", "tmed": "23,4", "tmin": "18,8", "presmax": null, "presmin": null, "hourpresmin": null, "date": "2012-06-04", "name": "VANDELL\u00d2S  ", "gust": "8,6", "tmax": "28,0", "longitude": 5217, "avgspeed": "2,8", "dir": "24"}, {"code": "0002I", "hourtmin": "04:30", "hourgust": "12:20", "hourtmax": "12:40", "sun": null, "altitude": "32", "prec": "0,0", "latitude": 405729, "hourpresmax": null, "province": "TARRAGONA", "tmed": "22,1", "tmin": "17,8", "presmax": null, "presmin": null, "hourpresmin": null, "date": "2012-06-05", "name": "VANDELL\u00d2S  ", "gust": "6,7", "tmax": "26,4", "longitude": 5217, "avgspeed": "1,7", "dir": "19"}, {"code": "0002I", "hourtmin": "02:00", "hourgust": "21:30", "hourtmax": "16:40", "sun": null, "altitude": "32", "prec": "0,0", "latitude": 405729, "hourpresmax": null, "province": "TARRAGONA", "tmed": "24,3", "tmin": "20,9", "presmax": null, "presmin": null, "hourpresmin": null, "date": "2012-06-06", "name": "VANDELL\u00d2S  ", "gust": "6,7", "tmax": "27,7", "longitude": 5217, "avgspeed": "1,4", "dir": "34"}, {"code": "0002I", "hourtmin": "23:59", "hourgust": "11:20", "hourtmax": "13:10", "sun": null, "altitude": "32", "prec": "0,0", "latitude": 405729, "hourpresmax": null, "province": "TARRAGONA", "tmed": "23,2", "tmin": "20,5", "presmax": null, "presmin": null, "hourpresmin": null, "date": "2012-06-07", "name": "VANDELL\u00d2S  ", "gust": "5,0", "tmax": "26,0", "longitude": 5217, "avgspeed": "1,4", "dir": "08"}, {"code": "0002I", "hourtmin": "23:50", "hourgust": "11:00", "hourtmax": "12:10", "sun": null, "altitude": "32", "prec": "4,2", "latitude": 405729, "hourpresmax": null, "province": "TARRAGONA", "tmed": "24,8", "tmin": "19,0", "presmax": null, "presmin": null, "hourpresmin": null, "date": "2012-06-08", "name": "VANDELL\u00d2S  ", "gust": "8,6", "tmax": "30,7", "longitude": 5217, "avgspeed": "1,4", "dir": "25"}, {"code": "0002I", "hourtmin": "00:40", "hourgust": "04:50", "hourtmax": "09:00", "sun": null, "altitude": "32", "prec": "0,0", "latitude": 405729, "hourpresmax": null, "province": "TARRAGONA", "tmed": "22,4", "tmin": "19,1", "presmax": null, "presmin": null, "hourpresmin": null, "date": "2012-06-09", "name": "VANDELL\u00d2S  ", "gust": "9,4", "tmax": "25,6", "longitude": 5217, "avgspeed": "2,5", "dir": "30"}, {"code": "0002I", "hourtmin": null, "hourgust": null, "hourtmax": null, "sun": null, "altitude": "32", "prec": "0,0", "latitude": 405729, "hourpresmax": null, "province": "TARRAGONA", "presmax": null, "presmin": null, "hourpresmin": null, "date": "2012-09-12", "name": "VANDELL\u00d2S  ", "gust": null, "longitude": 5217, "avgspeed": null}, {"code": "0002I", "hourtmin": "Varias", "hourgust": "15:20", "hourtmax": "15:00", "sun": null, "altitude": "32", "prec": "0,0", "latitude": 405729, "hourpresmax": null, "province": "TARRAGONA", "tmed": "22,8", "tmin": "18,2", "presmax": null, "presmin": null, "hourpresmin": null, "date": "2012-09-13", "name": "VANDELL\u00d2S  ", "gust": "24,2", "tmax": "27,5", "longitude": 5217, "avgspeed": "6,1", "dir": "28"}, {"code": "0002I", "hourtmin": "05:40", "hourgust": "07:30", "hourtmax": "14:10", "sun": null, "altitude": "32", "prec": "0,0", "latitude": 405729, "hourpresmax": null, "province": "TARRAGONA", "tmed": "24,6", "tmin": "18,2", "presmax": null, "presmin": null, "hourpresmin": null, "date": "2012-09-14", "name": "VANDELL\u00d2S  ", "gust": "15,8", "tmax": "31,0", "longitude": 5217, "avgspeed": "3,1", "dir": "02"}, {"code": "0002I", "hourtmin": "21:00", "hourgust": "00:20", "hourtmax": "11:20", "sun": null, "altitude": "32", "prec": "0,0", "latitude": 405729, "hourpresmax": null, "province": "TARRAGONA", "tmed": "25,4", "tmin": "21,8", "presmax": null, "presmin": null, "hourpresmin": null, "date": "2012-09-15", "name": "VANDELL\u00d2S  ", "gust": "11,9", "tmax": "29,1", "longitude": 5217, "avgspeed": "1,4", "dir": "34"}, {"code": "0002I", "hourtmin": "01:40", "hourgust": "12:50", "hourtmax": "10:20", "sun": null, "altitude": "32", "prec": "0,0", "latitude": 405729, "hourpresmax": null, "province": "TARRAGONA", "tmed": "24,8", "tmin": "21,5", "presmax": null, "presmin": null, "hourpresmin": null, "date": "2012-09-16", "name": "VANDELL\u00d2S  ", "gust": "5,8", "tmax": "28,0", "longitude": 5217, "avgspeed": "1,4", "dir": "08"}, {"code": "0002I", "hourtmin": "00:40", "hourgust": "07:10", "hourtmax": "11:10", "sun": null, "altitude": "32", "prec": "0,0", "latitude": 405729, "hourpresmax": null, "province": "TARRAGONA", "tmed": "26,2", "tmin": "22,1", "presmax": null, "presmin": null, "hourpresmin": null, "date": "2012-09-17", "name": "VANDELL\u00d2S  ", "gust": "5,3", "tmax": "30,4", "longitude": 5217, "avgspeed": "1,4", "dir": "03"}, {"code": "0002I", "hourtmin": "23:59", "hourgust": "08:40", "hourtmax": "10:30", "sun": null, "altitude": "32", "prec": "0,0", "latitude": 405729, "hourpresmax": null, "province": "TARRAGONA", "tmed": "24,5", "tmin": "22,2", "presmax": null, "presmin": null, "hourpresmin": null, "date": "2012-09-18", "name": "VANDELL\u00d2S  ", "gust": "5,3", "tmax": "26,8", "longitude": 5217, "avgspeed": "1,4", "dir": "03"}, {"code": "0002I", "hourtmin": "23:40", "hourgust": "06:40", "hourtmax": "10:40", "sun": null, "altitude": "32", "prec": "1,9", "latitude": 405729, "hourpresmax": null, "province": "TARRAGONA", "tmed": "24,4", "tmin": "20,7", "presmax": null, "presmin": null, "hourpresmin": null, "date": "2012-09-19", "name": "VANDELL\u00d2S  ", "gust": "13,9", "tmax": "28,1", "longitude": 5217, "avgspeed": "3,6", "dir": "30"}, {"code": "0002I", "hourtmin": "02:30", "hourgust": "13:00", "hourtmax": "11:20", "sun": null, "altitude": "32", "prec": "0,0", "latitude": 405729, "hourpresmax": null, "province": "TARRAGONA", "tmed": "21,6", "tmin": "19,3", "presmax": null, "presmin": null, "hourpresmin": null, "date": "2012-09-20", "name": "VANDELL\u00d2S  ", "gust": "4,7", "tmax": "23,9", "longitude": 5217, "avgspeed": "0,6", "dir": "17"}]