[{"code": "1631E", "hourtmin": null, "hourgust": null, "hourtmax": null, "sun": null, "altitude": "840", "prec": "5,4", "latitude": 422022, "hourpresmax": null, "province": "OURENSE", "presmax": null, "presmin": null, "hourpresmin": null, "date": "2008-01-08", "name": "A POBRA DE TRIVES", "gust": null, "longitude": 71657, "avgspeed": "1,4"}, {"province": "OURENSE", "hourtmax": null, "presmin": null, "code": "1631E", "name": "A POBRA DE TRIVES", "presmax": null, "gust": null, "altitude": "840", "longitude": 71657, "hourpresmax": null, "date": "2008-01-09", "hourpresmin": null, "hourtmin": null, "avgspeed": "1,4", "latitude": 422022, "sun": null, "hourgust": null}, {"province": "OURENSE", "hourtmax": null, "presmin": null, "code": "1631E", "name": "A POBRA DE TRIVES", "presmax": null, "gust": null, "altitude": "840", "longitude": 71657, "hourpresmax": null, "date": "2008-01-12", "hourpresmin": null, "hourtmin": null, "avgspeed": "1,9", "latitude": 422022, "sun": null, "hourgust": null}, {"code": "1631E", "hourtmin": null, "hourgust": null, "hourtmax": null, "sun": null, "altitude": "840", "prec": "0,0", "latitude": 422022, "hourpresmax": null, "province": "OURENSE", "presmax": null, "presmin": null, "hourpresmin": null, "date": "2008-01-19", "name": "A POBRA DE TRIVES", "gust": null, "longitude": 71657, "avgspeed": null}, {"province": "OURENSE", "hourtmax": null, "presmin": null, "code": "1631E", "name": "A POBRA DE TRIVES", "presmax": null, "gust": null, "altitude": "840", "longitude": 71657, "hourpresmax": null, "date": "2008-01-20", "hourpresmin": null, "hourtmin": null, "avgspeed": "1,4", "latitude": 422022, "sun": null, "hourgust": null}, {"province": "OURENSE", "hourtmax": null, "presmin": null, "code": "1631E", "name": "A POBRA DE TRIVES", "presmax": null, "gust": null, "altitude": "840", "longitude": 71657, "hourpresmax": null, "date": "2008-01-21", "hourpresmin": null, "hourtmin": null, "avgspeed": "1,9", "latitude": 422022, "sun": null, "hourgust": null}, {"code": "1631E", "hourtmin": "07:40", "hourgust": "12:50", "hourtmax": "Varias", "sun": null, "altitude": "840", "prec": "0,0", "latitude": 422022, "hourpresmax": "11", "province": "OURENSE", "tmed": "10,1", "tmin": "3,3", "avgspeed": "1,9", "presmax": "935,2", "presmin": "932,9", "hourpresmin": "Varias", "date": "2008-01-22", "name": "A POBRA DE TRIVES", "gust": "6,4", "tmax": "16,9", "longitude": 71657, "dir": "26"}, {"code": "1631E", "hourtmin": "07:50", "hourgust": "20:10", "hourtmax": "14:40", "sun": null, "altitude": "840", "latitude": 422022, "hourpresmax": "00", "province": "OURENSE", "tmed": "8,2", "tmin": "1,0", "avgspeed": "1,9", "presmax": "933,7", "presmin": "929,1", "hourpresmin": "Varias", "date": "2008-01-23", "name": "A POBRA DE TRIVES", "gust": "7,2", "tmax": "15,3", "longitude": 71657, "dir": "27"}, {"code": "1631E", "hourtmin": "Varias", "hourgust": "15:10", "hourtmax": "14:00", "sun": null, "altitude": "840", "prec": "0,0", "latitude": 422022, "hourpresmax": "09", "province": "OURENSE", "tmed": "7,6", "tmin": "3,2", "avgspeed": "1,7", "presmax": "936,4", "presmin": "933,7", "hourpresmin": "17", "date": "2008-01-25", "name": "A POBRA DE TRIVES", "gust": "6,7", "tmax": "12,1", "longitude": 71657, "dir": "07"}, {"code": "1631E", "hourtmin": "23:50", "hourgust": "22:10", "hourtmax": "12:50", "sun": null, "altitude": "840", "latitude": 422022, "hourpresmax": "24", "province": "OURENSE", "tmed": "7,2", "tmin": "2,3", "avgspeed": "2,2", "presmax": "936,2", "presmin": "933,8", "hourpresmin": "Varias", "date": "2008-01-26", "name": "A POBRA DE TRIVES", "gust": "4,7", "tmax": "12,1", "longitude": 71657, "dir": "29"}, {"code": "1631E", "hourtmin": null, "hourgust": null, "hourtmax": null, "sun": null, "altitude": "840", "prec": "0,0", "latitude": 422022, "hourpresmax": null, "province": "OURENSE", "presmax": null, "presmin": null, "hourpresmin": null, "date": "2008-01-27", "name": "A POBRA DE TRIVES", "gust": null, "longitude": 71657, "avgspeed": "1,7"}, {"code": "1631E", "hourtmin": "Varias", "hourgust": "16:10", "hourtmax": "13:20", "sun": null, "altitude": "840", "prec": "0,0", "latitude": 422022, "hourpresmax": "00", "province": "OURENSE", "tmed": "6,4", "tmin": "-0,2", "avgspeed": "1,1", "presmax": "936,5", "presmin": "930,7", "hourpresmin": "24", "date": "2008-01-28", "name": "A POBRA DE TRIVES", "gust": "5,8", "tmax": "12,9", "longitude": 71657, "dir": "27"}, {"province": "OURENSE", "hourtmax": null, "presmin": null, "code": "1631E", "name": "A POBRA DE TRIVES", "presmax": null, "gust": null, "altitude": "840", "longitude": 71657, "hourpresmax": null, "date": "2008-01-30", "hourpresmin": null, "hourtmin": null, "avgspeed": "2,2", "latitude": 422022, "sun": null, "hourgust": null}, {"province": "OURENSE", "hourtmax": null, "presmin": null, "code": "1631E", "name": "A POBRA DE TRIVES", "presmax": null, "gust": null, "altitude": "840", "longitude": 71657, "hourpresmax": null, "date": "2008-02-01", "hourpresmin": null, "hourtmin": null, "avgspeed": "3,3", "latitude": 422022, "sun": null, "hourgust": null}, {"province": "OURENSE", "hourtmax": null, "presmin": null, "code": "1631E", "name": "A POBRA DE TRIVES", "presmax": null, "gust": null, "altitude": "840", "longitude": 71657, "hourpresmax": null, "date": "2008-02-02", "hourpresmin": null, "hourtmin": null, "avgspeed": "3,9", "latitude": 422022, "sun": null, "hourgust": null}, {"code": "1631E", "hourtmin": null, "hourgust": null, "hourtmax": null, "sun": null, "altitude": "840", "prec": "24,4", "latitude": 422022, "hourpresmax": null, "province": "OURENSE", "presmax": null, "presmin": null, "hourpresmin": null, "date": "2008-02-03", "name": "A POBRA DE TRIVES", "gust": null, "longitude": 71657, "avgspeed": "5,6"}, {"code": "1631E", "hourtmin": "07:10", "hourgust": "12:50", "hourtmax": "14:30", "sun": null, "altitude": "840", "prec": "0,0", "latitude": 422022, "hourpresmax": "Varias", "province": "OURENSE", "tmed": "5,6", "tmin": "0,0", "avgspeed": "2,2", "presmax": "927,3", "presmin": "924,1", "hourpresmin": "Varias", "date": "2008-02-13", "name": "A POBRA DE TRIVES", "gust": "7,8", "tmax": "11,1", "longitude": 71657, "dir": "05"}, {"province": "OURENSE", "hourtmax": null, "presmin": null, "code": "1631E", "name": "A POBRA DE TRIVES", "presmax": null, "gust": null, "altitude": "840", "longitude": 71657, "hourpresmax": null, "date": "2008-02-14", "hourpresmin": null, "hourtmin": null, "avgspeed": "2,8", "latitude": 422022, "sun": null, "hourgust": null}, {"province": "OURENSE", "hourtmax": null, "presmin": null, "code": "1631E", "name": "A POBRA DE TRIVES", "presmax": null, "gust": null, "altitude": "840", "longitude": 71657, "hourpresmax": null, "date": "2008-02-15", "hourpresmin": null, "hourtmin": null, "avgspeed": "1,1", "latitude": 422022, "sun": null, "hourgust": null}, {"province": "OURENSE", "hourtmax": null, "presmin": null, "code": "1631E", "name": "A POBRA DE TRIVES", "presmax": null, "gust": null, "altitude": "840", "longitude": 71657, "hourpresmax": null, "date": "2008-02-16", "hourpresmin": null, "hourtmin": null, "avgspeed": "1,9", "latitude": 422022, "sun": null, "hourgust": null}, {"code": "1631E", "hourtmin": "06:10", "hourgust": "23:59", "hourtmax": "14:30", "sun": null, "altitude": "840", "prec": "0,0", "latitude": 422022, "hourpresmax": "00", "province": "OURENSE", "tmed": "7,4", "tmin": "3,4", "avgspeed": "3,9", "presmax": "928,4", "presmin": "925,1", "hourpresmin": "24", "date": "2008-02-17", "name": "A POBRA DE TRIVES", "gust": "11,4", "tmax": "11,4", "longitude": 71657, "dir": "11"}, {"code": "1631E", "hourtmin": "08:00", "hourgust": "13:20", "hourtmax": "Varias", "sun": null, "altitude": "840", "prec": "1,4", "latitude": 422022, "hourpresmax": "00", "province": "OURENSE", "tmed": "7,6", "tmin": "6,1", "avgspeed": "4,7", "presmax": "925,1", "presmin": "920,4", "hourpresmin": "Varias", "date": "2008-02-18", "name": "A POBRA DE TRIVES", "gust": "14,7", "tmax": "9,2", "longitude": 71657, "dir": "11"}, {"province": "OURENSE", "hourtmax": null, "presmin": null, "code": "1631E", "name": "A POBRA DE TRIVES", "presmax": null, "gust": null, "altitude": "840", "longitude": 71657, "hourpresmax": null, "date": "2008-02-22", "hourpresmin": null, "hourtmin": null, "avgspeed": "1,7", "latitude": 422022, "sun": null, "hourgust": null}, {"code": "1631E", "hourtmin": "07:00", "hourgust": "15:30", "hourtmax": "12:00", "sun": null, "altitude": "840", "prec": "0,0", "latitude": 422022, "hourpresmax": "00", "province": "OURENSE", "tmed": "9,8", "tmin": "4,9", "avgspeed": "3,3", "presmax": "930,3", "presmin": "924,0", "hourpresmin": "24", "date": "2008-02-23", "name": "A POBRA DE TRIVES", "gust": "12,2", "tmax": "14,7", "longitude": 71657, "dir": "08"}, {"code": "1631E", "hourtmin": "09:40", "hourgust": "03:20", "hourtmax": "00:00", "sun": null, "altitude": "840", "prec": "2,2", "latitude": 422022, "hourpresmax": "Varias", "province": "OURENSE", "tmed": "9,4", "tmin": "7,9", "avgspeed": "1,1", "presmax": "924,9", "presmin": "922,0", "hourpresmin": "04", "date": "2008-02-24", "name": "A POBRA DE TRIVES", "gust": "5,6", "tmax": "11,0", "longitude": 71657, "dir": "12"}, {"code": "1631E", "hourtmin": "07:50", "hourgust": "15:30", "hourtmax": "14:00", "sun": null, "altitude": "840", "latitude": 422022, "hourpresmax": "10", "province": "OURENSE", "tmed": "9,4", "tmin": "4,7", "avgspeed": "1,4", "presmax": "926,2", "presmin": "923,7", "hourpresmin": "04", "date": "2008-02-25", "name": "A POBRA DE TRIVES", "gust": "6,1", "tmax": "14,0", "longitude": 71657, "dir": "28"}, {"province": "OURENSE", "hourtmax": null, "presmin": null, "code": "1631E", "name": "A POBRA DE TRIVES", "presmax": null, "gust": null, "altitude": "840", "longitude": 71657, "hourpresmax": null, "date": "2008-02-28", "hourpresmin": null, "hourtmin": null, "avgspeed": "1,7", "latitude": 422022, "sun": null, "hourgust": null}, {"province": "OURENSE", "hourtmax": null, "presmin": null, "code": "1631E", "name": "A POBRA DE TRIVES", "presmax": null, "gust": null, "altitude": "840", "longitude": 71657, "hourpresmax": null, "date": "2008-02-29", "hourpresmin": null, "hourtmin": null, "avgspeed": "1,9", "latitude": 422022, "sun": null, "hourgust": null}, {"code": "1631E", "hourtmin": "Varias", "hourgust": "Varias", "hourtmax": "15:20", "sun": null, "altitude": "840", "prec": "0,0", "latitude": 422022, "hourpresmax": "09", "province": "OURENSE", "tmed": "10,0", "tmin": "5,0", "avgspeed": "1,9", "presmax": "931,3", "presmin": "928,2", "hourpresmin": "17", "date": "2008-03-01", "name": "A POBRA DE TRIVES", "gust": "6,4", "tmax": "14,9", "longitude": 71657, "dir": "99"}, {"code": "1631E", "hourtmin": "05:20", "hourgust": "20:00", "hourtmax": "13:50", "sun": null, "altitude": "840", "prec": "0,0", "latitude": 422022, "hourpresmax": "00", "province": "OURENSE", "tmed": "10,6", "tmin": "3,1", "avgspeed": "1,9", "presmax": "928,5", "presmin": "923,0", "hourpresmin": "Varias", "date": "2008-03-02", "name": "A POBRA DE TRIVES", "gust": "9,4", "tmax": "18,0", "longitude": 71657, "dir": "22"}, {"code": "1631E", "hourtmin": "23:59", "hourgust": "15:30", "hourtmax": "13:45", "sun": null, "altitude": "840", "prec": "0,0", "latitude": 422022, "hourpresmax": "24", "province": "OURENSE", "tmed": "7,8", "tmin": "1,3", "avgspeed": "3,1", "presmax": "931,2", "presmin": "924,3", "hourpresmin": "Varias", "date": "2008-03-03", "name": "A POBRA DE TRIVES", "gust": "11,9", "tmax": "14,3", "longitude": 71657, "dir": "27"}, {"province": "OURENSE", "hourtmax": null, "presmin": null, "code": "1631E", "name": "A POBRA DE TRIVES", "presmax": null, "gust": null, "altitude": "840", "longitude": 71657, "hourpresmax": null, "date": "2008-03-04", "hourpresmin": null, "hourtmin": null, "avgspeed": "3,9", "latitude": 422022, "sun": null, "hourgust": null}, {"province": "OURENSE", "hourtmax": null, "presmin": null, "code": "1631E", "name": "A POBRA DE TRIVES", "presmax": null, "gust": null, "altitude": "840", "longitude": 71657, "hourpresmax": null, "date": "2008-03-06", "hourpresmin": null, "hourtmin": null, "avgspeed": "2,2", "latitude": 422022, "sun": null, "hourgust": null}, {"code": "1631E", "hourtmin": "00:05", "hourgust": "08:00", "hourtmax": "11:00", "sun": null, "altitude": "840", "prec": "5,0", "latitude": 422022, "hourpresmax": "23", "province": "OURENSE", "tmed": "7,4", "tmin": "4,1", "avgspeed": "8,6", "presmax": "918,2", "presmin": "907,4", "hourpresmin": "08", "date": "2008-03-10", "name": "A POBRA DE TRIVES", "gust": "25,8", "tmax": "10,8", "longitude": 71657, "dir": "25"}, {"code": "1631E", "hourtmin": "Varias", "hourgust": "14:00", "hourtmax": "15:20", "sun": null, "altitude": "840", "latitude": 422022, "hourpresmax": "00", "province": "OURENSE", "tmed": "13,2", "tmin": "5,9", "avgspeed": "2,8", "presmax": "920,9", "presmin": "913,9", "hourpresmin": "24", "date": "2008-03-14", "name": "A POBRA DE TRIVES", "gust": "10,8", "tmax": "20,4", "longitude": 71657, "dir": "26"}, {"code": "1631E", "hourtmin": null, "hourgust": "72:40", "hourtmax": null, "sun": null, "altitude": "840", "prec": "1,8", "latitude": 422022, "hourpresmax": null, "province": "OURENSE", "presmax": null, "presmin": null, "hourpresmin": null, "date": "2008-03-15", "name": "A POBRA DE TRIVES", "gust": "22,5", "longitude": 71657, "avgspeed": "6,1", "dir": "25"}, {"code": "1631E", "hourtmin": "03:20", "hourgust": "08:40", "hourtmax": "14:30", "sun": null, "altitude": "840", "prec": "0,0", "latitude": 422022, "hourpresmax": "Varias", "province": "OURENSE", "tmed": "8,8", "tmin": "5,2", "avgspeed": "3,6", "presmax": "924,1", "presmin": "920,5", "hourpresmin": "24", "date": "2008-03-16", "name": "A POBRA DE TRIVES", "gust": "20,6", "tmax": "12,5", "longitude": 71657, "dir": "32"}, {"code": "1631E", "hourtmin": "Varias", "hourgust": "15:10", "hourtmax": "11:50", "sun": null, "altitude": "840", "prec": "8,4", "latitude": 422022, "hourpresmax": "Varias", "province": "OURENSE", "tmed": "7,6", "tmin": "3,4", "avgspeed": "2,8", "presmax": "920,5", "presmin": "913,3", "hourpresmin": "16", "date": "2008-03-17", "name": "A POBRA DE TRIVES", "gust": "15,0", "tmax": "11,7", "longitude": 71657, "dir": "26"}, {"province": "OURENSE", "hourtmax": null, "presmin": null, "code": "1631E", "name": "A POBRA DE TRIVES", "presmax": null, "gust": null, "altitude": "840", "longitude": 71657, "hourpresmax": null, "date": "2008-03-18", "hourpresmin": null, "hourtmin": null, "avgspeed": "1,4", "latitude": 422022, "sun": null, "hourgust": null}, {"province": "OURENSE", "hourtmax": null, "presmin": null, "code": "1631E", "name": "A POBRA DE TRIVES", "presmax": null, "gust": null, "altitude": "840", "longitude": 71657, "hourpresmax": null, "date": "2008-03-19", "hourpresmin": null, "hourtmin": null, "avgspeed": "2,8", "latitude": 422022, "sun": null, "hourgust": null}, {"code": "1631E", "hourtmin": "Varias", "hourgust": "11:10", "hourtmax": "Varias", "sun": null, "altitude": "840", "prec": "0,0", "latitude": 422022, "hourpresmax": "Varias", "province": "OURENSE", "tmed": "6,0", "tmin": "-0,7", "avgspeed": "2,2", "presmax": "923,5", "presmin": "919,3", "hourpresmin": "00", "date": "2008-03-20", "name": "A POBRA DE TRIVES", "gust": "10,3", "tmax": "12,6", "longitude": 71657, "dir": "12"}, {"code": "1631E", "hourtmin": "Varias", "hourgust": "21:40", "hourtmax": "12:20", "sun": null, "altitude": "840", "prec": "9,2", "latitude": 422022, "hourpresmax": "Varias", "province": "OURENSE", "tmed": "4,2", "tmin": "-1,1", "avgspeed": "4,4", "presmax": "923,2", "presmin": "912,7", "hourpresmin": "24", "date": "2008-03-21", "name": "A POBRA DE TRIVES", "gust": "12,2", "tmax": "9,5", "longitude": 71657, "dir": "29"}, {"code": "1631E", "hourtmin": "23:10", "hourgust": "11:30", "hourtmax": "Varias", "sun": null, "altitude": "840", "prec": "12,4", "latitude": 422022, "hourpresmax": "00", "province": "OURENSE", "tmed": "2,4", "tmin": "-1,0", "avgspeed": "5,0", "presmax": "912,7", "presmin": "905,9", "hourpresmin": "Varias", "date": "2008-03-22", "name": "A POBRA DE TRIVES", "gust": "16,4", "tmax": "5,7", "longitude": 71657, "dir": "31"}, {"province": "OURENSE", "hourtmax": null, "presmin": null, "code": "1631E", "name": "A POBRA DE TRIVES", "presmax": null, "gust": null, "altitude": "840", "longitude": 71657, "hourpresmax": null, "date": "2008-03-23", "hourpresmin": null, "hourtmin": null, "avgspeed": "3,6", "latitude": 422022, "sun": null, "hourgust": null}, {"code": "1631E", "hourtmin": "00:40", "hourgust": "01:30", "hourtmax": "15:00", "sun": null, "altitude": "840", "latitude": 422022, "hourpresmax": "23", "province": "OURENSE", "tmed": "4,6", "tmin": "1,2", "avgspeed": "3,9", "presmax": "922,2", "presmin": "918,3", "hourpresmin": "04", "date": "2008-03-24", "name": "A POBRA DE TRIVES", "gust": "10,3", "tmax": "8,1", "longitude": 71657, "dir": "30"}, {"province": "OURENSE", "hourtmax": null, "presmin": null, "code": "1631E", "name": "A POBRA DE TRIVES", "presmax": null, "gust": null, "altitude": "840", "longitude": 71657, "hourpresmax": null, "date": "2008-03-25", "hourpresmin": null, "hourtmin": null, "avgspeed": "2,5", "latitude": 422022, "sun": null, "hourgust": null}, {"code": "1631E", "hourtmin": "Varias", "hourgust": "06:40", "hourtmax": "Varias", "sun": null, "altitude": "840", "prec": "19,0", "latitude": 422022, "hourpresmax": "00", "province": "OURENSE", "tmed": "3,4", "tmin": "1,6", "avgspeed": "5,6", "presmax": "921,5", "presmin": "916,7", "hourpresmin": "06", "date": "2008-03-26", "name": "A POBRA DE TRIVES", "gust": "20,6", "tmax": "5,3", "longitude": 71657, "dir": "29"}, {"code": "1631E", "hourtmin": "00:00", "hourgust": "10:10", "hourtmax": "12:00", "sun": null, "altitude": "840", "prec": "2,8", "latitude": 422022, "hourpresmax": "23", "province": "OURENSE", "tmed": "6,4", "tmin": "3,1", "avgspeed": "6,7", "presmax": "920,8", "presmin": "913,7", "hourpresmin": "05", "date": "2008-03-27", "name": "A POBRA DE TRIVES", "gust": "18,9", "tmax": "9,8", "longitude": 71657, "dir": "28"}, {"province": "OURENSE", "hourtmax": null, "presmin": null, "code": "1631E", "name": "A POBRA DE TRIVES", "presmax": null, "gust": null, "altitude": "840", "longitude": 71657, "hourpresmax": null, "date": "2008-03-28", "hourpresmin": null, "hourtmin": null, "avgspeed": "3,3", "latitude": 422022, "sun": null, "hourgust": null}, {"code": "1631E", "hourtmin": null, "hourgust": null, "hourtmax": null, "sun": null, "altitude": "840", "prec": "9,4", "latitude": 422022, "hourpresmax": null, "province": "OURENSE", "presmax": null, "presmin": null, "hourpresmin": null, "date": "2008-03-29", "name": "A POBRA DE TRIVES", "gust": null, "longitude": 71657, "avgspeed": "3,1"}, {"province": "OURENSE", "hourtmax": null, "presmin": null, "code": "1631E", "name": "A POBRA DE TRIVES", "presmax": null, "gust": null, "altitude": "840", "longitude": 71657, "hourpresmax": null, "date": "2008-03-30", "hourpresmin": null, "hourtmin": null, "avgspeed": "4,7", "latitude": 422022, "sun": null, "hourgust": null}, {"code": "1631E", "hourtmin": "04:40", "hourgust": "19:00", "hourtmax": "13:30", "sun": null, "altitude": "840", "prec": "0,0", "latitude": 422022, "hourpresmax": "21", "province": "OURENSE", "tmed": "7,1", "tmin": "2,3", "avgspeed": "3,3", "presmax": "932,5", "presmin": "925,4", "hourpresmin": "01", "date": "2008-03-31", "name": "A POBRA DE TRIVES", "gust": "10,0", "tmax": "11,9", "longitude": 71657, "dir": "28"}, {"code": "1631E", "hourtmin": "Varias", "hourgust": "14:40", "hourtmax": "Varias", "sun": null, "altitude": "840", "prec": "0,0", "latitude": 422022, "hourpresmax": "10", "province": "OURENSE", "tmed": "10,5", "tmin": "5,4", "avgspeed": "2,2", "presmax": "933,1", "presmin": "931,0", "hourpresmin": "17", "date": "2008-04-01", "name": "A POBRA DE TRIVES", "gust": "9,2", "tmax": "15,6", "longitude": 71657, "dir": "26"}, {"province": "OURENSE", "hourtmax": null, "presmin": null, "code": "1631E", "name": "A POBRA DE TRIVES", "presmax": null, "gust": null, "altitude": "840", "longitude": 71657, "hourpresmax": null, "date": "2008-04-02", "hourpresmin": null, "hourtmin": null, "avgspeed": "1,9", "latitude": 422022, "sun": null, "hourgust": null}, {"code": "1631E", "hourtmin": "06:00", "hourgust": "18:00", "hourtmax": "15:45", "sun": null, "altitude": "840", "prec": "0,0", "latitude": 422022, "hourpresmax": "00", "province": "OURENSE", "tmed": "14,1", "tmin": "4,1", "avgspeed": "3,1", "presmax": "925,8", "presmin": "921,1", "hourpresmin": "Varias", "date": "2008-04-04", "name": "A POBRA DE TRIVES", "gust": "15,0", "tmax": "24,1", "longitude": 71657, "dir": "33"}, {"province": "OURENSE", "hourtmax": null, "presmin": null, "code": "1631E", "name": "A POBRA DE TRIVES", "presmax": null, "gust": null, "altitude": "840", "longitude": 71657, "hourpresmax": null, "date": "2008-04-05", "hourpresmin": null, "hourtmin": null, "avgspeed": "2,2", "latitude": 422022, "sun": null, "hourgust": null}, {"code": "1631E", "hourtmin": null, "hourgust": null, "hourtmax": null, "sun": null, "altitude": "840", "prec": "3,6", "latitude": 422022, "hourpresmax": null, "province": "OURENSE", "presmax": null, "presmin": null, "hourpresmin": null, "date": "2008-04-08", "name": "A POBRA DE TRIVES", "gust": null, "longitude": 71657, "avgspeed": null}, {"province": "OURENSE", "hourtmax": null, "presmin": null, "code": "1631E", "name": "A POBRA DE TRIVES", "presmax": null, "gust": null, "altitude": "840", "longitude": 71657, "hourpresmax": null, "date": "2008-04-09", "hourpresmin": null, "hourtmin": null, "avgspeed": "3,3", "latitude": 422022, "sun": null, "hourgust": null}, {"code": "1631E", "hourtmin": "23:59", "hourgust": "23:20", "hourtmax": "00:00", "sun": null, "altitude": "840", "latitude": 422022, "hourpresmax": "24", "province": "OURENSE", "tmed": "5,1", "tmin": "1,6", "avgspeed": "3,3", "presmax": "908,7", "presmin": "895,7", "hourpresmin": "05", "date": "2008-04-10", "name": "A POBRA DE TRIVES", "gust": "10,3", "tmax": "8,6", "longitude": 71657, "dir": "30"}, {"code": "1631E", "hourtmin": null, "hourgust": null, "hourtmax": null, "sun": null, "altitude": "840", "prec": "0,4", "latitude": 422022, "hourpresmax": null, "province": "OURENSE", "presmax": null, "presmin": null, "hourpresmin": null, "date": "2008-04-11", "name": "A POBRA DE TRIVES", "gust": null, "longitude": 71657, "avgspeed": "3,3"}, {"code": "1631E", "hourtmin": "01:05", "hourgust": "13:50", "hourtmax": "16:10", "sun": null, "altitude": "840", "prec": "3,6", "latitude": 422022, "hourpresmax": "Varias", "province": "OURENSE", "tmed": "6,6", "tmin": "3,3", "avgspeed": "3,3", "presmax": "922,6", "presmin": "920,2", "hourpresmin": "05", "date": "2008-04-12", "name": "A POBRA DE TRIVES", "gust": "15,8", "tmax": "9,9", "longitude": 71657, "dir": "25"}, {"code": "1631E", "hourtmin": "23:59", "hourgust": "Varias", "hourtmax": "13:00", "sun": null, "altitude": "840", "prec": "6,2", "latitude": 422022, "hourpresmax": "Varias", "province": "OURENSE", "tmed": "7,3", "tmin": "3,6", "avgspeed": "3,9", "presmax": "926,1", "presmin": "920,0", "hourpresmin": "06", "date": "2008-04-13", "name": "A POBRA DE TRIVES", "gust": "13,9", "tmax": "11,0", "longitude": 71657, "dir": "28"}, {"province": "OURENSE", "hourtmax": null, "presmin": null, "code": "1631E", "name": "A POBRA DE TRIVES", "presmax": null, "gust": null, "altitude": "840", "longitude": 71657, "hourpresmax": null, "date": "2008-04-17", "hourpresmin": null, "hourtmin": null, "avgspeed": "4,4", "latitude": 422022, "sun": null, "hourgust": null}, {"code": "1631E", "hourtmin": "19:30", "hourgust": "02:40", "hourtmax": "00:00", "sun": null, "altitude": "840", "prec": "9,2", "latitude": 422022, "hourpresmax": "Varias", "province": "OURENSE", "tmed": "5,6", "tmin": "3,4", "avgspeed": "6,1", "presmax": "901,7", "presmin": "889,5", "hourpresmin": "03", "date": "2008-04-18", "name": "A POBRA DE TRIVES", "gust": "24,2", "tmax": "7,9", "longitude": 71657, "dir": "23"}, {"code": "1631E", "hourtmin": "Varias", "hourgust": "17:00", "hourtmax": "17:00", "sun": null, "altitude": "840", "prec": "3,0", "latitude": 422022, "hourpresmax": "00", "province": "OURENSE", "tmed": "5,8", "tmin": "4,0", "avgspeed": "3,9", "presmax": "900,4", "presmin": "895,4", "hourpresmin": "Varias", "date": "2008-04-19", "name": "A POBRA DE TRIVES", "gust": "10,3", "tmax": "7,6", "longitude": 71657, "dir": "23"}, {"province": "OURENSE", "hourtmax": null, "presmin": null, "code": "1631E", "name": "A POBRA DE TRIVES", "presmax": null, "gust": null, "altitude": "840", "longitude": 71657, "hourpresmax": null, "date": "2008-04-23", "hourpresmin": null, "hourtmin": null, "avgspeed": "3,1", "latitude": 422022, "sun": null, "hourgust": null}, {"code": "1631E", "hourtmin": "05:30", "hourgust": "14:10", "hourtmax": "Varias", "sun": null, "altitude": "840", "prec": "0,0", "latitude": 422022, "hourpresmax": "22", "province": "OURENSE", "tmed": "12,6", "tmin": "4,8", "avgspeed": "2,2", "presmax": "931,6", "presmin": "928,6", "hourpresmin": "02", "date": "2008-04-24", "name": "A POBRA DE TRIVES", "gust": "8,3", "tmax": "20,4", "longitude": 71657, "dir": "28"}, {"code": "1631E", "hourtmin": "03:30", "hourgust": "14:50", "hourtmax": "17:10", "sun": null, "altitude": "840", "prec": "0,0", "latitude": 422022, "hourpresmax": "08", "province": "OURENSE", "tmed": "16,0", "tmin": "7,5", "avgspeed": "1,7", "presmax": "931,1", "presmin": "927,9", "hourpresmin": "Varias", "date": "2008-04-25", "name": "A POBRA DE TRIVES", "gust": "8,9", "tmax": "24,5", "longitude": 71657, "dir": "11"}, {"code": "1631E", "hourtmin": "Varias", "hourgust": "18:20", "hourtmax": "Varias", "sun": null, "altitude": "840", "prec": "0,0", "latitude": 422022, "hourpresmax": "00", "province": "OURENSE", "tmed": "17,3", "tmin": "9,3", "avgspeed": "1,9", "presmax": "928,2", "presmin": "923,9", "hourpresmin": "18", "date": "2008-04-26", "name": "A POBRA DE TRIVES", "gust": "6,7", "tmax": "25,3", "longitude": 71657, "dir": "32"}, {"code": "1631E", "hourtmin": "23:59", "hourgust": "13:05", "hourtmax": "14:00", "sun": null, "altitude": "840", "latitude": 422022, "hourpresmax": "00", "province": "OURENSE", "tmed": "16,0", "tmin": "9,5", "avgspeed": "4,2", "presmax": "924,7", "presmin": "920,8", "hourpresmin": "24", "date": "2008-04-27", "name": "A POBRA DE TRIVES", "gust": "11,4", "tmax": "22,6", "longitude": 71657, "dir": "31"}, {"province": "OURENSE", "hourtmax": null, "presmin": null, "code": "1631E", "name": "A POBRA DE TRIVES", "presmax": null, "gust": null, "altitude": "840", "longitude": 71657, "hourpresmax": null, "date": "2008-04-28", "hourpresmin": null, "hourtmin": null, "avgspeed": "4,7", "latitude": 422022, "sun": null, "hourgust": null}, {"code": "1631E", "hourtmin": "Varias", "hourgust": "19:40", "hourtmax": "11:20", "sun": null, "altitude": "840", "prec": "6,4", "latitude": 422022, "hourpresmax": "00", "province": "OURENSE", "tmed": "7,6", "tmin": "3,7", "avgspeed": "5,3", "presmax": "919,1", "presmin": "909,9", "hourpresmin": "Varias", "date": "2008-04-29", "name": "A POBRA DE TRIVES", "gust": "18,3", "tmax": "11,6", "longitude": 71657, "dir": "29"}, {"province": "OURENSE", "hourtmax": null, "presmin": null, "code": "1631E", "name": "A POBRA DE TRIVES", "presmax": null, "gust": null, "altitude": "840", "longitude": 71657, "hourpresmax": null, "date": "2008-04-30", "hourpresmin": null, "hourtmin": null, "avgspeed": "4,2", "latitude": 422022, "sun": null, "hourgust": null}, {"code": "1631E", "hourtmin": "05:20", "hourgust": "15:30", "hourtmax": "14:20", "sun": null, "altitude": "840", "prec": "0,0", "latitude": 422022, "hourpresmax": "Varias", "province": "OURENSE", "tmed": "8,1", "tmin": "0,8", "avgspeed": "2,5", "presmax": "919,9", "presmin": "914,9", "hourpresmin": "Varias", "date": "2008-05-01", "name": "A POBRA DE TRIVES", "gust": "8,9", "tmax": "15,4", "longitude": 71657, "dir": "30"}, {"province": "OURENSE", "hourtmax": null, "presmin": null, "code": "1631E", "name": "A POBRA DE TRIVES", "presmax": null, "gust": null, "altitude": "840", "longitude": 71657, "hourpresmax": null, "date": "2008-05-02", "hourpresmin": null, "hourtmin": null, "avgspeed": "2,5", "latitude": 422022, "sun": null, "hourgust": null}, {"code": "1631E", "hourtmin": "Varias", "hourgust": "11:30", "hourtmax": "15:00", "sun": null, "altitude": "840", "prec": "0,2", "latitude": 422022, "hourpresmax": "21", "province": "OURENSE", "tmed": "17,7", "tmin": "12,7", "avgspeed": "4,2", "presmax": "922,8", "presmin": "920,4", "hourpresmin": "05", "date": "2008-05-03", "name": "A POBRA DE TRIVES", "gust": "15,8", "tmax": "22,7", "longitude": 71657, "dir": "18"}, {"code": "1631E", "hourtmin": "Varias", "hourgust": "18:10", "hourtmax": "14:20", "sun": null, "altitude": "840", "prec": "0,0", "latitude": 422022, "hourpresmax": "Varias", "province": "OURENSE", "tmed": "15,1", "tmin": "9,7", "avgspeed": "3,9", "presmax": "925,6", "presmin": "922,2", "hourpresmin": "Varias", "date": "2008-05-04", "name": "A POBRA DE TRIVES", "gust": "10,8", "tmax": "20,5", "longitude": 71657, "dir": "28"}, {"code": "1631E", "hourtmin": "06:05", "hourgust": "14:25", "hourtmax": "13:40", "sun": null, "altitude": "840", "prec": "0,0", "latitude": 422022, "hourpresmax": "00", "province": "OURENSE", "tmed": "14,7", "tmin": "7,6", "avgspeed": "1,9", "presmax": "925,1", "presmin": "922,4", "hourpresmin": "Varias", "date": "2008-05-05", "name": "A POBRA DE TRIVES", "gust": "7,8", "tmax": "21,8", "longitude": 71657, "dir": "99"}, {"code": "1631E", "hourtmin": "04:40", "hourgust": "14:20", "hourtmax": "13:40", "sun": null, "altitude": "840", "latitude": 422022, "hourpresmax": "00", "province": "OURENSE", "tmed": "17,5", "tmin": "10,5", "avgspeed": "2,2", "presmax": "922,6", "presmin": "917,6", "hourpresmin": "18", "date": "2008-05-06", "name": "A POBRA DE TRIVES", "gust": "9,2", "tmax": "24,5", "longitude": 71657, "dir": "32"}, {"code": "1631E", "hourtmin": "05:30", "hourgust": "13:20", "hourtmax": "11:40", "sun": null, "altitude": "840", "prec": "11,0", "latitude": 422022, "hourpresmax": "00", "province": "OURENSE", "tmed": "12,4", "tmin": "7,2", "avgspeed": "3,1", "presmax": "915,7", "presmin": "913,7", "hourpresmin": "15", "date": "2008-05-08", "name": "A POBRA DE TRIVES", "gust": "11,7", "tmax": "17,6", "longitude": 71657, "dir": "11"}, {"code": "1631E", "hourtmin": "23:59", "hourgust": "15:00", "hourtmax": "13:20", "sun": null, "altitude": "840", "prec": "1,0", "latitude": 422022, "hourpresmax": "24", "province": "OURENSE", "tmed": "9,0", "tmin": "6,9", "avgspeed": "3,1", "presmax": "915,7", "presmin": "913,8", "hourpresmin": "Varias", "date": "2008-05-09", "name": "A POBRA DE TRIVES", "gust": "10,3", "tmax": "11,0", "longitude": 71657, "dir": "29"}, {"code": "1631E", "hourtmin": "01:10", "hourgust": "15:00", "hourtmax": "14:10", "sun": null, "altitude": "840", "prec": "1,0", "latitude": 422022, "hourpresmax": "22", "province": "OURENSE", "tmed": "9,4", "tmin": "6,5", "avgspeed": "2,5", "presmax": "918,6", "presmin": "915,3", "hourpresmin": "Varias", "date": "2008-05-10", "name": "A POBRA DE TRIVES", "gust": "10,8", "tmax": "12,2", "longitude": 71657, "dir": "32"}, {"code": "1631E", "hourtmin": "02:40", "hourgust": "13:10", "hourtmax": "Varias", "sun": null, "altitude": "840", "prec": "0,4", "latitude": 422022, "hourpresmax": "Varias", "province": "OURENSE", "tmed": "12,6", "tmin": "7,3", "avgspeed": "2,2", "presmax": "919,3", "presmin": "917,3", "hourpresmin": "Varias", "date": "2008-05-11", "name": "A POBRA DE TRIVES", "gust": "8,9", "tmax": "17,8", "longitude": 71657, "dir": "29"}, {"province": "OURENSE", "hourtmax": null, "presmin": null, "code": "1631E", "name": "A POBRA DE TRIVES", "presmax": null, "gust": null, "altitude": "840", "longitude": 71657, "hourpresmax": null, "date": "2008-05-12", "hourpresmin": null, "hourtmin": null, "avgspeed": "1,9", "latitude": 422022, "sun": null, "hourgust": null}, {"code": "1631E", "hourtmin": "05:35", "hourgust": "13:30", "hourtmax": "12:30", "sun": null, "altitude": "840", "prec": "3,6", "latitude": 422022, "hourpresmax": "22", "province": "OURENSE", "tmed": "11,4", "tmin": "7,2", "avgspeed": "2,2", "presmax": "914,0", "presmin": "911,9", "hourpresmin": "04", "date": "2008-05-15", "name": "A POBRA DE TRIVES", "gust": "11,7", "tmax": "15,7", "longitude": 71657, "dir": "24"}, {"code": "1631E", "hourtmin": "04:55", "hourgust": "14:20", "hourtmax": "13:40", "sun": null, "altitude": "840", "prec": "0,0", "latitude": 422022, "hourpresmax": "Varias", "province": "OURENSE", "tmed": "10,6", "tmin": "5,5", "avgspeed": "3,3", "presmax": "915,4", "presmin": "912,4", "hourpresmin": "05", "date": "2008-05-16", "name": "A POBRA DE TRIVES", "gust": "10,3", "tmax": "15,7", "longitude": 71657, "dir": "30"}, {"code": "1631E", "hourtmin": "05:00", "hourgust": "16:10", "hourtmax": "15:10", "sun": null, "altitude": "840", "prec": "2,6", "latitude": 422022, "hourpresmax": "22", "province": "OURENSE", "tmed": "10,4", "tmin": "6,0", "avgspeed": "2,8", "presmax": "917,1", "presmin": "914,5", "hourpresmin": "04", "date": "2008-05-17", "name": "A POBRA DE TRIVES", "gust": "9,2", "tmax": "14,7", "longitude": 71657, "dir": "09"}, {"code": "1631E", "hourtmin": "03:55", "hourgust": "14:30", "hourtmax": "14:10", "sun": null, "altitude": "840", "prec": "3,8", "latitude": 422022, "hourpresmax": "00", "province": "OURENSE", "tmed": "10,4", "tmin": "7,4", "avgspeed": "3,1", "presmax": "916,6", "presmin": "913,8", "hourpresmin": "17", "date": "2008-05-18", "name": "A POBRA DE TRIVES", "gust": "8,6", "tmax": "13,3", "longitude": 71657, "dir": "24"}, {"code": "1631E", "hourtmin": "03:55", "hourgust": "15:10", "hourtmax": "Varias", "sun": null, "altitude": "840", "prec": "0,0", "latitude": 422022, "hourpresmax": "Varias", "province": "OURENSE", "tmed": "11,1", "tmin": "5,5", "avgspeed": "2,5", "presmax": "916,8", "presmin": "914,7", "hourpresmin": "Varias", "date": "2008-05-19", "name": "A POBRA DE TRIVES", "gust": "9,4", "tmax": "16,7", "longitude": 71657, "dir": "30"}, {"code": "1631E", "hourtmin": "05:20", "hourgust": "17:10", "hourtmax": "15:20", "sun": null, "altitude": "840", "prec": "0,0", "latitude": 422022, "hourpresmax": "24", "province": "OURENSE", "tmed": "13,1", "tmin": "4,8", "avgspeed": "1,7", "presmax": "918,0", "presmin": "916,3", "hourpresmin": "Varias", "date": "2008-05-20", "name": "A POBRA DE TRIVES", "gust": "9,4", "tmax": "21,4", "longitude": 71657, "dir": "23"}, {"code": "1631E", "hourtmin": "23:59", "hourgust": "13:00", "hourtmax": "15:20", "sun": null, "altitude": "840", "prec": "0,4", "latitude": 422022, "hourpresmax": "24", "province": "OURENSE", "tmed": "14,2", "tmin": "10,3", "avgspeed": "4,2", "presmax": "919,2", "presmin": "916,7", "hourpresmin": "05", "date": "2008-05-21", "name": "A POBRA DE TRIVES", "gust": "12,5", "tmax": "18,1", "longitude": 71657, "dir": "28"}, {"code": "1631E", "hourtmin": "05:40", "hourgust": "18:40", "hourtmax": "11:40", "sun": null, "altitude": "840", "prec": "14,4", "latitude": 422022, "hourpresmax": "00", "province": "OURENSE", "tmed": "12,2", "tmin": "7,9", "avgspeed": "1,4", "presmax": "919,2", "presmin": "913,7", "hourpresmin": "24", "date": "2008-05-22", "name": "A POBRA DE TRIVES", "gust": "10,3", "tmax": "16,6", "longitude": 71657, "dir": "24"}, {"code": "1631E", "hourtmin": "22:10", "hourgust": "13:50", "hourtmax": "11:00", "sun": null, "altitude": "840", "prec": "3,6", "latitude": 422022, "hourpresmax": "00", "province": "OURENSE", "tmed": "11,9", "tmin": "7,5", "avgspeed": "3,9", "presmax": "913,8", "presmin": "911,3", "hourpresmin": "17", "date": "2008-05-23", "name": "A POBRA DE TRIVES", "gust": "15,0", "tmax": "16,3", "longitude": 71657, "dir": "30"}, {"code": "1631E", "hourtmin": "Varias", "hourgust": "12:00", "hourtmax": "10:55", "sun": null, "altitude": "840", "prec": "2,2", "latitude": 422022, "hourpresmax": "00", "province": "OURENSE", "tmed": "8,6", "tmin": "4,4", "avgspeed": "1,9", "presmax": "912,6", "presmin": "909,8", "hourpresmin": "12", "date": "2008-05-24", "name": "A POBRA DE TRIVES", "gust": "10,8", "tmax": "12,9", "longitude": 71657, "dir": "24"}, {"province": "OURENSE", "hourtmax": null, "presmin": null, "code": "1631E", "name": "A POBRA DE TRIVES", "presmax": null, "gust": null, "altitude": "840", "longitude": 71657, "hourpresmax": null, "date": "2008-05-25", "hourpresmin": null, "hourtmin": null, "avgspeed": "1,9", "latitude": 422022, "sun": null, "hourgust": null}, {"province": "OURENSE", "hourtmax": null, "presmin": null, "code": "1631E", "name": "A POBRA DE TRIVES", "presmax": null, "gust": null, "altitude": "840", "longitude": 71657, "hourpresmax": null, "date": "2008-05-26", "hourpresmin": null, "hourtmin": null, "avgspeed": "2,5", "latitude": 422022, "sun": null, "hourgust": null}, {"province": "OURENSE", "hourtmax": null, "presmin": null, "code": "1631E", "name": "A POBRA DE TRIVES", "presmax": null, "gust": null, "altitude": "840", "longitude": 71657, "hourpresmax": null, "date": "2008-05-27", "hourpresmin": null, "hourtmin": null, "avgspeed": "3,1", "latitude": 422022, "sun": null, "hourgust": null}, {"code": "1631E", "hourtmin": null, "hourgust": null, "hourtmax": null, "sun": null, "altitude": "840", "prec": "0,0", "latitude": 422022, "hourpresmax": null, "province": "OURENSE", "presmax": null, "presmin": null, "hourpresmin": null, "date": "2008-06-02", "name": "A POBRA DE TRIVES", "gust": null, "longitude": 71657, "avgspeed": "1,7"}, {"code": "1631E", "hourtmin": "05:35", "hourgust": "14:00", "hourtmax": "Varias", "sun": null, "altitude": "840", "prec": "0,0", "latitude": 422022, "hourpresmax": "24", "province": "OURENSE", "tmed": "14,0", "tmin": "9,4", "avgspeed": "1,7", "presmax": "924,1", "presmin": "921,6", "hourpresmin": "16", "date": "2008-06-05", "name": "A POBRA DE TRIVES", "gust": "7,8", "tmax": "18,7", "longitude": 71657, "dir": "27"}, {"code": "1631E", "hourtmin": "04:15", "hourgust": "11:50", "hourtmax": "16:50", "sun": null, "altitude": "840", "prec": "2,8", "latitude": 422022, "hourpresmax": "Varias", "province": "OURENSE", "tmed": "12,3", "tmin": "6,1", "avgspeed": "2,5", "presmax": "924,9", "presmin": "921,8", "hourpresmin": "Varias", "date": "2008-06-08", "name": "A POBRA DE TRIVES", "gust": "10,3", "tmax": "18,5", "longitude": 71657, "dir": "03"}, {"code": "1631E", "hourtmin": "04:40", "hourgust": "15:20", "hourtmax": "13:10", "sun": null, "altitude": "840", "prec": "0,4", "latitude": 422022, "hourpresmax": "Varias", "province": "OURENSE", "tmed": "15,4", "tmin": "8,4", "avgspeed": "1,4", "presmax": "925,0", "presmin": "922,8", "hourpresmin": "17", "date": "2008-06-10", "name": "A POBRA DE TRIVES", "gust": "12,5", "tmax": "22,4", "longitude": 71657, "dir": "05"}, {"code": "1631E", "hourtmin": "05:10", "hourgust": "18:00", "hourtmax": "Varias", "sun": null, "altitude": "840", "latitude": 422022, "hourpresmax": "00", "province": "OURENSE", "tmed": "16,6", "tmin": "8,1", "avgspeed": "2,5", "presmax": "927,0", "presmin": "923,6", "hourpresmin": "18", "date": "2008-06-12", "name": "A POBRA DE TRIVES", "gust": "10,0", "tmax": "25,1", "longitude": 71657, "dir": "29"}, {"province": "OURENSE", "hourtmax": null, "presmin": null, "code": "1631E", "name": "A POBRA DE TRIVES", "presmax": null, "gust": null, "altitude": "840", "longitude": 71657, "hourpresmax": null, "date": "2008-06-13", "hourpresmin": null, "hourtmin": null, "avgspeed": "2,2", "latitude": 422022, "sun": null, "hourgust": null}, {"province": "OURENSE", "hourtmax": null, "presmin": null, "code": "1631E", "name": "A POBRA DE TRIVES", "presmax": null, "gust": null, "altitude": "840", "longitude": 71657, "hourpresmax": null, "date": "2008-06-14", "hourpresmin": null, "hourtmin": null, "avgspeed": "1,9", "latitude": 422022, "sun": null, "hourgust": null}, {"code": "1631E", "hourtmin": null, "hourgust": null, "hourtmax": null, "sun": null, "altitude": "840", "prec": "0,0", "latitude": 422022, "hourpresmax": null, "province": "OURENSE", "presmax": null, "presmin": null, "hourpresmin": null, "date": "2008-06-17", "name": "A POBRA DE TRIVES", "gust": null, "longitude": 71657, "avgspeed": "1,4"}, {"code": "1631E", "hourtmin": "05:00", "hourgust": "Varias", "hourtmax": "13:00", "sun": null, "altitude": "840", "prec": "0,0", "latitude": 422022, "hourpresmax": "23", "province": "OURENSE", "tmed": "15,8", "tmin": "7,0", "avgspeed": "3,1", "presmax": "923,8", "presmin": "921,2", "hourpresmin": "03", "date": "2008-06-18", "name": "A POBRA DE TRIVES", "gust": "9,7", "tmax": "24,6", "longitude": 71657, "dir": "99"}, {"province": "OURENSE", "hourtmax": null, "presmin": null, "code": "1631E", "name": "A POBRA DE TRIVES", "presmax": null, "gust": null, "altitude": "840", "longitude": 71657, "hourpresmax": null, "date": "2008-06-19", "hourpresmin": null, "hourtmin": null, "avgspeed": "2,2", "latitude": 422022, "sun": null, "hourgust": null}, {"province": "OURENSE", "hourtmax": null, "presmin": null, "code": "1631E", "name": "A POBRA DE TRIVES", "presmax": null, "gust": null, "altitude": "840", "longitude": 71657, "hourpresmax": null, "date": "2008-06-20", "hourpresmin": null, "hourtmin": null, "avgspeed": "2,5", "latitude": 422022, "sun": null, "hourgust": null}, {"code": "1631E", "hourtmin": "05:05", "hourgust": "08:00", "hourtmax": "15:30", "sun": null, "altitude": "840", "latitude": 422022, "hourpresmax": "00", "province": "OURENSE", "tmed": "19,2", "tmin": "12,1", "avgspeed": "2,5", "presmax": "922,4", "presmin": "921,0", "hourpresmin": "Varias", "date": "2008-06-22", "name": "A POBRA DE TRIVES", "gust": "14,4", "tmax": "26,2", "longitude": 71657, "dir": "09"}, {"province": "OURENSE", "hourtmax": null, "presmin": null, "code": "1631E", "name": "A POBRA DE TRIVES", "presmax": null, "gust": null, "altitude": "840", "longitude": 71657, "hourpresmax": null, "date": "2008-06-24", "hourpresmin": null, "hourtmin": null, "avgspeed": "3,1", "latitude": 422022, "sun": null, "hourgust": null}, {"code": "1631E", "hourtmin": "04:05", "hourgust": "15:20", "hourtmax": "14:50", "sun": null, "altitude": "840", "prec": "0,0", "latitude": 422022, "hourpresmax": "Varias", "province": "OURENSE", "tmed": "19,0", "tmin": "13,0", "avgspeed": "2,2", "presmax": "924,5", "presmin": "923,0", "hourpresmin": "18", "date": "2008-06-25", "name": "A POBRA DE TRIVES", "gust": "8,3", "tmax": "25,1", "longitude": 71657, "dir": "29"}, {"code": "1631E", "hourtmin": "05:20", "hourgust": "15:40", "hourtmax": "15:30", "sun": null, "altitude": "840", "prec": "0,0", "latitude": 422022, "hourpresmax": "Varias", "province": "OURENSE", "tmed": "19,2", "tmin": "13,7", "avgspeed": "2,8", "presmax": "927,0", "presmin": "922,8", "hourpresmin": "Varias", "date": "2008-06-26", "name": "A POBRA DE TRIVES", "gust": "11,7", "tmax": "24,6", "longitude": 71657, "dir": "29"}, {"province": "OURENSE", "hourtmax": null, "presmin": null, "code": "1631E", "name": "A POBRA DE TRIVES", "presmax": null, "gust": null, "altitude": "840", "longitude": 71657, "hourpresmax": null, "date": "2008-06-27", "hourpresmin": null, "hourtmin": null, "avgspeed": "3,1", "latitude": 422022, "sun": null, "hourgust": null}, {"code": "1631E", "hourtmin": "Varias", "hourgust": "20:50", "hourtmax": "16:00", "sun": null, "altitude": "840", "prec": "0,0", "latitude": 422022, "hourpresmax": "00", "province": "OURENSE", "tmed": "20,5", "tmin": "12,2", "avgspeed": "1,7", "presmax": "926,9", "presmin": "923,9", "hourpresmin": "18", "date": "2008-06-28", "name": "A POBRA DE TRIVES", "gust": "8,1", "tmax": "28,8", "longitude": 71657, "dir": "27"}, {"province": "OURENSE", "hourtmax": null, "presmin": null, "code": "1631E", "name": "A POBRA DE TRIVES", "presmax": null, "gust": null, "altitude": "840", "longitude": 71657, "hourpresmax": null, "date": "2008-06-29", "hourpresmin": null, "hourtmin": null, "avgspeed": "1,9", "latitude": 422022, "sun": null, "hourgust": null}, {"code": "1631E", "hourtmin": null, "hourgust": null, "hourtmax": null, "sun": null, "altitude": "840", "prec": "0,0", "latitude": 422022, "hourpresmax": null, "province": "OURENSE", "presmax": null, "presmin": null, "hourpresmin": null, "date": "2008-06-30", "name": "A POBRA DE TRIVES", "gust": null, "longitude": 71657, "avgspeed": "2,2"}, {"code": "1631E", "hourtmin": "05:40", "hourgust": "05:40", "hourtmax": "12:20", "sun": null, "altitude": "840", "prec": "1,2", "latitude": 422022, "hourpresmax": "00", "province": "OURENSE", "tmed": "19,3", "tmin": "13,4", "avgspeed": "3,1", "presmax": "922,2", "presmin": "919,4", "hourpresmin": "24", "date": "2008-07-01", "name": "A POBRA DE TRIVES", "gust": "13,3", "tmax": "25,2", "longitude": 71657, "dir": "33"}, {"code": "1631E", "hourtmin": "23:00", "hourgust": "13:10", "hourtmax": "Varias", "sun": null, "altitude": "840", "prec": "0,4", "latitude": 422022, "hourpresmax": "Varias", "province": "OURENSE", "tmed": "12,8", "tmin": "7,7", "avgspeed": "3,6", "presmax": "921,2", "presmin": "917,9", "hourpresmin": "04", "date": "2008-07-02", "name": "A POBRA DE TRIVES", "gust": "12,2", "tmax": "17,9", "longitude": 71657, "dir": "26"}, {"province": "OURENSE", "hourtmax": null, "presmin": null, "code": "1631E", "name": "A POBRA DE TRIVES", "presmax": null, "gust": null, "altitude": "840", "longitude": 71657, "hourpresmax": null, "date": "2008-07-03", "hourpresmin": null, "hourtmin": null, "avgspeed": "2,5", "latitude": 422022, "sun": null, "hourgust": null}, {"province": "OURENSE", "hourtmax": null, "presmin": null, "code": "1631E", "name": "A POBRA DE TRIVES", "presmax": null, "gust": null, "altitude": "840", "longitude": 71657, "hourpresmax": null, "date": "2008-07-04", "hourpresmin": null, "hourtmin": null, "avgspeed": "1,9", "latitude": 422022, "sun": null, "hourgust": null}, {"code": "1631E", "hourtmin": null, "hourgust": null, "hourtmax": null, "sun": null, "altitude": "840", "prec": "0,0", "latitude": 422022, "hourpresmax": null, "province": "OURENSE", "presmax": null, "presmin": null, "hourpresmin": null, "date": "2008-07-05", "name": "A POBRA DE TRIVES", "gust": null, "longitude": 71657, "avgspeed": "3,1"}, {"province": "OURENSE", "hourtmax": null, "presmin": null, "code": "1631E", "name": "A POBRA DE TRIVES", "presmax": null, "gust": null, "altitude": "840", "longitude": 71657, "hourpresmax": null, "date": "2008-07-06", "hourpresmin": null, "hourtmin": null, "avgspeed": "2,5", "latitude": 422022, "sun": null, "hourgust": null}, {"code": "1631E", "hourtmin": "03:50", "hourgust": "14:30", "hourtmax": "Varias", "sun": null, "altitude": "840", "prec": "0,0", "latitude": 422022, "hourpresmax": "Varias", "province": "OURENSE", "tmed": "12,2", "tmin": "5,6", "avgspeed": "2,8", "presmax": "924,2", "presmin": "921,8", "hourpresmin": "Varias", "date": "2008-07-07", "name": "A POBRA DE TRIVES", "gust": "9,4", "tmax": "18,8", "longitude": 71657, "dir": "30"}, {"province": "OURENSE", "hourtmax": null, "presmin": null, "code": "1631E", "name": "A POBRA DE TRIVES", "presmax": null, "gust": null, "altitude": "840", "longitude": 71657, "hourpresmax": null, "date": "2008-07-14", "hourpresmin": null, "hourtmin": null, "avgspeed": "1,9", "latitude": 422022, "sun": null, "hourgust": null}, {"province": "OURENSE", "hourtmax": null, "presmin": null, "code": "1631E", "name": "A POBRA DE TRIVES", "presmax": null, "gust": null, "altitude": "840", "longitude": 71657, "hourpresmax": null, "date": "2008-07-15", "hourpresmin": null, "hourtmin": null, "avgspeed": "2,8", "latitude": 422022, "sun": null, "hourgust": null}, {"code": "1631E", "hourtmin": null, "hourgust": null, "hourtmax": null, "sun": null, "altitude": "840", "prec": "0,0", "latitude": 422022, "hourpresmax": null, "province": "OURENSE", "presmax": null, "presmin": null, "hourpresmin": null, "date": "2008-07-16", "name": "A POBRA DE TRIVES", "gust": null, "longitude": 71657, "avgspeed": "3,1"}, {"code": "1631E", "hourtmin": "07:00", "hourgust": "17:10", "hourtmax": "16:00", "sun": null, "altitude": "840", "prec": "0,0", "latitude": 422022, "hourpresmax": "00", "province": "OURENSE", "tmed": "19,2", "tmin": "12,2", "avgspeed": "2,5", "presmax": "925,3", "presmin": "921,6", "hourpresmin": "Varias", "date": "2008-07-17", "name": "A POBRA DE TRIVES", "gust": "8,6", "tmax": "26,2", "longitude": 71657, "dir": "27"}, {"code": "1631E", "hourtmin": "04:55", "hourgust": "Varias", "hourtmax": "Varias", "sun": null, "altitude": "840", "prec": "0,0", "latitude": 422022, "hourpresmax": "Varias", "province": "OURENSE", "tmed": "20,8", "tmin": "10,8", "avgspeed": "1,9", "presmax": "922,4", "presmin": "920,1", "hourpresmin": "19", "date": "2008-07-18", "name": "A POBRA DE TRIVES", "gust": "7,2", "tmax": "30,9", "longitude": 71657, "dir": "99"}, {"province": "OURENSE", "hourtmax": null, "presmin": null, "code": "1631E", "name": "A POBRA DE TRIVES", "presmax": null, "gust": null, "altitude": "840", "longitude": 71657, "hourpresmax": null, "date": "2008-07-19", "hourpresmin": null, "hourtmin": null, "avgspeed": "2,2", "latitude": 422022, "sun": null, "hourgust": null}, {"code": "1631E", "hourtmin": "23:59", "hourgust": "15:50", "hourtmax": "15:20", "sun": null, "altitude": "840", "prec": "0,0", "latitude": 422022, "hourpresmax": "Varias", "province": "OURENSE", "tmed": "20,0", "tmin": "13,8", "avgspeed": "3,1", "presmax": "924,9", "presmin": "920,7", "hourpresmin": "04", "date": "2008-07-20", "name": "A POBRA DE TRIVES", "gust": "10,6", "tmax": "26,3", "longitude": 71657, "dir": "28"}, {"code": "1631E", "hourtmin": "02:00", "hourgust": "14:40", "hourtmax": "Varias", "sun": null, "altitude": "840", "latitude": 422022, "hourpresmax": "24", "province": "OURENSE", "tmed": "20,7", "tmin": "13,2", "avgspeed": "2,2", "presmax": "926,5", "presmin": "924,4", "hourpresmin": "Varias", "date": "2008-07-21", "name": "A POBRA DE TRIVES", "gust": "8,1", "tmax": "28,2", "longitude": 71657, "dir": "30"}, {"code": "1631E", "hourtmin": "Varias", "hourgust": "Varias", "hourtmax": "12:50", "sun": null, "altitude": "840", "prec": "0,0", "latitude": 422022, "hourpresmax": "00", "province": "OURENSE", "tmed": "22,0", "tmin": "13,2", "avgspeed": "3,1", "presmax": "922,6", "presmin": "919,3", "hourpresmin": "Varias", "date": "2008-07-23", "name": "A POBRA DE TRIVES", "gust": "10,8", "tmax": "30,8", "longitude": 71657, "dir": "99"}, {"code": "1631E", "hourtmin": "02:30", "hourgust": "20:00", "hourtmax": "15:20", "sun": null, "altitude": "840", "prec": "0,0", "latitude": 422022, "hourpresmax": "00", "province": "OURENSE", "tmed": "17,8", "tmin": "11,2", "avgspeed": "2,2", "presmax": "921,3", "presmin": "918,7", "hourpresmin": "19", "date": "2008-07-24", "name": "A POBRA DE TRIVES", "gust": "9,2", "tmax": "24,3", "longitude": 71657, "dir": "28"}, {"code": "1631E", "hourtmin": "23:59", "hourgust": "16:10", "hourtmax": "13:50", "sun": null, "altitude": "840", "prec": "0,6", "latitude": 422022, "hourpresmax": "Varias", "province": "OURENSE", "tmed": "19,6", "tmin": "14,1", "avgspeed": "2,5", "presmax": "921,4", "presmin": "918,3", "hourpresmin": "Varias", "date": "2008-07-25", "name": "A POBRA DE TRIVES", "gust": "12,5", "tmax": "25,1", "longitude": 71657, "dir": "22"}, {"province": "OURENSE", "hourtmax": null, "presmin": null, "code": "1631E", "name": "A POBRA DE TRIVES", "presmax": null, "gust": null, "altitude": "840", "longitude": 71657, "hourpresmax": null, "date": "2008-07-26", "hourpresmin": null, "hourtmin": null, "avgspeed": "2,2", "latitude": 422022, "sun": null, "hourgust": null}, {"code": "1631E", "hourtmin": null, "hourgust": null, "hourtmax": null, "sun": null, "altitude": "840", "prec": "0,0", "latitude": 422022, "hourpresmax": null, "province": "OURENSE", "presmax": null, "presmin": null, "hourpresmin": null, "date": "2008-07-27", "name": "A POBRA DE TRIVES", "gust": null, "longitude": 71657, "avgspeed": "2,5"}, {"province": "OURENSE", "hourtmax": null, "presmin": null, "code": "1631E", "name": "A POBRA DE TRIVES", "presmax": null, "gust": null, "altitude": "840", "longitude": 71657, "hourpresmax": null, "date": "2008-07-28", "hourpresmin": null, "hourtmin": null, "avgspeed": "3,1", "latitude": 422022, "sun": null, "hourgust": null}, {"code": "1631E", "hourtmin": "04:20", "hourgust": "11:10", "hourtmax": "11:20", "sun": null, "altitude": "840", "prec": "0,0", "latitude": 422022, "hourpresmax": "Varias", "province": "OURENSE", "tmed": "17,8", "tmin": "11,2", "avgspeed": "3,1", "presmax": "925,9", "presmin": "920,7", "hourpresmin": "04", "date": "2008-07-31", "name": "A POBRA DE TRIVES", "gust": "11,1", "tmax": "24,3", "longitude": 71657, "dir": "24"}, {"code": "1631E", "hourtmin": "02:10", "hourgust": "15:40", "hourtmax": "16:10", "sun": null, "altitude": "840", "prec": "0,0", "latitude": 422022, "hourpresmax": "Varias", "province": "OURENSE", "tmed": "16,4", "tmin": "10,0", "avgspeed": "2,2", "presmax": "927,7", "presmin": "925,2", "hourpresmin": "03", "date": "2008-08-01", "name": "A POBRA DE TRIVES", "gust": "9,4", "tmax": "22,9", "longitude": 71657, "dir": "28"}, {"province": "OURENSE", "hourtmax": null, "presmin": null, "code": "1631E", "name": "A POBRA DE TRIVES", "presmax": null, "gust": null, "altitude": "840", "longitude": 71657, "hourpresmax": null, "date": "2008-08-02", "hourpresmin": null, "hourtmin": null, "avgspeed": "2,5", "latitude": 422022, "sun": null, "hourgust": null}, {"code": "1631E", "hourtmin": "05:10", "hourgust": "15:30", "hourtmax": "15:00", "sun": null, "altitude": "840", "prec": "0,0", "latitude": 422022, "hourpresmax": "00", "province": "OURENSE", "tmed": "20,6", "tmin": "10,2", "avgspeed": "2,8", "presmax": "926,3", "presmin": "922,5", "hourpresmin": "Varias", "date": "2008-08-03", "name": "A POBRA DE TRIVES", "gust": "10,0", "tmax": "31,1", "longitude": 71657, "dir": "28"}, {"code": "1631E", "hourtmin": "05:35", "hourgust": "15:40", "hourtmax": "Varias", "sun": null, "altitude": "840", "prec": "0,0", "latitude": 422022, "hourpresmax": "00", "province": "OURENSE", "tmed": "21,6", "tmin": "13,3", "avgspeed": "2,8", "presmax": "922,2", "presmin": "919,9", "hourpresmin": "19", "date": "2008-08-05", "name": "A POBRA DE TRIVES", "gust": "9,2", "tmax": "30,0", "longitude": 71657, "dir": "29"}, {"province": "OURENSE", "hourtmax": null, "presmin": null, "code": "1631E", "name": "A POBRA DE TRIVES", "presmax": null, "gust": null, "altitude": "840", "longitude": 71657, "hourpresmax": null, "date": "2008-08-06", "hourpresmin": null, "hourtmin": null, "avgspeed": "3,3", "latitude": 422022, "sun": null, "hourgust": null}, {"code": "1631E", "hourtmin": null, "hourgust": null, "hourtmax": null, "sun": null, "altitude": "840", "prec": "0,0", "latitude": 422022, "hourpresmax": null, "province": "OURENSE", "presmax": null, "presmin": null, "hourpresmin": null, "date": "2008-08-07", "name": "A POBRA DE TRIVES", "gust": null, "longitude": 71657, "avgspeed": "1,9"}, {"province": "OURENSE", "hourtmax": null, "presmin": null, "code": "1631E", "name": "A POBRA DE TRIVES", "presmax": null, "gust": null, "altitude": "840", "longitude": 71657, "hourpresmax": null, "date": "2008-08-08", "hourpresmin": null, "hourtmin": null, "avgspeed": "2,8", "latitude": 422022, "sun": null, "hourgust": null}, {"province": "OURENSE", "hourtmax": null, "presmin": null, "code": "1631E", "name": "A POBRA DE TRIVES", "presmax": null, "gust": null, "altitude": "840", "longitude": 71657, "hourpresmax": null, "date": "2008-08-09", "hourpresmin": null, "hourtmin": null, "avgspeed": "2,8", "latitude": 422022, "sun": null, "hourgust": null}, {"province": "OURENSE", "hourtmax": null, "presmin": null, "code": "1631E", "name": "A POBRA DE TRIVES", "presmax": null, "gust": null, "altitude": "840", "longitude": 71657, "hourpresmax": null, "date": "2008-08-10", "hourpresmin": null, "hourtmin": null, "avgspeed": "2,2", "latitude": 422022, "sun": null, "hourgust": null}, {"code": "1631E", "hourtmin": "Varias", "hourgust": "17:00", "hourtmax": "14:20", "sun": null, "altitude": "840", "prec": "3,4", "latitude": 422022, "hourpresmax": "00", "province": "OURENSE", "tmed": "20,2", "tmin": "15,8", "avgspeed": "2,8", "presmax": "917,9", "presmin": "911,5", "hourpresmin": "24", "date": "2008-08-11", "name": "A POBRA DE TRIVES", "gust": "16,4", "tmax": "24,5", "longitude": 71657, "dir": "27"}, {"code": "1631E", "hourtmin": "23:59", "hourgust": "12:50", "hourtmax": "13:10", "sun": null, "altitude": "840", "prec": "0,0", "latitude": 422022, "hourpresmax": "24", "province": "OURENSE", "tmed": "14,2", "tmin": "9,2", "avgspeed": "5,0", "presmax": "921,2", "presmin": "911,4", "hourpresmin": "Varias", "date": "2008-08-12", "name": "A POBRA DE TRIVES", "gust": "13,3", "tmax": "19,2", "longitude": 71657, "dir": "29"}, {"code": "1631E", "hourtmin": "04:45", "hourgust": "15:10", "hourtmax": "14:40", "sun": null, "altitude": "840", "latitude": 422022, "hourpresmax": "11", "province": "OURENSE", "tmed": "13,3", "tmin": "6,8", "avgspeed": "2,5", "presmax": "923,4", "presmin": "921,1", "hourpresmin": "Varias", "date": "2008-08-13", "name": "A POBRA DE TRIVES", "gust": "9,7", "tmax": "19,8", "longitude": 71657, "dir": "28"}, {"province": "OURENSE", "hourtmax": null, "presmin": null, "code": "1631E", "name": "A POBRA DE TRIVES", "presmax": null, "gust": null, "altitude": "840", "longitude": 71657, "hourpresmax": null, "date": "2008-08-14", "hourpresmin": null, "hourtmin": null, "avgspeed": "3,6", "latitude": 422022, "sun": null, "hourgust": null}, {"province": "OURENSE", "hourtmax": null, "presmin": null, "code": "1631E", "name": "A POBRA DE TRIVES", "presmax": null, "gust": null, "altitude": "840", "longitude": 71657, "hourpresmax": null, "date": "2008-08-15", "hourpresmin": null, "hourtmin": null, "avgspeed": "2,8", "latitude": 422022, "sun": null, "hourgust": null}, {"code": "1631E", "hourtmin": "07:50", "hourgust": "12:10", "hourtmax": "12:55", "sun": null, "altitude": "840", "prec": "5,4", "latitude": 422022, "hourpresmax": "00", "province": "OURENSE", "tmed": "16,3", "tmin": "10,4", "avgspeed": "2,2", "presmax": "920,5", "presmin": "916,0", "hourpresmin": "Varias", "date": "2008-08-16", "name": "A POBRA DE TRIVES", "gust": "11,9", "tmax": "22,2", "longitude": 71657, "dir": "25"}, {"code": "1631E", "hourtmin": "01:05", "hourgust": "16:20", "hourtmax": "15:30", "sun": null, "altitude": "840", "latitude": 422022, "hourpresmax": "24", "province": "OURENSE", "tmed": "17,6", "tmin": "11,3", "avgspeed": "2,8", "presmax": "919,7", "presmin": "917,9", "hourpresmin": "Varias", "date": "2008-08-17", "name": "A POBRA DE TRIVES", "gust": "10,0", "tmax": "24,0", "longitude": 71657, "dir": "28"}, {"code": "1631E", "hourtmin": null, "hourgust": null, "hourtmax": null, "sun": null, "altitude": "840", "prec": "0,0", "latitude": 422022, "hourpresmax": null, "province": "OURENSE", "presmax": null, "presmin": null, "hourpresmin": null, "date": "2008-08-18", "name": "A POBRA DE TRIVES", "gust": null, "longitude": 71657, "avgspeed": "2,5"}, {"code": "1631E", "hourtmin": "23:59", "hourgust": "13:30", "hourtmax": "Varias", "sun": null, "altitude": "840", "prec": "0,0", "latitude": 422022, "hourpresmax": "Varias", "province": "OURENSE", "tmed": "15,2", "tmin": "10,3", "avgspeed": "2,8", "presmax": "924,7", "presmin": "921,8", "hourpresmin": "04", "date": "2008-08-19", "name": "A POBRA DE TRIVES", "gust": "8,9", "tmax": "20,0", "longitude": 71657, "dir": "27"}, {"province": "OURENSE", "hourtmax": null, "presmin": null, "code": "1631E", "name": "A POBRA DE TRIVES", "presmax": null, "gust": null, "altitude": "840", "longitude": 71657, "hourpresmax": null, "date": "2008-08-20", "hourpresmin": null, "hourtmin": null, "avgspeed": "2,5", "latitude": 422022, "sun": null, "hourgust": null}, {"code": "1631E", "hourtmin": null, "hourgust": null, "hourtmax": null, "sun": null, "altitude": "840", "prec": "0,0", "latitude": 422022, "hourpresmax": null, "province": "OURENSE", "presmax": null, "presmin": null, "hourpresmin": null, "date": "2008-08-21", "name": "A POBRA DE TRIVES", "gust": null, "longitude": 71657, "avgspeed": "2,2"}, {"code": "1631E", "hourtmin": "23:59", "hourgust": "14:40", "hourtmax": "15:00", "sun": null, "altitude": "840", "prec": "0,0", "latitude": 422022, "hourpresmax": "23", "province": "OURENSE", "tmed": "16,0", "tmin": "9,9", "avgspeed": "3,3", "presmax": "925,1", "presmin": "923,0", "hourpresmin": "17", "date": "2008-08-22", "name": "A POBRA DE TRIVES", "gust": "10,6", "tmax": "22,0", "longitude": 71657, "dir": "25"}, {"code": "1631E", "hourtmin": "Varias", "hourgust": "15:10", "hourtmax": "15:10", "sun": null, "altitude": "840", "prec": "0,0", "latitude": 422022, "hourpresmax": "00", "province": "OURENSE", "tmed": "16,1", "tmin": "7,1", "avgspeed": "2,2", "presmax": "924,8", "presmin": "921,1", "hourpresmin": "Varias", "date": "2008-08-23", "name": "A POBRA DE TRIVES", "gust": "8,6", "tmax": "25,1", "longitude": 71657, "dir": "27"}, {"code": "1631E", "hourtmin": "05:40", "hourgust": "15:40", "hourtmax": "14:10", "sun": null, "altitude": "840", "prec": "0,0", "latitude": 422022, "hourpresmax": "23", "province": "OURENSE", "tmed": "16,6", "tmin": "9,5", "avgspeed": "2,8", "presmax": "923,4", "presmin": "921,5", "hourpresmin": "Varias", "date": "2008-08-24", "name": "A POBRA DE TRIVES", "gust": "8,9", "tmax": "23,8", "longitude": 71657, "dir": "33"}, {"code": "1631E", "hourtmin": "04:00", "hourgust": "20:00", "hourtmax": "15:10", "sun": null, "altitude": "840", "prec": "0,0", "latitude": 422022, "hourpresmax": "10", "province": "OURENSE", "tmed": "18,6", "tmin": "12,0", "avgspeed": "2,2", "presmax": "924,6", "presmin": "922,5", "hourpresmin": "Varias", "date": "2008-08-25", "name": "A POBRA DE TRIVES", "gust": "8,6", "tmax": "25,3", "longitude": 71657, "dir": "28"}, {"code": "1631E", "hourtmin": "05:45", "hourgust": "20:00", "hourtmax": "12:50", "sun": null, "altitude": "840", "prec": "0,0", "latitude": 422022, "hourpresmax": "10", "province": "OURENSE", "tmed": "20,6", "tmin": "11,5", "avgspeed": "2,8", "presmax": "924,5", "presmin": "921,9", "hourpresmin": "18", "date": "2008-08-26", "name": "A POBRA DE TRIVES", "gust": "8,3", "tmax": "29,6", "longitude": 71657, "dir": "29"}, {"province": "OURENSE", "hourtmax": null, "presmin": null, "code": "1631E", "name": "A POBRA DE TRIVES", "presmax": null, "gust": null, "altitude": "840", "longitude": 71657, "hourpresmax": null, "date": "2008-08-27", "hourpresmin": null, "hourtmin": null, "avgspeed": "1,9", "latitude": 422022, "sun": null, "hourgust": null}, {"code": "1631E", "hourtmin": "23:55", "hourgust": "21:50", "hourtmax": "14:50", "sun": null, "altitude": "840", "prec": "1,8", "latitude": 422022, "hourpresmax": "11", "province": "OURENSE", "tmed": "22,4", "tmin": "15,4", "avgspeed": "1,7", "presmax": "924,3", "presmin": "921,1", "hourpresmin": "19", "date": "2008-08-28", "name": "A POBRA DE TRIVES", "gust": "18,9", "tmax": "29,5", "longitude": 71657, "dir": "19"}, {"province": "OURENSE", "hourtmax": null, "presmin": null, "code": "1631E", "name": "A POBRA DE TRIVES", "presmax": null, "gust": null, "altitude": "840", "longitude": 71657, "hourpresmax": null, "date": "2008-08-29", "hourpresmin": null, "hourtmin": null, "avgspeed": "2,2", "latitude": 422022, "sun": null, "hourgust": null}, {"province": "OURENSE", "hourtmax": null, "presmin": null, "code": "1631E", "name": "A POBRA DE TRIVES", "presmax": null, "gust": null, "altitude": "840", "longitude": 71657, "hourpresmax": null, "date": "2008-08-30", "hourpresmin": null, "hourtmin": null, "avgspeed": "1,4", "latitude": 422022, "sun": null, "hourgust": null}, {"code": "1631E", "hourtmin": "04:25", "hourgust": "16:00", "hourtmax": "14:40", "sun": null, "altitude": "840", "prec": "1,2", "latitude": 422022, "hourpresmax": "00", "province": "OURENSE", "tmed": "14,3", "tmin": "11,7", "avgspeed": "1,7", "presmax": "918,4", "presmin": "916,0", "hourpresmin": "24", "date": "2008-09-03", "name": "A POBRA DE TRIVES", "gust": "6,4", "tmax": "16,9", "longitude": 71657, "dir": "23"}, {"code": "1631E", "hourtmin": "06:10", "hourgust": "13:40", "hourtmax": "15:50", "sun": null, "altitude": "840", "prec": "0,0", "latitude": 422022, "hourpresmax": "00", "province": "OURENSE", "tmed": "13,6", "tmin": "4,8", "avgspeed": "2,5", "presmax": "921,3", "presmin": "918,1", "hourpresmin": "Varias", "date": "2008-09-07", "name": "A POBRA DE TRIVES", "gust": "7,5", "tmax": "22,5", "longitude": 71657, "dir": "13"}, {"code": "1631E", "hourtmin": "Varias", "hourgust": "12:40", "hourtmax": "15:40", "sun": null, "altitude": "840", "latitude": 422022, "hourpresmax": "00", "province": "OURENSE", "tmed": "17,2", "tmin": "9,5", "avgspeed": "2,5", "presmax": "918,1", "presmin": "915,9", "hourpresmin": "16", "date": "2008-09-08", "name": "A POBRA DE TRIVES", "gust": "10,8", "tmax": "24,8", "longitude": 71657, "dir": "12"}, {"code": "1631E", "hourtmin": null, "hourgust": null, "hourtmax": null, "sun": null, "altitude": "840", "prec": "5,8", "latitude": 422022, "hourpresmax": null, "province": "OURENSE", "presmax": null, "presmin": null, "hourpresmin": null, "date": "2008-09-09", "name": "A POBRA DE TRIVES", "gust": null, "longitude": 71657, "avgspeed": "1,7"}, {"code": "1631E", "hourtmin": "06:10", "hourgust": "19:25", "hourtmax": "15:05", "sun": null, "altitude": "840", "latitude": 422022, "hourpresmax": "08", "province": "OURENSE", "tmed": "18,2", "tmin": "10,7", "avgspeed": "2,2", "presmax": "922,5", "presmin": "919,5", "hourpresmin": "17", "date": "2008-09-10", "name": "A POBRA DE TRIVES", "gust": "10,3", "tmax": "25,8", "longitude": 71657, "dir": "26"}, {"province": "OURENSE", "hourtmax": null, "presmin": null, "code": "1631E", "name": "A POBRA DE TRIVES", "presmax": null, "gust": null, "altitude": "840", "longitude": 71657, "hourpresmax": null, "date": "2008-09-11", "hourpresmin": null, "hourtmin": null, "avgspeed": "3,3", "latitude": 422022, "sun": null, "hourgust": null}, {"code": "1631E", "hourtmin": null, "hourgust": null, "hourtmax": null, "sun": null, "altitude": "840", "prec": "0,2", "latitude": 422022, "hourpresmax": null, "province": "OURENSE", "presmax": null, "presmin": null, "hourpresmin": null, "date": "2008-09-12", "name": "A POBRA DE TRIVES", "gust": null, "longitude": 71657, "avgspeed": "2,5"}, {"code": "1631E", "hourtmin": "Varias", "hourgust": "16:40", "hourtmax": "15:20", "sun": null, "altitude": "840", "prec": "0,0", "latitude": 422022, "hourpresmax": "Varias", "province": "OURENSE", "tmed": "11,6", "tmin": "3,4", "avgspeed": "2,2", "presmax": "926,6", "presmin": "924,2", "hourpresmin": "16", "date": "2008-09-13", "name": "A POBRA DE TRIVES", "gust": "7,2", "tmax": "19,7", "longitude": 71657, "dir": "27"}, {"code": "1631E", "hourtmin": "05:10", "hourgust": "14:50", "hourtmax": "15:10", "sun": null, "altitude": "840", "latitude": 422022, "hourpresmax": "08", "province": "OURENSE", "tmed": "14,8", "tmin": "6,4", "avgspeed": "1,4", "presmax": "925,9", "presmin": "924,1", "hourpresmin": "18", "date": "2008-09-14", "name": "A POBRA DE TRIVES", "gust": "7,2", "tmax": "23,2", "longitude": 71657, "dir": "28"}, {"code": "1631E", "hourtmin": null, "hourgust": null, "hourtmax": null, "sun": null, "altitude": "840", "prec": "0,0", "latitude": 422022, "hourpresmax": null, "province": "OURENSE", "presmax": null, "presmin": null, "hourpresmin": null, "date": "2008-09-15", "name": "A POBRA DE TRIVES", "gust": null, "longitude": 71657, "avgspeed": "1,9"}, {"code": "1631E", "hourtmin": "Varias", "hourgust": "14:10", "hourtmax": "13:50", "sun": null, "altitude": "840", "prec": "0,0", "latitude": 422022, "hourpresmax": "00", "province": "OURENSE", "tmed": "17,9", "tmin": "10,4", "avgspeed": "2,2", "presmax": "919,7", "presmin": "915,0", "hourpresmin": "16", "date": "2008-09-16", "name": "A POBRA DE TRIVES", "gust": "9,2", "tmax": "25,4", "longitude": 71657, "dir": "15"}, {"code": "1631E", "hourtmin": "06:00", "hourgust": "14:20", "hourtmax": "14:20", "sun": null, "altitude": "840", "prec": "0,0", "latitude": 422022, "hourpresmax": "Varias", "province": "OURENSE", "tmed": "16,6", "tmin": "11,7", "avgspeed": "2,2", "presmax": "920,3", "presmin": "915,8", "hourpresmin": "Varias", "date": "2008-09-17", "name": "A POBRA DE TRIVES", "gust": "8,1", "tmax": "21,6", "longitude": 71657, "dir": "26"}, {"code": "1631E", "hourtmin": "23:59", "hourgust": "14:10", "hourtmax": "12:20", "sun": null, "altitude": "840", "prec": "20,6", "latitude": 422022, "hourpresmax": "Varias", "province": "OURENSE", "tmed": "15,7", "tmin": "10,5", "avgspeed": "1,4", "presmax": "924,6", "presmin": "919,9", "hourpresmin": "Varias", "date": "2008-09-18", "name": "A POBRA DE TRIVES", "gust": "14,4", "tmax": "20,9", "longitude": 71657, "dir": "24"}, {"code": "1631E", "hourtmin": "06:20", "hourgust": "14:10", "hourtmax": "Varias", "sun": null, "altitude": "840", "prec": "0,0", "latitude": 422022, "hourpresmax": "09", "province": "OURENSE", "tmed": "15,4", "tmin": "8,0", "avgspeed": "1,7", "presmax": "926,4", "presmin": "924,3", "hourpresmin": "Varias", "date": "2008-09-19", "name": "A POBRA DE TRIVES", "gust": "7,5", "tmax": "22,7", "longitude": 71657, "dir": "28"}, {"code": "1631E", "hourtmin": "04:10", "hourgust": "14:20", "hourtmax": "Varias", "sun": null, "altitude": "840", "prec": "0,0", "latitude": 422022, "hourpresmax": "Varias", "province": "OURENSE", "tmed": "18,3", "tmin": "10,4", "avgspeed": "1,9", "presmax": "926,1", "presmin": "921,6", "hourpresmin": "24", "date": "2008-09-20", "name": "A POBRA DE TRIVES", "gust": "9,2", "tmax": "26,2", "longitude": 71657, "dir": "19"}, {"code": "1631E", "hourtmin": "05:50", "hourgust": "15:20", "hourtmax": "Varias", "sun": null, "altitude": "840", "latitude": 422022, "hourpresmax": "00", "province": "OURENSE", "tmed": "18,1", "tmin": "14,3", "avgspeed": "1,7", "presmax": "921,6", "presmin": "916,7", "hourpresmin": "Varias", "date": "2008-09-21", "name": "A POBRA DE TRIVES", "gust": "6,7", "tmax": "21,9", "longitude": 71657, "dir": "29"}, {"province": "OURENSE", "hourtmax": null, "presmin": null, "code": "1631E", "name": "A POBRA DE TRIVES", "presmax": null, "gust": null, "altitude": "840", "longitude": 71657, "hourpresmax": null, "date": "2008-09-22", "hourpresmin": null, "hourtmin": null, "avgspeed": "1,4", "latitude": 422022, "sun": null, "hourgust": null}, {"code": "1631E", "hourtmin": null, "hourgust": null, "hourtmax": null, "sun": null, "altitude": "840", "prec": "0,0", "latitude": 422022, "hourpresmax": null, "province": "OURENSE", "presmax": null, "presmin": null, "hourpresmin": null, "date": "2008-09-24", "name": "A POBRA DE TRIVES", "gust": null, "longitude": 71657, "avgspeed": "0,8"}, {"code": "1631E", "hourtmin": "Varias", "hourgust": "08:50", "hourtmax": "13:40", "sun": null, "altitude": "840", "prec": "0,0", "latitude": 422022, "hourpresmax": "23", "province": "OURENSE", "tmed": "13,2", "tmin": "6,1", "avgspeed": "1,7", "presmax": "926,9", "presmin": "924,4", "hourpresmin": "00", "date": "2008-09-25", "name": "A POBRA DE TRIVES", "gust": "13,6", "tmax": "20,2", "longitude": 71657, "dir": "09"}, {"code": "1631E", "hourtmin": "06:20", "hourgust": "13:10", "hourtmax": "15:50", "sun": null, "altitude": "840", "prec": "0,0", "latitude": 422022, "hourpresmax": "Varias", "province": "OURENSE", "tmed": "12,6", "tmin": "5,3", "avgspeed": "1,7", "presmax": "926,8", "presmin": "923,9", "hourpresmin": "17", "date": "2008-09-26", "name": "A POBRA DE TRIVES", "gust": "6,7", "tmax": "19,9", "longitude": 71657, "dir": "06"}, {"code": "1631E", "hourtmin": "06:00", "hourgust": "14:20", "hourtmax": "15:40", "sun": null, "altitude": "840", "latitude": 422022, "hourpresmax": "Varias", "province": "OURENSE", "tmed": "13,4", "tmin": "5,5", "avgspeed": "1,7", "presmax": "925,5", "presmin": "923,0", "hourpresmin": "Varias", "date": "2008-09-27", "name": "A POBRA DE TRIVES", "gust": "7,8", "tmax": "21,4", "longitude": 71657, "dir": "16"}, {"code": "1631E", "hourtmin": null, "hourgust": null, "hourtmax": null, "sun": null, "altitude": "840", "prec": "0,0", "latitude": 422022, "hourpresmax": null, "province": "OURENSE", "presmax": null, "presmin": null, "hourpresmin": null, "date": "2008-09-28", "name": "A POBRA DE TRIVES", "gust": null, "longitude": 71657, "avgspeed": "1,7"}, {"province": "OURENSE", "hourtmax": null, "presmin": null, "code": "1631E", "name": "A POBRA DE TRIVES", "presmax": null, "gust": null, "altitude": "840", "longitude": 71657, "hourpresmax": null, "date": "2008-09-29", "hourpresmin": null, "hourtmin": null, "avgspeed": "1,9", "latitude": 422022, "sun": null, "hourgust": null}, {"province": "OURENSE", "hourtmax": null, "presmin": null, "code": "1631E", "name": "A POBRA DE TRIVES", "presmax": null, "gust": null, "altitude": "840", "longitude": 71657, "hourpresmax": null, "date": "2008-10-02", "hourpresmin": null, "hourtmin": null, "avgspeed": "2,2", "latitude": 422022, "sun": null, "hourgust": null}, {"code": "1631E", "hourtmin": "23:59", "hourgust": "11:00", "hourtmax": "13:50", "sun": null, "altitude": "840", "prec": "0,0", "latitude": 422022, "hourpresmax": "21", "province": "OURENSE", "tmed": "8,0", "tmin": "3,0", "avgspeed": "2,2", "presmax": "929,2", "presmin": "924,3", "hourpresmin": "04", "date": "2008-10-03", "name": "A POBRA DE TRIVES", "gust": "9,7", "tmax": "12,9", "longitude": 71657, "dir": "35"}, {"code": "1631E", "hourtmin": "05:20", "hourgust": "20:40", "hourtmax": "15:10", "sun": null, "altitude": "840", "prec": "0,0", "latitude": 422022, "hourpresmax": "Varias", "province": "OURENSE", "tmed": "8,3", "tmin": "0,5", "avgspeed": "1,4", "presmax": "928,4", "presmin": "924,3", "hourpresmin": "24", "date": "2008-10-04", "name": "A POBRA DE TRIVES", "gust": "6,4", "tmax": "16,1", "longitude": 71657, "dir": "29"}, {"province": "OURENSE", "hourtmax": null, "presmin": null, "code": "1631E", "name": "A POBRA DE TRIVES", "presmax": null, "gust": null, "altitude": "840", "longitude": 71657, "hourpresmax": null, "date": "2008-10-05", "hourpresmin": null, "hourtmin": null, "avgspeed": "2,2", "latitude": 422022, "sun": null, "hourgust": null}, {"code": "1631E", "hourtmin": null, "hourgust": null, "hourtmax": null, "sun": null, "altitude": "840", "prec": "0,0", "latitude": 422022, "hourpresmax": null, "province": "OURENSE", "presmax": null, "presmin": null, "hourpresmin": null, "date": "2008-10-06", "name": "A POBRA DE TRIVES", "gust": null, "longitude": 71657, "avgspeed": "2,5"}, {"code": "1631E", "hourtmin": "23:59", "hourgust": "06:10", "hourtmax": "Varias", "sun": null, "altitude": "840", "prec": "0,0", "latitude": 422022, "hourpresmax": "24", "province": "OURENSE", "tmed": "12,4", "tmin": "9,3", "avgspeed": "2,8", "presmax": "924,9", "presmin": "918,3", "hourpresmin": "Varias", "date": "2008-10-07", "name": "A POBRA DE TRIVES", "gust": "11,4", "tmax": "15,6", "longitude": 71657, "dir": "22"}, {"code": "1631E", "hourtmin": "23:59", "hourgust": "17:10", "hourtmax": "13:50", "sun": null, "altitude": "840", "prec": "0,0", "latitude": 422022, "hourpresmax": "Varias", "province": "OURENSE", "tmed": "9,8", "tmin": "4,8", "avgspeed": "2,5", "presmax": "928,6", "presmin": "924,0", "hourpresmin": "Varias", "date": "2008-10-08", "name": "A POBRA DE TRIVES", "gust": "8,6", "tmax": "14,8", "longitude": 71657, "dir": "32"}, {"code": "1631E", "hourtmin": "05:40", "hourgust": "Varias", "hourtmax": "15:10", "sun": null, "altitude": "840", "prec": "0,0", "latitude": 422022, "hourpresmax": "10", "province": "OURENSE", "tmed": "10,0", "tmin": "2,7", "avgspeed": "1,7", "presmax": "930,9", "presmin": "928,3", "hourpresmin": "Varias", "date": "2008-10-09", "name": "A POBRA DE TRIVES", "gust": "5,8", "tmax": "17,4", "longitude": 71657, "dir": "28"}, {"code": "1631E", "hourtmin": "07:10", "hourgust": "00:00", "hourtmax": "14:30", "sun": null, "altitude": "840", "latitude": 422022, "hourpresmax": "00", "province": "OURENSE", "tmed": "15,6", "tmin": "10,6", "avgspeed": "2,5", "presmax": "927,2", "presmin": "922,7", "hourpresmin": "14", "date": "2008-10-11", "name": "A POBRA DE TRIVES", "gust": "7,8", "tmax": "20,5", "longitude": 71657, "dir": "05"}, {"code": "1631E", "hourtmin": null, "hourgust": null, "hourtmax": null, "sun": null, "altitude": "840", "prec": "0,0", "latitude": 422022, "hourpresmax": null, "province": "OURENSE", "presmax": null, "presmin": null, "hourpresmin": null, "date": "2008-10-12", "name": "A POBRA DE TRIVES", "gust": null, "longitude": 71657, "avgspeed": "1,7"}, {"code": "1631E", "hourtmin": "06:30", "hourgust": "12:00", "hourtmax": "13:20", "sun": null, "altitude": "840", "prec": "0,0", "latitude": 422022, "hourpresmax": "10", "province": "OURENSE", "tmed": "15,2", "tmin": "10,1", "avgspeed": "1,7", "presmax": "927,4", "presmin": "925,7", "hourpresmin": "Varias", "date": "2008-10-13", "name": "A POBRA DE TRIVES", "gust": "5,8", "tmax": "20,4", "longitude": 71657, "dir": "08"}, {"code": "1631E", "hourtmin": "06:45", "hourgust": "15:20", "hourtmax": "13:40", "sun": null, "altitude": "840", "prec": "0,0", "latitude": 422022, "hourpresmax": "21", "province": "OURENSE", "tmed": "14,2", "tmin": "7,8", "avgspeed": "1,9", "presmax": "927,9", "presmin": "925,9", "hourpresmin": "16", "date": "2008-10-14", "name": "A POBRA DE TRIVES", "gust": "7,2", "tmax": "20,7", "longitude": 71657, "dir": "27"}, {"code": "1631E", "hourtmin": "06:40", "hourgust": "19:20", "hourtmax": "12:35", "sun": null, "altitude": "840", "latitude": 422022, "hourpresmax": "10", "province": "OURENSE", "tmed": "14,4", "tmin": "7,6", "avgspeed": "2,5", "presmax": "928,4", "presmin": "926,1", "hourpresmin": "15", "date": "2008-10-15", "name": "A POBRA DE TRIVES", "gust": "8,3", "tmax": "21,2", "longitude": 71657, "dir": "28"}, {"code": "1631E", "hourtmin": null, "hourgust": null, "hourtmax": null, "sun": null, "altitude": "840", "prec": "0,0", "latitude": 422022, "hourpresmax": null, "province": "OURENSE", "presmax": null, "presmin": null, "hourpresmin": null, "date": "2008-10-16", "name": "A POBRA DE TRIVES", "gust": null, "longitude": 71657, "avgspeed": "1,7"}, {"code": "1631E", "hourtmin": "06:50", "hourgust": "08:10", "hourtmax": "Varias", "sun": null, "altitude": "840", "prec": "0,0", "latitude": 422022, "hourpresmax": "00", "province": "OURENSE", "tmed": "12,6", "tmin": "7,9", "avgspeed": "1,9", "presmax": "924,1", "presmin": "920,4", "hourpresmin": "Varias", "date": "2008-10-17", "name": "A POBRA DE TRIVES", "gust": "13,9", "tmax": "17,3", "longitude": 71657, "dir": "33"}, {"code": "1631E", "hourtmin": "02:50", "hourgust": "16:00", "hourtmax": "14:10", "sun": null, "altitude": "840", "prec": "0,0", "latitude": 422022, "hourpresmax": "Varias", "province": "OURENSE", "tmed": "13,2", "tmin": "8,0", "avgspeed": "1,7", "presmax": "922,7", "presmin": "920,1", "hourpresmin": "04", "date": "2008-10-18", "name": "A POBRA DE TRIVES", "gust": "6,7", "tmax": "18,4", "longitude": 71657, "dir": "28"}, {"code": "1631E", "hourtmin": "Varias", "hourgust": "07:20", "hourtmax": "15:10", "sun": null, "altitude": "840", "prec": "0,0", "latitude": 422022, "hourpresmax": "22", "province": "OURENSE", "tmed": "13,0", "tmin": "6,1", "avgspeed": "1,7", "presmax": "924,1", "presmin": "921,9", "hourpresmin": "Varias", "date": "2008-10-19", "name": "A POBRA DE TRIVES", "gust": "14,4", "tmax": "19,9", "longitude": 71657, "dir": "22"}, {"code": "1631E", "hourtmin": "07:00", "hourgust": "13:10", "hourtmax": "13:30", "sun": null, "altitude": "840", "prec": "0,0", "latitude": 422022, "hourpresmax": "10", "province": "OURENSE", "tmed": "14,4", "tmin": "7,5", "avgspeed": "1,9", "presmax": "925,1", "presmin": "921,9", "hourpresmin": "Varias", "date": "2008-10-20", "name": "A POBRA DE TRIVES", "gust": "7,5", "tmax": "21,2", "longitude": 71657, "dir": "24"}, {"code": "1631E", "hourtmin": "20:50", "hourgust": "16:10", "hourtmax": "09:40", "sun": null, "altitude": "840", "prec": "0,0", "latitude": 422022, "hourpresmax": "Varias", "province": "OURENSE", "tmed": "9,2", "tmin": "4,5", "avgspeed": "2,5", "presmax": "923,2", "presmin": "919,4", "hourpresmin": "13", "date": "2008-10-21", "name": "A POBRA DE TRIVES", "gust": "12,5", "tmax": "13,9", "longitude": 71657, "dir": "27"}, {"code": "1631E", "hourtmin": "22:40", "hourgust": "15:00", "hourtmax": "13:20", "sun": null, "altitude": "840", "prec": "0,0", "latitude": 422022, "hourpresmax": "21", "province": "OURENSE", "tmed": "8,0", "tmin": "3,4", "avgspeed": "2,2", "presmax": "928,9", "presmin": "923,2", "hourpresmin": "00", "date": "2008-10-22", "name": "A POBRA DE TRIVES", "gust": "9,2", "tmax": "12,5", "longitude": 71657, "dir": "10"}, {"code": "1631E", "hourtmin": "06:30", "hourgust": "22:50", "hourtmax": "14:40", "sun": null, "altitude": "840", "prec": "0,0", "latitude": 422022, "hourpresmax": "00", "province": "OURENSE", "tmed": "7,7", "tmin": "-0,1", "avgspeed": "1,9", "presmax": "928,1", "presmin": "924,2", "hourpresmin": "17", "date": "2008-10-23", "name": "A POBRA DE TRIVES", "gust": "7,8", "tmax": "15,5", "longitude": 71657, "dir": "29"}, {"code": "1631E", "hourtmin": "06:40", "hourgust": "19:50", "hourtmax": "14:50", "sun": null, "altitude": "840", "prec": "0,0", "latitude": 422022, "hourpresmax": "Varias", "province": "OURENSE", "tmed": "11,4", "tmin": "2,7", "avgspeed": "2,5", "presmax": "932,8", "presmin": "929,7", "hourpresmin": "00", "date": "2008-10-25", "name": "A POBRA DE TRIVES", "gust": "5,8", "tmax": "20,1", "longitude": 71657, "dir": "29"}, {"code": "1631E", "hourtmin": "05:10", "hourgust": "22:40", "hourtmax": "14:10", "sun": null, "altitude": "840", "prec": "0,0", "latitude": 422022, "hourpresmax": "Varias", "province": "OURENSE", "tmed": "12,6", "tmin": "3,9", "avgspeed": "2,2", "presmax": "932,3", "presmin": "927,2", "hourpresmin": "24", "date": "2008-10-26", "name": "A POBRA DE TRIVES", "gust": "7,5", "tmax": "21,2", "longitude": 71657, "dir": "28"}, {"code": "1631E", "hourtmin": "23:59", "hourgust": "19:50", "hourtmax": "09:30", "sun": null, "altitude": "840", "prec": "0,0", "latitude": 422022, "hourpresmax": "00", "province": "OURENSE", "tmed": "9,6", "tmin": "5,7", "avgspeed": "2,8", "presmax": "927,3", "presmin": "917,5", "hourpresmin": "24", "date": "2008-10-27", "name": "A POBRA DE TRIVES", "gust": "11,1", "tmax": "13,4", "longitude": 71657, "dir": "28"}, {"code": "1631E", "hourtmin": "23:50", "hourgust": "12:20", "hourtmax": "12:40", "sun": null, "altitude": "840", "prec": "0,0", "latitude": 422022, "hourpresmax": "Varias", "province": "OURENSE", "tmed": "5,1", "tmin": "2,5", "avgspeed": "2,5", "presmax": "919,4", "presmin": "916,9", "hourpresmin": "04", "date": "2008-10-28", "name": "A POBRA DE TRIVES", "gust": "10,8", "tmax": "7,7", "longitude": 71657, "dir": "32"}, {"code": "1631E", "hourtmin": "19:10", "hourgust": "Varias", "hourtmax": "13:00", "sun": null, "altitude": "840", "prec": "0,0", "latitude": 422022, "hourpresmax": "12", "province": "OURENSE", "tmed": "4,6", "tmin": "2,0", "avgspeed": "3,3", "presmax": "919,2", "presmin": "914,7", "hourpresmin": "24", "date": "2008-10-29", "name": "A POBRA DE TRIVES", "gust": "12,2", "tmax": "7,3", "longitude": 71657, "dir": "99"}, {"code": "1631E", "hourtmin": "23:59", "hourgust": "08:30", "hourtmax": "10:00", "sun": null, "altitude": "840", "prec": "0,0", "latitude": 422022, "hourpresmax": "00", "province": "OURENSE", "tmed": "7,0", "tmin": "3,3", "avgspeed": "5,8", "presmax": "914,7", "presmin": "902,4", "hourpresmin": "24", "date": "2008-10-30", "name": "A POBRA DE TRIVES", "gust": "18,9", "tmax": "10,7", "longitude": 71657, "dir": "29"}, {"code": "1631E", "hourtmin": "07:05", "hourgust": "21:40", "hourtmax": "13:00", "sun": null, "altitude": "840", "prec": "0,0", "latitude": 422022, "hourpresmax": "00", "province": "OURENSE", "tmed": "4,6", "tmin": "0,9", "avgspeed": "1,9", "presmax": "902,6", "presmin": "898,7", "hourpresmin": "15", "date": "2008-10-31", "name": "A POBRA DE TRIVES", "gust": "6,1", "tmax": "8,4", "longitude": 71657, "dir": "28"}, {"province": "OURENSE", "hourtmax": null, "presmin": null, "code": "1631E", "name": "A POBRA DE TRIVES", "presmax": null, "gust": null, "altitude": "840", "longitude": 71657, "hourpresmax": null, "date": "2008-11-01", "hourpresmin": null, "hourtmin": null, "avgspeed": "1,1", "latitude": 422022, "sun": null, "hourgust": null}, {"code": "1631E", "hourtmin": "05:00", "hourgust": "17:10", "hourtmax": "Varias", "sun": null, "altitude": "840", "prec": "0,0", "latitude": 422022, "hourpresmax": "21", "province": "OURENSE", "tmed": "5,4", "tmin": "2,3", "avgspeed": "2,2", "presmax": "917,6", "presmin": "912,3", "hourpresmin": "00", "date": "2008-11-02", "name": "A POBRA DE TRIVES", "gust": "9,2", "tmax": "8,4", "longitude": 71657, "dir": "32"}, {"province": "OURENSE", "hourtmax": null, "presmin": null, "code": "1631E", "name": "A POBRA DE TRIVES", "presmax": null, "gust": null, "altitude": "840", "longitude": 71657, "hourpresmax": null, "date": "2008-11-03", "hourpresmin": null, "hourtmin": null, "avgspeed": "3,1", "latitude": 422022, "sun": null, "hourgust": null}, {"code": "1631E", "hourtmin": "00:15", "hourgust": "01:50", "hourtmax": "13:20", "sun": null, "altitude": "840", "prec": "0,0", "latitude": 422022, "hourpresmax": "24", "province": "OURENSE", "tmed": "6,9", "tmin": "4,9", "avgspeed": "2,5", "presmax": "918,1", "presmin": "912,6", "hourpresmin": "05", "date": "2008-11-04", "name": "A POBRA DE TRIVES", "gust": "9,7", "tmax": "8,9", "longitude": 71657, "dir": "24"}, {"code": "1631E", "hourtmin": "23:59", "hourgust": "12:50", "hourtmax": "13:50", "sun": null, "altitude": "840", "latitude": 422022, "hourpresmax": "Varias", "province": "OURENSE", "tmed": "7,4", "tmin": "3,1", "avgspeed": "1,9", "presmax": "925,7", "presmin": "918,1", "hourpresmin": "00", "date": "2008-11-05", "name": "A POBRA DE TRIVES", "gust": "6,7", "tmax": "11,8", "longitude": 71657, "dir": "28"}, {"code": "1631E", "hourtmin": "00:00", "hourgust": "Varias", "hourtmax": "13:45", "sun": null, "altitude": "840", "prec": "0,0", "latitude": 422022, "hourpresmax": "24", "province": "OURENSE", "tmed": "7,4", "tmin": "3,6", "avgspeed": "1,1", "presmax": "929,1", "presmin": "923,7", "hourpresmin": "Varias", "date": "2008-11-08", "name": "A POBRA DE TRIVES", "gust": "6,4", "tmax": "11,2", "longitude": 71657, "dir": "99"}, {"code": "1631E", "hourtmin": "03:30", "hourgust": "09:10", "hourtmax": "14:30", "sun": null, "altitude": "840", "prec": "0,0", "latitude": 422022, "hourpresmax": "10", "province": "OURENSE", "tmed": "9,6", "tmin": "6,2", "avgspeed": "1,1", "presmax": "931,1", "presmin": "929,0", "hourpresmin": "Varias", "date": "2008-11-09", "name": "A POBRA DE TRIVES", "gust": "16,7", "tmax": "12,9", "longitude": 71657, "dir": "09"}, {"code": "1631E", "hourtmin": "07:30", "hourgust": "13:50", "hourtmax": "13:50", "sun": null, "altitude": "840", "prec": "0,0", "latitude": 422022, "hourpresmax": "00", "province": "OURENSE", "tmed": "11,9", "tmin": "7,2", "avgspeed": "1,9", "presmax": "930,0", "presmin": "924,1", "hourpresmin": "24", "date": "2008-11-10", "name": "A POBRA DE TRIVES", "gust": "11,4", "tmax": "16,6", "longitude": 71657, "dir": "17"}, {"code": "1631E", "hourtmin": "20:40", "hourgust": "12:20", "hourtmax": "00:40", "sun": null, "altitude": "840", "prec": "0,0", "latitude": 422022, "hourpresmax": "24", "province": "OURENSE", "tmed": "6,9", "tmin": "3,4", "avgspeed": "2,5", "presmax": "927,3", "presmin": "923,2", "hourpresmin": "05", "date": "2008-11-11", "name": "A POBRA DE TRIVES", "gust": "8,9", "tmax": "10,4", "longitude": 71657, "dir": "29"}, {"code": "1631E", "hourtmin": "23:25", "hourgust": "11:10", "hourtmax": "Varias", "sun": null, "altitude": "840", "latitude": 422022, "hourpresmax": "24", "province": "OURENSE", "tmed": "4,8", "tmin": "2,9", "avgspeed": "2,5", "presmax": "930,1", "presmin": "926,5", "hourpresmin": "14", "date": "2008-11-12", "name": "A POBRA DE TRIVES", "gust": "10,0", "tmax": "6,7", "longitude": 71657, "dir": "29"}, {"province": "OURENSE", "hourtmax": null, "presmin": null, "code": "1631E", "name": "A POBRA DE TRIVES", "presmax": null, "gust": null, "altitude": "840", "longitude": 71657, "hourpresmax": null, "date": "2008-11-14", "hourpresmin": null, "hourtmin": null, "avgspeed": "1,9", "latitude": 422022, "sun": null, "hourgust": null}, {"code": "1631E", "hourtmin": "Varias", "hourgust": "Varias", "hourtmax": "13:50", "sun": null, "altitude": "840", "prec": "0,0", "latitude": 422022, "hourpresmax": "09", "province": "OURENSE", "tmed": "7,2", "tmin": "1,1", "avgspeed": "1,9", "presmax": "930,9", "presmin": "928,6", "hourpresmin": "15", "date": "2008-11-15", "name": "A POBRA DE TRIVES", "gust": "4,7", "tmax": "13,4", "longitude": 71657, "dir": "99"}, {"province": "OURENSE", "hourtmax": null, "presmin": null, "code": "1631E", "name": "A POBRA DE TRIVES", "presmax": null, "gust": null, "altitude": "840", "longitude": 71657, "hourpresmax": null, "date": "2008-11-16", "hourpresmin": null, "hourtmin": null, "avgspeed": "1,7", "latitude": 422022, "sun": null, "hourgust": null}, {"code": "1631E", "hourtmin": null, "hourgust": null, "hourtmax": null, "sun": null, "altitude": "840", "prec": "0,0", "latitude": 422022, "hourpresmax": null, "province": "OURENSE", "presmax": null, "presmin": null, "hourpresmin": null, "date": "2008-11-17", "name": "A POBRA DE TRIVES", "gust": null, "longitude": 71657, "avgspeed": "2,5"}, {"code": "1631E", "hourtmin": "00:45", "hourgust": "03:30", "hourtmax": "Varias", "sun": null, "altitude": "840", "latitude": 422022, "hourpresmax": "00", "province": "OURENSE", "tmed": "4,7", "tmin": "1,1", "avgspeed": "2,2", "presmax": "929,7", "presmin": "923,3", "hourpresmin": "18", "date": "2008-11-18", "name": "A POBRA DE TRIVES", "gust": "8,1", "tmax": "8,3", "longitude": 71657, "dir": "26"}, {"code": "1631E", "hourtmin": "Varias", "hourgust": "09:30", "hourtmax": "14:20", "sun": null, "altitude": "840", "prec": "0,0", "latitude": 422022, "hourpresmax": "Varias", "province": "OURENSE", "tmed": "5,3", "tmin": "0,1", "avgspeed": "1,4", "presmax": "930,5", "presmin": "927,5", "hourpresmin": "15", "date": "2008-11-20", "name": "A POBRA DE TRIVES", "gust": "20,3", "tmax": "10,5", "longitude": 71657, "dir": "09"}, {"code": "1631E", "hourtmin": "06:45", "hourgust": "21:10", "hourtmax": "13:20", "sun": null, "altitude": "840", "prec": "0,0", "latitude": 422022, "hourpresmax": "11", "province": "OURENSE", "tmed": "5,2", "tmin": "-0,7", "avgspeed": "1,1", "presmax": "931,9", "presmin": "929,8", "hourpresmin": "04", "date": "2008-11-21", "name": "A POBRA DE TRIVES", "gust": "9,4", "tmax": "11,1", "longitude": 71657, "dir": "32"}, {"code": "1631E", "hourtmin": "21:25", "hourgust": "08:30", "hourtmax": "13:30", "sun": null, "altitude": "840", "prec": "0,0", "latitude": 422022, "hourpresmax": "00", "province": "OURENSE", "tmed": "8,3", "tmin": "5,0", "avgspeed": "2,8", "presmax": "931,5", "presmin": "925,8", "hourpresmin": "24", "date": "2008-11-22", "name": "A POBRA DE TRIVES", "gust": "21,7", "tmax": "11,6", "longitude": 71657, "dir": "27"}, {"code": "1631E", "hourtmin": "07:15", "hourgust": "22:00", "hourtmax": "10:50", "sun": null, "altitude": "840", "prec": "0,0", "latitude": 422022, "hourpresmax": "00", "province": "OURENSE", "tmed": "6,9", "tmin": "3,7", "avgspeed": "2,5", "presmax": "925,9", "presmin": "918,5", "hourpresmin": "23", "date": "2008-11-23", "name": "A POBRA DE TRIVES", "gust": "12,5", "tmax": "10,1", "longitude": 71657, "dir": "27"}, {"code": "1631E", "hourtmin": "16:50", "hourgust": "08:20", "hourtmax": "00:05", "sun": null, "altitude": "840", "prec": "0,0", "latitude": 422022, "hourpresmax": "00", "province": "OURENSE", "tmed": "4,4", "tmin": "2,1", "avgspeed": "5,8", "presmax": "918,7", "presmin": "910,4", "hourpresmin": "Varias", "date": "2008-11-24", "name": "A POBRA DE TRIVES", "gust": "18,3", "tmax": "6,7", "longitude": 71657, "dir": "28"}, {"code": "1631E", "hourtmin": "23:59", "hourgust": "01:50", "hourtmax": "14:15", "sun": null, "altitude": "840", "prec": "0,0", "latitude": 422022, "hourpresmax": "Varias", "province": "OURENSE", "tmed": "2,0", "tmin": "-1,2", "avgspeed": "2,2", "presmax": "925,7", "presmin": "913,1", "hourpresmin": "00", "date": "2008-11-25", "name": "A POBRA DE TRIVES", "gust": "8,9", "tmax": "5,3", "longitude": 71657, "dir": "28"}, {"code": "1631E", "hourtmin": "06:55", "hourgust": "05:40", "hourtmax": "Varias", "sun": null, "altitude": "840", "prec": "0,0", "latitude": 422022, "hourpresmax": "09", "province": "OURENSE", "tmed": "1,6", "tmin": "-2,8", "avgspeed": "1,9", "presmax": "927,6", "presmin": "925,2", "hourpresmin": "17", "date": "2008-11-26", "name": "A POBRA DE TRIVES", "gust": "6,4", "tmax": "6,0", "longitude": 71657, "dir": "28"}, {"code": "1631E", "hourtmin": null, "hourgust": null, "hourtmax": null, "sun": null, "altitude": "840", "prec": "0,0", "latitude": 422022, "hourpresmax": null, "province": "OURENSE", "presmax": null, "presmin": null, "hourpresmin": null, "date": "2008-11-29", "name": "A POBRA DE TRIVES", "gust": null, "longitude": 71657, "avgspeed": "4,4"}, {"province": "OURENSE", "hourtmax": null, "presmin": null, "code": "1631E", "name": "A POBRA DE TRIVES", "presmax": null, "gust": null, "altitude": "840", "longitude": 71657, "hourpresmax": null, "date": "2008-11-30", "hourpresmin": null, "hourtmin": null, "avgspeed": "3,6", "latitude": 422022, "sun": null, "hourgust": null}, {"code": "1631E", "hourtmin": "04:55", "hourgust": "22:40", "hourtmax": "12:50", "sun": null, "altitude": "840", "latitude": 422022, "hourpresmax": "10", "province": "OURENSE", "tmed": "1,1", "tmin": "-2,2", "avgspeed": "1,9", "presmax": "926,5", "presmin": "919,8", "hourpresmin": "00", "date": "2008-12-02", "name": "A POBRA DE TRIVES", "gust": "10,3", "tmax": "4,4", "longitude": 71657, "dir": "24"}, {"code": "1631E", "hourtmin": null, "hourgust": null, "hourtmax": null, "sun": null, "altitude": "840", "prec": "12,0", "latitude": 422022, "hourpresmax": null, "province": "OURENSE", "presmax": null, "presmin": null, "hourpresmin": null, "date": "2008-12-04", "name": "A POBRA DE TRIVES", "gust": null, "longitude": 71657, "avgspeed": "5,6"}, {"code": "1631E", "hourtmin": "17:30", "hourgust": "00:10", "hourtmax": "14:30", "sun": null, "altitude": "840", "latitude": 422022, "hourpresmax": "20", "province": "OURENSE", "tmed": "7,2", "tmin": "6,0", "avgspeed": "3,6", "presmax": "922,0", "presmin": "913,4", "hourpresmin": "00", "date": "2008-12-05", "name": "A POBRA DE TRIVES", "gust": "16,7", "tmax": "8,5", "longitude": 71657, "dir": "25"}, {"code": "1631E", "hourtmin": "07:55", "hourgust": "11:30", "hourtmax": "13:30", "sun": null, "altitude": "840", "latitude": 422022, "hourpresmax": "12", "province": "OURENSE", "tmed": "3,5", "tmin": "1,2", "avgspeed": "1,7", "presmax": "923,2", "presmin": "916,4", "hourpresmin": "01", "date": "2008-12-12", "name": "A POBRA DE TRIVES", "gust": "6,7", "tmax": "5,8", "longitude": 71657, "dir": "30"}, {"code": "1631E", "hourtmin": "Varias", "hourgust": "01:50", "hourtmax": "14:35", "sun": null, "altitude": "840", "latitude": 422022, "hourpresmax": "Varias", "province": "OURENSE", "tmed": "0,6", "tmin": "-1,0", "avgspeed": "3,3", "presmax": "922,0", "presmin": "912,9", "hourpresmin": "00", "date": "2008-12-15", "name": "A POBRA DE TRIVES", "gust": "11,4", "tmax": "2,3", "longitude": 71657, "dir": "29"}, {"province": "OURENSE", "hourtmax": null, "presmin": null, "code": "1631E", "name": "A POBRA DE TRIVES", "presmax": null, "gust": null, "altitude": "840", "longitude": 71657, "hourpresmax": null, "date": "2008-12-19", "hourpresmin": null, "hourtmin": null, "avgspeed": "1,4", "latitude": 422022, "sun": null, "hourgust": null}, {"code": "1631E", "hourtmin": "Varias", "hourgust": "Varias", "hourtmax": "13:10", "sun": null, "altitude": "840", "prec": "0,0", "latitude": 422022, "hourpresmax": "Varias", "province": "OURENSE", "tmed": "3,0", "tmin": "-1,7", "avgspeed": "1,7", "presmax": "936,6", "presmin": "934,8", "hourpresmin": "Varias", "date": "2008-12-20", "name": "A POBRA DE TRIVES", "gust": "4,2", "tmax": "7,6", "longitude": 71657, "dir": "99"}, {"code": "1631E", "hourtmin": "07:30", "hourgust": "18:30", "hourtmax": "15:40", "sun": null, "altitude": "840", "prec": "0,0", "latitude": 422022, "hourpresmax": "10", "province": "OURENSE", "tmed": "5,5", "tmin": "0,8", "avgspeed": "2,2", "presmax": "936,3", "presmin": "933,5", "hourpresmin": "24", "date": "2008-12-21", "name": "A POBRA DE TRIVES", "gust": "5,0", "tmax": "10,2", "longitude": 71657, "dir": "30"}, {"code": "1631E", "hourtmin": "Varias", "hourgust": "04:00", "hourtmax": "13:50", "sun": null, "altitude": "840", "prec": "0,0", "latitude": 422022, "hourpresmax": "00", "province": "OURENSE", "tmed": "5,6", "tmin": "-0,5", "avgspeed": "1,9", "presmax": "933,5", "presmin": "929,7", "hourpresmin": "16", "date": "2008-12-22", "name": "A POBRA DE TRIVES", "gust": "6,4", "tmax": "11,6", "longitude": 71657, "dir": "30"}, {"province": "OURENSE", "hourtmax": null, "presmin": null, "code": "1631E", "name": "A POBRA DE TRIVES", "presmax": null, "gust": null, "altitude": "840", "longitude": 71657, "hourpresmax": null, "date": "2008-12-23", "hourpresmin": null, "hourtmin": null, "avgspeed": "1,7", "latitude": 422022, "sun": null, "hourgust": null}, {"province": "OURENSE", "hourtmax": null, "presmin": null, "code": "1631E", "name": "A POBRA DE TRIVES", "presmax": null, "gust": null, "altitude": "840", "longitude": 71657, "hourpresmax": null, "date": "2008-12-24", "hourpresmin": null, "hourtmin": null, "avgspeed": "1,9", "latitude": 422022, "sun": null, "hourgust": null}, {"code": "1631E", "hourtmin": "08:00", "hourgust": "19:10", "hourtmax": "13:40", "sun": null, "altitude": "840", "prec": "0,0", "latitude": 422022, "hourpresmax": "00", "province": "OURENSE", "tmed": "4,0", "tmin": "-2,4", "avgspeed": "2,8", "presmax": "925,8", "presmin": "920,7", "hourpresmin": "23", "date": "2008-12-25", "name": "A POBRA DE TRIVES", "gust": "7,2", "tmax": "10,5", "longitude": 71657, "dir": "26"}, {"code": "1631E", "hourtmin": "Varias", "hourgust": "15:30", "hourtmax": "14:30", "sun": null, "altitude": "840", "prec": "0,0", "latitude": 422022, "hourpresmax": "Varias", "province": "OURENSE", "tmed": "4,0", "tmin": "0,9", "avgspeed": "2,2", "presmax": "918,5", "presmin": "912,2", "hourpresmin": "03", "date": "2008-12-28", "name": "A POBRA DE TRIVES", "gust": "10,0", "tmax": "7,2", "longitude": 71657, "dir": "11"}, {"code": "1631E", "hourtmin": "05:10", "hourgust": "11:10", "hourtmax": "15:20", "sun": null, "altitude": "840", "prec": "0,4", "latitude": 422022, "hourpresmax": "23", "province": "OURENSE", "tmed": "5,8", "tmin": "3,5", "avgspeed": "3,1", "presmax": "923,6", "presmin": "918,0", "hourpresmin": "02", "date": "2008-12-29", "name": "A POBRA DE TRIVES", "gust": "9,2", "tmax": "8,1", "longitude": 71657, "dir": "07"}, {"code": "1631E", "hourtmin": "Varias", "hourgust": "23:10", "hourtmax": "Varias", "sun": null, "altitude": "840", "prec": "0,0", "latitude": 422022, "hourpresmax": "Varias", "province": "OURENSE", "tmed": "7,7", "tmin": "5,4", "avgspeed": "3,3", "presmax": "924,9", "presmin": "920,3", "hourpresmin": "24", "date": "2008-12-30", "name": "A POBRA DE TRIVES", "gust": "15,3", "tmax": "10,0", "longitude": 71657, "dir": "04"}, {"province": "OURENSE", "hourtmax": null, "presmin": null, "code": "1631E", "name": "A POBRA DE TRIVES", "presmax": null, "gust": null, "altitude": "840", "longitude": 71657, "hourpresmax": null, "date": "2008-12-31", "hourpresmin": null, "hourtmin": null, "avgspeed": "5,8", "latitude": 422022, "sun": null, "hourgust": null}]