[{"code": "1495", "hourtmin": null, "hourgust": null, "hourtmax": null, "sun": null, "altitude": "261", "prec": "0,0", "latitude": 421419, "hourpresmax": null, "province": "PONTEVEDRA", "presmax": null, "presmin": null, "hourpresmin": null, "date": "1956-05-01", "name": "VIGO AEROPUERTO", "gust": null, "longitude": 83726, "avgspeed": "1,7"}, {"code": "1495", "hourtmin": null, "hourgust": null, "hourtmax": null, "sun": null, "altitude": "261", "prec": "0,0", "latitude": 421419, "hourpresmax": null, "province": "PONTEVEDRA", "presmax": null, "presmin": null, "hourpresmin": null, "date": "1956-05-02", "name": "VIGO AEROPUERTO", "gust": null, "longitude": 83726, "avgspeed": "3,1"}, {"code": "1495", "hourtmin": null, "hourgust": null, "hourtmax": null, "sun": null, "altitude": "261", "prec": "0,0", "latitude": 421419, "hourpresmax": null, "province": "PONTEVEDRA", "presmax": null, "presmin": null, "hourpresmin": null, "date": "1956-05-03", "name": "VIGO AEROPUERTO", "gust": null, "longitude": 83726, "avgspeed": "3,1"}, {"code": "1495", "hourtmin": null, "hourgust": null, "hourtmax": null, "sun": null, "altitude": "261", "prec": "0,0", "latitude": 421419, "hourpresmax": null, "province": "PONTEVEDRA", "presmax": null, "presmin": null, "hourpresmin": null, "date": "1956-05-04", "name": "VIGO AEROPUERTO", "gust": null, "longitude": 83726, "avgspeed": "2,2"}, {"code": "1495", "hourtmin": null, "hourgust": null, "hourtmax": null, "sun": null, "altitude": "261", "prec": "0,0", "latitude": 421419, "hourpresmax": null, "province": "PONTEVEDRA", "presmax": null, "presmin": null, "hourpresmin": null, "date": "1956-05-05", "name": "VIGO AEROPUERTO", "gust": null, "longitude": 83726, "avgspeed": "3,6"}, {"code": "1495", "hourtmin": null, "hourgust": null, "hourtmax": null, "sun": null, "altitude": "261", "prec": "0,0", "latitude": 421419, "hourpresmax": null, "province": "PONTEVEDRA", "presmax": null, "presmin": null, "hourpresmin": null, "date": "1956-05-06", "name": "VIGO AEROPUERTO", "gust": null, "longitude": 83726, "avgspeed": "1,1"}, {"code": "1495", "hourtmin": null, "hourgust": null, "hourtmax": null, "sun": null, "altitude": "261", "prec": "0,0", "latitude": 421419, "hourpresmax": null, "province": "PONTEVEDRA", "presmax": null, "presmin": null, "hourpresmin": null, "date": "1956-05-07", "name": "VIGO AEROPUERTO", "gust": null, "longitude": 83726, "avgspeed": "3,1"}, {"code": "1495", "hourtmin": null, "hourgust": null, "hourtmax": null, "sun": null, "altitude": "261", "prec": "0,0", "latitude": 421419, "hourpresmax": null, "province": "PONTEVEDRA", "presmax": null, "presmin": null, "hourpresmin": null, "date": "1956-05-08", "name": "VIGO AEROPUERTO", "gust": null, "longitude": 83726, "avgspeed": "3,6"}, {"code": "1495", "hourtmin": null, "hourgust": null, "hourtmax": null, "sun": null, "altitude": "261", "prec": "0,0", "latitude": 421419, "hourpresmax": null, "province": "PONTEVEDRA", "presmax": null, "presmin": null, "hourpresmin": null, "date": "1956-05-09", "name": "VIGO AEROPUERTO", "gust": null, "longitude": 83726, "avgspeed": "3,1"}, {"code": "1495", "hourtmin": null, "hourgust": null, "hourtmax": null, "sun": null, "altitude": "261", "prec": "0,0", "latitude": 421419, "hourpresmax": null, "province": "PONTEVEDRA", "presmax": null, "presmin": null, "hourpresmin": null, "date": "1956-05-10", "name": "VIGO AEROPUERTO", "gust": null, "longitude": 83726, "avgspeed": "4,4"}, {"code": "1495", "hourtmin": null, "hourgust": null, "hourtmax": null, "sun": null, "altitude": "261", "prec": "0,0", "latitude": 421419, "hourpresmax": null, "province": "PONTEVEDRA", "presmax": null, "presmin": null, "hourpresmin": null, "date": "1956-05-11", "name": "VIGO AEROPUERTO", "gust": null, "longitude": 83726, "avgspeed": "3,1"}, {"code": "1495", "hourtmin": null, "hourgust": null, "hourtmax": null, "sun": null, "altitude": "261", "prec": "0,0", "latitude": 421419, "hourpresmax": null, "province": "PONTEVEDRA", "presmax": null, "presmin": null, "hourpresmin": null, "date": "1956-05-12", "name": "VIGO AEROPUERTO", "gust": null, "longitude": 83726, "avgspeed": "5,3"}, {"code": "1495", "hourtmin": null, "hourgust": null, "hourtmax": null, "sun": null, "altitude": "261", "prec": "0,0", "latitude": 421419, "hourpresmax": null, "province": "PONTEVEDRA", "presmax": null, "presmin": null, "hourpresmin": null, "date": "1956-05-13", "name": "VIGO AEROPUERTO", "gust": null, "longitude": 83726, "avgspeed": "2,5"}, {"code": "1495", "hourtmin": null, "hourgust": null, "hourtmax": null, "sun": null, "altitude": "261", "prec": "0,0", "latitude": 421419, "hourpresmax": null, "province": "PONTEVEDRA", "presmax": null, "presmin": null, "hourpresmin": null, "date": "1956-05-14", "name": "VIGO AEROPUERTO", "gust": null, "longitude": 83726, "avgspeed": "2,2"}, {"code": "1495", "hourtmin": null, "hourgust": null, "hourtmax": null, "sun": null, "altitude": "261", "prec": "0,0", "latitude": 421419, "hourpresmax": null, "province": "PONTEVEDRA", "presmax": null, "presmin": null, "hourpresmin": null, "date": "1956-05-15", "name": "VIGO AEROPUERTO", "gust": null, "longitude": 83726, "avgspeed": "2,2"}, {"code": "1495", "hourtmin": null, "hourgust": null, "hourtmax": null, "sun": null, "altitude": "261", "prec": "0,0", "latitude": 421419, "hourpresmax": null, "province": "PONTEVEDRA", "presmax": null, "presmin": null, "hourpresmin": null, "date": "1956-05-16", "name": "VIGO AEROPUERTO", "gust": null, "longitude": 83726, "avgspeed": "3,1"}, {"code": "1495", "hourtmin": null, "hourgust": null, "hourtmax": null, "sun": null, "altitude": "261", "prec": "Ip", "latitude": 421419, "hourpresmax": null, "province": "PONTEVEDRA", "presmax": null, "presmin": null, "hourpresmin": null, "date": "1956-05-17", "name": "VIGO AEROPUERTO", "gust": null, "longitude": 83726, "avgspeed": "1,9"}, {"code": "1495", "hourtmin": null, "hourgust": null, "hourtmax": null, "sun": null, "altitude": "261", "prec": "10,9", "latitude": 421419, "hourpresmax": null, "province": "PONTEVEDRA", "presmax": null, "presmin": null, "hourpresmin": null, "date": "1956-05-18", "name": "VIGO AEROPUERTO", "gust": null, "longitude": 83726, "avgspeed": "2,5"}, {"code": "1495", "hourtmin": null, "hourgust": null, "hourtmax": null, "sun": null, "altitude": "261", "prec": "6,8", "latitude": 421419, "hourpresmax": null, "province": "PONTEVEDRA", "presmax": null, "presmin": null, "hourpresmin": null, "date": "1956-05-19", "name": "VIGO AEROPUERTO", "gust": null, "longitude": 83726, "avgspeed": "0,8"}, {"code": "1495", "hourtmin": null, "hourgust": null, "hourtmax": null, "sun": null, "altitude": "261", "prec": "4,1", "latitude": 421419, "hourpresmax": null, "province": "PONTEVEDRA", "presmax": null, "presmin": null, "hourpresmin": null, "date": "1956-05-20", "name": "VIGO AEROPUERTO", "gust": null, "longitude": 83726, "avgspeed": "3,3"}, {"code": "1495", "hourtmin": null, "hourgust": null, "hourtmax": null, "sun": null, "altitude": "261", "prec": "Ip", "latitude": 421419, "hourpresmax": null, "province": "PONTEVEDRA", "presmax": null, "presmin": null, "hourpresmin": null, "date": "1956-05-21", "name": "VIGO AEROPUERTO", "gust": null, "longitude": 83726, "avgspeed": "2,8"}, {"code": "1495", "hourtmin": null, "hourgust": null, "hourtmax": null, "sun": null, "altitude": "261", "prec": "0,9", "latitude": 421419, "hourpresmax": null, "province": "PONTEVEDRA", "presmax": null, "presmin": null, "hourpresmin": null, "date": "1956-05-22", "name": "VIGO AEROPUERTO", "gust": null, "longitude": 83726, "avgspeed": "4,4"}, {"code": "1495", "hourtmin": null, "hourgust": null, "hourtmax": null, "sun": null, "altitude": "261", "prec": "0,0", "latitude": 421419, "hourpresmax": null, "province": "PONTEVEDRA", "presmax": null, "presmin": null, "hourpresmin": null, "date": "1956-05-23", "name": "VIGO AEROPUERTO", "gust": null, "longitude": 83726, "avgspeed": "3,9"}, {"code": "1495", "hourtmin": null, "hourgust": null, "hourtmax": null, "sun": null, "altitude": "261", "prec": "0,8", "latitude": 421419, "hourpresmax": null, "province": "PONTEVEDRA", "presmax": null, "presmin": null, "hourpresmin": null, "date": "1956-05-24", "name": "VIGO AEROPUERTO", "gust": null, "longitude": 83726, "avgspeed": "4,2"}, {"code": "1495", "hourtmin": null, "hourgust": null, "hourtmax": null, "sun": null, "altitude": "261", "prec": "0,0", "latitude": 421419, "hourpresmax": null, "province": "PONTEVEDRA", "presmax": null, "presmin": null, "hourpresmin": null, "date": "1956-05-25", "name": "VIGO AEROPUERTO", "gust": null, "longitude": 83726, "avgspeed": "5,0"}, {"code": "1495", "hourtmin": null, "hourgust": null, "hourtmax": null, "sun": null, "altitude": "261", "prec": "2,7", "latitude": 421419, "hourpresmax": null, "province": "PONTEVEDRA", "presmax": null, "presmin": null, "hourpresmin": null, "date": "1956-05-26", "name": "VIGO AEROPUERTO", "gust": null, "longitude": 83726, "avgspeed": "3,6"}, {"code": "1495", "hourtmin": null, "hourgust": null, "hourtmax": null, "sun": null, "altitude": "261", "prec": "38,8", "latitude": 421419, "hourpresmax": null, "province": "PONTEVEDRA", "presmax": null, "presmin": null, "hourpresmin": null, "date": "1956-05-27", "name": "VIGO AEROPUERTO", "gust": null, "longitude": 83726, "avgspeed": "3,9"}, {"code": "1495", "hourtmin": null, "hourgust": null, "hourtmax": null, "sun": null, "altitude": "261", "prec": "14,4", "latitude": 421419, "hourpresmax": null, "province": "PONTEVEDRA", "presmax": null, "presmin": null, "hourpresmin": null, "date": "1956-05-28", "name": "VIGO AEROPUERTO", "gust": null, "longitude": 83726, "avgspeed": "3,1"}, {"code": "1495", "hourtmin": null, "hourgust": null, "hourtmax": null, "sun": null, "altitude": "261", "prec": "24,1", "latitude": 421419, "hourpresmax": null, "province": "PONTEVEDRA", "presmax": null, "presmin": null, "hourpresmin": null, "date": "1956-05-29", "name": "VIGO AEROPUERTO", "gust": null, "longitude": 83726, "avgspeed": "3,1"}, {"code": "1495", "hourtmin": null, "hourgust": null, "hourtmax": null, "sun": null, "altitude": "261", "prec": "35,6", "latitude": 421419, "hourpresmax": null, "province": "PONTEVEDRA", "presmax": null, "presmin": null, "hourpresmin": null, "date": "1956-05-30", "name": "VIGO AEROPUERTO", "gust": null, "longitude": 83726, "avgspeed": "1,1"}, {"code": "1495", "hourtmin": null, "hourgust": null, "hourtmax": null, "sun": null, "altitude": "261", "prec": "0,0", "latitude": 421419, "hourpresmax": null, "province": "PONTEVEDRA", "presmax": null, "presmin": null, "hourpresmin": null, "date": "1956-05-31", "name": "VIGO AEROPUERTO", "gust": null, "longitude": 83726, "avgspeed": "2,8"}, {"code": "1495", "hourtmin": null, "hourgust": null, "hourtmax": null, "sun": null, "altitude": "261", "prec": "0,0", "latitude": 421419, "hourpresmax": null, "province": "PONTEVEDRA", "presmax": null, "presmin": null, "hourpresmin": null, "date": "1956-06-01", "name": "VIGO AEROPUERTO", "gust": null, "longitude": 83726, "avgspeed": "3,3"}, {"code": "1495", "hourtmin": null, "hourgust": null, "hourtmax": null, "sun": null, "altitude": "261", "prec": "0,0", "latitude": 421419, "hourpresmax": null, "province": "PONTEVEDRA", "presmax": null, "presmin": null, "hourpresmin": null, "date": "1956-06-02", "name": "VIGO AEROPUERTO", "gust": null, "longitude": 83726, "avgspeed": "3,1"}, {"code": "1495", "hourtmin": null, "hourgust": null, "hourtmax": null, "sun": null, "altitude": "261", "prec": "0,0", "latitude": 421419, "hourpresmax": null, "province": "PONTEVEDRA", "presmax": null, "presmin": null, "hourpresmin": null, "date": "1956-06-03", "name": "VIGO AEROPUERTO", "gust": null, "longitude": 83726, "avgspeed": "4,4"}, {"code": "1495", "hourtmin": null, "hourgust": null, "hourtmax": null, "sun": null, "altitude": "261", "prec": "0,3", "latitude": 421419, "hourpresmax": null, "province": "PONTEVEDRA", "presmax": null, "presmin": null, "hourpresmin": null, "date": "1956-06-04", "name": "VIGO AEROPUERTO", "gust": null, "longitude": 83726, "avgspeed": "1,9"}, {"code": "1495", "hourtmin": null, "hourgust": null, "hourtmax": null, "sun": null, "altitude": "261", "prec": "2,0", "latitude": 421419, "hourpresmax": null, "province": "PONTEVEDRA", "presmax": null, "presmin": null, "hourpresmin": null, "date": "1956-06-05", "name": "VIGO AEROPUERTO", "gust": null, "longitude": 83726, "avgspeed": "1,7"}, {"code": "1495", "hourtmin": null, "hourgust": null, "hourtmax": null, "sun": null, "altitude": "261", "prec": "0,0", "latitude": 421419, "hourpresmax": null, "province": "PONTEVEDRA", "presmax": null, "presmin": null, "hourpresmin": null, "date": "1956-06-06", "name": "VIGO AEROPUERTO", "gust": null, "longitude": 83726, "avgspeed": "2,8"}, {"code": "1495", "hourtmin": null, "hourgust": null, "hourtmax": null, "sun": null, "altitude": "261", "prec": "Ip", "latitude": 421419, "hourpresmax": null, "province": "PONTEVEDRA", "presmax": null, "presmin": null, "hourpresmin": null, "date": "1956-06-07", "name": "VIGO AEROPUERTO", "gust": null, "longitude": 83726, "avgspeed": "4,7"}, {"code": "1495", "hourtmin": null, "hourgust": null, "hourtmax": null, "sun": null, "altitude": "261", "prec": "0,0", "latitude": 421419, "hourpresmax": null, "province": "PONTEVEDRA", "presmax": null, "presmin": null, "hourpresmin": null, "date": "1956-06-08", "name": "VIGO AEROPUERTO", "gust": null, "longitude": 83726, "avgspeed": "5,3"}, {"code": "1495", "hourtmin": null, "hourgust": null, "hourtmax": null, "sun": null, "altitude": "261", "prec": "0,0", "latitude": 421419, "hourpresmax": null, "province": "PONTEVEDRA", "presmax": null, "presmin": null, "hourpresmin": null, "date": "1956-06-09", "name": "VIGO AEROPUERTO", "gust": null, "longitude": 83726, "avgspeed": "3,9"}, {"code": "1495", "hourtmin": null, "hourgust": null, "hourtmax": null, "sun": null, "altitude": "261", "prec": "0,0", "latitude": 421419, "hourpresmax": null, "province": "PONTEVEDRA", "presmax": null, "presmin": null, "hourpresmin": null, "date": "1956-06-10", "name": "VIGO AEROPUERTO", "gust": null, "longitude": 83726, "avgspeed": "5,0"}, {"code": "1495", "hourtmin": null, "hourgust": null, "hourtmax": null, "sun": null, "altitude": "261", "prec": "0,0", "latitude": 421419, "hourpresmax": null, "province": "PONTEVEDRA", "presmax": null, "presmin": null, "hourpresmin": null, "date": "1956-06-11", "name": "VIGO AEROPUERTO", "gust": null, "longitude": 83726, "avgspeed": "2,5"}, {"code": "1495", "hourtmin": null, "hourgust": null, "hourtmax": null, "sun": null, "altitude": "261", "prec": "0,0", "latitude": 421419, "hourpresmax": null, "province": "PONTEVEDRA", "presmax": null, "presmin": null, "hourpresmin": null, "date": "1956-06-12", "name": "VIGO AEROPUERTO", "gust": null, "longitude": 83726, "avgspeed": "1,4"}, {"code": "1495", "hourtmin": null, "hourgust": null, "hourtmax": null, "sun": null, "altitude": "261", "prec": "0,0", "latitude": 421419, "hourpresmax": null, "province": "PONTEVEDRA", "presmax": null, "presmin": null, "hourpresmin": null, "date": "1956-06-13", "name": "VIGO AEROPUERTO", "gust": null, "longitude": 83726, "avgspeed": "3,9"}, {"code": "1495", "hourtmin": null, "hourgust": null, "hourtmax": null, "sun": null, "altitude": "261", "prec": "0,0", "latitude": 421419, "hourpresmax": null, "province": "PONTEVEDRA", "presmax": null, "presmin": null, "hourpresmin": null, "date": "1956-06-14", "name": "VIGO AEROPUERTO", "gust": null, "longitude": 83726, "avgspeed": "6,9"}, {"code": "1495", "hourtmin": null, "hourgust": null, "hourtmax": null, "sun": null, "altitude": "261", "prec": "0,0", "latitude": 421419, "hourpresmax": null, "province": "PONTEVEDRA", "presmax": null, "presmin": null, "hourpresmin": null, "date": "1956-06-15", "name": "VIGO AEROPUERTO", "gust": null, "longitude": 83726, "avgspeed": "3,1"}, {"code": "1495", "hourtmin": null, "hourgust": null, "hourtmax": null, "sun": null, "altitude": "261", "prec": "0,0", "latitude": 421419, "hourpresmax": null, "province": "PONTEVEDRA", "presmax": null, "presmin": null, "hourpresmin": null, "date": "1956-06-16", "name": "VIGO AEROPUERTO", "gust": null, "longitude": 83726, "avgspeed": "3,9"}, {"code": "1495", "hourtmin": null, "hourgust": null, "hourtmax": null, "sun": null, "altitude": "261", "prec": "0,0", "latitude": 421419, "hourpresmax": null, "province": "PONTEVEDRA", "presmax": null, "presmin": null, "hourpresmin": null, "date": "1956-06-17", "name": "VIGO AEROPUERTO", "gust": null, "longitude": 83726, "avgspeed": "3,9"}, {"code": "1495", "hourtmin": null, "hourgust": null, "hourtmax": null, "sun": null, "altitude": "261", "prec": "0,0", "latitude": 421419, "hourpresmax": null, "province": "PONTEVEDRA", "presmax": null, "presmin": null, "hourpresmin": null, "date": "1956-06-18", "name": "VIGO AEROPUERTO", "gust": null, "longitude": 83726, "avgspeed": "4,7"}, {"code": "1495", "hourtmin": null, "hourgust": null, "hourtmax": null, "sun": null, "altitude": "261", "prec": "0,0", "latitude": 421419, "hourpresmax": null, "province": "PONTEVEDRA", "presmax": null, "presmin": null, "hourpresmin": null, "date": "1956-06-19", "name": "VIGO AEROPUERTO", "gust": null, "longitude": 83726, "avgspeed": "6,1"}, {"code": "1495", "hourtmin": null, "hourgust": null, "hourtmax": null, "sun": null, "altitude": "261", "prec": "0,0", "latitude": 421419, "hourpresmax": null, "province": "PONTEVEDRA", "presmax": null, "presmin": null, "hourpresmin": null, "date": "1956-06-20", "name": "VIGO AEROPUERTO", "gust": null, "longitude": 83726, "avgspeed": "3,1"}, {"code": "1495", "hourtmin": null, "hourgust": null, "hourtmax": null, "sun": null, "altitude": "261", "prec": "0,0", "latitude": 421419, "hourpresmax": null, "province": "PONTEVEDRA", "presmax": null, "presmin": null, "hourpresmin": null, "date": "1956-06-21", "name": "VIGO AEROPUERTO", "gust": null, "longitude": 83726, "avgspeed": "3,1"}, {"code": "1495", "hourtmin": null, "hourgust": null, "hourtmax": null, "sun": null, "altitude": "261", "prec": "Ip", "latitude": 421419, "hourpresmax": null, "province": "PONTEVEDRA", "presmax": null, "presmin": null, "hourpresmin": null, "date": "1956-06-22", "name": "VIGO AEROPUERTO", "gust": null, "longitude": 83726, "avgspeed": "3,9"}, {"code": "1495", "hourtmin": null, "hourgust": null, "hourtmax": null, "sun": null, "altitude": "261", "prec": "0,0", "latitude": 421419, "hourpresmax": null, "province": "PONTEVEDRA", "presmax": null, "presmin": null, "hourpresmin": null, "date": "1956-06-23", "name": "VIGO AEROPUERTO", "gust": null, "longitude": 83726, "avgspeed": "3,3"}, {"code": "1495", "hourtmin": null, "hourgust": null, "hourtmax": null, "sun": null, "altitude": "261", "prec": "0,0", "latitude": 421419, "hourpresmax": null, "province": "PONTEVEDRA", "presmax": null, "presmin": null, "hourpresmin": null, "date": "1956-06-24", "name": "VIGO AEROPUERTO", "gust": null, "longitude": 83726, "avgspeed": "3,1"}, {"code": "1495", "hourtmin": null, "hourgust": null, "hourtmax": null, "sun": null, "altitude": "261", "prec": "0,0", "latitude": 421419, "hourpresmax": null, "province": "PONTEVEDRA", "presmax": null, "presmin": null, "hourpresmin": null, "date": "1956-06-25", "name": "VIGO AEROPUERTO", "gust": null, "longitude": 83726, "avgspeed": "3,6"}, {"code": "1495", "hourtmin": null, "hourgust": null, "hourtmax": null, "sun": null, "altitude": "261", "prec": "0,0", "latitude": 421419, "hourpresmax": null, "province": "PONTEVEDRA", "presmax": null, "presmin": null, "hourpresmin": null, "date": "1956-06-26", "name": "VIGO AEROPUERTO", "gust": null, "longitude": 83726, "avgspeed": "2,5"}, {"code": "1495", "hourtmin": null, "hourgust": null, "hourtmax": null, "sun": null, "altitude": "261", "prec": "0,0", "latitude": 421419, "hourpresmax": null, "province": "PONTEVEDRA", "presmax": null, "presmin": null, "hourpresmin": null, "date": "1956-06-27", "name": "VIGO AEROPUERTO", "gust": null, "longitude": 83726, "avgspeed": "3,9"}, {"code": "1495", "hourtmin": null, "hourgust": null, "hourtmax": null, "sun": null, "altitude": "261", "prec": "0,0", "latitude": 421419, "hourpresmax": null, "province": "PONTEVEDRA", "presmax": null, "presmin": null, "hourpresmin": null, "date": "1956-06-28", "name": "VIGO AEROPUERTO", "gust": null, "longitude": 83726, "avgspeed": "3,6"}, {"code": "1495", "hourtmin": null, "hourgust": null, "hourtmax": null, "sun": null, "altitude": "261", "prec": "0,0", "latitude": 421419, "hourpresmax": null, "province": "PONTEVEDRA", "presmax": null, "presmin": null, "hourpresmin": null, "date": "1956-06-29", "name": "VIGO AEROPUERTO", "gust": null, "longitude": 83726, "avgspeed": "2,5"}, {"code": "1495", "hourtmin": null, "hourgust": null, "hourtmax": null, "sun": null, "altitude": "261", "prec": "10,6", "latitude": 421419, "hourpresmax": null, "province": "PONTEVEDRA", "presmax": null, "presmin": null, "hourpresmin": null, "date": "1956-06-30", "name": "VIGO AEROPUERTO", "gust": null, "longitude": 83726, "avgspeed": "3,9"}, {"code": "1495", "hourtmin": null, "hourgust": null, "hourtmax": null, "sun": null, "altitude": "261", "prec": "11,2", "latitude": 421419, "hourpresmax": null, "province": "PONTEVEDRA", "presmax": null, "presmin": null, "hourpresmin": null, "date": "1956-07-01", "name": "VIGO AEROPUERTO", "gust": null, "longitude": 83726, "avgspeed": "3,1"}, {"code": "1495", "hourtmin": null, "hourgust": null, "hourtmax": null, "sun": null, "altitude": "261", "prec": "0,0", "latitude": 421419, "hourpresmax": null, "province": "PONTEVEDRA", "presmax": null, "presmin": null, "hourpresmin": null, "date": "1956-07-02", "name": "VIGO AEROPUERTO", "gust": null, "longitude": 83726, "avgspeed": "1,9"}, {"code": "1495", "hourtmin": null, "hourgust": null, "hourtmax": null, "sun": null, "altitude": "261", "prec": "0,0", "latitude": 421419, "hourpresmax": null, "province": "PONTEVEDRA", "presmax": null, "presmin": null, "hourpresmin": null, "date": "1956-07-03", "name": "VIGO AEROPUERTO", "gust": null, "longitude": 83726, "avgspeed": "2,8"}, {"code": "1495", "hourtmin": null, "hourgust": null, "hourtmax": null, "sun": null, "altitude": "261", "prec": "0,0", "latitude": 421419, "hourpresmax": null, "province": "PONTEVEDRA", "presmax": null, "presmin": null, "hourpresmin": null, "date": "1956-07-04", "name": "VIGO AEROPUERTO", "gust": null, "longitude": 83726, "avgspeed": "3,1"}, {"code": "1495", "hourtmin": null, "hourgust": null, "hourtmax": null, "sun": null, "altitude": "261", "prec": "0,0", "latitude": 421419, "hourpresmax": null, "province": "PONTEVEDRA", "presmax": null, "presmin": null, "hourpresmin": null, "date": "1956-07-05", "name": "VIGO AEROPUERTO", "gust": null, "longitude": 83726, "avgspeed": "1,4"}, {"code": "1495", "hourtmin": null, "hourgust": null, "hourtmax": null, "sun": null, "altitude": "261", "prec": "0,0", "latitude": 421419, "hourpresmax": null, "province": "PONTEVEDRA", "presmax": null, "presmin": null, "hourpresmin": null, "date": "1956-07-06", "name": "VIGO AEROPUERTO", "gust": null, "longitude": 83726, "avgspeed": "2,5"}, {"code": "1495", "hourtmin": null, "hourgust": null, "hourtmax": null, "sun": null, "altitude": "261", "prec": "0,0", "latitude": 421419, "hourpresmax": null, "province": "PONTEVEDRA", "presmax": null, "presmin": null, "hourpresmin": null, "date": "1956-07-07", "name": "VIGO AEROPUERTO", "gust": null, "longitude": 83726, "avgspeed": "3,6"}, {"code": "1495", "hourtmin": null, "hourgust": null, "hourtmax": null, "sun": null, "altitude": "261", "prec": "0,0", "latitude": 421419, "hourpresmax": null, "province": "PONTEVEDRA", "presmax": null, "presmin": null, "hourpresmin": null, "date": "1956-07-08", "name": "VIGO AEROPUERTO", "gust": null, "longitude": 83726, "avgspeed": "1,9"}, {"code": "1495", "hourtmin": null, "hourgust": null, "hourtmax": null, "sun": null, "altitude": "261", "prec": "0,0", "latitude": 421419, "hourpresmax": null, "province": "PONTEVEDRA", "presmax": null, "presmin": null, "hourpresmin": null, "date": "1956-07-09", "name": "VIGO AEROPUERTO", "gust": null, "longitude": 83726, "avgspeed": "5,8"}, {"code": "1495", "hourtmin": null, "hourgust": null, "hourtmax": null, "sun": null, "altitude": "261", "prec": "0,0", "latitude": 421419, "hourpresmax": null, "province": "PONTEVEDRA", "presmax": null, "presmin": null, "hourpresmin": null, "date": "1956-07-10", "name": "VIGO AEROPUERTO", "gust": null, "longitude": 83726, "avgspeed": "3,3"}, {"code": "1495", "hourtmin": null, "hourgust": null, "hourtmax": null, "sun": null, "altitude": "261", "prec": "0,0", "latitude": 421419, "hourpresmax": null, "province": "PONTEVEDRA", "presmax": null, "presmin": null, "hourpresmin": null, "date": "1956-07-11", "name": "VIGO AEROPUERTO", "gust": null, "longitude": 83726, "avgspeed": "1,1"}, {"code": "1495", "hourtmin": null, "hourgust": null, "hourtmax": null, "sun": null, "altitude": "261", "prec": "7,0", "latitude": 421419, "hourpresmax": null, "province": "PONTEVEDRA", "presmax": null, "presmin": null, "hourpresmin": null, "date": "1956-07-12", "name": "VIGO AEROPUERTO", "gust": null, "longitude": 83726, "avgspeed": "4,7"}, {"code": "1495", "hourtmin": null, "hourgust": null, "hourtmax": null, "sun": null, "altitude": "261", "prec": "3,2", "latitude": 421419, "hourpresmax": null, "province": "PONTEVEDRA", "presmax": null, "presmin": null, "hourpresmin": null, "date": "1956-07-13", "name": "VIGO AEROPUERTO", "gust": null, "longitude": 83726, "avgspeed": "3,9"}, {"code": "1495", "hourtmin": null, "hourgust": null, "hourtmax": null, "sun": null, "altitude": "261", "prec": "8,1", "latitude": 421419, "hourpresmax": null, "province": "PONTEVEDRA", "presmax": null, "presmin": null, "hourpresmin": null, "date": "1956-07-14", "name": "VIGO AEROPUERTO", "gust": null, "longitude": 83726, "avgspeed": "3,6"}, {"code": "1495", "hourtmin": null, "hourgust": null, "hourtmax": null, "sun": null, "altitude": "261", "prec": "0,9", "latitude": 421419, "hourpresmax": null, "province": "PONTEVEDRA", "presmax": null, "presmin": null, "hourpresmin": null, "date": "1956-07-15", "name": "VIGO AEROPUERTO", "gust": null, "longitude": 83726, "avgspeed": "2,2"}, {"code": "1495", "hourtmin": null, "hourgust": null, "hourtmax": null, "sun": null, "altitude": "261", "prec": "0,0", "latitude": 421419, "hourpresmax": null, "province": "PONTEVEDRA", "presmax": null, "presmin": null, "hourpresmin": null, "date": "1956-07-16", "name": "VIGO AEROPUERTO", "gust": null, "longitude": 83726, "avgspeed": "2,8"}, {"code": "1495", "hourtmin": null, "hourgust": null, "hourtmax": null, "sun": null, "altitude": "261", "prec": "1,0", "latitude": 421419, "hourpresmax": null, "province": "PONTEVEDRA", "presmax": null, "presmin": null, "hourpresmin": null, "date": "1956-07-17", "name": "VIGO AEROPUERTO", "gust": null, "longitude": 83726, "avgspeed": "2,8"}, {"code": "1495", "hourtmin": null, "hourgust": null, "hourtmax": null, "sun": null, "altitude": "261", "prec": "1,9", "latitude": 421419, "hourpresmax": null, "province": "PONTEVEDRA", "presmax": null, "presmin": null, "hourpresmin": null, "date": "1956-07-18", "name": "VIGO AEROPUERTO", "gust": null, "longitude": 83726, "avgspeed": "2,2"}, {"code": "1495", "hourtmin": null, "hourgust": null, "hourtmax": null, "sun": null, "altitude": "261", "prec": "0,0", "latitude": 421419, "hourpresmax": null, "province": "PONTEVEDRA", "presmax": null, "presmin": null, "hourpresmin": null, "date": "1956-07-19", "name": "VIGO AEROPUERTO", "gust": null, "longitude": 83726, "avgspeed": "3,6"}, {"code": "1495", "hourtmin": null, "hourgust": null, "hourtmax": null, "sun": null, "altitude": "261", "prec": "0,0", "latitude": 421419, "hourpresmax": null, "province": "PONTEVEDRA", "presmax": null, "presmin": null, "hourpresmin": null, "date": "1956-07-20", "name": "VIGO AEROPUERTO", "gust": null, "longitude": 83726, "avgspeed": "3,1"}, {"code": "1495", "hourtmin": null, "hourgust": null, "hourtmax": null, "sun": null, "altitude": "261", "prec": "0,0", "latitude": 421419, "hourpresmax": null, "province": "PONTEVEDRA", "presmax": null, "presmin": null, "hourpresmin": null, "date": "1956-07-21", "name": "VIGO AEROPUERTO", "gust": null, "longitude": 83726, "avgspeed": "4,4"}, {"code": "1495", "hourtmin": null, "hourgust": null, "hourtmax": null, "sun": null, "altitude": "261", "prec": "0,0", "latitude": 421419, "hourpresmax": null, "province": "PONTEVEDRA", "presmax": null, "presmin": null, "hourpresmin": null, "date": "1956-07-22", "name": "VIGO AEROPUERTO", "gust": null, "longitude": 83726, "avgspeed": "2,2"}, {"code": "1495", "hourtmin": null, "hourgust": null, "hourtmax": null, "sun": null, "altitude": "261", "prec": "0,0", "latitude": 421419, "hourpresmax": null, "province": "PONTEVEDRA", "presmax": null, "presmin": null, "hourpresmin": null, "date": "1956-07-23", "name": "VIGO AEROPUERTO", "gust": null, "longitude": 83726, "avgspeed": "2,8"}, {"code": "1495", "hourtmin": null, "hourgust": null, "hourtmax": null, "sun": null, "altitude": "261", "prec": "0,0", "latitude": 421419, "hourpresmax": null, "province": "PONTEVEDRA", "presmax": null, "presmin": null, "hourpresmin": null, "date": "1956-07-24", "name": "VIGO AEROPUERTO", "gust": null, "longitude": 83726, "avgspeed": "4,4"}, {"code": "1495", "hourtmin": null, "hourgust": null, "hourtmax": null, "sun": null, "altitude": "261", "prec": "0,0", "latitude": 421419, "hourpresmax": null, "province": "PONTEVEDRA", "presmax": null, "presmin": null, "hourpresmin": null, "date": "1956-07-25", "name": "VIGO AEROPUERTO", "gust": null, "longitude": 83726, "avgspeed": "4,4"}, {"code": "1495", "hourtmin": null, "hourgust": null, "hourtmax": null, "sun": null, "altitude": "261", "prec": "0,0", "latitude": 421419, "hourpresmax": null, "province": "PONTEVEDRA", "presmax": null, "presmin": null, "hourpresmin": null, "date": "1956-07-26", "name": "VIGO AEROPUERTO", "gust": null, "longitude": 83726, "avgspeed": "3,6"}, {"code": "1495", "hourtmin": null, "hourgust": null, "hourtmax": null, "sun": null, "altitude": "261", "prec": "0,0", "latitude": 421419, "hourpresmax": null, "province": "PONTEVEDRA", "presmax": null, "presmin": null, "hourpresmin": null, "date": "1956-07-27", "name": "VIGO AEROPUERTO", "gust": null, "longitude": 83726, "avgspeed": "1,1"}, {"code": "1495", "hourtmin": null, "hourgust": null, "hourtmax": null, "sun": null, "altitude": "261", "prec": "10,4", "latitude": 421419, "hourpresmax": null, "province": "PONTEVEDRA", "presmax": null, "presmin": null, "hourpresmin": null, "date": "1956-07-28", "name": "VIGO AEROPUERTO", "gust": null, "longitude": 83726, "avgspeed": "4,4"}, {"code": "1495", "hourtmin": null, "hourgust": null, "hourtmax": null, "sun": null, "altitude": "261", "prec": "1,4", "latitude": 421419, "hourpresmax": null, "province": "PONTEVEDRA", "presmax": null, "presmin": null, "hourpresmin": null, "date": "1956-07-29", "name": "VIGO AEROPUERTO", "gust": null, "longitude": 83726, "avgspeed": "3,1"}, {"code": "1495", "hourtmin": null, "hourgust": null, "hourtmax": null, "sun": null, "altitude": "261", "prec": "0,0", "latitude": 421419, "hourpresmax": null, "province": "PONTEVEDRA", "presmax": null, "presmin": null, "hourpresmin": null, "date": "1956-07-30", "name": "VIGO AEROPUERTO", "gust": null, "longitude": 83726, "avgspeed": "2,8"}, {"code": "1495", "hourtmin": null, "hourgust": null, "hourtmax": null, "sun": null, "altitude": "261", "prec": "0,0", "latitude": 421419, "hourpresmax": null, "province": "PONTEVEDRA", "presmax": null, "presmin": null, "hourpresmin": null, "date": "1956-07-31", "name": "VIGO AEROPUERTO", "gust": null, "longitude": 83726, "avgspeed": "3,3"}, {"code": "1495", "hourtmin": null, "hourgust": null, "hourtmax": null, "sun": null, "altitude": "261", "prec": "0,0", "latitude": 421419, "hourpresmax": null, "province": "PONTEVEDRA", "presmax": null, "presmin": null, "hourpresmin": null, "date": "1956-08-01", "name": "VIGO AEROPUERTO", "gust": null, "longitude": 83726, "avgspeed": "2,8"}, {"code": "1495", "hourtmin": null, "hourgust": null, "hourtmax": null, "sun": null, "altitude": "261", "prec": "0,0", "latitude": 421419, "hourpresmax": null, "province": "PONTEVEDRA", "presmax": null, "presmin": null, "hourpresmin": null, "date": "1956-08-02", "name": "VIGO AEROPUERTO", "gust": null, "longitude": 83726, "avgspeed": "3,9"}, {"code": "1495", "hourtmin": null, "hourgust": null, "hourtmax": null, "sun": null, "altitude": "261", "prec": "0,0", "latitude": 421419, "hourpresmax": null, "province": "PONTEVEDRA", "presmax": null, "presmin": null, "hourpresmin": null, "date": "1956-08-03", "name": "VIGO AEROPUERTO", "gust": null, "longitude": 83726, "avgspeed": "3,3"}, {"code": "1495", "hourtmin": null, "hourgust": null, "hourtmax": null, "sun": null, "altitude": "261", "prec": "0,0", "latitude": 421419, "hourpresmax": null, "province": "PONTEVEDRA", "presmax": null, "presmin": null, "hourpresmin": null, "date": "1956-08-04", "name": "VIGO AEROPUERTO", "gust": null, "longitude": 83726, "avgspeed": "3,1"}, {"code": "1495", "hourtmin": null, "hourgust": null, "hourtmax": null, "sun": null, "altitude": "261", "prec": "0,0", "latitude": 421419, "hourpresmax": null, "province": "PONTEVEDRA", "presmax": null, "presmin": null, "hourpresmin": null, "date": "1956-08-05", "name": "VIGO AEROPUERTO", "gust": null, "longitude": 83726, "avgspeed": "4,7"}, {"code": "1495", "hourtmin": null, "hourgust": null, "hourtmax": null, "sun": null, "altitude": "261", "prec": "0,0", "latitude": 421419, "hourpresmax": null, "province": "PONTEVEDRA", "presmax": null, "presmin": null, "hourpresmin": null, "date": "1956-08-06", "name": "VIGO AEROPUERTO", "gust": null, "longitude": 83726, "avgspeed": "5,0"}, {"code": "1495", "hourtmin": null, "hourgust": null, "hourtmax": null, "sun": null, "altitude": "261", "prec": "0,9", "latitude": 421419, "hourpresmax": null, "province": "PONTEVEDRA", "presmax": null, "presmin": null, "hourpresmin": null, "date": "1956-08-07", "name": "VIGO AEROPUERTO", "gust": null, "longitude": 83726, "avgspeed": "3,9"}, {"code": "1495", "hourtmin": null, "hourgust": null, "hourtmax": null, "sun": null, "altitude": "261", "prec": "13,2", "latitude": 421419, "hourpresmax": null, "province": "PONTEVEDRA", "presmax": null, "presmin": null, "hourpresmin": null, "date": "1956-08-08", "name": "VIGO AEROPUERTO", "gust": null, "longitude": 83726, "avgspeed": "3,1"}, {"code": "1495", "hourtmin": null, "hourgust": null, "hourtmax": null, "sun": null, "altitude": "261", "prec": "0,6", "latitude": 421419, "hourpresmax": null, "province": "PONTEVEDRA", "presmax": null, "presmin": null, "hourpresmin": null, "date": "1956-08-09", "name": "VIGO AEROPUERTO", "gust": null, "longitude": 83726, "avgspeed": "0,6"}, {"code": "1495", "hourtmin": null, "hourgust": null, "hourtmax": null, "sun": null, "altitude": "261", "prec": "0,0", "latitude": 421419, "hourpresmax": null, "province": "PONTEVEDRA", "presmax": null, "presmin": null, "hourpresmin": null, "date": "1956-08-10", "name": "VIGO AEROPUERTO", "gust": null, "longitude": 83726, "avgspeed": "2,2"}, {"code": "1495", "hourtmin": null, "hourgust": null, "hourtmax": null, "sun": null, "altitude": "261", "prec": "0,0", "latitude": 421419, "hourpresmax": null, "province": "PONTEVEDRA", "presmax": null, "presmin": null, "hourpresmin": null, "date": "1956-08-11", "name": "VIGO AEROPUERTO", "gust": null, "longitude": 83726, "avgspeed": "0,8"}, {"code": "1495", "hourtmin": null, "hourgust": null, "hourtmax": null, "sun": null, "altitude": "261", "prec": "0,0", "latitude": 421419, "hourpresmax": null, "province": "PONTEVEDRA", "presmax": null, "presmin": null, "hourpresmin": null, "date": "1956-08-12", "name": "VIGO AEROPUERTO", "gust": null, "longitude": 83726, "avgspeed": "3,3"}, {"code": "1495", "hourtmin": null, "hourgust": null, "hourtmax": null, "sun": null, "altitude": "261", "prec": "0,0", "latitude": 421419, "hourpresmax": null, "province": "PONTEVEDRA", "presmax": null, "presmin": null, "hourpresmin": null, "date": "1956-08-13", "name": "VIGO AEROPUERTO", "gust": null, "longitude": 83726, "avgspeed": "2,2"}, {"code": "1495", "hourtmin": null, "hourgust": null, "hourtmax": null, "sun": null, "altitude": "261", "prec": "0,0", "latitude": 421419, "hourpresmax": null, "province": "PONTEVEDRA", "presmax": null, "presmin": null, "hourpresmin": null, "date": "1956-08-14", "name": "VIGO AEROPUERTO", "gust": null, "longitude": 83726, "avgspeed": "3,9"}, {"code": "1495", "hourtmin": null, "hourgust": null, "hourtmax": null, "sun": null, "altitude": "261", "prec": "0,0", "latitude": 421419, "hourpresmax": null, "province": "PONTEVEDRA", "presmax": null, "presmin": null, "hourpresmin": null, "date": "1956-08-15", "name": "VIGO AEROPUERTO", "gust": null, "longitude": 83726, "avgspeed": "1,9"}, {"code": "1495", "hourtmin": null, "hourgust": null, "hourtmax": null, "sun": null, "altitude": "261", "prec": "0,0", "latitude": 421419, "hourpresmax": null, "province": "PONTEVEDRA", "presmax": null, "presmin": null, "hourpresmin": null, "date": "1956-08-16", "name": "VIGO AEROPUERTO", "gust": null, "longitude": 83726, "avgspeed": "2,8"}, {"code": "1495", "hourtmin": null, "hourgust": null, "hourtmax": null, "sun": null, "altitude": "261", "prec": "13,2", "latitude": 421419, "hourpresmax": null, "province": "PONTEVEDRA", "presmax": null, "presmin": null, "hourpresmin": null, "date": "1956-08-17", "name": "VIGO AEROPUERTO", "gust": null, "longitude": 83726, "avgspeed": "2,8"}, {"code": "1495", "hourtmin": null, "hourgust": null, "hourtmax": null, "sun": null, "altitude": "261", "prec": "0,0", "latitude": 421419, "hourpresmax": null, "province": "PONTEVEDRA", "presmax": null, "presmin": null, "hourpresmin": null, "date": "1956-08-18", "name": "VIGO AEROPUERTO", "gust": null, "longitude": 83726, "avgspeed": "3,1"}, {"code": "1495", "hourtmin": null, "hourgust": null, "hourtmax": null, "sun": null, "altitude": "261", "prec": "1,3", "latitude": 421419, "hourpresmax": null, "province": "PONTEVEDRA", "presmax": null, "presmin": null, "hourpresmin": null, "date": "1956-08-19", "name": "VIGO AEROPUERTO", "gust": null, "longitude": 83726, "avgspeed": "1,7"}, {"code": "1495", "hourtmin": null, "hourgust": null, "hourtmax": null, "sun": null, "altitude": "261", "prec": "0,0", "latitude": 421419, "hourpresmax": null, "province": "PONTEVEDRA", "presmax": null, "presmin": null, "hourpresmin": null, "date": "1956-08-20", "name": "VIGO AEROPUERTO", "gust": null, "longitude": 83726, "avgspeed": "2,2"}, {"code": "1495", "hourtmin": null, "hourgust": null, "hourtmax": null, "sun": null, "altitude": "261", "prec": "5,6", "latitude": 421419, "hourpresmax": null, "province": "PONTEVEDRA", "presmax": null, "presmin": null, "hourpresmin": null, "date": "1956-08-21", "name": "VIGO AEROPUERTO", "gust": null, "longitude": 83726, "avgspeed": "1,9"}, {"code": "1495", "hourtmin": null, "hourgust": null, "hourtmax": null, "sun": null, "altitude": "261", "prec": "0,7", "latitude": 421419, "hourpresmax": null, "province": "PONTEVEDRA", "presmax": null, "presmin": null, "hourpresmin": null, "date": "1956-08-22", "name": "VIGO AEROPUERTO", "gust": null, "longitude": 83726, "avgspeed": "2,2"}, {"code": "1495", "hourtmin": null, "hourgust": null, "hourtmax": null, "sun": null, "altitude": "261", "prec": "0,4", "latitude": 421419, "hourpresmax": null, "province": "PONTEVEDRA", "presmax": null, "presmin": null, "hourpresmin": null, "date": "1956-08-23", "name": "VIGO AEROPUERTO", "gust": null, "longitude": 83726, "avgspeed": "2,5"}, {"code": "1495", "hourtmin": null, "hourgust": null, "hourtmax": null, "sun": null, "altitude": "261", "prec": "7,2", "latitude": 421419, "hourpresmax": null, "province": "PONTEVEDRA", "presmax": null, "presmin": null, "hourpresmin": null, "date": "1956-08-24", "name": "VIGO AEROPUERTO", "gust": null, "longitude": 83726, "avgspeed": "1,7"}, {"code": "1495", "hourtmin": null, "hourgust": null, "hourtmax": null, "sun": null, "altitude": "261", "prec": "8,4", "latitude": 421419, "hourpresmax": null, "province": "PONTEVEDRA", "presmax": null, "presmin": null, "hourpresmin": null, "date": "1956-08-25", "name": "VIGO AEROPUERTO", "gust": null, "longitude": 83726, "avgspeed": "1,4"}, {"code": "1495", "hourtmin": null, "hourgust": null, "hourtmax": null, "sun": null, "altitude": "261", "prec": "10,0", "latitude": 421419, "hourpresmax": null, "province": "PONTEVEDRA", "presmax": null, "presmin": null, "hourpresmin": null, "date": "1956-08-26", "name": "VIGO AEROPUERTO", "gust": null, "longitude": 83726, "avgspeed": "3,6"}, {"code": "1495", "hourtmin": null, "hourgust": null, "hourtmax": null, "sun": null, "altitude": "261", "prec": "1,9", "latitude": 421419, "hourpresmax": null, "province": "PONTEVEDRA", "presmax": null, "presmin": null, "hourpresmin": null, "date": "1956-08-27", "name": "VIGO AEROPUERTO", "gust": null, "longitude": 83726, "avgspeed": "3,9"}, {"code": "1495", "hourtmin": null, "hourgust": null, "hourtmax": null, "sun": null, "altitude": "261", "prec": "Ip", "latitude": 421419, "hourpresmax": null, "province": "PONTEVEDRA", "presmax": null, "presmin": null, "hourpresmin": null, "date": "1956-08-28", "name": "VIGO AEROPUERTO", "gust": null, "longitude": 83726, "avgspeed": "3,1"}, {"code": "1495", "hourtmin": null, "hourgust": null, "hourtmax": null, "sun": null, "altitude": "261", "prec": "0,0", "latitude": 421419, "hourpresmax": null, "province": "PONTEVEDRA", "presmax": null, "presmin": null, "hourpresmin": null, "date": "1956-08-29", "name": "VIGO AEROPUERTO", "gust": null, "longitude": 83726, "avgspeed": "3,1"}, {"code": "1495", "hourtmin": null, "hourgust": null, "hourtmax": null, "sun": null, "altitude": "261", "prec": "13,7", "latitude": 421419, "hourpresmax": null, "province": "PONTEVEDRA", "presmax": null, "presmin": null, "hourpresmin": null, "date": "1956-08-30", "name": "VIGO AEROPUERTO", "gust": null, "longitude": 83726, "avgspeed": "0,8"}, {"code": "1495", "hourtmin": null, "hourgust": null, "hourtmax": null, "sun": null, "altitude": "261", "prec": "0,0", "latitude": 421419, "hourpresmax": null, "province": "PONTEVEDRA", "presmax": null, "presmin": null, "hourpresmin": null, "date": "1956-08-31", "name": "VIGO AEROPUERTO", "gust": null, "longitude": 83726, "avgspeed": "7,2"}, {"code": "1495", "hourtmin": null, "hourgust": null, "hourtmax": null, "sun": null, "altitude": "261", "prec": "1,2", "latitude": 421419, "hourpresmax": null, "province": "PONTEVEDRA", "presmax": null, "presmin": null, "hourpresmin": null, "date": "1956-09-01", "name": "VIGO AEROPUERTO", "gust": null, "longitude": 83726, "avgspeed": "2,8"}, {"code": "1495", "hourtmin": null, "hourgust": null, "hourtmax": null, "sun": null, "altitude": "261", "prec": "1,2", "latitude": 421419, "hourpresmax": null, "province": "PONTEVEDRA", "presmax": null, "presmin": null, "hourpresmin": null, "date": "1956-09-02", "name": "VIGO AEROPUERTO", "gust": null, "longitude": 83726, "avgspeed": "1,9"}, {"code": "1495", "hourtmin": null, "hourgust": null, "hourtmax": null, "sun": null, "altitude": "261", "prec": "0,0", "latitude": 421419, "hourpresmax": null, "province": "PONTEVEDRA", "presmax": null, "presmin": null, "hourpresmin": null, "date": "1956-09-03", "name": "VIGO AEROPUERTO", "gust": null, "longitude": 83726, "avgspeed": "1,7"}, {"code": "1495", "hourtmin": null, "hourgust": null, "hourtmax": null, "sun": null, "altitude": "261", "prec": "26,7", "latitude": 421419, "hourpresmax": null, "province": "PONTEVEDRA", "presmax": null, "presmin": null, "hourpresmin": null, "date": "1956-09-04", "name": "VIGO AEROPUERTO", "gust": null, "longitude": 83726, "avgspeed": "3,9"}, {"code": "1495", "hourtmin": null, "hourgust": null, "hourtmax": null, "sun": null, "altitude": "261", "prec": "5,7", "latitude": 421419, "hourpresmax": null, "province": "PONTEVEDRA", "presmax": null, "presmin": null, "hourpresmin": null, "date": "1956-09-05", "name": "VIGO AEROPUERTO", "gust": null, "longitude": 83726, "avgspeed": "5,6"}, {"code": "1495", "hourtmin": null, "hourgust": null, "hourtmax": null, "sun": null, "altitude": "261", "prec": "0,0", "latitude": 421419, "hourpresmax": null, "province": "PONTEVEDRA", "presmax": null, "presmin": null, "hourpresmin": null, "date": "1956-09-06", "name": "VIGO AEROPUERTO", "gust": null, "longitude": 83726, "avgspeed": "1,7"}, {"code": "1495", "hourtmin": null, "hourgust": null, "hourtmax": null, "sun": null, "altitude": "261", "prec": "10,4", "latitude": 421419, "hourpresmax": null, "province": "PONTEVEDRA", "presmax": null, "presmin": null, "hourpresmin": null, "date": "1956-09-07", "name": "VIGO AEROPUERTO", "gust": null, "longitude": 83726, "avgspeed": "1,4"}, {"code": "1495", "hourtmin": null, "hourgust": null, "hourtmax": null, "sun": null, "altitude": "261", "prec": "53,2", "latitude": 421419, "hourpresmax": null, "province": "PONTEVEDRA", "presmax": null, "presmin": null, "hourpresmin": null, "date": "1956-09-08", "name": "VIGO AEROPUERTO", "gust": null, "longitude": 83726, "avgspeed": "5,3"}, {"code": "1495", "hourtmin": null, "hourgust": null, "hourtmax": null, "sun": null, "altitude": "261", "prec": "21,4", "latitude": 421419, "hourpresmax": null, "province": "PONTEVEDRA", "presmax": null, "presmin": null, "hourpresmin": null, "date": "1956-09-09", "name": "VIGO AEROPUERTO", "gust": null, "longitude": 83726, "avgspeed": "3,1"}, {"code": "1495", "hourtmin": null, "hourgust": null, "hourtmax": null, "sun": null, "altitude": "261", "prec": "0,8", "latitude": 421419, "hourpresmax": null, "province": "PONTEVEDRA", "presmax": null, "presmin": null, "hourpresmin": null, "date": "1956-09-10", "name": "VIGO AEROPUERTO", "gust": null, "longitude": 83726, "avgspeed": "2,8"}, {"code": "1495", "hourtmin": null, "hourgust": null, "hourtmax": null, "sun": null, "altitude": "261", "prec": "0,0", "latitude": 421419, "hourpresmax": null, "province": "PONTEVEDRA", "presmax": null, "presmin": null, "hourpresmin": null, "date": "1956-09-11", "name": "VIGO AEROPUERTO", "gust": null, "longitude": 83726, "avgspeed": "5,3"}, {"code": "1495", "hourtmin": null, "hourgust": null, "hourtmax": null, "sun": null, "altitude": "261", "prec": "0,0", "latitude": 421419, "hourpresmax": null, "province": "PONTEVEDRA", "presmax": null, "presmin": null, "hourpresmin": null, "date": "1956-09-12", "name": "VIGO AEROPUERTO", "gust": null, "longitude": 83726, "avgspeed": "3,9"}, {"code": "1495", "hourtmin": null, "hourgust": null, "hourtmax": null, "sun": null, "altitude": "261", "prec": "0,0", "latitude": 421419, "hourpresmax": null, "province": "PONTEVEDRA", "presmax": null, "presmin": null, "hourpresmin": null, "date": "1956-09-13", "name": "VIGO AEROPUERTO", "gust": null, "longitude": 83726, "avgspeed": "1,4"}, {"code": "1495", "hourtmin": null, "hourgust": null, "hourtmax": null, "sun": null, "altitude": "261", "prec": "0,0", "latitude": 421419, "hourpresmax": null, "province": "PONTEVEDRA", "presmax": null, "presmin": null, "hourpresmin": null, "date": "1956-09-14", "name": "VIGO AEROPUERTO", "gust": null, "longitude": 83726, "avgspeed": "1,7"}, {"code": "1495", "hourtmin": null, "hourgust": null, "hourtmax": null, "sun": null, "altitude": "261", "prec": "0,0", "latitude": 421419, "hourpresmax": null, "province": "PONTEVEDRA", "presmax": null, "presmin": null, "hourpresmin": null, "date": "1956-09-15", "name": "VIGO AEROPUERTO", "gust": null, "longitude": 83726, "avgspeed": "2,5"}, {"code": "1495", "hourtmin": null, "hourgust": null, "hourtmax": null, "sun": null, "altitude": "261", "prec": "0,0", "latitude": 421419, "hourpresmax": null, "province": "PONTEVEDRA", "presmax": null, "presmin": null, "hourpresmin": null, "date": "1956-09-16", "name": "VIGO AEROPUERTO", "gust": null, "longitude": 83726, "avgspeed": "2,8"}, {"code": "1495", "hourtmin": null, "hourgust": null, "hourtmax": null, "sun": null, "altitude": "261", "prec": "0,0", "latitude": 421419, "hourpresmax": null, "province": "PONTEVEDRA", "presmax": null, "presmin": null, "hourpresmin": null, "date": "1956-09-17", "name": "VIGO AEROPUERTO", "gust": null, "longitude": 83726, "avgspeed": "1,9"}, {"code": "1495", "hourtmin": null, "hourgust": null, "hourtmax": null, "sun": null, "altitude": "261", "prec": "0,0", "latitude": 421419, "hourpresmax": null, "province": "PONTEVEDRA", "presmax": null, "presmin": null, "hourpresmin": null, "date": "1956-09-18", "name": "VIGO AEROPUERTO", "gust": null, "longitude": 83726, "avgspeed": "2,8"}, {"code": "1495", "hourtmin": null, "hourgust": null, "hourtmax": null, "sun": null, "altitude": "261", "prec": "0,0", "latitude": 421419, "hourpresmax": null, "province": "PONTEVEDRA", "presmax": null, "presmin": null, "hourpresmin": null, "date": "1956-09-19", "name": "VIGO AEROPUERTO", "gust": null, "longitude": 83726, "avgspeed": "1,9"}, {"code": "1495", "hourtmin": null, "hourgust": null, "hourtmax": null, "sun": null, "altitude": "261", "prec": "0,7", "latitude": 421419, "hourpresmax": null, "province": "PONTEVEDRA", "presmax": null, "presmin": null, "hourpresmin": null, "date": "1956-09-20", "name": "VIGO AEROPUERTO", "gust": null, "longitude": 83726, "avgspeed": "1,4"}, {"code": "1495", "hourtmin": null, "hourgust": null, "hourtmax": null, "sun": null, "altitude": "261", "prec": "11,1", "latitude": 421419, "hourpresmax": null, "province": "PONTEVEDRA", "presmax": null, "presmin": null, "hourpresmin": null, "date": "1956-09-21", "name": "VIGO AEROPUERTO", "gust": null, "longitude": 83726, "avgspeed": "0,8"}, {"code": "1495", "hourtmin": null, "hourgust": null, "hourtmax": null, "sun": null, "altitude": "261", "prec": "10,2", "latitude": 421419, "hourpresmax": null, "province": "PONTEVEDRA", "presmax": null, "presmin": null, "hourpresmin": null, "date": "1956-09-22", "name": "VIGO AEROPUERTO", "gust": null, "longitude": 83726, "avgspeed": "3,6"}, {"code": "1495", "hourtmin": null, "hourgust": null, "hourtmax": null, "sun": null, "altitude": "261", "prec": "27,4", "latitude": 421419, "hourpresmax": null, "province": "PONTEVEDRA", "presmax": null, "presmin": null, "hourpresmin": null, "date": "1956-09-23", "name": "VIGO AEROPUERTO", "gust": null, "longitude": 83726, "avgspeed": "1,4"}, {"code": "1495", "hourtmin": null, "hourgust": null, "hourtmax": null, "sun": null, "altitude": "261", "prec": "2,7", "latitude": 421419, "hourpresmax": null, "province": "PONTEVEDRA", "presmax": null, "presmin": null, "hourpresmin": null, "date": "1956-09-24", "name": "VIGO AEROPUERTO", "gust": null, "longitude": 83726, "avgspeed": "3,1"}, {"code": "1495", "hourtmin": null, "hourgust": null, "hourtmax": null, "sun": null, "altitude": "261", "prec": "3,6", "latitude": 421419, "hourpresmax": null, "province": "PONTEVEDRA", "presmax": null, "presmin": null, "hourpresmin": null, "date": "1956-09-25", "name": "VIGO AEROPUERTO", "gust": null, "longitude": 83726, "avgspeed": "0,8"}, {"code": "1495", "hourtmin": null, "hourgust": null, "hourtmax": null, "sun": null, "altitude": "261", "prec": "4,2", "latitude": 421419, "hourpresmax": null, "province": "PONTEVEDRA", "presmax": null, "presmin": null, "hourpresmin": null, "date": "1956-09-26", "name": "VIGO AEROPUERTO", "gust": null, "longitude": 83726, "avgspeed": "1,4"}, {"code": "1495", "hourtmin": null, "hourgust": null, "hourtmax": null, "sun": null, "altitude": "261", "prec": "0,0", "latitude": 421419, "hourpresmax": null, "province": "PONTEVEDRA", "presmax": null, "presmin": null, "hourpresmin": null, "date": "1956-09-27", "name": "VIGO AEROPUERTO", "gust": null, "longitude": 83726, "avgspeed": "1,9"}, {"code": "1495", "hourtmin": null, "hourgust": null, "hourtmax": null, "sun": null, "altitude": "261", "prec": "0,6", "latitude": 421419, "hourpresmax": null, "province": "PONTEVEDRA", "presmax": null, "presmin": null, "hourpresmin": null, "date": "1956-09-28", "name": "VIGO AEROPUERTO", "gust": null, "longitude": 83726, "avgspeed": "1,4"}, {"code": "1495", "hourtmin": null, "hourgust": null, "hourtmax": null, "sun": null, "altitude": "261", "prec": "Ip", "latitude": 421419, "hourpresmax": null, "province": "PONTEVEDRA", "presmax": null, "presmin": null, "hourpresmin": null, "date": "1956-09-29", "name": "VIGO AEROPUERTO", "gust": null, "longitude": 83726, "avgspeed": "1,4"}, {"code": "1495", "hourtmin": null, "hourgust": null, "hourtmax": null, "sun": null, "altitude": "261", "prec": "0,0", "latitude": 421419, "hourpresmax": null, "province": "PONTEVEDRA", "presmax": null, "presmin": null, "hourpresmin": null, "date": "1956-09-30", "name": "VIGO AEROPUERTO", "gust": null, "longitude": 83726, "avgspeed": "0,0"}, {"code": "1495", "hourtmin": null, "hourgust": null, "hourtmax": null, "sun": null, "altitude": "261", "prec": "4,6", "latitude": 421419, "hourpresmax": null, "province": "PONTEVEDRA", "presmax": null, "presmin": null, "hourpresmin": null, "date": "1956-10-01", "name": "VIGO AEROPUERTO", "gust": null, "longitude": 83726, "avgspeed": "0,6"}, {"code": "1495", "hourtmin": null, "hourgust": null, "hourtmax": null, "sun": null, "altitude": "261", "prec": "10,4", "latitude": 421419, "hourpresmax": null, "province": "PONTEVEDRA", "presmax": null, "presmin": null, "hourpresmin": null, "date": "1956-10-02", "name": "VIGO AEROPUERTO", "gust": null, "longitude": 83726, "avgspeed": "3,6"}, {"code": "1495", "hourtmin": null, "hourgust": null, "hourtmax": null, "sun": null, "altitude": "261", "prec": "0,0", "latitude": 421419, "hourpresmax": null, "province": "PONTEVEDRA", "presmax": null, "presmin": null, "hourpresmin": null, "date": "1956-10-03", "name": "VIGO AEROPUERTO", "gust": null, "longitude": 83726, "avgspeed": "4,7"}, {"code": "1495", "hourtmin": null, "hourgust": null, "hourtmax": null, "sun": null, "altitude": "261", "prec": "0,0", "latitude": 421419, "hourpresmax": null, "province": "PONTEVEDRA", "presmax": null, "presmin": null, "hourpresmin": null, "date": "1956-10-04", "name": "VIGO AEROPUERTO", "gust": null, "longitude": 83726, "avgspeed": "2,8"}, {"code": "1495", "hourtmin": null, "hourgust": null, "hourtmax": null, "sun": null, "altitude": "261", "prec": "0,0", "latitude": 421419, "hourpresmax": null, "province": "PONTEVEDRA", "presmax": null, "presmin": null, "hourpresmin": null, "date": "1956-10-05", "name": "VIGO AEROPUERTO", "gust": null, "longitude": 83726, "avgspeed": "3,6"}, {"code": "1495", "hourtmin": null, "hourgust": null, "hourtmax": null, "sun": null, "altitude": "261", "prec": "0,0", "latitude": 421419, "hourpresmax": null, "province": "PONTEVEDRA", "presmax": null, "presmin": null, "hourpresmin": null, "date": "1956-10-06", "name": "VIGO AEROPUERTO", "gust": null, "longitude": 83726, "avgspeed": "1,1"}, {"code": "1495", "hourtmin": null, "hourgust": null, "hourtmax": null, "sun": null, "altitude": "261", "prec": "0,0", "latitude": 421419, "hourpresmax": null, "province": "PONTEVEDRA", "presmax": null, "presmin": null, "hourpresmin": null, "date": "1956-10-07", "name": "VIGO AEROPUERTO", "gust": null, "longitude": 83726, "avgspeed": "3,6"}, {"code": "1495", "hourtmin": null, "hourgust": null, "hourtmax": null, "sun": null, "altitude": "261", "prec": "0,0", "latitude": 421419, "hourpresmax": null, "province": "PONTEVEDRA", "presmax": null, "presmin": null, "hourpresmin": null, "date": "1956-10-08", "name": "VIGO AEROPUERTO", "gust": null, "longitude": 83726, "avgspeed": "2,8"}, {"code": "1495", "hourtmin": null, "hourgust": null, "hourtmax": null, "sun": null, "altitude": "261", "prec": "0,0", "latitude": 421419, "hourpresmax": null, "province": "PONTEVEDRA", "presmax": null, "presmin": null, "hourpresmin": null, "date": "1956-10-09", "name": "VIGO AEROPUERTO", "gust": null, "longitude": 83726, "avgspeed": "1,1"}, {"code": "1495", "hourtmin": null, "hourgust": null, "hourtmax": null, "sun": null, "altitude": "261", "prec": "2,2", "latitude": 421419, "hourpresmax": null, "province": "PONTEVEDRA", "presmax": null, "presmin": null, "hourpresmin": null, "date": "1956-10-10", "name": "VIGO AEROPUERTO", "gust": null, "longitude": 83726, "avgspeed": "1,1"}, {"code": "1495", "hourtmin": null, "hourgust": null, "hourtmax": null, "sun": null, "altitude": "261", "prec": "4,0", "latitude": 421419, "hourpresmax": null, "province": "PONTEVEDRA", "presmax": null, "presmin": null, "hourpresmin": null, "date": "1956-10-11", "name": "VIGO AEROPUERTO", "gust": null, "longitude": 83726, "avgspeed": "0,8"}, {"code": "1495", "hourtmin": null, "hourgust": null, "hourtmax": null, "sun": null, "altitude": "261", "prec": "Ip", "latitude": 421419, "hourpresmax": null, "province": "PONTEVEDRA", "presmax": null, "presmin": null, "hourpresmin": null, "date": "1956-10-12", "name": "VIGO AEROPUERTO", "gust": null, "longitude": 83726, "avgspeed": "1,4"}, {"code": "1495", "hourtmin": null, "hourgust": null, "hourtmax": null, "sun": null, "altitude": "261", "prec": "10,4", "latitude": 421419, "hourpresmax": null, "province": "PONTEVEDRA", "presmax": null, "presmin": null, "hourpresmin": null, "date": "1956-10-13", "name": "VIGO AEROPUERTO", "gust": null, "longitude": 83726, "avgspeed": "0,6"}, {"code": "1495", "hourtmin": null, "hourgust": null, "hourtmax": null, "sun": null, "altitude": "261", "prec": "55,5", "latitude": 421419, "hourpresmax": null, "province": "PONTEVEDRA", "presmax": null, "presmin": null, "hourpresmin": null, "date": "1956-10-14", "name": "VIGO AEROPUERTO", "gust": null, "longitude": 83726, "avgspeed": "0,6"}, {"code": "1495", "hourtmin": null, "hourgust": null, "hourtmax": null, "sun": null, "altitude": "261", "prec": "1,1", "latitude": 421419, "hourpresmax": null, "province": "PONTEVEDRA", "presmax": null, "presmin": null, "hourpresmin": null, "date": "1956-10-15", "name": "VIGO AEROPUERTO", "gust": null, "longitude": 83726, "avgspeed": "1,1"}, {"code": "1495", "hourtmin": null, "hourgust": null, "hourtmax": null, "sun": null, "altitude": "261", "prec": "Ip", "latitude": 421419, "hourpresmax": null, "province": "PONTEVEDRA", "presmax": null, "presmin": null, "hourpresmin": null, "date": "1956-10-16", "name": "VIGO AEROPUERTO", "gust": null, "longitude": 83726, "avgspeed": "1,9"}, {"code": "1495", "hourtmin": null, "hourgust": null, "hourtmax": null, "sun": null, "altitude": "261", "prec": "0,0", "latitude": 421419, "hourpresmax": null, "province": "PONTEVEDRA", "presmax": null, "presmin": null, "hourpresmin": null, "date": "1956-10-17", "name": "VIGO AEROPUERTO", "gust": null, "longitude": 83726, "avgspeed": "1,9"}, {"code": "1495", "hourtmin": null, "hourgust": null, "hourtmax": null, "sun": null, "altitude": "261", "prec": "0,0", "latitude": 421419, "hourpresmax": null, "province": "PONTEVEDRA", "presmax": null, "presmin": null, "hourpresmin": null, "date": "1956-10-18", "name": "VIGO AEROPUERTO", "gust": null, "longitude": 83726, "avgspeed": "1,9"}, {"code": "1495", "hourtmin": null, "hourgust": null, "hourtmax": null, "sun": null, "altitude": "261", "prec": "0,0", "latitude": 421419, "hourpresmax": null, "province": "PONTEVEDRA", "presmax": null, "presmin": null, "hourpresmin": null, "date": "1956-10-19", "name": "VIGO AEROPUERTO", "gust": null, "longitude": 83726, "avgspeed": "1,4"}, {"code": "1495", "hourtmin": null, "hourgust": null, "hourtmax": null, "sun": null, "altitude": "261", "prec": "0,0", "latitude": 421419, "hourpresmax": null, "province": "PONTEVEDRA", "presmax": null, "presmin": null, "hourpresmin": null, "date": "1956-10-20", "name": "VIGO AEROPUERTO", "gust": null, "longitude": 83726, "avgspeed": "0,8"}, {"code": "1495", "hourtmin": null, "hourgust": null, "hourtmax": null, "sun": null, "altitude": "261", "prec": "0,0", "latitude": 421419, "hourpresmax": null, "province": "PONTEVEDRA", "presmax": null, "presmin": null, "hourpresmin": null, "date": "1956-10-21", "name": "VIGO AEROPUERTO", "gust": null, "longitude": 83726, "avgspeed": "1,9"}, {"code": "1495", "hourtmin": null, "hourgust": null, "hourtmax": null, "sun": null, "altitude": "261", "prec": "0,0", "latitude": 421419, "hourpresmax": null, "province": "PONTEVEDRA", "presmax": null, "presmin": null, "hourpresmin": null, "date": "1956-10-22", "name": "VIGO AEROPUERTO", "gust": null, "longitude": 83726, "avgspeed": "0,6"}, {"code": "1495", "hourtmin": null, "hourgust": null, "hourtmax": null, "sun": null, "altitude": "261", "prec": "0,0", "latitude": 421419, "hourpresmax": null, "province": "PONTEVEDRA", "presmax": null, "presmin": null, "hourpresmin": null, "date": "1956-10-23", "name": "VIGO AEROPUERTO", "gust": null, "longitude": 83726, "avgspeed": "0,3"}, {"code": "1495", "hourtmin": null, "hourgust": null, "hourtmax": null, "sun": null, "altitude": "261", "prec": "0,0", "latitude": 421419, "hourpresmax": null, "province": "PONTEVEDRA", "presmax": null, "presmin": null, "hourpresmin": null, "date": "1956-10-24", "name": "VIGO AEROPUERTO", "gust": null, "longitude": 83726, "avgspeed": "1,4"}, {"code": "1495", "hourtmin": null, "hourgust": null, "hourtmax": null, "sun": null, "altitude": "261", "prec": "0,0", "latitude": 421419, "hourpresmax": null, "province": "PONTEVEDRA", "presmax": null, "presmin": null, "hourpresmin": null, "date": "1956-10-25", "name": "VIGO AEROPUERTO", "gust": null, "longitude": 83726, "avgspeed": "4,7"}, {"code": "1495", "hourtmin": null, "hourgust": null, "hourtmax": null, "sun": null, "altitude": "261", "prec": "0,0", "latitude": 421419, "hourpresmax": null, "province": "PONTEVEDRA", "presmax": null, "presmin": null, "hourpresmin": null, "date": "1956-10-26", "name": "VIGO AEROPUERTO", "gust": null, "longitude": 83726, "avgspeed": "3,6"}, {"code": "1495", "hourtmin": null, "hourgust": null, "hourtmax": null, "sun": null, "altitude": "261", "prec": "0,0", "latitude": 421419, "hourpresmax": null, "province": "PONTEVEDRA", "presmax": null, "presmin": null, "hourpresmin": null, "date": "1956-10-27", "name": "VIGO AEROPUERTO", "gust": null, "longitude": 83726, "avgspeed": "1,9"}, {"code": "1495", "hourtmin": null, "hourgust": null, "hourtmax": null, "sun": null, "altitude": "261", "prec": "0,0", "latitude": 421419, "hourpresmax": null, "province": "PONTEVEDRA", "presmax": null, "presmin": null, "hourpresmin": null, "date": "1956-10-28", "name": "VIGO AEROPUERTO", "gust": null, "longitude": 83726, "avgspeed": "1,4"}, {"code": "1495", "hourtmin": null, "hourgust": null, "hourtmax": null, "sun": null, "altitude": "261", "prec": "0,0", "latitude": 421419, "hourpresmax": null, "province": "PONTEVEDRA", "presmax": null, "presmin": null, "hourpresmin": null, "date": "1956-10-29", "name": "VIGO AEROPUERTO", "gust": null, "longitude": 83726, "avgspeed": "2,5"}, {"code": "1495", "hourtmin": null, "hourgust": null, "hourtmax": null, "sun": null, "altitude": "261", "prec": "0,0", "latitude": 421419, "hourpresmax": null, "province": "PONTEVEDRA", "presmax": null, "presmin": null, "hourpresmin": null, "date": "1956-10-30", "name": "VIGO AEROPUERTO", "gust": null, "longitude": 83726, "avgspeed": "5,3"}, {"code": "1495", "hourtmin": null, "hourgust": null, "hourtmax": null, "sun": null, "altitude": "261", "prec": "0,0", "latitude": 421419, "hourpresmax": null, "province": "PONTEVEDRA", "presmax": null, "presmin": null, "hourpresmin": null, "date": "1956-10-31", "name": "VIGO AEROPUERTO", "gust": null, "longitude": 83726, "avgspeed": "3,1"}, {"code": "1495", "hourtmin": null, "hourgust": null, "hourtmax": null, "sun": null, "altitude": "261", "prec": "0,0", "latitude": 421419, "hourpresmax": null, "province": "PONTEVEDRA", "presmax": null, "presmin": null, "hourpresmin": null, "date": "1956-11-01", "name": "VIGO AEROPUERTO", "gust": null, "longitude": 83726, "avgspeed": "0,0"}, {"code": "1495", "hourtmin": null, "hourgust": null, "hourtmax": null, "sun": null, "altitude": "261", "prec": "0,0", "latitude": 421419, "hourpresmax": null, "province": "PONTEVEDRA", "presmax": null, "presmin": null, "hourpresmin": null, "date": "1956-11-02", "name": "VIGO AEROPUERTO", "gust": null, "longitude": 83726, "avgspeed": "2,8"}, {"code": "1495", "hourtmin": null, "hourgust": null, "hourtmax": null, "sun": null, "altitude": "261", "prec": "0,0", "latitude": 421419, "hourpresmax": null, "province": "PONTEVEDRA", "presmax": null, "presmin": null, "hourpresmin": null, "date": "1956-11-03", "name": "VIGO AEROPUERTO", "gust": null, "longitude": 83726, "avgspeed": "1,1"}, {"code": "1495", "hourtmin": null, "hourgust": null, "hourtmax": null, "sun": null, "altitude": "261", "prec": "0,0", "latitude": 421419, "hourpresmax": null, "province": "PONTEVEDRA", "presmax": null, "presmin": null, "hourpresmin": null, "date": "1956-11-04", "name": "VIGO AEROPUERTO", "gust": null, "longitude": 83726, "avgspeed": "2,5"}, {"code": "1495", "hourtmin": null, "hourgust": null, "hourtmax": null, "sun": null, "altitude": "261", "prec": "0,0", "latitude": 421419, "hourpresmax": null, "province": "PONTEVEDRA", "presmax": null, "presmin": null, "hourpresmin": null, "date": "1956-11-05", "name": "VIGO AEROPUERTO", "gust": null, "longitude": 83726, "avgspeed": "0,8"}, {"code": "1495", "hourtmin": null, "hourgust": null, "hourtmax": null, "sun": null, "altitude": "261", "prec": "0,0", "latitude": 421419, "hourpresmax": null, "province": "PONTEVEDRA", "presmax": null, "presmin": null, "hourpresmin": null, "date": "1956-11-06", "name": "VIGO AEROPUERTO", "gust": null, "longitude": 83726, "avgspeed": "1,7"}, {"code": "1495", "hourtmin": null, "hourgust": null, "hourtmax": null, "sun": null, "altitude": "261", "prec": "0,0", "latitude": 421419, "hourpresmax": null, "province": "PONTEVEDRA", "presmax": null, "presmin": null, "hourpresmin": null, "date": "1956-11-07", "name": "VIGO AEROPUERTO", "gust": null, "longitude": 83726, "avgspeed": "0,8"}, {"code": "1495", "hourtmin": null, "hourgust": null, "hourtmax": null, "sun": null, "altitude": "261", "prec": "43,2", "latitude": 421419, "hourpresmax": null, "province": "PONTEVEDRA", "presmax": null, "presmin": null, "hourpresmin": null, "date": "1956-11-08", "name": "VIGO AEROPUERTO", "gust": null, "longitude": 83726, "avgspeed": "7,5"}, {"code": "1495", "hourtmin": null, "hourgust": null, "hourtmax": null, "sun": null, "altitude": "261", "prec": "2,1", "latitude": 421419, "hourpresmax": null, "province": "PONTEVEDRA", "presmax": null, "presmin": null, "hourpresmin": null, "date": "1956-11-09", "name": "VIGO AEROPUERTO", "gust": null, "longitude": 83726, "avgspeed": "1,4"}, {"code": "1495", "hourtmin": null, "hourgust": null, "hourtmax": null, "sun": null, "altitude": "261", "prec": "Ip", "latitude": 421419, "hourpresmax": null, "province": "PONTEVEDRA", "presmax": null, "presmin": null, "hourpresmin": null, "date": "1956-11-10", "name": "VIGO AEROPUERTO", "gust": null, "longitude": 83726, "avgspeed": "0,0"}, {"code": "1495", "hourtmin": null, "hourgust": null, "hourtmax": null, "sun": null, "altitude": "261", "prec": "0,4", "latitude": 421419, "hourpresmax": null, "province": "PONTEVEDRA", "presmax": null, "presmin": null, "hourpresmin": null, "date": "1956-11-11", "name": "VIGO AEROPUERTO", "gust": null, "longitude": 83726, "avgspeed": "1,4"}, {"code": "1495", "hourtmin": null, "hourgust": null, "hourtmax": null, "sun": null, "altitude": "261", "prec": "0,0", "latitude": 421419, "hourpresmax": null, "province": "PONTEVEDRA", "presmax": null, "presmin": null, "hourpresmin": null, "date": "1956-11-12", "name": "VIGO AEROPUERTO", "gust": null, "longitude": 83726, "avgspeed": "4,2"}, {"code": "1495", "hourtmin": null, "hourgust": null, "hourtmax": null, "sun": null, "altitude": "261", "prec": "0,0", "latitude": 421419, "hourpresmax": null, "province": "PONTEVEDRA", "presmax": null, "presmin": null, "hourpresmin": null, "date": "1956-11-13", "name": "VIGO AEROPUERTO", "gust": null, "longitude": 83726, "avgspeed": "2,5"}, {"code": "1495", "hourtmin": null, "hourgust": null, "hourtmax": null, "sun": null, "altitude": "261", "prec": "0,0", "latitude": 421419, "hourpresmax": null, "province": "PONTEVEDRA", "presmax": null, "presmin": null, "hourpresmin": null, "date": "1956-11-14", "name": "VIGO AEROPUERTO", "gust": null, "longitude": 83726, "avgspeed": "1,7"}, {"code": "1495", "hourtmin": null, "hourgust": null, "hourtmax": null, "sun": null, "altitude": "261", "prec": "0,0", "latitude": 421419, "hourpresmax": null, "province": "PONTEVEDRA", "presmax": null, "presmin": null, "hourpresmin": null, "date": "1956-11-15", "name": "VIGO AEROPUERTO", "gust": null, "longitude": 83726, "avgspeed": "4,4"}, {"code": "1495", "hourtmin": null, "hourgust": null, "hourtmax": null, "sun": null, "altitude": "261", "prec": "0,0", "latitude": 421419, "hourpresmax": null, "province": "PONTEVEDRA", "presmax": null, "presmin": null, "hourpresmin": null, "date": "1956-11-16", "name": "VIGO AEROPUERTO", "gust": null, "longitude": 83726, "avgspeed": "5,8"}, {"code": "1495", "hourtmin": null, "hourgust": null, "hourtmax": null, "sun": null, "altitude": "261", "prec": "0,0", "latitude": 421419, "hourpresmax": null, "province": "PONTEVEDRA", "presmax": null, "presmin": null, "hourpresmin": null, "date": "1956-11-17", "name": "VIGO AEROPUERTO", "gust": null, "longitude": 83726, "avgspeed": "0,6"}, {"code": "1495", "hourtmin": null, "hourgust": null, "hourtmax": null, "sun": null, "altitude": "261", "prec": "4,2", "latitude": 421419, "hourpresmax": null, "province": "PONTEVEDRA", "presmax": null, "presmin": null, "hourpresmin": null, "date": "1956-11-18", "name": "VIGO AEROPUERTO", "gust": null, "longitude": 83726, "avgspeed": "1,9"}, {"code": "1495", "hourtmin": null, "hourgust": null, "hourtmax": null, "sun": null, "altitude": "261", "prec": "12,2", "latitude": 421419, "hourpresmax": null, "province": "PONTEVEDRA", "presmax": null, "presmin": null, "hourpresmin": null, "date": "1956-11-19", "name": "VIGO AEROPUERTO", "gust": null, "longitude": 83726, "avgspeed": "0,6"}, {"code": "1495", "hourtmin": null, "hourgust": null, "hourtmax": null, "sun": null, "altitude": "261", "prec": "9,2", "latitude": 421419, "hourpresmax": null, "province": "PONTEVEDRA", "presmax": null, "presmin": null, "hourpresmin": null, "date": "1956-11-20", "name": "VIGO AEROPUERTO", "gust": null, "longitude": 83726, "avgspeed": "1,9"}, {"code": "1495", "hourtmin": null, "hourgust": null, "hourtmax": null, "sun": null, "altitude": "261", "prec": "0,9", "latitude": 421419, "hourpresmax": null, "province": "PONTEVEDRA", "presmax": null, "presmin": null, "hourpresmin": null, "date": "1956-11-21", "name": "VIGO AEROPUERTO", "gust": null, "longitude": 83726, "avgspeed": "0,0"}, {"code": "1495", "hourtmin": null, "hourgust": null, "hourtmax": null, "sun": null, "altitude": "261", "prec": "0,0", "latitude": 421419, "hourpresmax": null, "province": "PONTEVEDRA", "presmax": null, "presmin": null, "hourpresmin": null, "date": "1956-11-22", "name": "VIGO AEROPUERTO", "gust": null, "longitude": 83726, "avgspeed": "2,2"}, {"code": "1495", "hourtmin": null, "hourgust": null, "hourtmax": null, "sun": null, "altitude": "261", "prec": "0,0", "latitude": 421419, "hourpresmax": null, "province": "PONTEVEDRA", "presmax": null, "presmin": null, "hourpresmin": null, "date": "1956-11-23", "name": "VIGO AEROPUERTO", "gust": null, "longitude": 83726, "avgspeed": "1,9"}, {"code": "1495", "hourtmin": null, "hourgust": null, "hourtmax": null, "sun": null, "altitude": "261", "prec": "0,0", "latitude": 421419, "hourpresmax": null, "province": "PONTEVEDRA", "presmax": null, "presmin": null, "hourpresmin": null, "date": "1956-11-24", "name": "VIGO AEROPUERTO", "gust": null, "longitude": 83726, "avgspeed": "2,5"}, {"code": "1495", "hourtmin": null, "hourgust": null, "hourtmax": null, "sun": null, "altitude": "261", "prec": "0,0", "latitude": 421419, "hourpresmax": null, "province": "PONTEVEDRA", "presmax": null, "presmin": null, "hourpresmin": null, "date": "1956-11-25", "name": "VIGO AEROPUERTO", "gust": null, "longitude": 83726, "avgspeed": "1,9"}, {"code": "1495", "hourtmin": null, "hourgust": null, "hourtmax": null, "sun": null, "altitude": "261", "prec": "0,0", "latitude": 421419, "hourpresmax": null, "province": "PONTEVEDRA", "presmax": null, "presmin": null, "hourpresmin": null, "date": "1956-11-26", "name": "VIGO AEROPUERTO", "gust": null, "longitude": 83726, "avgspeed": "1,4"}, {"code": "1495", "hourtmin": null, "hourgust": null, "hourtmax": null, "sun": null, "altitude": "261", "prec": "0,0", "latitude": 421419, "hourpresmax": null, "province": "PONTEVEDRA", "presmax": null, "presmin": null, "hourpresmin": null, "date": "1956-11-27", "name": "VIGO AEROPUERTO", "gust": null, "longitude": 83726, "avgspeed": "1,9"}, {"code": "1495", "hourtmin": null, "hourgust": null, "hourtmax": null, "sun": null, "altitude": "261", "prec": "0,0", "latitude": 421419, "hourpresmax": null, "province": "PONTEVEDRA", "presmax": null, "presmin": null, "hourpresmin": null, "date": "1956-11-28", "name": "VIGO AEROPUERTO", "gust": null, "longitude": 83726, "avgspeed": "0,0"}, {"province": "PONTEVEDRA", "hourtmax": null, "presmin": null, "code": "1495", "name": "VIGO AEROPUERTO", "presmax": null, "gust": null, "altitude": "261", "longitude": 83726, "hourpresmax": null, "date": "1956-11-29", "hourpresmin": null, "hourtmin": null, "avgspeed": "3,6", "latitude": 421419, "sun": null, "hourgust": null}, {"province": "PONTEVEDRA", "hourtmax": null, "presmin": null, "code": "1495", "name": "VIGO AEROPUERTO", "presmax": null, "gust": null, "altitude": "261", "longitude": 83726, "hourpresmax": null, "date": "1956-11-30", "hourpresmin": null, "hourtmin": null, "avgspeed": "2,5", "latitude": 421419, "sun": null, "hourgust": null}, {"code": "1495", "hourtmin": null, "hourgust": null, "hourtmax": null, "sun": null, "altitude": "261", "prec": "0,0", "latitude": 421419, "hourpresmax": null, "province": "PONTEVEDRA", "presmax": null, "presmin": null, "hourpresmin": null, "date": "1956-12-01", "name": "VIGO AEROPUERTO", "gust": null, "longitude": 83726, "avgspeed": "3,1"}, {"code": "1495", "hourtmin": null, "hourgust": null, "hourtmax": null, "sun": null, "altitude": "261", "prec": "0,0", "latitude": 421419, "hourpresmax": null, "province": "PONTEVEDRA", "presmax": null, "presmin": null, "hourpresmin": null, "date": "1956-12-02", "name": "VIGO AEROPUERTO", "gust": null, "longitude": 83726, "avgspeed": "1,7"}, {"code": "1495", "hourtmin": null, "hourgust": null, "hourtmax": null, "sun": null, "altitude": "261", "prec": "0,0", "latitude": 421419, "hourpresmax": null, "province": "PONTEVEDRA", "presmax": null, "presmin": null, "hourpresmin": null, "date": "1956-12-03", "name": "VIGO AEROPUERTO", "gust": null, "longitude": 83726, "avgspeed": "0,6"}, {"code": "1495", "hourtmin": null, "hourgust": null, "hourtmax": null, "sun": null, "altitude": "261", "prec": "0,0", "latitude": 421419, "hourpresmax": null, "province": "PONTEVEDRA", "presmax": null, "presmin": null, "hourpresmin": null, "date": "1956-12-04", "name": "VIGO AEROPUERTO", "gust": null, "longitude": 83726, "avgspeed": "2,2"}, {"code": "1495", "hourtmin": null, "hourgust": null, "hourtmax": null, "sun": null, "altitude": "261", "prec": "0,0", "latitude": 421419, "hourpresmax": null, "province": "PONTEVEDRA", "presmax": null, "presmin": null, "hourpresmin": null, "date": "1956-12-05", "name": "VIGO AEROPUERTO", "gust": null, "longitude": 83726, "avgspeed": "1,1"}, {"code": "1495", "hourtmin": null, "hourgust": null, "hourtmax": null, "sun": null, "altitude": "261", "prec": "0,0", "latitude": 421419, "hourpresmax": null, "province": "PONTEVEDRA", "presmax": null, "presmin": null, "hourpresmin": null, "date": "1956-12-06", "name": "VIGO AEROPUERTO", "gust": null, "longitude": 83726, "avgspeed": "1,1"}, {"code": "1495", "hourtmin": null, "hourgust": null, "hourtmax": null, "sun": null, "altitude": "261", "prec": "0,0", "latitude": 421419, "hourpresmax": null, "province": "PONTEVEDRA", "presmax": null, "presmin": null, "hourpresmin": null, "date": "1956-12-07", "name": "VIGO AEROPUERTO", "gust": null, "longitude": 83726, "avgspeed": "1,1"}, {"code": "1495", "hourtmin": null, "hourgust": null, "hourtmax": null, "sun": null, "altitude": "261", "prec": "0,0", "latitude": 421419, "hourpresmax": null, "province": "PONTEVEDRA", "presmax": null, "presmin": null, "hourpresmin": null, "date": "1956-12-08", "name": "VIGO AEROPUERTO", "gust": null, "longitude": 83726, "avgspeed": "0,6"}, {"code": "1495", "hourtmin": null, "hourgust": null, "hourtmax": null, "sun": null, "altitude": "261", "prec": "0,0", "latitude": 421419, "hourpresmax": null, "province": "PONTEVEDRA", "presmax": null, "presmin": null, "hourpresmin": null, "date": "1956-12-09", "name": "VIGO AEROPUERTO", "gust": null, "longitude": 83726, "avgspeed": "1,4"}, {"code": "1495", "hourtmin": null, "hourgust": null, "hourtmax": null, "sun": null, "altitude": "261", "prec": "0,0", "latitude": 421419, "hourpresmax": null, "province": "PONTEVEDRA", "presmax": null, "presmin": null, "hourpresmin": null, "date": "1956-12-10", "name": "VIGO AEROPUERTO", "gust": null, "longitude": 83726, "avgspeed": "1,4"}, {"code": "1495", "hourtmin": null, "hourgust": null, "hourtmax": null, "sun": null, "altitude": "261", "prec": "0,0", "latitude": 421419, "hourpresmax": null, "province": "PONTEVEDRA", "presmax": null, "presmin": null, "hourpresmin": null, "date": "1956-12-11", "name": "VIGO AEROPUERTO", "gust": null, "longitude": 83726, "avgspeed": "1,9"}, {"code": "1495", "hourtmin": null, "hourgust": null, "hourtmax": null, "sun": null, "altitude": "261", "prec": "2,0", "latitude": 421419, "hourpresmax": null, "province": "PONTEVEDRA", "presmax": null, "presmin": null, "hourpresmin": null, "date": "1956-12-12", "name": "VIGO AEROPUERTO", "gust": null, "longitude": 83726, "avgspeed": "1,4"}, {"code": "1495", "hourtmin": null, "hourgust": null, "hourtmax": null, "sun": null, "altitude": "261", "prec": "1,4", "latitude": 421419, "hourpresmax": null, "province": "PONTEVEDRA", "presmax": null, "presmin": null, "hourpresmin": null, "date": "1956-12-13", "name": "VIGO AEROPUERTO", "gust": null, "longitude": 83726, "avgspeed": "0,6"}, {"code": "1495", "hourtmin": null, "hourgust": null, "hourtmax": null, "sun": null, "altitude": "261", "prec": "2,0", "latitude": 421419, "hourpresmax": null, "province": "PONTEVEDRA", "presmax": null, "presmin": null, "hourpresmin": null, "date": "1956-12-14", "name": "VIGO AEROPUERTO", "gust": null, "longitude": 83726, "avgspeed": "0,3"}, {"code": "1495", "hourtmin": null, "hourgust": null, "hourtmax": null, "sun": null, "altitude": "261", "prec": "4,8", "latitude": 421419, "hourpresmax": null, "province": "PONTEVEDRA", "presmax": null, "presmin": null, "hourpresmin": null, "date": "1956-12-15", "name": "VIGO AEROPUERTO", "gust": null, "longitude": 83726, "avgspeed": "5,3"}, {"code": "1495", "hourtmin": null, "hourgust": null, "hourtmax": null, "sun": null, "altitude": "261", "prec": "9,4", "latitude": 421419, "hourpresmax": null, "province": "PONTEVEDRA", "presmax": null, "presmin": null, "hourpresmin": null, "date": "1956-12-16", "name": "VIGO AEROPUERTO", "gust": null, "longitude": 83726, "avgspeed": "6,9"}, {"code": "1495", "hourtmin": null, "hourgust": null, "hourtmax": null, "sun": null, "altitude": "261", "prec": "56,6", "latitude": 421419, "hourpresmax": null, "province": "PONTEVEDRA", "presmax": null, "presmin": null, "hourpresmin": null, "date": "1956-12-17", "name": "VIGO AEROPUERTO", "gust": null, "longitude": 83726, "avgspeed": "5,0"}, {"code": "1495", "hourtmin": null, "hourgust": null, "hourtmax": null, "sun": null, "altitude": "261", "prec": "13,3", "latitude": 421419, "hourpresmax": null, "province": "PONTEVEDRA", "presmax": null, "presmin": null, "hourpresmin": null, "date": "1956-12-18", "name": "VIGO AEROPUERTO", "gust": null, "longitude": 83726, "avgspeed": "1,9"}, {"code": "1495", "hourtmin": null, "hourgust": null, "hourtmax": null, "sun": null, "altitude": "261", "prec": "4,1", "latitude": 421419, "hourpresmax": null, "province": "PONTEVEDRA", "presmax": null, "presmin": null, "hourpresmin": null, "date": "1956-12-19", "name": "VIGO AEROPUERTO", "gust": null, "longitude": 83726, "avgspeed": "1,1"}, {"code": "1495", "hourtmin": null, "hourgust": null, "hourtmax": null, "sun": null, "altitude": "261", "prec": "0,0", "latitude": 421419, "hourpresmax": null, "province": "PONTEVEDRA", "presmax": null, "presmin": null, "hourpresmin": null, "date": "1956-12-20", "name": "VIGO AEROPUERTO", "gust": null, "longitude": 83726, "avgspeed": "0,6"}, {"code": "1495", "hourtmin": null, "hourgust": null, "hourtmax": null, "sun": null, "altitude": "261", "prec": "10,4", "latitude": 421419, "hourpresmax": null, "province": "PONTEVEDRA", "presmax": null, "presmin": null, "hourpresmin": null, "date": "1956-12-21", "name": "VIGO AEROPUERTO", "gust": null, "longitude": 83726, "avgspeed": "3,1"}, {"code": "1495", "hourtmin": null, "hourgust": null, "hourtmax": null, "sun": null, "altitude": "261", "prec": "0,0", "latitude": 421419, "hourpresmax": null, "province": "PONTEVEDRA", "presmax": null, "presmin": null, "hourpresmin": null, "date": "1956-12-22", "name": "VIGO AEROPUERTO", "gust": null, "longitude": 83726, "avgspeed": "2,2"}, {"code": "1495", "hourtmin": null, "hourgust": null, "hourtmax": null, "sun": null, "altitude": "261", "prec": "4,2", "latitude": 421419, "hourpresmax": null, "province": "PONTEVEDRA", "presmax": null, "presmin": null, "hourpresmin": null, "date": "1956-12-23", "name": "VIGO AEROPUERTO", "gust": null, "longitude": 83726, "avgspeed": "3,9"}, {"code": "1495", "hourtmin": null, "hourgust": null, "hourtmax": null, "sun": null, "altitude": "261", "prec": "0,6", "latitude": 421419, "hourpresmax": null, "province": "PONTEVEDRA", "presmax": null, "presmin": null, "hourpresmin": null, "date": "1956-12-24", "name": "VIGO AEROPUERTO", "gust": null, "longitude": 83726, "avgspeed": "0,8"}, {"code": "1495", "hourtmin": null, "hourgust": null, "hourtmax": null, "sun": null, "altitude": "261", "prec": "11,6", "latitude": 421419, "hourpresmax": null, "province": "PONTEVEDRA", "presmax": null, "presmin": null, "hourpresmin": null, "date": "1956-12-25", "name": "VIGO AEROPUERTO", "gust": null, "longitude": 83726, "avgspeed": "3,6"}, {"code": "1495", "hourtmin": null, "hourgust": null, "hourtmax": null, "sun": null, "altitude": "261", "prec": "0,0", "latitude": 421419, "hourpresmax": null, "province": "PONTEVEDRA", "presmax": null, "presmin": null, "hourpresmin": null, "date": "1956-12-26", "name": "VIGO AEROPUERTO", "gust": null, "longitude": 83726, "avgspeed": "0,6"}, {"code": "1495", "hourtmin": null, "hourgust": null, "hourtmax": null, "sun": null, "altitude": "261", "prec": "12,7", "latitude": 421419, "hourpresmax": null, "province": "PONTEVEDRA", "presmax": null, "presmin": null, "hourpresmin": null, "date": "1956-12-27", "name": "VIGO AEROPUERTO", "gust": null, "longitude": 83726, "avgspeed": "3,9"}, {"code": "1495", "hourtmin": null, "hourgust": null, "hourtmax": null, "sun": null, "altitude": "261", "prec": "5,6", "latitude": 421419, "hourpresmax": null, "province": "PONTEVEDRA", "presmax": null, "presmin": null, "hourpresmin": null, "date": "1956-12-28", "name": "VIGO AEROPUERTO", "gust": null, "longitude": 83726, "avgspeed": "1,9"}, {"code": "1495", "hourtmin": null, "hourgust": null, "hourtmax": null, "sun": null, "altitude": "261", "prec": "32,8", "latitude": 421419, "hourpresmax": null, "province": "PONTEVEDRA", "presmax": null, "presmin": null, "hourpresmin": null, "date": "1956-12-29", "name": "VIGO AEROPUERTO", "gust": null, "longitude": 83726, "avgspeed": "4,4"}, {"code": "1495", "hourtmin": null, "hourgust": null, "hourtmax": null, "sun": null, "altitude": "261", "prec": "12,6", "latitude": 421419, "hourpresmax": null, "province": "PONTEVEDRA", "presmax": null, "presmin": null, "hourpresmin": null, "date": "1956-12-30", "name": "VIGO AEROPUERTO", "gust": null, "longitude": 83726, "avgspeed": "0,6"}, {"code": "1495", "hourtmin": null, "hourgust": null, "hourtmax": null, "sun": null, "altitude": "261", "prec": "15,4", "latitude": 421419, "hourpresmax": null, "province": "PONTEVEDRA", "presmax": null, "presmin": null, "hourpresmin": null, "date": "1956-12-31", "name": "VIGO AEROPUERTO", "gust": null, "longitude": 83726, "avgspeed": "1,1"}]